ISO-10303-21;
HEADER;
FILE_DESCRIPTION (( 'STEP AP214' ),
    '1' );
FILE_NAME ('SkiSafe 01 - Back.STEP',
    '2026-05-26T12:36:26',
    ( '' ),
    ( '' ),
    'SwSTEP 2.0',
    'SolidWorks 2026',
    '' );
FILE_SCHEMA (( 'AUTOMOTIVE_DESIGN' ));
ENDSEC;

DATA;
#1 = DIRECTION ( 'NONE',  ( -0.000000000000000000, 1.000000000000000000, -0.000000000000000000 ) ) ;
#2 = ADVANCED_FACE ( 'NONE', ( #287 ), #334, .F. ) ;
#3 = DIRECTION ( 'NONE',  ( -0.000000000000000000, -1.000000000000000000, -0.000000000000000000 ) ) ;
#4 = PLANE ( 'NONE',  #4089 ) ;
#5 = VERTEX_POINT ( 'NONE', #4395 ) ;
#6 = VERTEX_POINT ( 'NONE', #3706 ) ;
#7 = DIRECTION ( 'NONE',  ( -0.000000000000000000, -1.000000000000000000, -0.000000000000000000 ) ) ;
#8 = CARTESIAN_POINT ( 'NONE',  ( 19.30000000000000426, -5.833809621030940917, 30.00000000000001066 ) ) ;
#9 = CARTESIAN_POINT ( 'NONE',  ( 85.50000000000001421, 4.200000000000000178, 3.091507183936761827 ) ) ;
#10 = LINE ( 'NONE', #2315, #4485 ) ;
#11 = DIRECTION ( 'NONE',  ( 0.000000000000000000, 0.000000000000000000, 1.000000000000000000 ) ) ;
#12 = CARTESIAN_POINT ( 'NONE',  ( -4.000000000000000000, 20.00000000000000000, 7.300000000000004263 ) ) ;
#13 = DIRECTION ( 'NONE',  ( -0.000000000000000000, 1.000000000000000000, -0.000000000000000000 ) ) ;
#14 = ORIENTED_EDGE ( 'NONE', *, *, #979, .F. ) ;
#15 = EDGE_CURVE ( 'NONE', #4219, #3624, #4806, .T. ) ;
#16 = CARTESIAN_POINT ( 'NONE',  ( -45.67077626419153091, 1.800000000000000044, -20.58101651390110831 ) ) ;
#17 = CARTESIAN_POINT ( 'NONE',  ( -44.50000000000001421, -2.499999999999999112, -29.00000000000000711 ) ) ;
#18 = CARTESIAN_POINT ( 'NONE',  ( 44.50000000000001421, -2.499999999999999112, -29.00000000000000711 ) ) ;
#19 = ORIENTED_EDGE ( 'NONE', *, *, #1369, .F. ) ;
#20 = DIRECTION ( 'NONE',  ( 0.000000000000000000, -1.000000000000000000, 0.000000000000000000 ) ) ;
#21 = ORIENTED_EDGE ( 'NONE', *, *, #4451, .T. ) ;
#22 = VERTEX_POINT ( 'NONE', #2535 ) ;
#23 = ORIENTED_EDGE ( 'NONE', *, *, #2866, .F. ) ;
#24 = EDGE_CURVE ( 'NONE', #2696, #1548, #4178, .T. ) ;
#25 = DIRECTION ( 'NONE',  ( 0.000000000000000000, 1.000000000000000000, 0.000000000000000000 ) ) ;
#26 = CARTESIAN_POINT ( 'NONE',  ( -45.50000000000001421, -22.00000000000000000, -3.091507183936761827 ) ) ;
#27 = VERTEX_POINT ( 'NONE', #1429 ) ;
#28 = CARTESIAN_POINT ( 'NONE',  ( 45.54555525137367766, 6.000000000000000000, 5.000000000000000000 ) ) ;
#29 = ORIENTED_EDGE ( 'NONE', *, *, #3945, .F. ) ;
#30 = ORIENTED_EDGE ( 'NONE', *, *, #4166, .F. ) ;
#31 = EDGE_CURVE ( 'NONE', #1379, #4748, #3632, .T. ) ;
#32 = CARTESIAN_POINT ( 'NONE',  ( 44.50000000000001421, -2.499999999999999112, 29.00000000000000711 ) ) ;
#33 = DIRECTION ( 'NONE',  ( 0.000000000000000000, 0.000000000000000000, 1.000000000000000000 ) ) ;
#34 = CARTESIAN_POINT ( 'NONE',  ( -18.59150718393674850, 15.00000000000000000, 26.50000000000001066 ) ) ;
#35 = CARTESIAN_POINT ( 'NONE',  ( 36.08101651390111897, 1.800000000000000044, -30.17077626419152381 ) ) ;
#36 = AXIS2_PLACEMENT_3D ( 'NONE', #2600, #4108, #646 ) ;
#37 = DIRECTION ( 'NONE',  ( -0.000000000000000000, -1.000000000000000000, -0.000000000000000000 ) ) ;
#38 = DIRECTION ( 'NONE',  ( 0.000000000000000000, 0.000000000000000000, -1.000000000000000000 ) ) ;
#39 = PLANE ( 'NONE',  #1042 ) ;
#40 = CIRCLE ( 'NONE', #3866, 40.00000000000000000 ) ;
#41 = VECTOR ( 'NONE', #3533, 1000.000000000000000 ) ;
#42 = ADVANCED_FACE ( 'NONE', ( #1824 ), #2948, .F. ) ;
#43 = LINE ( 'NONE', #1563, #3621 ) ;
#44 = EDGE_LOOP ( 'NONE', ( #2224, #1661, #971, #3769, #2114, #3292 ) ) ;
#45 = CARTESIAN_POINT ( 'NONE',  ( -44.50000000000001421, 11.00000000000000000, 29.00000000000000711 ) ) ;
#46 = CIRCLE ( 'NONE', #3931, 43.50000000000000711 ) ;
#47 = AXIS2_PLACEMENT_3D ( 'NONE', #1537, #1606, #4463 ) ;
#48 = DIRECTION ( 'NONE',  ( -0.000000000000000000, 1.000000000000000000, -0.000000000000000000 ) ) ;
#49 = DIRECTION ( 'NONE',  ( 0.000000000000000000, -1.000000000000000000, 0.000000000000000000 ) ) ;
#50 = CARTESIAN_POINT ( 'NONE',  ( -42.00000000000000711, 11.00000000000000000, -2.500000000000000000 ) ) ;
#51 = ORIENTED_EDGE ( 'NONE', *, *, #2084, .T. ) ;
#52 = CIRCLE ( 'NONE', #665, 2.500000000000005773 ) ;
#53 = DIRECTION ( 'NONE',  ( 0.000000000000000000, 0.000000000000000000, -1.000000000000000000 ) ) ;
#54 = ORIENTED_EDGE ( 'NONE', *, *, #1561, .T. ) ;
#55 = AXIS2_PLACEMENT_3D ( 'NONE', #1243, #3445, #3096 ) ;
#56 = CIRCLE ( 'NONE', #1449, 43.50000000000000711 ) ;
#57 = ORIENTED_EDGE ( 'NONE', *, *, #1369, .T. ) ;
#58 = CYLINDRICAL_SURFACE ( 'NONE', #2777, 2.500000000000005773 ) ;
#59 = DIRECTION ( 'NONE',  ( 1.000000000000000000, 0.000000000000000000, -2.168404344971010101E-16 ) ) ;
#60 = EDGE_LOOP ( 'NONE', ( #2358, #1247 ) ) ;
#61 = DIRECTION ( 'NONE',  ( 0.000000000000000000, 1.000000000000000000, 0.000000000000000000 ) ) ;
#62 = VERTEX_POINT ( 'NONE', #2972 ) ;
#63 = VECTOR ( 'NONE', #2256, 1000.000000000000000 ) ;
#64 = EDGE_CURVE ( 'NONE', #4779, #2955, #2926, .T. ) ;
#65 = ADVANCED_FACE ( 'NONE', ( #3375, #2192 ), #1017, .T. ) ;
#66 = LINE ( 'NONE', #3041, #607 ) ;
#67 = DIRECTION ( 'NONE',  ( 0.000000000000000000, 0.000000000000000000, -1.000000000000000000 ) ) ;
#68 = DIRECTION ( 'NONE',  ( 0.000000000000000000, 0.000000000000000000, 1.000000000000000000 ) ) ;
#69 = VECTOR ( 'NONE', #4513, 1000.000000000000000 ) ;
#70 = FACE_OUTER_BOUND ( 'NONE', #2643, .T. ) ;
#71 = DIRECTION ( 'NONE',  ( 0.000000000000000000, -0.000000000000000000, 1.000000000000000000 ) ) ;
#72 = DIRECTION ( 'NONE',  ( -4.466414466882812898E-15, 0.000000000000000000, 1.000000000000000000 ) ) ;
#73 = ADVANCED_FACE ( 'NONE', ( #3267 ), #3397, .F. ) ;
#74 = VECTOR ( 'NONE', #4722, 1000.000000000000000 ) ;
#75 = DIRECTION ( 'NONE',  ( 0.000000000000000000, -0.000000000000000000, 1.000000000000000000 ) ) ;
#76 = DIRECTION ( 'NONE',  ( 0.000000000000000000, 0.000000000000000000, -1.000000000000000000 ) ) ;
#77 = DIRECTION ( 'NONE',  ( -0.000000000000000000, 1.000000000000000000, -0.000000000000000000 ) ) ;
#78 = CARTESIAN_POINT ( 'NONE',  ( -44.50000000000001421, 11.00000000000000000, -29.00000000000000711 ) ) ;
#79 = ORIENTED_EDGE ( 'NONE', *, *, #1166, .F. ) ;
#80 = ORIENTED_EDGE ( 'NONE', *, *, #2105, .T. ) ;
#81 = LINE ( 'NONE', #3057, #2394 ) ;
#82 = CARTESIAN_POINT ( 'NONE',  ( -4.000000000000000000, 20.00000000000000000, 7.300000000000004263 ) ) ;
#83 = ORIENTED_EDGE ( 'NONE', *, *, #3195, .T. ) ;
#84 = ORIENTED_EDGE ( 'NONE', *, *, #3608, .T. ) ;
#85 = ORIENTED_EDGE ( 'NONE', *, *, #2115, .T. ) ;
#86 = EDGE_CURVE ( 'NONE', #402, #4333, #100, .T. ) ;
#87 = VECTOR ( 'NONE', #2991, 1000.000000000000000 ) ;
#88 = DIRECTION ( 'NONE',  ( 1.000000000000000000, 0.000000000000000000, 0.000000000000000000 ) ) ;
#89 = ORIENTED_EDGE ( 'NONE', *, *, #3997, .T. ) ;
#90 = CARTESIAN_POINT ( 'NONE',  ( 44.50000000000001421, 1.799999999999999600, 29.00000000000001776 ) ) ;
#91 = LINE ( 'NONE', #829, #2783 ) ;
#92 = LINE ( 'NONE', #3462, #900 ) ;
#93 = CARTESIAN_POINT ( 'NONE',  ( 0.000000000000000000, 17.00000000000000000, -4.999999999999998224 ) ) ;
#94 = DIRECTION ( 'NONE',  ( 0.000000000000000000, 0.000000000000000000, -1.000000000000000000 ) ) ;
#95 = ADVANCED_FACE ( 'NONE', ( #879, #4163 ), #422, .F. ) ;
#96 = CARTESIAN_POINT ( 'NONE',  ( -44.50000000000001421, 11.00000000000000000, 29.00000000000000711 ) ) ;
#97 = DIRECTION ( 'NONE',  ( 0.000000000000000000, 1.000000000000000000, 0.000000000000000000 ) ) ;
#98 = EDGE_CURVE ( 'NONE', #4756, #3659, #451, .T. ) ;
#99 = ORIENTED_EDGE ( 'NONE', *, *, #1944, .F. ) ;
#100 = LINE ( 'NONE', #838, #2232 ) ;
#101 = VERTEX_POINT ( 'NONE', #1954 ) ;
#102 = DIRECTION ( 'NONE',  ( -1.000000000000000000, 0.000000000000000000, -0.000000000000000000 ) ) ;
#103 = ORIENTED_EDGE ( 'NONE', *, *, #399, .T. ) ;
#104 = DIRECTION ( 'NONE',  ( 0.000000000000000000, 0.000000000000000000, 1.000000000000000000 ) ) ;
#105 = EDGE_LOOP ( 'NONE', ( #2003, #2874, #1916, #3974 ) ) ;
#106 = ORIENTED_EDGE ( 'NONE', *, *, #149, .T. ) ;
#107 = CARTESIAN_POINT ( 'NONE',  ( 85.50000000000001421, 0.000000000000000000, -3.091507183936761827 ) ) ;
#108 = DIRECTION ( 'NONE',  ( 2.135044278125301343E-15, 0.000000000000000000, 1.000000000000000000 ) ) ;
#109 = FACE_OUTER_BOUND ( 'NONE', #1568, .T. ) ;
#110 = DIRECTION ( 'NONE',  ( 0.000000000000000000, -1.000000000000000000, 0.000000000000000000 ) ) ;
#111 = FACE_OUTER_BOUND ( 'NONE', #2295, .T. ) ;
#112 = CARTESIAN_POINT ( 'NONE',  ( -5.999999999999999112, 20.00000000000000000, 13.00000000000000178 ) ) ;
#113 = CARTESIAN_POINT ( 'NONE',  ( -44.50000000000001421, -2.499999999999999112, -33.60000000000000142 ) ) ;
#114 = EDGE_CURVE ( 'NONE', #1486, #3054, #3329, .T. ) ;
#115 = AXIS2_PLACEMENT_3D ( 'NONE', #387, #779, #1013 ) ;
#116 = CARTESIAN_POINT ( 'NONE',  ( 44.50000000000001421, -2.499999999999999112, 29.00000000000000711 ) ) ;
#117 = DIRECTION ( 'NONE',  ( 0.000000000000000000, 0.000000000000000000, -1.000000000000000000 ) ) ;
#118 = AXIS2_PLACEMENT_3D ( 'NONE', #3874, #2750, #2017 ) ;
#119 = EDGE_CURVE ( 'NONE', #4345, #3217, #1225, .T. ) ;
#120 = DIRECTION ( 'NONE',  ( -1.000000000000000000, 0.000000000000000000, 0.000000000000000000 ) ) ;
#121 = ADVANCED_FACE ( 'NONE', ( #2670 ), #4143, .T. ) ;
#122 = VERTEX_POINT ( 'NONE', #4211 ) ;
#123 = AXIS2_PLACEMENT_3D ( 'NONE', #1349, #3966, #3877 ) ;
#124 = VECTOR ( 'NONE', #3390, 1000.000000000000000 ) ;
#125 = CIRCLE ( 'NONE', #2228, 5.499999999999994671 ) ;
#126 = VECTOR ( 'NONE', #3501, 1000.000000000000000 ) ;
#127 = CARTESIAN_POINT ( 'NONE',  ( 0.000000000000000000, 17.00000000000000000, -3.999999999999995559 ) ) ;
#128 = VERTEX_POINT ( 'NONE', #1614 ) ;
#129 = CARTESIAN_POINT ( 'NONE',  ( 45.50000000000001421, 15.00000000000000000, 30.00000000000001066 ) ) ;
#130 = VERTEX_POINT ( 'NONE', #1934 ) ;
#131 = VECTOR ( 'NONE', #2127, 1000.000000000000000 ) ;
#132 = CIRCLE ( 'NONE', #670, 4.599999999999996092 ) ;
#133 = ORIENTED_EDGE ( 'NONE', *, *, #2910, .T. ) ;
#134 = EDGE_CURVE ( 'NONE', #2495, #4627, #1370, .T. ) ;
#135 = AXIS2_PLACEMENT_3D ( 'NONE', #2136, #4041, #3733 ) ;
#136 = CARTESIAN_POINT ( 'NONE',  ( -15.19999999999999041, 4.200000000000000178, 30.00000000000001066 ) ) ;
#137 = AXIS2_PLACEMENT_3D ( 'NONE', #3977, #636, #4738 ) ;
#138 = DIRECTION ( 'NONE',  ( 0.000000000000000000, -1.000000000000000000, 0.000000000000000000 ) ) ;
#139 = LINE ( 'NONE', #1700, #3700 ) ;
#140 = CIRCLE ( 'NONE', #3338, 8.500000000000010658 ) ;
#141 = DIRECTION ( 'NONE',  ( 0.000000000000000000, 0.000000000000000000, -1.000000000000000000 ) ) ;
#142 = FACE_OUTER_BOUND ( 'NONE', #367, .T. ) ;
#143 =( NAMED_UNIT ( * ) PLANE_ANGLE_UNIT ( ) SI_UNIT ( $, .RADIAN. ) );
#144 = AXIS2_PLACEMENT_3D ( 'NONE', #417, #2370, #141 ) ;
#145 = VERTEX_POINT ( 'NONE', #3101 ) ;
#146 = CARTESIAN_POINT ( 'NONE',  ( 18.59150718393674495, 15.00000000000000000, -70.00000000000000000 ) ) ;
#147 = ORIENTED_EDGE ( 'NONE', *, *, #3503, .F. ) ;
#148 = AXIS2_PLACEMENT_3D ( 'NONE', #3460, #3827, #485 ) ;
#149 = EDGE_CURVE ( 'NONE', #3299, #198, #3784, .T. ) ;
#150 = DIRECTION ( 'NONE',  ( 0.000000000000000000, -1.000000000000000000, 0.000000000000000000 ) ) ;
#151 = ORIENTED_EDGE ( 'NONE', *, *, #3453, .T. ) ;
#152 = ORIENTED_EDGE ( 'NONE', *, *, #3144, .F. ) ;
#153 = ORIENTED_EDGE ( 'NONE', *, *, #475, .F. ) ;
#154 = ADVANCED_FACE ( 'NONE', ( #3428 ), #1512, .F. ) ;
#155 = EDGE_CURVE ( 'NONE', #2699, #2555, #1689, .T. ) ;
#156 = VERTEX_POINT ( 'NONE', #2997 ) ;
#157 = DIRECTION ( 'NONE',  ( -1.000000000000000000, 0.000000000000000000, 0.000000000000000000 ) ) ;
#158 = DIRECTION ( 'NONE',  ( 0.000000000000000000, 0.000000000000000000, -1.000000000000000000 ) ) ;
#159 = DIRECTION ( 'NONE',  ( 0.000000000000000000, -1.000000000000000000, 0.000000000000000000 ) ) ;
#160 = CARTESIAN_POINT ( 'NONE',  ( -44.50000000000001421, 11.00000000000000000, -29.00000000000000711 ) ) ;
#161 = DIRECTION ( 'NONE',  ( 0.000000000000000000, 1.000000000000000000, 0.000000000000000000 ) ) ;
#162 = DIRECTION ( 'NONE',  ( 0.000000000000000000, 0.000000000000000000, 1.000000000000000000 ) ) ;
#163 = CARTESIAN_POINT ( 'NONE',  ( -44.50000000000001421, 15.00000000000000000, 34.50000000000000000 ) ) ;
#164 = ORIENTED_EDGE ( 'NONE', *, *, #4039, .F. ) ;
#165 = EDGE_LOOP ( 'NONE', ( #724, #2770, #3133, #2950 ) ) ;
#166 = CARTESIAN_POINT ( 'NONE',  ( 42.04188619865061582, 15.00000000000000000, 4.999999999999997335 ) ) ;
#167 = ORIENTED_EDGE ( 'NONE', *, *, #2837, .F. ) ;
#168 = EDGE_LOOP ( 'NONE', ( #1111, #4066, #2279, #3566 ) ) ;
#169 = EDGE_CURVE ( 'NONE', #1323, #2790, #201, .T. ) ;
#170 = ORIENTED_EDGE ( 'NONE', *, *, #233, .F. ) ;
#171 = DIRECTION ( 'NONE',  ( 0.000000000000000000, 1.000000000000000000, 0.000000000000000000 ) ) ;
#172 = EDGE_CURVE ( 'NONE', #1183, #128, #2644, .T. ) ;
#173 = CARTESIAN_POINT ( 'NONE',  ( -42.00000000000000711, 4.200000000000000178, 3.091507183936761827 ) ) ;
#174 = CARTESIAN_POINT ( 'NONE',  ( 44.50000000000001421, -2.499999999999999112, 24.40000000000000924 ) ) ;
#175 = FACE_OUTER_BOUND ( 'NONE', #1180, .T. ) ;
#176 = EDGE_CURVE ( 'NONE', #679, #2336, #1147, .T. ) ;
#177 = DIRECTION ( 'NONE',  ( 0.000000000000000000, -1.000000000000000000, 0.000000000000000000 ) ) ;
#178 = CARTESIAN_POINT ( 'NONE',  ( 42.00000000000000711, 11.50000000000000000, 3.091507183936761827 ) ) ;
#179 = CARTESIAN_POINT ( 'NONE',  ( -51.68556701030929901, 0.000000000000000000, -24.45933631058685620 ) ) ;
#180 = CARTESIAN_POINT ( 'NONE',  ( -46.77808110350505899, 15.00000000000000000, 22.91227904007968164 ) ) ;
#181 = CARTESIAN_POINT ( 'NONE',  ( -46.36254570665256125, 4.200000000000000178, -10.32335836023588094 ) ) ;
#182 = EDGE_LOOP ( 'NONE', ( #3434, #3327, #2947, #3080 ) ) ;
#183 = AXIS2_PLACEMENT_3D ( 'NONE', #1188, #1477, #412 ) ;
#184 = PLANE ( 'NONE',  #3565 ) ;
#185 = VECTOR ( 'NONE', #1926, 1000.000000000000000 ) ;
#186 = CIRCLE ( 'NONE', #2309, 2.500000000000002220 ) ;
#187 = PLANE ( 'NONE',  #4384 ) ;
#188 = ORIENTED_EDGE ( 'NONE', *, *, #740, .F. ) ;
#189 = LINE ( 'NONE', #1359, #3934 ) ;
#190 = VERTEX_POINT ( 'NONE', #4122 ) ;
#191 = ORIENTED_EDGE ( 'NONE', *, *, #169, .T. ) ;
#192 = VECTOR ( 'NONE', #1222, 1000.000000000000000 ) ;
#193 = VECTOR ( 'NONE', #3951, 1000.000000000000000 ) ;
#194 = LINE ( 'NONE', #2445, #3159 ) ;
#195 = CIRCLE ( 'NONE', #910, 4.599999999999996092 ) ;
#196 = CIRCLE ( 'NONE', #3868, 6.499999999999995559 ) ;
#197 = CARTESIAN_POINT ( 'NONE',  ( 45.50000000000001421, 15.00000000000000000, -26.50000000000000711 ) ) ;
#198 = VERTEX_POINT ( 'NONE', #2353 ) ;
#199 = VECTOR ( 'NONE', #2908, 1000.000000000000000 ) ;
#200 = ORIENTED_EDGE ( 'NONE', *, *, #4119, .F. ) ;
#201 = CIRCLE ( 'NONE', #3564, 8.500000000000010658 ) ;
#202 = CIRCLE ( 'NONE', #2929, 4.599999999999996092 ) ;
#203 = EDGE_CURVE ( 'NONE', #2900, #2607, #1761, .T. ) ;
#204 = EDGE_CURVE ( 'NONE', #2355, #2586, #1296, .T. ) ;
#205 = CARTESIAN_POINT ( 'NONE',  ( 12.69999999999999218, -5.833809621030952464, 30.00000000000001066 ) ) ;
#206 = DIRECTION ( 'NONE',  ( 1.000000000000000000, 0.000000000000000000, 2.973811673103095791E-15 ) ) ;
#207 = DIRECTION ( 'NONE',  ( 1.000000000000000000, 0.000000000000000000, -2.973811673103095791E-15 ) ) ;
#208 = DIRECTION ( 'NONE',  ( -1.000000000000000000, -0.000000000000000000, -0.000000000000000000 ) ) ;
#209 = PLANE ( 'NONE',  #1918 ) ;
#210 = FACE_OUTER_BOUND ( 'NONE', #1030, .T. ) ;
#211 = ADVANCED_FACE ( 'NONE', ( #1658 ), #2500, .T. ) ;
#212 = CIRCLE ( 'NONE', #1237, 43.50000000000000711 ) ;
#213 = ORIENTED_EDGE ( 'NONE', *, *, #2569, .F. ) ;
#214 = VERTEX_POINT ( 'NONE', #3981 ) ;
#215 = VECTOR ( 'NONE', #4654, 1000.000000000000000 ) ;
#216 = ORIENTED_EDGE ( 'NONE', *, *, #1489, .T. ) ;
#217 = LINE ( 'NONE', #4236, #2534 ) ;
#218 = ORIENTED_EDGE ( 'NONE', *, *, #3470, .T. ) ;
#219 = AXIS2_PLACEMENT_3D ( 'NONE', #640, #2128, #273 ) ;
#220 = ORIENTED_EDGE ( 'NONE', *, *, #1255, .F. ) ;
#221 = VERTEX_POINT ( 'NONE', #4338 ) ;
#222 = CARTESIAN_POINT ( 'NONE',  ( -44.50000000000001421, 0.000000000000000000, -29.00000000000000711 ) ) ;
#223 = DIRECTION ( 'NONE',  ( -1.000000000000000000, 0.000000000000000000, 0.000000000000000000 ) ) ;
#224 = FACE_OUTER_BOUND ( 'NONE', #3953, .T. ) ;
#225 = VERTEX_POINT ( 'NONE', #2108 ) ;
#226 = ADVANCED_FACE ( 'NONE', ( #301 ), #3615, .F. ) ;
#227 = CARTESIAN_POINT ( 'NONE',  ( -11.69999999999999396, 6.735557395310434135E-16, -11.87707736052349539 ) ) ;
#228 = DIRECTION ( 'NONE',  ( 0.000000000000000000, 0.000000000000000000, -1.000000000000000000 ) ) ;
#229 = DIRECTION ( 'NONE',  ( 0.000000000000000000, -1.000000000000000000, 0.000000000000000000 ) ) ;
#230 = DIRECTION ( 'NONE',  ( 0.000000000000000000, 0.000000000000000000, -1.000000000000000000 ) ) ;
#231 = LINE ( 'NONE', #1284, #2529 ) ;
#232 = ORIENTED_EDGE ( 'NONE', *, *, #4679, .F. ) ;
#233 = EDGE_CURVE ( 'NONE', #4430, #4681, #2521, .T. ) ;
#234 = EDGE_CURVE ( 'NONE', #4705, #1546, #3940, .T. ) ;
#235 = ORIENTED_EDGE ( 'NONE', *, *, #31, .F. ) ;
#236 = DIRECTION ( 'NONE',  ( 0.000000000000000000, 0.000000000000000000, -1.000000000000000000 ) ) ;
#237 = ORIENTED_EDGE ( 'NONE', *, *, #2983, .F. ) ;
#238 = VERTEX_POINT ( 'NONE', #898 ) ;
#239 = ORIENTED_EDGE ( 'NONE', *, *, #2402, .F. ) ;
#240 = DIRECTION ( 'NONE',  ( 0.000000000000000000, -1.000000000000000000, 0.000000000000000000 ) ) ;
#241 = EDGE_CURVE ( 'NONE', #2797, #1784, #4311, .T. ) ;
#242 = PLANE ( 'NONE',  #4704 ) ;
#243 = ORIENTED_EDGE ( 'NONE', *, *, #134, .F. ) ;
#244 = DIRECTION ( 'NONE',  ( -0.000000000000000000, -1.000000000000000000, 0.000000000000000000 ) ) ;
#245 = CARTESIAN_POINT ( 'NONE',  ( 44.50000000000001421, 1.800000000000000044, 29.00000000000000711 ) ) ;
#246 = DIRECTION ( 'NONE',  ( 0.000000000000000000, -1.000000000000000000, 0.000000000000000000 ) ) ;
#247 = CYLINDRICAL_SURFACE ( 'NONE', #3484, 40.00000000000000000 ) ;
#248 = LINE ( 'NONE', #3229, #2142 ) ;
#249 = DIRECTION ( 'NONE',  ( 0.000000000000000000, 0.000000000000000000, -1.000000000000000000 ) ) ;
#250 = CARTESIAN_POINT ( 'NONE',  ( 42.00000000000001421, 0.000000000000000000, 26.50000000000001066 ) ) ;
#251 = DIRECTION ( 'NONE',  ( 0.000000000000000000, -1.000000000000000000, 0.000000000000000000 ) ) ;
#252 = EDGE_LOOP ( 'NONE', ( #1800, #3900, #4142, #2745 ) ) ;
#253 = ADVANCED_FACE ( 'NONE', ( #3645 ), #1769, .T. ) ;
#254 = EDGE_CURVE ( 'NONE', #4152, #4737, #622, .T. ) ;
#255 = VERTEX_POINT ( 'NONE', #667 ) ;
#256 = CARTESIAN_POINT ( 'NONE',  ( 18.59150718393674495, 11.50000000000000000, 70.00000000000000000 ) ) ;
#257 = VERTEX_POINT ( 'NONE', #2902 ) ;
#258 = ORIENTED_EDGE ( 'NONE', *, *, #1664, .T. ) ;
#259 = EDGE_LOOP ( 'NONE', ( #816, #147, #4368, #1490, #4511, #2001, #2031, #1865, #3736, #2121, #765, #2051, #29, #2170, #2069, #3841, #760 ) ) ;
#260 = CIRCLE ( 'NONE', #2907, 2.500000000000002220 ) ;
#261 = AXIS2_PLACEMENT_3D ( 'NONE', #2451, #3188, #270 ) ;
#262 = DIRECTION ( 'NONE',  ( 0.000000000000000000, 0.000000000000000000, -1.000000000000000000 ) ) ;
#263 = ADVANCED_FACE ( 'NONE', ( #3256 ), #4354, .T. ) ;
#264 = DIRECTION ( 'NONE',  ( 0.000000000000000000, 0.000000000000000000, -1.000000000000000000 ) ) ;
#265 = VECTOR ( 'NONE', #1560, 1000.000000000000000 ) ;
#266 = VECTOR ( 'NONE', #2060, 1000.000000000000000 ) ;
#267 = EDGE_LOOP ( 'NONE', ( #715, #3148, #1522, #1810 ) ) ;
#268 = ADVANCED_FACE ( 'NONE', ( #1793 ), #3278, .T. ) ;
#269 = CIRCLE ( 'NONE', #522, 2.500000000000005773 ) ;
#270 = DIRECTION ( 'NONE',  ( 0.000000000000000000, 0.000000000000000000, 1.000000000000000000 ) ) ;
#271 = CARTESIAN_POINT ( 'NONE',  ( 42.00000000000001421, 0.000000000000000000, -26.50000000000001066 ) ) ;
#272 = CARTESIAN_POINT ( 'NONE',  ( -42.00000000000000711, 15.00000000000000000, 3.091507183936761827 ) ) ;
#273 = DIRECTION ( 'NONE',  ( 0.000000000000000000, 0.000000000000000000, -1.000000000000000000 ) ) ;
#274 = CIRCLE ( 'NONE', #1839, 43.50000000000000711 ) ;
#275 = VECTOR ( 'NONE', #1206, 1000.000000000000000 ) ;
#276 = CARTESIAN_POINT ( 'NONE',  ( -44.50000000000001421, 11.50000000000000000, 29.00000000000000711 ) ) ;
#277 = DIRECTION ( 'NONE',  ( 0.000000000000000000, -0.000000000000000000, -1.000000000000000000 ) ) ;
#278 = DIRECTION ( 'NONE',  ( 0.000000000000000000, -1.000000000000000000, 1.084202172485504434E-16 ) ) ;
#279 = CARTESIAN_POINT ( 'NONE',  ( 45.50000000000001421, 4.200000000000000178, -26.50000000000000711 ) ) ;
#280 = ORIENTED_EDGE ( 'NONE', *, *, #487, .F. ) ;
#281 = EDGE_CURVE ( 'NONE', #3822, #4681, #4742, .T. ) ;
#282 = CARTESIAN_POINT ( 'NONE',  ( -18.59150718393674495, 0.000000000000000000, 70.00000000000000000 ) ) ;
#283 = FACE_OUTER_BOUND ( 'NONE', #3056, .T. ) ;
#284 = CIRCLE ( 'NONE', #3023, 43.50000000000001421 ) ;
#285 = EDGE_LOOP ( 'NONE', ( #1274, #4525, #3186, #332 ) ) ;
#286 = DIRECTION ( 'NONE',  ( 0.000000000000000000, -1.000000000000000000, 0.000000000000000000 ) ) ;
#287 = FACE_OUTER_BOUND ( 'NONE', #429, .T. ) ;
#288 = EDGE_LOOP ( 'NONE', ( #4809, #1853, #3999, #2424 ) ) ;
#289 = AXIS2_PLACEMENT_3D ( 'NONE', #1597, #2384, #888 ) ;
#290 = ADVANCED_FACE ( 'NONE', ( #4032 ), #247, .F. ) ;
#291 = ORIENTED_EDGE ( 'NONE', *, *, #464, .F. ) ;
#292 = LINE ( 'NONE', #1436, #1925 ) ;
#293 = VECTOR ( 'NONE', #3578, 1000.000000000000000 ) ;
#294 = CARTESIAN_POINT ( 'NONE',  ( 6.000000000000000888, 20.00000000000000000, 11.00000000000000000 ) ) ;
#295 = FACE_BOUND ( 'NONE', #3922, .T. ) ;
#296 = DIRECTION ( 'NONE',  ( 0.000000000000000000, 0.000000000000000000, 1.000000000000000000 ) ) ;
#297 = ORIENTED_EDGE ( 'NONE', *, *, #1590, .T. ) ;
#298 = EDGE_CURVE ( 'NONE', #360, #3766, #4771, .T. ) ;
#299 = PLANE ( 'NONE',  #4686 ) ;
#300 = DIRECTION ( 'NONE',  ( 0.000000000000000000, 1.000000000000000000, 0.000000000000000000 ) ) ;
#301 = FACE_OUTER_BOUND ( 'NONE', #1273, .T. ) ;
#302 = LINE ( 'NONE', #4743, #1707 ) ;
#303 = DIRECTION ( 'NONE',  ( 0.000000000000000000, 0.000000000000000000, -1.000000000000000000 ) ) ;
#304 = CARTESIAN_POINT ( 'NONE',  ( -39.95933631058686331, 15.00000000000000000, -36.18556701030929901 ) ) ;
#305 = ORIENTED_EDGE ( 'NONE', *, *, #298, .F. ) ;
#306 = DIRECTION ( 'NONE',  ( 0.000000000000000000, 0.000000000000000000, 1.000000000000000000 ) ) ;
#307 = CARTESIAN_POINT ( 'NONE',  ( -42.00000000000001421, 15.00000000000000000, 26.50000000000001066 ) ) ;
#308 = CARTESIAN_POINT ( 'NONE',  ( 51.68556701030929901, 15.00000000000000000, 24.45933631058685620 ) ) ;
#309 = ORIENTED_EDGE ( 'NONE', *, *, #1732, .F. ) ;
#310 = ORIENTED_EDGE ( 'NONE', *, *, #1039, .T. ) ;
#311 = ORIENTED_EDGE ( 'NONE', *, *, #3215, .T. ) ;
#312 = VERTEX_POINT ( 'NONE', #163 ) ;
#313 = ORIENTED_EDGE ( 'NONE', *, *, #1277, .F. ) ;
#314 = DIRECTION ( 'NONE',  ( 0.000000000000000000, -1.000000000000000000, 0.000000000000000000 ) ) ;
#315 = CARTESIAN_POINT ( 'NONE',  ( 44.50000000000001421, 39.04163056034264656, 29.00000000000000711 ) ) ;
#316 = CARTESIAN_POINT ( 'NONE',  ( 45.50000000000002132, 9.694806873142789883, 3.390093381258051597 ) ) ;
#317 = LINE ( 'NONE', #4789, #4709 ) ;
#318 = ADVANCED_FACE ( 'NONE', ( #4596 ), #3146, .F. ) ;
#319 = ORIENTED_EDGE ( 'NONE', *, *, #4746, .F. ) ;
#320 = DIRECTION ( 'NONE',  ( 0.000000000000000000, -1.000000000000000000, 0.000000000000000000 ) ) ;
#321 = ADVANCED_FACE ( 'NONE', ( #2833 ), #2482, .T. ) ;
#322 = CARTESIAN_POINT ( 'NONE',  ( -39.95933631058686331, 15.00000000000000000, 36.18556701030929901 ) ) ;
#323 = CARTESIAN_POINT ( 'NONE',  ( -45.50000000000001421, 11.00000000000000000, 2.500000000000000000 ) ) ;
#324 = CARTESIAN_POINT ( 'NONE',  ( -45.50000000000002132, 4.200000000000000178, 3.091507183936761827 ) ) ;
#325 = CARTESIAN_POINT ( 'NONE',  ( 18.59150718393674495, 1.799999999999999600, -70.00000000000000000 ) ) ;
#326 = DIRECTION ( 'NONE',  ( -0.000000000000000000, 1.000000000000000000, -0.000000000000000000 ) ) ;
#327 = FACE_BOUND ( 'NONE', #3818, .T. ) ;
#328 = ORIENTED_EDGE ( 'NONE', *, *, #1846, .F. ) ;
#329 = CARTESIAN_POINT ( 'NONE',  ( 45.50000000000001421, 11.50000000000000000, -26.50000000000000711 ) ) ;
#330 = PLANE ( 'NONE',  #2233 ) ;
#331 = EDGE_CURVE ( 'NONE', #3220, #221, #1500, .T. ) ;
#332 = ORIENTED_EDGE ( 'NONE', *, *, #797, .F. ) ;
#333 = LINE ( 'NONE', #3094, #4388 ) ;
#334 = PLANE ( 'NONE',  #598 ) ;
#335 = ORIENTED_EDGE ( 'NONE', *, *, #2593, .T. ) ;
#336 = ORIENTED_EDGE ( 'NONE', *, *, #797, .T. ) ;
#337 = ORIENTED_EDGE ( 'NONE', *, *, #453, .T. ) ;
#338 = FACE_OUTER_BOUND ( 'NONE', #168, .T. ) ;
#339 = LINE ( 'NONE', #4786, #2479 ) ;
#340 = CARTESIAN_POINT ( 'NONE',  ( -15.19999999999999218, 15.00000000000000000, -30.00000000000000711 ) ) ;
#341 = ORIENTED_EDGE ( 'NONE', *, *, #2123, .F. ) ;
#342 = ORIENTED_EDGE ( 'NONE', *, *, #1960, .F. ) ;
#343 = AXIS2_PLACEMENT_3D ( 'NONE', #3371, #3675, #1142 ) ;
#344 = CARTESIAN_POINT ( 'NONE',  ( 7.700000000000000178, 20.00000000000000000, 18.70000000000000284 ) ) ;
#345 = LINE ( 'NONE', #2901, #1216 ) ;
#346 = AXIS2_PLACEMENT_3D ( 'NONE', #2667, #787, #4573 ) ;
#347 = AXIS2_PLACEMENT_3D ( 'NONE', #3602, #251, #3232 ) ;
#348 = DIRECTION ( 'NONE',  ( 0.000000000000000000, 1.000000000000000000, 0.000000000000000000 ) ) ;
#349 = AXIS2_PLACEMENT_3D ( 'NONE', #2038, #177, #2817 ) ;
#350 = DIRECTION ( 'NONE',  ( 0.000000000000000000, 0.000000000000000000, -1.000000000000000000 ) ) ;
#351 = EDGE_CURVE ( 'NONE', #3680, #1427, #4016, .T. ) ;
#352 = CARTESIAN_POINT ( 'NONE',  ( 42.60667251374646014, 0.000000000000000000, 10.33115200650948928 ) ) ;
#353 = EDGE_CURVE ( 'NONE', #1539, #4577, #274, .T. ) ;
#354 = CARTESIAN_POINT ( 'NONE',  ( -11.69999999999999396, 6.735557395310434135E-16, -11.87707736052349539 ) ) ;
#355 = CIRCLE ( 'NONE', #2225, 40.00000000000000000 ) ;
#356 = VECTOR ( 'NONE', #2788, 1000.000000000000000 ) ;
#357 = CARTESIAN_POINT ( 'NONE',  ( 44.50000000000001421, -2.499999999999999112, -29.00000000000000711 ) ) ;
#358 = AXIS2_PLACEMENT_3D ( 'NONE', #3837, #496, #790 ) ;
#359 = DIRECTION ( 'NONE',  ( 0.000000000000000000, -1.000000000000000000, 0.000000000000000000 ) ) ;
#360 = VERTEX_POINT ( 'NONE', #2204 ) ;
#361 = EDGE_CURVE ( 'NONE', #1339, #3072, #3628, .T. ) ;
#362 = CARTESIAN_POINT ( 'NONE',  ( 44.50000000000001421, -2.499999999999999112, 26.50000000000000711 ) ) ;
#363 = CYLINDRICAL_SURFACE ( 'NONE', #4315, 4.599999999999996092 ) ;
#364 = EDGE_CURVE ( 'NONE', #3354, #1659, #2285, .T. ) ;
#365 = AXIS2_PLACEMENT_3D ( 'NONE', #3627, #3286, #4419 ) ;
#366 = ORIENTED_EDGE ( 'NONE', *, *, #234, .T. ) ;
#367 = EDGE_LOOP ( 'NONE', ( #2027, #3579, #1754, #4425, #580 ) ) ;
#368 = VERTEX_POINT ( 'NONE', #4794 ) ;
#369 = ORIENTED_EDGE ( 'NONE', *, *, #2388, .T. ) ;
#370 = CIRCLE ( 'NONE', #2238, 40.00000000000000000 ) ;
#371 = ORIENTED_EDGE ( 'NONE', *, *, #2809, .F. ) ;
#372 = DIRECTION ( 'NONE',  ( 0.000000000000000000, -0.000000000000000000, -1.000000000000000000 ) ) ;
#373 = LINE ( 'NONE', #1493, #1062 ) ;
#374 = VECTOR ( 'NONE', #4405, 1000.000000000000000 ) ;
#375 = CARTESIAN_POINT ( 'NONE',  ( 0.7000000000000061728, 4.200000000000000178, -30.00000000000000711 ) ) ;
#376 = VERTEX_POINT ( 'NONE', #3773 ) ;
#377 = ORIENTED_EDGE ( 'NONE', *, *, #364, .T. ) ;
#378 = AXIS2_PLACEMENT_3D ( 'NONE', #2753, #3965, #1742 ) ;
#379 = LINE ( 'NONE', #1872, #3399 ) ;
#380 = DIRECTION ( 'NONE',  ( 0.000000000000000000, 0.000000000000000000, -1.000000000000000000 ) ) ;
#381 = CARTESIAN_POINT ( 'NONE',  ( 44.50000000000001421, -2.499999999999999112, -31.50000000000001421 ) ) ;
#382 = DIRECTION ( 'NONE',  ( 1.754662826275390753E-15, 0.000000000000000000, 1.000000000000000000 ) ) ;
#383 = CARTESIAN_POINT ( 'NONE',  ( -44.50000000000001421, 11.00000000000000000, -29.00000000000000711 ) ) ;
#384 = CIRCLE ( 'NONE', #3508, 6.499999999999999112 ) ;
#385 = EDGE_CURVE ( 'NONE', #1803, #608, #4105, .T. ) ;
#386 = LINE ( 'NONE', #3512, #3941 ) ;
#387 = CARTESIAN_POINT ( 'NONE',  ( -85.50000000000001421, 11.50000000000000000, 3.091507183936761827 ) ) ;
#388 = CARTESIAN_POINT ( 'NONE',  ( -44.50000000000001421, 0.000000000000000000, 22.50000000000001421 ) ) ;
#389 = DIRECTION ( 'NONE',  ( 0.000000000000000000, -1.000000000000000000, 0.000000000000000000 ) ) ;
#390 = DIRECTION ( 'NONE',  ( 0.000000000000000000, 0.000000000000000000, -1.000000000000000000 ) ) ;
#391 = VERTEX_POINT ( 'NONE', #776 ) ;
#392 = EDGE_CURVE ( 'NONE', #792, #62, #3415, .T. ) ;
#393 = CARTESIAN_POINT ( 'NONE',  ( 55.50000000000001421, 6.000000000000000000, 6.123233995736772199E-17 ) ) ;
#394 = CARTESIAN_POINT ( 'NONE',  ( 42.03994611300722539, 6.754854094108687868, 4.957258429233027286 ) ) ;
#395 = DIRECTION ( 'NONE',  ( -0.000000000000000000, 1.000000000000000000, -0.000000000000000000 ) ) ;
#396 = ORIENTED_EDGE ( 'NONE', *, *, #763, .T. ) ;
#397 = ORIENTED_EDGE ( 'NONE', *, *, #4150, .F. ) ;
#398 = CARTESIAN_POINT ( 'NONE',  ( 18.82767145595783020, 0.000000000000000000, 30.00000000000001066 ) ) ;
#399 = EDGE_CURVE ( 'NONE', #3766, #1887, #195, .T. ) ;
#400 = ORIENTED_EDGE ( 'NONE', *, *, #2105, .F. ) ;
#401 = EDGE_CURVE ( 'NONE', #221, #1888, #3042, .T. ) ;
#402 = VERTEX_POINT ( 'NONE', #4077 ) ;
#403 = EDGE_LOOP ( 'NONE', ( #784, #2009, #3604, #3500, #1870, #4703, #1738, #1118, #4342, #2919 ) ) ;
#404 = DIRECTION ( 'NONE',  ( -1.000000000000000000, 0.000000000000000000, 0.000000000000000000 ) ) ;
#405 = CYLINDRICAL_SURFACE ( 'NONE', #3103, 43.50000000000000711 ) ;
#406 = CARTESIAN_POINT ( 'NONE',  ( 45.53051171362087501, 7.845325696125903470, -4.662125173256922217 ) ) ;
#407 = ORIENTED_EDGE ( 'NONE', *, *, #2000, .F. ) ;
#408 = EDGE_CURVE ( 'NONE', #198, #130, #1536, .T. ) ;
#409 = DIRECTION ( 'NONE',  ( 0.000000000000000000, 0.000000000000000000, -1.000000000000000000 ) ) ;
#410 = DIRECTION ( 'NONE',  ( -0.000000000000000000, 1.000000000000000000, 1.084202172485504434E-16 ) ) ;
#411 = DIRECTION ( 'NONE',  ( 1.510202172955553042E-16, -1.000000000000000000, 0.000000000000000000 ) ) ;
#412 = DIRECTION ( 'NONE',  ( 0.000000000000000000, 0.000000000000000000, -1.000000000000000000 ) ) ;
#413 = DIRECTION ( 'NONE',  ( 0.000000000000000000, -0.000000000000000000, -1.000000000000000000 ) ) ;
#414 = CARTESIAN_POINT ( 'NONE',  ( 42.00000000000002132, 1.799999999999999600, -23.00000000000001421 ) ) ;
#415 = LINE ( 'NONE', #782, #2149 ) ;
#416 = ORIENTED_EDGE ( 'NONE', *, *, #1460, .F. ) ;
#417 = CARTESIAN_POINT ( 'NONE',  ( 44.50000000000001421, 0.000000000000000000, -29.00000000000001776 ) ) ;
#418 = FACE_OUTER_BOUND ( 'NONE', #645, .T. ) ;
#419 = DIRECTION ( 'NONE',  ( 0.000000000000000000, 0.000000000000000000, -1.000000000000000000 ) ) ;
#420 = DIRECTION ( 'NONE',  ( 0.000000000000000000, 0.000000000000000000, -1.000000000000000000 ) ) ;
#421 = EDGE_LOOP ( 'NONE', ( #4404, #4149 ) ) ;
#422 = PLANE ( 'NONE',  #3488 ) ;
#423 = ORIENTED_EDGE ( 'NONE', *, *, #1321, .F. ) ;
#424 = EDGE_CURVE ( 'NONE', #27, #497, #3550, .T. ) ;
#425 = ORIENTED_EDGE ( 'NONE', *, *, #3282, .F. ) ;
#426 = EDGE_CURVE ( 'NONE', #2077, #4646, #718, .T. ) ;
#427 = CYLINDRICAL_SURFACE ( 'NONE', #4386, 8.500000000000010658 ) ;
#428 = CARTESIAN_POINT ( 'NONE',  ( -42.00000000000000711, 15.00000000000000000, 30.00000000000001066 ) ) ;
#429 = EDGE_LOOP ( 'NONE', ( #970, #1886, #3242, #851 ) ) ;
#430 = CARTESIAN_POINT ( 'NONE',  ( 45.50330826453646438, 9.429386428899885431, -3.658348663150972957 ) ) ;
#431 = ORIENTED_EDGE ( 'NONE', *, *, #2311, .T. ) ;
#432 = ORIENTED_EDGE ( 'NONE', *, *, #2828, .T. ) ;
#433 = CARTESIAN_POINT ( 'NONE',  ( -42.00000000000002132, 1.799999999999999600, 23.00000000000000711 ) ) ;
#434 = FACE_OUTER_BOUND ( 'NONE', #2795, .T. ) ;
#435 = CARTESIAN_POINT ( 'NONE',  ( 1.224646799147356412E-16, 20.00000000000000000, -2.999999999999993339 ) ) ;
#436 = DIRECTION ( 'NONE',  ( 0.000000000000000000, 0.000000000000000000, -1.000000000000000000 ) ) ;
#437 = DIRECTION ( 'NONE',  ( 0.000000000000000000, -1.000000000000000000, 0.000000000000000000 ) ) ;
#438 = CARTESIAN_POINT ( 'NONE',  ( 44.50000000000001421, 0.000000000000000000, 29.00000000000000711 ) ) ;
#439 = DIRECTION ( 'NONE',  ( 0.000000000000000000, -1.000000000000000000, 0.000000000000000000 ) ) ;
#440 = AXIS2_PLACEMENT_3D ( 'NONE', #1086, #3620, #4008 ) ;
#441 = VECTOR ( 'NONE', #716, 1000.000000000000000 ) ;
#442 = LINE ( 'NONE', #808, #1447 ) ;
#443 = DIRECTION ( 'NONE',  ( 0.000000000000000000, -1.000000000000000000, 0.000000000000000000 ) ) ;
#444 = AXIS2_PLACEMENT_3D ( 'NONE', #871, #1137, #1190 ) ;
#445 = CARTESIAN_POINT ( 'NONE',  ( -44.50000000000001421, 15.00000000000000000, -29.00000000000000711 ) ) ;
#446 = CARTESIAN_POINT ( 'NONE',  ( -15.19999999999999041, 4.200000000000000178, 30.20000000000000284 ) ) ;
#447 = AXIS2_PLACEMENT_3D ( 'NONE', #1492, #2277, #2591 ) ;
#448 = FACE_OUTER_BOUND ( 'NONE', #1937, .T. ) ;
#449 = ORIENTED_EDGE ( 'NONE', *, *, #3453, .F. ) ;
#450 = AXIS2_PLACEMENT_3D ( 'NONE', #1458, #4394, #4062 ) ;
#451 = LINE ( 'NONE', #3031, #2470 ) ;
#452 = ORIENTED_EDGE ( 'NONE', *, *, #678, .F. ) ;
#453 = EDGE_CURVE ( 'NONE', #1941, #3624, #1813, .T. ) ;
#454 = VECTOR ( 'NONE', #1777, 1000.000000000000000 ) ;
#455 = CIRCLE ( 'NONE', #1056, 8.500000000000010658 ) ;
#456 = ORIENTED_EDGE ( 'NONE', *, *, #4073, .T. ) ;
#457 = DIRECTION ( 'NONE',  ( 0.000000000000000000, -1.000000000000000000, 0.000000000000000000 ) ) ;
#458 = LINE ( 'NONE', #1938, #1440 ) ;
#459 = ORIENTED_EDGE ( 'NONE', *, *, #2490, .F. ) ;
#460 = LINE ( 'NONE', #340, #3639 ) ;
#461 = ORIENTED_EDGE ( 'NONE', *, *, #2442, .F. ) ;
#462 = ORIENTED_EDGE ( 'NONE', *, *, #2665, .F. ) ;
#463 = VECTOR ( 'NONE', #4030, 1000.000000000000000 ) ;
#464 = EDGE_CURVE ( 'NONE', #156, #4257, #3721, .T. ) ;
#465 = DIRECTION ( 'NONE',  ( -1.000000000000000000, 0.000000000000000000, 4.336808689942017736E-16 ) ) ;
#466 = EDGE_CURVE ( 'NONE', #4638, #3193, #2707, .T. ) ;
#467 = DIRECTION ( 'NONE',  ( 0.000000000000000000, 0.000000000000000000, -1.000000000000000000 ) ) ;
#468 = DIRECTION ( 'NONE',  ( 0.000000000000000000, -1.000000000000000000, 0.000000000000000000 ) ) ;
#469 = LINE ( 'NONE', #3046, #661 ) ;
#470 = AXIS2_PLACEMENT_3D ( 'NONE', #4497, #2326, #3812 ) ;
#471 = CARTESIAN_POINT ( 'NONE',  ( 7.700000000000000178, 20.00000000000000000, 7.300000000000002487 ) ) ;
#472 = CARTESIAN_POINT ( 'NONE',  ( -44.50000000000001421, 15.00000000000000000, -29.00000000000000711 ) ) ;
#473 = CARTESIAN_POINT ( 'NONE',  ( 42.00000000000001421, 15.00000000000000000, -26.50000000000001066 ) ) ;
#474 = CARTESIAN_POINT ( 'NONE',  ( -18.59150718393674850, 11.50000000000000000, -26.50000000000000711 ) ) ;
#475 = EDGE_CURVE ( 'NONE', #4305, #145, #2936, .T. ) ;
#476 = ORIENTED_EDGE ( 'NONE', *, *, #3185, .F. ) ;
#477 = DIRECTION ( 'NONE',  ( 0.000000000000000000, 0.000000000000000000, -1.000000000000000000 ) ) ;
#478 = VERTEX_POINT ( 'NONE', #1104 ) ;
#479 = DIRECTION ( 'NONE',  ( -1.982541115402061757E-15, 0.000000000000000000, -1.000000000000000000 ) ) ;
#480 = CARTESIAN_POINT ( 'NONE',  ( 44.50000000000001421, -2.499999999999999112, -29.00000000000000711 ) ) ;
#481 = VERTEX_POINT ( 'NONE', #2597 ) ;
#482 = VERTEX_POINT ( 'NONE', #3365 ) ;
#483 = ORIENTED_EDGE ( 'NONE', *, *, #1088, .T. ) ;
#484 = CARTESIAN_POINT ( 'NONE',  ( -45.50000000000001421, 15.00000000000000000, 30.00000000000001066 ) ) ;
#485 = DIRECTION ( 'NONE',  ( 0.000000000000000000, 0.000000000000000000, -1.000000000000000000 ) ) ;
#486 = FACE_BOUND ( 'NONE', #2716, .T. ) ;
#487 = EDGE_CURVE ( 'NONE', #2975, #2847, #4792, .T. ) ;
#488 = DIRECTION ( 'NONE',  ( 0.000000000000000000, 0.000000000000000000, -1.000000000000000000 ) ) ;
#489 = EDGE_CURVE ( 'NONE', #771, #4219, #2011, .T. ) ;
#490 = PLANE ( 'NONE',  #55 ) ;
#491 = CARTESIAN_POINT ( 'NONE',  ( -15.19999999999999396, 0.000000000000000000, -30.00000000000000711 ) ) ;
#492 = DIRECTION ( 'NONE',  ( -1.000000000000000000, 0.000000000000000000, 0.000000000000000000 ) ) ;
#493 = CARTESIAN_POINT ( 'NONE',  ( 44.50000000000001421, -2.499999999999999112, 29.00000000000000711 ) ) ;
#494 = EDGE_CURVE ( 'NONE', #391, #2690, #2312, .T. ) ;
#495 = ORIENTED_EDGE ( 'NONE', *, *, #678, .T. ) ;
#496 = DIRECTION ( 'NONE',  ( 0.000000000000000000, -1.000000000000000000, 0.000000000000000000 ) ) ;
#497 = VERTEX_POINT ( 'NONE', #2679 ) ;
#498 = EDGE_CURVE ( 'NONE', #3299, #101, #3343, .T. ) ;
#499 = DIRECTION ( 'NONE',  ( 0.000000000000000000, -1.000000000000000000, 0.000000000000000000 ) ) ;
#500 = VERTEX_POINT ( 'NONE', #4586 ) ;
#501 = ORIENTED_EDGE ( 'NONE', *, *, #281, .T. ) ;
#502 = ORIENTED_EDGE ( 'NONE', *, *, #734, .T. ) ;
#503 = PLANE ( 'NONE',  #1547 ) ;
#504 = DIRECTION ( 'NONE',  ( -0.000000000000000000, 1.000000000000000000, -0.000000000000000000 ) ) ;
#505 = ORIENTED_EDGE ( 'NONE', *, *, #1250, .T. ) ;
#506 = FACE_BOUND ( 'NONE', #3634, .T. ) ;
#507 = CARTESIAN_POINT ( 'NONE',  ( 1.700000000000000178, 15.00000000000000000, -7.699999999999993072 ) ) ;
#508 = EDGE_CURVE ( 'NONE', #3523, #3657, #993, .T. ) ;
#509 = CARTESIAN_POINT ( 'NONE',  ( 44.50000000000001421, 11.00000000000000000, 31.50000000000001421 ) ) ;
#510 = AXIS2_PLACEMENT_3D ( 'NONE', #473, #1266, #1968 ) ;
#511 = LINE ( 'NONE', #2269, #3308 ) ;
#512 = FACE_OUTER_BOUND ( 'NONE', #1663, .T. ) ;
#513 = AXIS2_PLACEMENT_3D ( 'NONE', #18, #4607, #917 ) ;
#514 = ORIENTED_EDGE ( 'NONE', *, *, #3979, .T. ) ;
#515 = DIRECTION ( 'NONE',  ( -0.000000000000000000, 1.000000000000000000, -0.000000000000000000 ) ) ;
#516 = AXIS2_PLACEMENT_3D ( 'NONE', #3519, #1310, #4594 ) ;
#517 = ORIENTED_EDGE ( 'NONE', *, *, #641, .F. ) ;
#518 = CIRCLE ( 'NONE', #2768, 8.500000000000010658 ) ;
#519 = ADVANCED_FACE ( 'NONE', ( #3509 ), #3344, .T. ) ;
#520 = EDGE_CURVE ( 'NONE', #4760, #2699, #4037, .T. ) ;
#521 = AXIS2_PLACEMENT_3D ( 'NONE', #3404, #3380, #2952 ) ;
#522 = AXIS2_PLACEMENT_3D ( 'NONE', #3606, #3920, #236 ) ;
#523 = ORIENTED_EDGE ( 'NONE', *, *, #1967, .F. ) ;
#524 = DIRECTION ( 'NONE',  ( -1.982541115402067674E-15, 0.000000000000000000, 1.000000000000000000 ) ) ;
#525 = ORIENTED_EDGE ( 'NONE', *, *, #86, .T. ) ;
#526 = ORIENTED_EDGE ( 'NONE', *, *, #2779, .F. ) ;
#527 = VECTOR ( 'NONE', #2549, 1000.000000000000000 ) ;
#528 = AXIS2_PLACEMENT_3D ( 'NONE', #3807, #2288, #3065 ) ;
#529 = ORIENTED_EDGE ( 'NONE', *, *, #4735, .T. ) ;
#530 = DIRECTION ( 'NONE',  ( 0.000000000000000000, 0.000000000000000000, 1.000000000000000000 ) ) ;
#531 = DIRECTION ( 'NONE',  ( -0.000000000000000000, -0.000000000000000000, -1.000000000000000000 ) ) ;
#532 = ORIENTED_EDGE ( 'NONE', *, *, #4588, .F. ) ;
#533 = VECTOR ( 'NONE', #465, 1000.000000000000000 ) ;
#534 = CARTESIAN_POINT ( 'NONE',  ( 16.00000000000000000, -7.000000000000000000, 13.25219988745154254 ) ) ;
#535 = CYLINDRICAL_SURFACE ( 'NONE', #4086, 6.499999999999995559 ) ;
#536 = AXIS2_PLACEMENT_3D ( 'NONE', #3207, #1326, #2086 ) ;
#537 = CARTESIAN_POINT ( 'NONE',  ( -18.59150718393674495, 15.00000000000000000, 70.00000000000000000 ) ) ;
#538 = DIRECTION ( 'NONE',  ( 0.000000000000000000, -0.000000000000000000, -1.000000000000000000 ) ) ;
#539 = FACE_OUTER_BOUND ( 'NONE', #4293, .T. ) ;
#540 = AXIS2_PLACEMENT_3D ( 'NONE', #1282, #959, #249 ) ;
#541 = AXIS2_PLACEMENT_3D ( 'NONE', #3673, #4361, #1819 ) ;
#542 = ADVANCED_FACE ( 'NONE', ( #327, #4726, #2557, #3309, #1850, #2867 ), #1422, .T. ) ;
#543 = DIRECTION ( 'NONE',  ( 0.000000000000000000, -1.000000000000000000, 0.000000000000000000 ) ) ;
#544 = ORIENTED_EDGE ( 'NONE', *, *, #2928, .T. ) ;
#545 = CIRCLE ( 'NONE', #1633, 6.499999999999999112 ) ;
#546 = EDGE_CURVE ( 'NONE', #586, #4362, #1307, .T. ) ;
#547 = EDGE_LOOP ( 'NONE', ( #432, #2465, #4038, #878 ) ) ;
#548 = LINE ( 'NONE', #612, #193 ) ;
#549 = VERTEX_POINT ( 'NONE', #4800 ) ;
#550 = ORIENTED_EDGE ( 'NONE', *, *, #4520, .T. ) ;
#551 = VERTEX_POINT ( 'NONE', #644 ) ;
#552 = PLANE ( 'NONE',  #3879 ) ;
#553 = EDGE_CURVE ( 'NONE', #5, #3523, #2782, .T. ) ;
#554 = CARTESIAN_POINT ( 'NONE',  ( 38.41227904007969585, 1.799999999999999600, 31.27808110350507320 ) ) ;
#555 = LINE ( 'NONE', #2294, #4552 ) ;
#556 = CARTESIAN_POINT ( 'NONE',  ( 36.08101651390111897, 1.800000000000000044, 30.17077626419152381 ) ) ;
#557 = DIRECTION ( 'NONE',  ( 0.000000000000000000, -1.000000000000000000, 0.000000000000000000 ) ) ;
#558 = CARTESIAN_POINT ( 'NONE',  ( -44.50000000000001421, 11.00000000000000000, 26.50000000000000711 ) ) ;
#559 = DIRECTION ( 'NONE',  ( 0.000000000000000000, 1.000000000000000000, 0.000000000000000000 ) ) ;
#560 = VERTEX_POINT ( 'NONE', #2505 ) ;
#561 = DIRECTION ( 'NONE',  ( 0.000000000000000000, -1.000000000000000000, 0.000000000000000000 ) ) ;
#562 = ORIENTED_EDGE ( 'NONE', *, *, #1807, .F. ) ;
#563 = DIRECTION ( 'NONE',  ( 0.000000000000000000, 0.000000000000000000, 1.000000000000000000 ) ) ;
#564 = VERTEX_POINT ( 'NONE', #673 ) ;
#565 = DIRECTION ( 'NONE',  ( 0.000000000000000000, 0.000000000000000000, -1.000000000000000000 ) ) ;
#566 = EDGE_LOOP ( 'NONE', ( #3594, #3205 ) ) ;
#567 = EDGE_CURVE ( 'NONE', #1728, #1091, #3622, .T. ) ;
#568 = ORIENTED_EDGE ( 'NONE', *, *, #4555, .F. ) ;
#569 = EDGE_CURVE ( 'NONE', #4627, #4577, #1399, .T. ) ;
#570 = CARTESIAN_POINT ( 'NONE',  ( -4.299999999999999822, 20.00000000000000000, 18.99999999999999289 ) ) ;
#571 = ORIENTED_EDGE ( 'NONE', *, *, #889, .F. ) ;
#572 = ADVANCED_FACE ( 'NONE', ( #1029 ), #2527, .F. ) ;
#573 = ORIENTED_EDGE ( 'NONE', *, *, #361, .T. ) ;
#574 = EDGE_CURVE ( 'NONE', #824, #1177, #442, .T. ) ;
#575 = DIRECTION ( 'NONE',  ( 0.000000000000000000, 0.000000000000000000, -1.000000000000000000 ) ) ;
#576 = DIRECTION ( 'NONE',  ( 0.000000000000000000, -1.000000000000000000, 0.000000000000000000 ) ) ;
#577 = CARTESIAN_POINT ( 'NONE',  ( 19.30000000000001137, 0.000000000000000000, -37.51000000000001933 ) ) ;
#578 = DIRECTION ( 'NONE',  ( 0.000000000000000000, -1.000000000000000000, 0.000000000000000000 ) ) ;
#579 = DIRECTION ( 'NONE',  ( 0.000000000000000000, 1.000000000000000000, -0.000000000000000000 ) ) ;
#580 = ORIENTED_EDGE ( 'NONE', *, *, #2444, .T. ) ;
#581 = AXIS2_PLACEMENT_3D ( 'NONE', #282, #2604, #2241 ) ;
#582 = VECTOR ( 'NONE', #97, 1000.000000000000000 ) ;
#583 = VERTEX_POINT ( 'NONE', #2663 ) ;
#584 = MECHANICAL_DESIGN_GEOMETRIC_PRESENTATION_REPRESENTATION (  '', ( #1524 ), #3313 ) ;
#585 = CARTESIAN_POINT ( 'NONE',  ( -44.50000000000001421, 0.000000000000000000, -29.00000000000000711 ) ) ;
#586 = VERTEX_POINT ( 'NONE', #1170 ) ;
#587 = ORIENTED_EDGE ( 'NONE', *, *, #2634, .F. ) ;
#588 = EDGE_CURVE ( 'NONE', #1387, #1300, #415, .T. ) ;
#589 = ORIENTED_EDGE ( 'NONE', *, *, #1591, .F. ) ;
#590 = AXIS2_PLACEMENT_3D ( 'NONE', #4350, #3956, #2173 ) ;
#591 = AXIS2_PLACEMENT_3D ( 'NONE', #2674, #4508, #3820 ) ;
#592 = CARTESIAN_POINT ( 'NONE',  ( 45.50000000000001421, 15.00000000000000000, -30.00000000000000711 ) ) ;
#593 = CARTESIAN_POINT ( 'NONE',  ( 85.50000000000001421, 11.50000000000000000, 3.091507183936761827 ) ) ;
#594 = AXIS2_PLACEMENT_3D ( 'NONE', #2473, #1806, #3270 ) ;
#595 = LINE ( 'NONE', #3222, #3949 ) ;
#596 = CARTESIAN_POINT ( 'NONE',  ( -44.50000000000001421, -2.499999999999999112, -29.00000000000000711 ) ) ;
#597 = VERTEX_POINT ( 'NONE', #93 ) ;
#598 = AXIS2_PLACEMENT_3D ( 'NONE', #2213, #1783, #1406 ) ;
#599 = PLANE ( 'NONE',  #2911 ) ;
#600 = ADVANCED_FACE ( 'NONE', ( #1506 ), #490, .F. ) ;
#601 = LINE ( 'NONE', #271, #4013 ) ;
#602 = EDGE_CURVE ( 'NONE', #1204, #1959, #3444, .T. ) ;
#603 = FACE_OUTER_BOUND ( 'NONE', #259, .T. ) ;
#604 = CARTESIAN_POINT ( 'NONE',  ( -42.60667251374644593, 15.00000000000000000, 10.33115200650950527 ) ) ;
#605 = CARTESIAN_POINT ( 'NONE',  ( -85.50000000000001421, 15.00000000000000000, -3.091507183936761827 ) ) ;
#606 = DIRECTION ( 'NONE',  ( -0.000000000000000000, 0.000000000000000000, -1.000000000000000000 ) ) ;
#607 = VECTOR ( 'NONE', #775, 1000.000000000000000 ) ;
#608 = VERTEX_POINT ( 'NONE', #4158 ) ;
#609 = CIRCLE ( 'NONE', #854, 5.499999999999994671 ) ;
#610 = EDGE_CURVE ( 'NONE', #2850, #2847, #4185, .T. ) ;
#611 = ORIENTED_EDGE ( 'NONE', *, *, #3251, .F. ) ;
#612 = CARTESIAN_POINT ( 'NONE',  ( -45.50000000000001421, 11.00000000000000000, -2.500000000000000000 ) ) ;
#613 = ORIENTED_EDGE ( 'NONE', *, *, #4684, .T. ) ;
#614 = VECTOR ( 'NONE', #1962, 1000.000000000000000 ) ;
#615 = VERTEX_POINT ( 'NONE', #4136 ) ;
#616 = VERTEX_POINT ( 'NONE', #832 ) ;
#617 = CARTESIAN_POINT ( 'NONE',  ( -44.50000000000001421, 1.800000000000000044, 29.00000000000000711 ) ) ;
#618 = LINE ( 'NONE', #4715, #3493 ) ;
#619 = ORIENTED_EDGE ( 'NONE', *, *, #1446, .F. ) ;
#620 = FACE_OUTER_BOUND ( 'NONE', #2724, .T. ) ;
#621 = CARTESIAN_POINT ( 'NONE',  ( -35.50000000000001421, 11.00000000000000000, 2.500000000000000000 ) ) ;
#622 = LINE ( 'NONE', #1346, #1051 ) ;
#623 = CARTESIAN_POINT ( 'NONE',  ( 18.59150718393674495, 15.00000000000000000, 26.50000000000001066 ) ) ;
#624 = LINE ( 'NONE', #3190, #3430 ) ;
#625 = EDGE_CURVE ( 'NONE', #791, #3836, #3520, .T. ) ;
#626 = ADVANCED_FACE ( 'NONE', ( #1191 ), #2712, .T. ) ;
#627 = CARTESIAN_POINT ( 'NONE',  ( -45.50000000000001421, 15.00000000000000000, 3.091507183936761827 ) ) ;
#628 = ORIENTED_EDGE ( 'NONE', *, *, #1890, .T. ) ;
#629 = ADVANCED_FACE ( 'NONE', ( #3067, #3753 ), #3421, .T. ) ;
#630 = ORIENTED_EDGE ( 'NONE', *, *, #1704, .F. ) ;
#631 = CARTESIAN_POINT ( 'NONE',  ( 44.50000000000001421, 11.00000000000000000, -26.50000000000000711 ) ) ;
#632 = EDGE_LOOP ( 'NONE', ( #3655, #1201, #3126 ) ) ;
#633 = ORIENTED_EDGE ( 'NONE', *, *, #86, .F. ) ;
#634 = EDGE_CURVE ( 'NONE', #615, #4454, #43, .T. ) ;
#635 = EDGE_LOOP ( 'NONE', ( #4277, #2055, #3235, #837 ) ) ;
#636 = DIRECTION ( 'NONE',  ( 0.000000000000000000, -1.000000000000000000, 0.000000000000000000 ) ) ;
#637 = VERTEX_POINT ( 'NONE', #471 ) ;
#638 = DIRECTION ( 'NONE',  ( -0.000000000000000000, 1.000000000000000000, -0.000000000000000000 ) ) ;
#639 = DIRECTION ( 'NONE',  ( 0.000000000000000000, 0.000000000000000000, 1.000000000000000000 ) ) ;
#640 = CARTESIAN_POINT ( 'NONE',  ( -44.50000000000001421, 0.000000000000000000, 29.00000000000000711 ) ) ;
#641 = EDGE_CURVE ( 'NONE', #4430, #2364, #857, .T. ) ;
#642 = DIRECTION ( 'NONE',  ( -0.000000000000000000, 1.000000000000000000, -0.000000000000000000 ) ) ;
#643 = EDGE_CURVE ( 'NONE', #221, #3213, #1950, .T. ) ;
#644 = CARTESIAN_POINT ( 'NONE',  ( -18.59150718393674850, 0.000000000000000000, -26.50000000000000711 ) ) ;
#645 = EDGE_LOOP ( 'NONE', ( #3666, #3697, #3857, #2675 ) ) ;
#646 = DIRECTION ( 'NONE',  ( 3.556183125752454544E-15, 0.000000000000000000, 1.000000000000000000 ) ) ;
#647 = CYLINDRICAL_SURFACE ( 'NONE', #1523, 43.50000000000000711 ) ;
#648 = DIRECTION ( 'NONE',  ( 0.000000000000000000, 0.000000000000000000, -1.000000000000000000 ) ) ;
#649 = ORIENTED_EDGE ( 'NONE', *, *, #643, .F. ) ;
#650 = EDGE_CURVE ( 'NONE', #478, #4737, #2773, .T. ) ;
#651 = ORIENTED_EDGE ( 'NONE', *, *, #1977, .F. ) ;
#652 = AXIS2_PLACEMENT_3D ( 'NONE', #4749, #3626, #2560 ) ;
#653 = ORIENTED_EDGE ( 'NONE', *, *, #2888, .F. ) ;
#654 = AXIS2_PLACEMENT_3D ( 'NONE', #4745, #4359, #4415 ) ;
#655 = CIRCLE ( 'NONE', #3695, 8.500000000000010658 ) ;
#656 = DIRECTION ( 'NONE',  ( 0.000000000000000000, 0.000000000000000000, -1.000000000000000000 ) ) ;
#657 = DIRECTION ( 'NONE',  ( -0.000000000000000000, -1.000000000000000000, -0.000000000000000000 ) ) ;
#658 = FACE_OUTER_BOUND ( 'NONE', #703, .T. ) ;
#659 = CARTESIAN_POINT ( 'NONE',  ( -11.69999999999999396, 4.200000000000000178, 0.000000000000000000 ) ) ;
#660 = AXIS2_PLACEMENT_3D ( 'NONE', #4036, #4360, #1480 ) ;
#661 = VECTOR ( 'NONE', #3419, 1000.000000000000000 ) ;
#662 = AXIS2_PLACEMENT_3D ( 'NONE', #3516, #4224, #891 ) ;
#663 = EDGE_LOOP ( 'NONE', ( #3474, #3359, #3061, #2880 ) ) ;
#664 = AXIS2_PLACEMENT_3D ( 'NONE', #1622, #4581, #3505 ) ;
#665 = AXIS2_PLACEMENT_3D ( 'NONE', #480, #1619, #3106 ) ;
#666 = DIRECTION ( 'NONE',  ( 0.000000000000000000, 1.000000000000000000, 0.000000000000000000 ) ) ;
#667 = CARTESIAN_POINT ( 'NONE',  ( -46.15917732731228540, 4.200000000000000178, -10.32335836023588094 ) ) ;
#668 = CARTESIAN_POINT ( 'NONE',  ( -5.999999999999999112, 20.00000000000000000, 12.00000000000000178 ) ) ;
#669 = AXIS2_PLACEMENT_3D ( 'NONE', #983, #2157, #639 ) ;
#670 = AXIS2_PLACEMENT_3D ( 'NONE', #1383, #3288, #1034 ) ;
#671 = DIRECTION ( 'NONE',  ( 1.000000000000000000, -1.224646799147353454E-16, 0.000000000000000000 ) ) ;
#672 = DIRECTION ( 'NONE',  ( 8.773314131376953765E-16, 0.000000000000000000, -1.000000000000000000 ) ) ;
#673 = CARTESIAN_POINT ( 'NONE',  ( -39.95933631058686331, 0.000000000000000000, -36.18556701030929901 ) ) ;
#674 = EDGE_LOOP ( 'NONE', ( #2125, #2649, #1465, #83, #1714, #866, #3921, #258 ) ) ;
#675 = LINE ( 'NONE', #329, #2386 ) ;
#676 = CARTESIAN_POINT ( 'NONE',  ( 0.000000000000000000, 20.00000000000000000, -3.999999999999995559 ) ) ;
#677 = VECTOR ( 'NONE', #2341, 1000.000000000000000 ) ;
#678 = EDGE_CURVE ( 'NONE', #1516, #2555, #3048, .T. ) ;
#679 = VERTEX_POINT ( 'NONE', #2265 ) ;
#680 = CARTESIAN_POINT ( 'NONE',  ( -42.00000000000001421, 1.799999999999999600, -26.50000000000001066 ) ) ;
#681 = ORIENTED_EDGE ( 'NONE', *, *, #4431, .F. ) ;
#682 = ORIENTED_EDGE ( 'NONE', *, *, #4588, .T. ) ;
#683 = ORIENTED_EDGE ( 'NONE', *, *, #3730, .T. ) ;
#684 = ORIENTED_EDGE ( 'NONE', *, *, #520, .T. ) ;
#685 = ADVANCED_FACE ( 'NONE', ( #3369 ), #1965, .T. ) ;
#686 = LINE ( 'NONE', #4687, #836 ) ;
#687 = CIRCLE ( 'NONE', #144, 6.499999999999999112 ) ;
#688 = CARTESIAN_POINT ( 'NONE',  ( 0.000000000000000000, 4.200000000000000178, 0.000000000000000000 ) ) ;
#689 = DIRECTION ( 'NONE',  ( -0.000000000000000000, 1.000000000000000000, -0.000000000000000000 ) ) ;
#690 = DIRECTION ( 'NONE',  ( 0.000000000000000000, 0.000000000000000000, -1.000000000000000000 ) ) ;
#691 = ORIENTED_EDGE ( 'NONE', *, *, #1229, .F. ) ;
#692 = EDGE_CURVE ( 'NONE', #761, #679, #2636, .T. ) ;
#693 = DIRECTION ( 'NONE',  ( -0.000000000000000000, 1.000000000000000000, -0.000000000000000000 ) ) ;
#694 = CARTESIAN_POINT ( 'NONE',  ( 18.59150718393674495, 0.000000000000000000, -30.00000000000000711 ) ) ;
#695 = CARTESIAN_POINT ( 'NONE',  ( -85.50000000000001421, 15.00000000000000000, 3.091507183936761827 ) ) ;
#696 = CARTESIAN_POINT ( 'NONE',  ( 44.50000000000001421, -22.00000000000000355, 26.50000000000000711 ) ) ;
#697 = EDGE_CURVE ( 'NONE', #4266, #1657, #2842, .T. ) ;
#698 = DIRECTION ( 'NONE',  ( 0.000000000000000000, 0.000000000000000000, -1.000000000000000000 ) ) ;
#699 = FACE_OUTER_BOUND ( 'NONE', #729, .T. ) ;
#700 = ORIENTED_EDGE ( 'NONE', *, *, #4408, .F. ) ;
#701 = DIRECTION ( 'NONE',  ( -0.000000000000000000, -1.000000000000000000, -0.000000000000000000 ) ) ;
#702 = DIRECTION ( 'NONE',  ( 1.067522139062651263E-15, 0.000000000000000000, -1.000000000000000000 ) ) ;
#703 = EDGE_LOOP ( 'NONE', ( #1171, #2331, #997, #1785, #57 ) ) ;
#704 = CARTESIAN_POINT ( 'NONE',  ( 36.08101651390109765, 11.50000000000000000, 30.17077626419152026 ) ) ;
#705 = DIRECTION ( 'NONE',  ( 0.000000000000000000, -1.000000000000000000, 0.000000000000000000 ) ) ;
#706 = VERTEX_POINT ( 'NONE', #4591 ) ;
#707 = ORIENTED_EDGE ( 'NONE', *, *, #4529, .F. ) ;
#708 = ORIENTED_EDGE ( 'NONE', *, *, #466, .T. ) ;
#709 = CARTESIAN_POINT ( 'NONE',  ( -44.50000000000001421, 11.00000000000000000, 31.50000000000001421 ) ) ;
#710 = LINE ( 'NONE', #2592, #2409 ) ;
#711 = VERTEX_POINT ( 'NONE', #1264 ) ;
#712 = ADVANCED_FACE ( 'NONE', ( #603 ), #1281, .T. ) ;
#713 = CARTESIAN_POINT ( 'NONE',  ( 44.50000000000001421, -22.00000000000000355, -31.50000000000001421 ) ) ;
#714 = EDGE_CURVE ( 'NONE', #1408, #3729, #3848, .T. ) ;
#715 = ORIENTED_EDGE ( 'NONE', *, *, #1418, .F. ) ;
#716 = DIRECTION ( 'NONE',  ( -0.000000000000000000, -1.000000000000000000, -0.000000000000000000 ) ) ;
#717 = CARTESIAN_POINT ( 'NONE',  ( -44.50000000000001421, 11.50000000000000000, 29.00000000000000711 ) ) ;
#718 = LINE ( 'NONE', #34, #1927 ) ;
#719 = EDGE_CURVE ( 'NONE', #560, #868, #744, .T. ) ;
#720 = DIRECTION ( 'NONE',  ( 0.000000000000000000, 0.000000000000000000, -1.000000000000000000 ) ) ;
#721 = EDGE_CURVE ( 'NONE', #3178, #500, #1290, .T. ) ;
#722 = CARTESIAN_POINT ( 'NONE',  ( -4.299999999999999822, 17.00000000000000000, 7.300000000000004263 ) ) ;
#723 = CARTESIAN_POINT ( 'NONE',  ( -36.08101651390111897, 1.800000000000000044, 30.17077626419152381 ) ) ;
#724 = ORIENTED_EDGE ( 'NONE', *, *, #475, .T. ) ;
#725 = CARTESIAN_POINT ( 'NONE',  ( -44.50000000000001421, 1.799999999999999600, 22.50000000000001421 ) ) ;
#726 = DIRECTION ( 'NONE',  ( 0.000000000000000000, -1.000000000000000000, 0.000000000000000000 ) ) ;
#727 = ORIENTED_EDGE ( 'NONE', *, *, #1330, .F. ) ;
#728 = LINE ( 'NONE', #2512, #1292 ) ;
#729 = EDGE_LOOP ( 'NONE', ( #2097, #1198, #653, #151 ) ) ;
#730 = VERTEX_POINT ( 'NONE', #507 ) ;
#731 = ORIENTED_EDGE ( 'NONE', *, *, #2419, .F. ) ;
#732 = EDGE_LOOP ( 'NONE', ( #532, #991, #3887, #2068 ) ) ;
#733 = PLANE ( 'NONE',  #1608 ) ;
#734 = EDGE_CURVE ( 'NONE', #4502, #4575, #3875, .T. ) ;
#735 = CARTESIAN_POINT ( 'NONE',  ( 42.04188619865061582, 6.000000000000000000, 5.000000000000000000 ) ) ;
#736 = CARTESIAN_POINT ( 'NONE',  ( 45.51288695255664152, 8.837541471291199713, -4.134315495774816718 ) ) ;
#737 = ORIENTED_EDGE ( 'NONE', *, *, #4357, .F. ) ;
#738 = AXIS2_PLACEMENT_3D ( 'NONE', #2912, #3755, #3780 ) ;
#739 = VECTOR ( 'NONE', #2859, 1000.000000000000000 ) ;
#740 = EDGE_CURVE ( 'NONE', #820, #615, #1327, .T. ) ;
#741 = LINE ( 'NONE', #4409, #2216 ) ;
#742 = DIRECTION ( 'NONE',  ( 0.000000000000000000, -1.000000000000000000, 0.000000000000000000 ) ) ;
#743 = VECTOR ( 'NONE', #1725, 1000.000000000000000 ) ;
#744 = CIRCLE ( 'NONE', #901, 4.599999999999999645 ) ;
#745 = DIRECTION ( 'NONE',  ( 5.204170427930421283E-15, 0.000000000000000000, -1.000000000000000000 ) ) ;
#746 = DIRECTION ( 'NONE',  ( 0.000000000000000000, 0.000000000000000000, -1.000000000000000000 ) ) ;
#747 = PLANE ( 'NONE',  #1930 ) ;
#748 = AXIS2_PLACEMENT_3D ( 'NONE', #227, #1102, #2934 ) ;
#749 = AXIS2_PLACEMENT_3D ( 'NONE', #428, #102, #3405 ) ;
#750 = DIRECTION ( 'NONE',  ( -0.000000000000000000, 1.000000000000000000, -0.000000000000000000 ) ) ;
#751 = ADVANCED_FACE ( 'NONE', ( #3489 ), #535, .T. ) ;
#752 = EDGE_CURVE ( 'NONE', #1316, #706, #139, .T. ) ;
#753 = CARTESIAN_POINT ( 'NONE',  ( -45.50000000000001421, 4.200000000000000178, 30.00000000000001066 ) ) ;
#754 = VECTOR ( 'NONE', #726, 1000.000000000000000 ) ;
#755 = ORIENTED_EDGE ( 'NONE', *, *, #233, .T. ) ;
#756 = DIRECTION ( 'NONE',  ( 0.000000000000000000, -0.000000000000000000, 1.000000000000000000 ) ) ;
#757 = CARTESIAN_POINT ( 'NONE',  ( 42.02800655337116353, 7.848658673242669970, 4.660804725988087149 ) ) ;
#758 = CARTESIAN_POINT ( 'NONE',  ( 44.50000000000001421, 15.00000000000000000, -29.00000000000000711 ) ) ;
#759 = ORIENTED_EDGE ( 'NONE', *, *, #4326, .T. ) ;
#760 = ORIENTED_EDGE ( 'NONE', *, *, #4336, .F. ) ;
#761 = VERTEX_POINT ( 'NONE', #3120 ) ;
#762 = ORIENTED_EDGE ( 'NONE', *, *, #4071, .T. ) ;
#763 = EDGE_CURVE ( 'NONE', #1275, #4200, #2616, .T. ) ;
#764 = AXIS2_PLACEMENT_3D ( 'NONE', #1596, #887, #869 ) ;
#765 = ORIENTED_EDGE ( 'NONE', *, *, #3442, .F. ) ;
#766 = CARTESIAN_POINT ( 'NONE',  ( -44.50000000000001421, 0.000000000000000000, -24.40000000000000924 ) ) ;
#767 = LINE ( 'NONE', #294, #2082 ) ;
#768 = ORIENTED_EDGE ( 'NONE', *, *, #2562, .T. ) ;
#769 = DIRECTION ( 'NONE',  ( -1.954056329261230258E-14, 0.000000000000000000, 1.000000000000000000 ) ) ;
#770 = CARTESIAN_POINT ( 'NONE',  ( 15.20000000000000107, 4.200000000000000178, -26.50000000000000711 ) ) ;
#771 = VERTEX_POINT ( 'NONE', #4609 ) ;
#772 = VECTOR ( 'NONE', #2776, 1000.000000000000000 ) ;
#773 = PRESENTATION_STYLE_ASSIGNMENT (( #3772 ) ) ;
#774 = CARTESIAN_POINT ( 'NONE',  ( -44.50000000000001421, 0.000000000000000000, 29.00000000000000711 ) ) ;
#775 = DIRECTION ( 'NONE',  ( -0.000000000000000000, 1.000000000000000000, -0.000000000000000000 ) ) ;
#776 = CARTESIAN_POINT ( 'NONE',  ( 45.54555525137367766, 6.000000000000000000, 5.000000000000000000 ) ) ;
#777 = CARTESIAN_POINT ( 'NONE',  ( -85.50000000000001421, 15.00000000000000000, 3.091507183936761827 ) ) ;
#778 = VECTOR ( 'NONE', #4372, 1000.000000000000000 ) ;
#779 = DIRECTION ( 'NONE',  ( -0.000000000000000000, -1.000000000000000000, -0.000000000000000000 ) ) ;
#780 = DIRECTION ( 'NONE',  ( -0.000000000000000000, -1.000000000000000000, -0.000000000000000000 ) ) ;
#781 = FACE_OUTER_BOUND ( 'NONE', #4050, .T. ) ;
#782 = CARTESIAN_POINT ( 'NONE',  ( -45.50000000000001421, 15.00000000000000000, 30.00000000000001066 ) ) ;
#783 = ADVANCED_FACE ( 'NONE', ( #2087 ), #4252, .F. ) ;
#784 = ORIENTED_EDGE ( 'NONE', *, *, #4075, .T. ) ;
#785 = EDGE_CURVE ( 'NONE', #820, #3549, #3534, .T. ) ;
#786 = CARTESIAN_POINT ( 'NONE',  ( 44.50000000000001421, 0.000000000000000000, -37.50000000000002132 ) ) ;
#787 = DIRECTION ( 'NONE',  ( -0.000000000000000000, 1.000000000000000000, -0.000000000000000000 ) ) ;
#788 = DIRECTION ( 'NONE',  ( -0.000000000000000000, -1.000000000000000000, -0.000000000000000000 ) ) ;
#789 = ORIENTED_EDGE ( 'NONE', *, *, #3157, .F. ) ;
#790 = DIRECTION ( 'NONE',  ( 0.000000000000000000, 0.000000000000000000, -1.000000000000000000 ) ) ;
#791 = VERTEX_POINT ( 'NONE', #556 ) ;
#792 = VERTEX_POINT ( 'NONE', #3913 ) ;
#793 = CARTESIAN_POINT ( 'NONE',  ( -44.50000000000001421, 39.04163056034264656, 29.00000000000000711 ) ) ;
#794 = B_SPLINE_CURVE_WITH_KNOTS ( 'NONE', 3,
 ( #1660, #904, #3858, #4261, #3884, #1617, #2786, #3105, #4578, #1251 ),
 .UNSPECIFIED., .F., .F.,
 ( 4, 2, 2, 2, 4 ),
 ( 0.000000000000000000, 0.001123505931747096698, 0.002247011863494193396, 0.003370517795241285541, 0.004494023726988378119 ),
 .UNSPECIFIED. ) ;
#795 = DIRECTION ( 'NONE',  ( -0.000000000000000000, 1.000000000000000000, -0.000000000000000000 ) ) ;
#796 = EDGE_LOOP ( 'NONE', ( #972, #366, #3838, #2406 ) ) ;
#797 = EDGE_CURVE ( 'NONE', #4096, #3864, #1131, .T. ) ;
#798 = FACE_OUTER_BOUND ( 'NONE', #1679, .T. ) ;
#799 = VERTEX_POINT ( 'NONE', #1723 ) ;
#800 = ORIENTED_EDGE ( 'NONE', *, *, #889, .T. ) ;
#801 = SURFACE_SIDE_STYLE ('',( #4455 ) ) ;
#802 = CARTESIAN_POINT ( 'NONE',  ( -44.50000000000001421, 1.799999999999999600, 29.00000000000000711 ) ) ;
#803 = LINE ( 'NONE', #2986, #4795 ) ;
#804 = CARTESIAN_POINT ( 'NONE',  ( 45.50000000000001421, 15.00000000000000000, 30.00000000000001066 ) ) ;
#805 = CARTESIAN_POINT ( 'NONE',  ( 8.000000000000000000, 20.00000000000000000, 7.300000000000002487 ) ) ;
#806 = CYLINDRICAL_SURFACE ( 'NONE', #4303, 6.499999999999999112 ) ;
#807 = ADVANCED_FACE ( 'NONE', ( #4653 ), #2454, .F. ) ;
#808 = CARTESIAN_POINT ( 'NONE',  ( 12.69999999999999041, 4.200000000000000178, 0.000000000000000000 ) ) ;
#809 = LINE ( 'NONE', #3098, #3184 ) ;
#810 = DIRECTION ( 'NONE',  ( -0.000000000000000000, 1.000000000000000000, -0.000000000000000000 ) ) ;
#811 = CARTESIAN_POINT ( 'NONE',  ( 42.04188619865061582, 4.200000000000000178, -5.000000000000000888 ) ) ;
#812 = DIRECTION ( 'NONE',  ( 0.000000000000000000, -1.000000000000000000, 0.000000000000000000 ) ) ;
#813 = VERTEX_POINT ( 'NONE', #4632 ) ;
#814 = CARTESIAN_POINT ( 'NONE',  ( 2.000000000000000000, 17.00000000000000000, -7.699999999999993072 ) ) ;
#815 = ORIENTED_EDGE ( 'NONE', *, *, #2598, .F. ) ;
#816 = ORIENTED_EDGE ( 'NONE', *, *, #4179, .F. ) ;
#817 = CARTESIAN_POINT ( 'NONE',  ( 18.59150718393674495, 0.000000000000000000, -70.00000000000000000 ) ) ;
#818 = EDGE_CURVE ( 'NONE', #2654, #368, #1305, .T. ) ;
#819 = CARTESIAN_POINT ( 'NONE',  ( -44.50000000000001421, 11.00000000000000000, -29.00000000000000711 ) ) ;
#820 = VERTEX_POINT ( 'NONE', #3938 ) ;
#821 = ADVANCED_FACE ( 'NONE', ( #4673 ), #1347, .T. ) ;
#822 = CARTESIAN_POINT ( 'NONE',  ( 85.50000000000001421, 15.00000000000000000, 3.091507183936761827 ) ) ;
#823 = ORIENTED_EDGE ( 'NONE', *, *, #2827, .T. ) ;
#824 = VERTEX_POINT ( 'NONE', #1741 ) ;
#825 = CARTESIAN_POINT ( 'NONE',  ( -5.999999999999999112, 11.50000000000000000, 13.00000000000000178 ) ) ;
#826 = DIRECTION ( 'NONE',  ( 0.000000000000000000, -1.000000000000000000, 0.000000000000000000 ) ) ;
#827 = VECTOR ( 'NONE', #3237, 1000.000000000000000 ) ;
#828 = CARTESIAN_POINT ( 'NONE',  ( -18.59150718393674495, 15.00000000000000000, 70.00000000000000000 ) ) ;
#829 = CARTESIAN_POINT ( 'NONE',  ( 45.50000000000001421, 0.000000000000000000, -30.00000000000000711 ) ) ;
#830 = FACE_OUTER_BOUND ( 'NONE', #635, .T. ) ;
#831 = VECTOR ( 'NONE', #2064, 1000.000000000000000 ) ;
#832 = CARTESIAN_POINT ( 'NONE',  ( 45.67077626419153091, 11.50000000000000000, 20.58101651390111542 ) ) ;
#833 = VECTOR ( 'NONE', #4021, 1000.000000000000000 ) ;
#834 = CARTESIAN_POINT ( 'NONE',  ( -46.77808110350505899, 15.00000000000000000, -22.91227904007968519 ) ) ;
#835 = FACE_OUTER_BOUND ( 'NONE', #1035, .T. ) ;
#836 = VECTOR ( 'NONE', #4329, 1000.000000000000000 ) ;
#837 = ORIENTED_EDGE ( 'NONE', *, *, #2946, .T. ) ;
#838 = CARTESIAN_POINT ( 'NONE',  ( 45.50000000000001421, 0.000000000000000000, 30.00000000000001066 ) ) ;
#839 = ORIENTED_EDGE ( 'NONE', *, *, #234, .F. ) ;
#840 = AXIS2_PLACEMENT_3D ( 'NONE', #862, #515, #1999 ) ;
#841 = AXIS2_PLACEMENT_3D ( 'NONE', #2742, #4213, #4233 ) ;
#842 = LINE ( 'NONE', #2334, #4017 ) ;
#843 = CARTESIAN_POINT ( 'NONE',  ( 44.50000000000001421, 15.00000000000000000, -29.00000000000000711 ) ) ;
#844 = ORIENTED_EDGE ( 'NONE', *, *, #2866, .T. ) ;
#845 = DIRECTION ( 'NONE',  ( -0.000000000000000000, 1.000000000000000000, -0.000000000000000000 ) ) ;
#846 = VERTEX_POINT ( 'NONE', #2484 ) ;
#847 = EDGE_CURVE ( 'NONE', #497, #4667, #3600, .T. ) ;
#848 = ORIENTED_EDGE ( 'NONE', *, *, #1394, .F. ) ;
#849 = EDGE_CURVE ( 'NONE', #4667, #2077, #248, .T. ) ;
#850 = AXIS2_PLACEMENT_3D ( 'NONE', #2571, #3661, #4048 ) ;
#851 = ORIENTED_EDGE ( 'NONE', *, *, #2515, .F. ) ;
#852 = CARTESIAN_POINT ( 'NONE',  ( 18.59150718393674495, 0.000000000000000000, 30.00000000000001066 ) ) ;
#853 = EDGE_CURVE ( 'NONE', #881, #1976, #2835, .T. ) ;
#854 = AXIS2_PLACEMENT_3D ( 'NONE', #45, #443, #76 ) ;
#855 = DIRECTION ( 'NONE',  ( 1.000000000000000000, 0.000000000000000000, 0.000000000000000000 ) ) ;
#856 = CARTESIAN_POINT ( 'NONE',  ( 45.67077626419152381, 8.400000000000000355, 20.58101651390110831 ) ) ;
#857 = LINE ( 'NONE', #1878, #2220 ) ;
#858 = LINE ( 'NONE', #4114, #2088 ) ;
#859 = CARTESIAN_POINT ( 'NONE',  ( 42.04188619865061582, 4.200000000000000178, 5.000000000000000888 ) ) ;
#860 = CARTESIAN_POINT ( 'NONE',  ( 18.59150718393674495, 11.50000000000000000, 26.50000000000001066 ) ) ;
#861 = EDGE_LOOP ( 'NONE', ( #2849, #2951 ) ) ;
#862 = CARTESIAN_POINT ( 'NONE',  ( -44.50000000000001421, -22.00000000000000355, -29.00000000000000711 ) ) ;
#863 = CARTESIAN_POINT ( 'NONE',  ( 85.50000000000001421, 11.50000000000000000, -3.091507183936761827 ) ) ;
#864 = ORIENTED_EDGE ( 'NONE', *, *, #1278, .F. ) ;
#865 = LINE ( 'NONE', #4531, #1609 ) ;
#866 = ORIENTED_EDGE ( 'NONE', *, *, #489, .T. ) ;
#867 = ORIENTED_EDGE ( 'NONE', *, *, #3960, .T. ) ;
#868 = VERTEX_POINT ( 'NONE', #1176 ) ;
#869 = DIRECTION ( 'NONE',  ( 1.040834085586084257E-15, 0.000000000000000000, 1.000000000000000000 ) ) ;
#870 = CARTESIAN_POINT ( 'NONE',  ( 44.50000000000001421, 15.00000000000000000, 29.00000000000000711 ) ) ;
#871 = CARTESIAN_POINT ( 'NONE',  ( -85.50000000000001421, 4.200000000000000178, -3.091507183936761827 ) ) ;
#872 = EDGE_CURVE ( 'NONE', #2441, #3947, #2453, .T. ) ;
#873 = EDGE_CURVE ( 'NONE', #130, #1745, #3395, .T. ) ;
#874 = DIRECTION ( 'NONE',  ( -1.000000000000000000, 0.000000000000000000, 0.000000000000000000 ) ) ;
#875 = CARTESIAN_POINT ( 'NONE',  ( -46.77808110350508741, 1.799999999999999600, -22.91227904007969585 ) ) ;
#876 = LINE ( 'NONE', #1328, #4165 ) ;
#877 = LINE ( 'NONE', #3166, #2700 ) ;
#878 = ORIENTED_EDGE ( 'NONE', *, *, #2402, .T. ) ;
#879 = FACE_OUTER_BOUND ( 'NONE', #3717, .T. ) ;
#880 = ORIENTED_EDGE ( 'NONE', *, *, #2720, .F. ) ;
#881 = VERTEX_POINT ( 'NONE', #4141 ) ;
#882 = CARTESIAN_POINT ( 'NONE',  ( 45.50000000000001421, 0.000000000000000000, -26.50000000000000711 ) ) ;
#883 = ORIENTED_EDGE ( 'NONE', *, *, #4203, .F. ) ;
#884 = VERTEX_POINT ( 'NONE', #50 ) ;
#885 = EDGE_LOOP ( 'NONE', ( #3245, #4475, #1687, #4239, #3171 ) ) ;
#886 = ADVANCED_FACE ( 'NONE', ( #2391 ), #2995, .F. ) ;
#887 = DIRECTION ( 'NONE',  ( -0.000000000000000000, -1.000000000000000000, -0.000000000000000000 ) ) ;
#888 = DIRECTION ( 'NONE',  ( 0.000000000000000000, 0.000000000000000000, 1.000000000000000000 ) ) ;
#889 = EDGE_CURVE ( 'NONE', #3947, #2441, #2134, .T. ) ;
#890 = CARTESIAN_POINT ( 'NONE',  ( 19.30000000000000426, -5.833809621030940917, 26.50000000000001066 ) ) ;
#891 = DIRECTION ( 'NONE',  ( 0.000000000000000000, -0.000000000000000000, -1.000000000000000000 ) ) ;
#892 = DIRECTION ( 'NONE',  ( 0.000000000000000000, 0.000000000000000000, -1.000000000000000000 ) ) ;
#893 = ADVANCED_FACE ( 'NONE', ( #3138 ), #2642, .F. ) ;
#894 = AXIS2_PLACEMENT_3D ( 'NONE', #1558, #4797, #1133 ) ;
#895 = FACE_OUTER_BOUND ( 'NONE', #2892, .T. ) ;
#896 = DIRECTION ( 'NONE',  ( 0.000000000000000000, -1.000000000000000000, 0.000000000000000000 ) ) ;
#897 = AXIS2_PLACEMENT_3D ( 'NONE', #4310, #4268, #1372 ) ;
#898 = CARTESIAN_POINT ( 'NONE',  ( -15.19999999999999218, 4.200000000000000178, -30.00000000000000711 ) ) ;
#899 = ORIENTED_EDGE ( 'NONE', *, *, #4088, .F. ) ;
#900 = VECTOR ( 'NONE', #3021, 1000.000000000000000 ) ;
#901 = AXIS2_PLACEMENT_3D ( 'NONE', #2775, #2392, #3557 ) ;
#902 = AXIS2_PLACEMENT_3D ( 'NONE', #2016, #4250, #3581 ) ;
#903 = AXIS2_PLACEMENT_3D ( 'NONE', #969, #3569, #1272 ) ;
#904 = CARTESIAN_POINT ( 'NONE',  ( 42.04188619865063004, 6.379899121889152092, -5.000000000000000000 ) ) ;
#905 = ORIENTED_EDGE ( 'NONE', *, *, #4228, .F. ) ;
#906 = DIRECTION ( 'NONE',  ( 0.000000000000000000, 0.000000000000000000, -1.000000000000000000 ) ) ;
#907 = ORIENTED_EDGE ( 'NONE', *, *, #3742, .F. ) ;
#908 = CARTESIAN_POINT ( 'NONE',  ( 44.50000000000001421, -2.499999999999999112, 29.00000000000000711 ) ) ;
#909 = ORIENTED_EDGE ( 'NONE', *, *, #3665, .T. ) ;
#910 = AXIS2_PLACEMENT_3D ( 'NONE', #3746, #3667, #1444 ) ;
#911 = EDGE_CURVE ( 'NONE', #3220, #2099, #555, .T. ) ;
#912 = VECTOR ( 'NONE', #561, 1000.000000000000000 ) ;
#913 = ORIENTED_EDGE ( 'NONE', *, *, #1100, .T. ) ;
#914 = CARTESIAN_POINT ( 'NONE',  ( 19.30000000000000426, 5.652887372536823385, 30.00000000000001066 ) ) ;
#915 = DIRECTION ( 'NONE',  ( 0.000000000000000000, -0.000000000000000000, -1.000000000000000000 ) ) ;
#916 = AXIS2_PLACEMENT_3D ( 'NONE', #4049, #1520, #4069 ) ;
#917 = DIRECTION ( 'NONE',  ( 0.000000000000000000, 0.000000000000000000, -1.000000000000000000 ) ) ;
#918 = CARTESIAN_POINT ( 'NONE',  ( -44.50000000000001421, 11.00000000000000000, 29.00000000000000711 ) ) ;
#919 = VECTOR ( 'NONE', #1812, 1000.000000000000000 ) ;
#920 = CARTESIAN_POINT ( 'NONE',  ( -42.00000000000001421, 0.000000000000000000, 25.13865308473844351 ) ) ;
#921 = LINE ( 'NONE', #1705, #4085 ) ;
#922 = DIRECTION ( 'NONE',  ( 1.000000000000000000, 0.000000000000000000, -0.000000000000000000 ) ) ;
#923 = VECTOR ( 'NONE', #2937, 1000.000000000000000 ) ;
#924 = ADVANCED_FACE ( 'NONE', ( #2668 ), #4631, .F. ) ;
#925 = ADVANCED_FACE ( 'NONE', ( #1883 ), #4589, .F. ) ;
#926 = ORIENTED_EDGE ( 'NONE', *, *, #2344, .T. ) ;
#927 = FACE_OUTER_BOUND ( 'NONE', #3152, .T. ) ;
#928 = ORIENTED_EDGE ( 'NONE', *, *, #2211, .F. ) ;
#929 = CARTESIAN_POINT ( 'NONE',  ( -42.00000000000001421, 15.00000000000000000, -26.50000000000001066 ) ) ;
#930 = EDGE_LOOP ( 'NONE', ( #1295, #4210, #2056, #80 ) ) ;
#931 = ORIENTED_EDGE ( 'NONE', *, *, #1970, .F. ) ;
#932 = ORIENTED_EDGE ( 'NONE', *, *, #3742, .T. ) ;
#933 = CARTESIAN_POINT ( 'NONE',  ( 0.000000000000000000, 11.50000000000000000, -4.999999999999998224 ) ) ;
#934 = ORIENTED_EDGE ( 'NONE', *, *, #1790, .T. ) ;
#935 = ORIENTED_EDGE ( 'NONE', *, *, #2803, .T. ) ;
#936 = FACE_OUTER_BOUND ( 'NONE', #3952, .T. ) ;
#937 = CARTESIAN_POINT ( 'NONE',  ( 38.50000000000001421, 15.00000000000000000, 26.50000000000002132 ) ) ;
#938 = CARTESIAN_POINT ( 'NONE',  ( -35.50000000000001421, 11.00000000000000000, -2.500000000000000000 ) ) ;
#939 = PLANE ( 'NONE',  #3619 ) ;
#940 = CARTESIAN_POINT ( 'NONE',  ( -39.95933631058686331, 15.00000000000000000, 36.18556701030929901 ) ) ;
#941 = ADVANCED_FACE ( 'NONE', ( #448 ), #1145, .F. ) ;
#942 = ORIENTED_EDGE ( 'NONE', *, *, #1197, .F. ) ;
#943 = ORIENTED_EDGE ( 'NONE', *, *, #2507, .T. ) ;
#944 = DIRECTION ( 'NONE',  ( -0.000000000000000000, -1.000000000000000000, -0.000000000000000000 ) ) ;
#945 = ORIENTED_EDGE ( 'NONE', *, *, #1166, .T. ) ;
#946 = ORIENTED_EDGE ( 'NONE', *, *, #134, .T. ) ;
#947 = ORIENTED_EDGE ( 'NONE', *, *, #2904, .T. ) ;
#948 = ADVANCED_FACE ( 'NONE', ( #3160 ), #1510, .T. ) ;
#949 = DIRECTION ( 'NONE',  ( 1.000000000000000000, -0.000000000000000000, -0.000000000000000000 ) ) ;
#950 = EDGE_CURVE ( 'NONE', #2565, #1177, #2037, .T. ) ;
#951 = LINE ( 'NONE', #1789, #2552 ) ;
#952 = CARTESIAN_POINT ( 'NONE',  ( 0.000000000000000000, 4.200000000000000178, 0.000000000000000000 ) ) ;
#953 = ORIENTED_EDGE ( 'NONE', *, *, #2946, .F. ) ;
#954 = ORIENTED_EDGE ( 'NONE', *, *, #2708, .F. ) ;
#955 = CARTESIAN_POINT ( 'NONE',  ( -44.50000000000001421, 11.00000000000000000, 23.50000000000001421 ) ) ;
#956 = FACE_BOUND ( 'NONE', #566, .T. ) ;
#957 = LINE ( 'NONE', #3255, #2320 ) ;
#958 = DIRECTION ( 'NONE',  ( 0.000000000000000000, 0.000000000000000000, 1.000000000000000000 ) ) ;
#959 = DIRECTION ( 'NONE',  ( 0.000000000000000000, -1.000000000000000000, 0.000000000000000000 ) ) ;
#960 = EDGE_CURVE ( 'NONE', #4454, #3131, #3119, .T. ) ;
#961 = LINE ( 'NONE', #3588, #743 ) ;
#962 = LINE ( 'NONE', #180, #4301 ) ;
#963 = EDGE_LOOP ( 'NONE', ( #4173, #2478, #4262, #319, #2357, #2967, #633, #4509, #2749, #3274, #4218, #1114, #4367, #200, #19, #4349, #589 ) ) ;
#964 = AXIS2_PLACEMENT_3D ( 'NONE', #3598, #2480, #4285 ) ;
#965 = AXIS2_PLACEMENT_3D ( 'NONE', #3852, #49, #2641 ) ;
#966 = VERTEX_POINT ( 'NONE', #890 ) ;
#967 = CIRCLE ( 'NONE', #654, 1.000000000000002665 ) ;
#968 = VECTOR ( 'NONE', #985, 1000.000000000000000 ) ;
#969 = CARTESIAN_POINT ( 'NONE',  ( 18.59150718393674495, 0.000000000000000000, -70.00000000000000000 ) ) ;
#970 = ORIENTED_EDGE ( 'NONE', *, *, #3442, .T. ) ;
#971 = ORIENTED_EDGE ( 'NONE', *, *, #2200, .T. ) ;
#972 = ORIENTED_EDGE ( 'NONE', *, *, #2503, .T. ) ;
#973 = VECTOR ( 'NONE', #240, 1000.000000000000000 ) ;
#974 = CIRCLE ( 'NONE', #444, 43.50000000000000711 ) ;
#975 = LINE ( 'NONE', #1736, #2460 ) ;
#976 = VECTOR ( 'NONE', #2970, 1000.000000000000000 ) ;
#977 = ADVANCED_FACE ( 'NONE', ( #175 ), #3515, .T. ) ;
#978 = DIRECTION ( 'NONE',  ( 1.000000000000000000, 0.000000000000000000, -1.982541115402061757E-15 ) ) ;
#979 = EDGE_CURVE ( 'NONE', #2873, #3652, #1651, .T. ) ;
#980 = ORIENTED_EDGE ( 'NONE', *, *, #1446, .T. ) ;
#981 = VECTOR ( 'NONE', #3052, 1000.000000000000000 ) ;
#982 = FACE_BOUND ( 'NONE', #1716, .T. ) ;
#983 = CARTESIAN_POINT ( 'NONE',  ( 44.50000000000001421, 11.50000000000000000, 29.00000000000000711 ) ) ;
#984 = EDGE_CURVE ( 'NONE', #1319, #5, #4617, .T. ) ;
#985 = DIRECTION ( 'NONE',  ( -0.000000000000000000, 1.000000000000000000, 0.000000000000000000 ) ) ;
#986 = CARTESIAN_POINT ( 'NONE',  ( 42.60537019190391561, 4.200000000000000178, -10.32343179820049883 ) ) ;
#987 = LINE ( 'NONE', #627, #2308 ) ;
#988 = DIRECTION ( 'NONE',  ( 1.000000000000000000, 0.000000000000000000, 0.000000000000000000 ) ) ;
#989 = ADVANCED_FACE ( 'NONE', ( #3962 ), #3582, .T. ) ;
#990 = CIRCLE ( 'NONE', #3815, 8.500000000000010658 ) ;
#991 = ORIENTED_EDGE ( 'NONE', *, *, #3282, .T. ) ;
#992 = AXIS2_PLACEMENT_3D ( 'NONE', #472, #3049, #94 ) ;
#993 = CIRCLE ( 'NONE', #4111, 6.499999999999999112 ) ;
#994 = VERTEX_POINT ( 'NONE', #2798 ) ;
#995 = FACE_OUTER_BOUND ( 'NONE', #3075, .T. ) ;
#996 = ORIENTED_EDGE ( 'NONE', *, *, #424, .F. ) ;
#997 = ORIENTED_EDGE ( 'NONE', *, *, #2059, .T. ) ;
#998 = VECTOR ( 'NONE', #4106, 1000.000000000000000 ) ;
#999 = EDGE_LOOP ( 'NONE', ( #2119, #2744, #3633, #4557, #4279, #3531, #2915, #1149 ) ) ;
#1000 = CARTESIAN_POINT ( 'NONE',  ( 44.50000000000001421, 0.000000000000000000, -29.00000000000000711 ) ) ;
#1001 = CARTESIAN_POINT ( 'NONE',  ( -42.00000000000001421, 15.00000000000000000, 26.50000000000001066 ) ) ;
#1002 = ORIENTED_EDGE ( 'NONE', *, *, #1829, .F. ) ;
#1003 = ADVANCED_FACE ( 'NONE', ( #2816 ), #1739, .T. ) ;
#1004 = CARTESIAN_POINT ( 'NONE',  ( 44.50000000000001421, 11.00000000000000000, 23.50000000000001421 ) ) ;
#1005 = CARTESIAN_POINT ( 'NONE',  ( 55.50000000000001421, 6.000000000000000888, -5.000000000000000000 ) ) ;
#1006 = CARTESIAN_POINT ( 'NONE',  ( 44.50000000000001421, 15.00000000000000000, 34.50000000000000000 ) ) ;
#1007 = CARTESIAN_POINT ( 'NONE',  ( -42.40385698414537785, 0.000000000000000000, 10.33115200650950349 ) ) ;
#1008 = APPLICATION_PROTOCOL_DEFINITION ( 'draft international standard', 'automotive_design', 1998, #3284 ) ;
#1009 = EDGE_CURVE ( 'NONE', #4047, #1645, #186, .T. ) ;
#1010 = ADVANCED_FACE ( 'NONE', ( #1721 ), #3554, .F. ) ;
#1011 = DIRECTION ( 'NONE',  ( 0.000000000000000000, 0.000000000000000000, -1.000000000000000000 ) ) ;
#1012 = EDGE_LOOP ( 'NONE', ( #3816, #3572, #1551, #3243, #4095, #2187, #759, #3842, #3948, #3240, #2612, #2981 ) ) ;
#1013 = DIRECTION ( 'NONE',  ( 0.000000000000000000, 0.000000000000000000, 1.000000000000000000 ) ) ;
#1014 = DIRECTION ( 'NONE',  ( 0.000000000000000000, -0.000000000000000000, 1.000000000000000000 ) ) ;
#1015 = VERTEX_POINT ( 'NONE', #1004 ) ;
#1016 = DIRECTION ( 'NONE',  ( 0.000000000000000000, 0.000000000000000000, 1.000000000000000000 ) ) ;
#1017 = PLANE ( 'NONE',  #3095 ) ;
#1018 = EDGE_LOOP ( 'NONE', ( #2973, #529, #1081, #2567 ) ) ;
#1019 = ORIENTED_EDGE ( 'NONE', *, *, #2881, .T. ) ;
#1020 = LINE ( 'NONE', #2542, #3623 ) ;
#1021 = DIRECTION ( 'NONE',  ( -0.000000000000000000, 0.000000000000000000, 1.000000000000000000 ) ) ;
#1022 = ORIENTED_EDGE ( 'NONE', *, *, #4585, .F. ) ;
#1023 = FACE_BOUND ( 'NONE', #2533, .T. ) ;
#1024 = DIRECTION ( 'NONE',  ( -0.000000000000000000, 1.000000000000000000, -0.000000000000000000 ) ) ;
#1025 = LINE ( 'NONE', #4413, #74 ) ;
#1026 = EDGE_CURVE ( 'NONE', #3183, #2438, #2057, .T. ) ;
#1027 = FACE_OUTER_BOUND ( 'NONE', #1554, .T. ) ;
#1028 = CARTESIAN_POINT ( 'NONE',  ( -42.00000000000000711, 11.50000000000000000, 3.091507183936761827 ) ) ;
#1029 = FACE_OUTER_BOUND ( 'NONE', #2624, .T. ) ;
#1030 = EDGE_LOOP ( 'NONE', ( #3762, #3291, #2143, #3079 ) ) ;
#1031 = EDGE_CURVE ( 'NONE', #2099, #1888, #3937, .T. ) ;
#1032 = CYLINDRICAL_SURFACE ( 'NONE', #2215, 5.000000000000000000 ) ;
#1033 = CARTESIAN_POINT ( 'NONE',  ( -45.67077626419152381, 8.400000000000000355, 20.58101651390110831 ) ) ;
#1034 = DIRECTION ( 'NONE',  ( 0.000000000000000000, 0.000000000000000000, -1.000000000000000000 ) ) ;
#1035 = EDGE_LOOP ( 'NONE', ( #3771, #1713, #54, #1729 ) ) ;
#1036 = ORIENTED_EDGE ( 'NONE', *, *, #553, .T. ) ;
#1037 = ORIENTED_EDGE ( 'NONE', *, *, #3960, .F. ) ;
#1038 = AXIS2_PLACEMENT_3D ( 'NONE', #804, #2508, #3387 ) ;
#1039 = EDGE_CURVE ( 'NONE', #3613, #1645, #3225, .T. ) ;
#1040 = ORIENTED_EDGE ( 'NONE', *, *, #847, .T. ) ;
#1041 = VERTEX_POINT ( 'NONE', #205 ) ;
#1042 = AXIS2_PLACEMENT_3D ( 'NONE', #2365, #3389, #2711 ) ;
#1043 = AXIS2_PLACEMENT_3D ( 'NONE', #1263, #4090, #1669 ) ;
#1044 = DIRECTION ( 'NONE',  ( 0.000000000000000000, 0.000000000000000000, 1.000000000000000000 ) ) ;
#1045 = LINE ( 'NONE', #26, #1069 ) ;
#1046 = ORIENTED_EDGE ( 'NONE', *, *, #1502, .F. ) ;
#1047 = CARTESIAN_POINT ( 'NONE',  ( -44.50000000000001421, -2.499999999999999112, 26.50000000000000711 ) ) ;
#1048 = AXIS2_PLACEMENT_3D ( 'NONE', #78, #4468, #117 ) ;
#1049 = CIRCLE ( 'NONE', #3791, 43.50000000000001421 ) ;
#1050 = ORIENTED_EDGE ( 'NONE', *, *, #763, .F. ) ;
#1051 = VECTOR ( 'NONE', #2400, 1000.000000000000000 ) ;
#1052 = CIRCLE ( 'NONE', #1683, 43.50000000000000711 ) ;
#1053 = CARTESIAN_POINT ( 'NONE',  ( 42.00000000000001421, 9.929705247428532999, 3.091507183936769820 ) ) ;
#1054 = CARTESIAN_POINT ( 'NONE',  ( -42.00000000000001421, 0.000000000000000000, -26.50000000000001066 ) ) ;
#1055 = CARTESIAN_POINT ( 'NONE',  ( -5.999999999999999112, 11.50000000000000000, 12.00000000000000178 ) ) ;
#1056 = AXIS2_PLACEMENT_3D ( 'NONE', #1419, #1057, #4034 ) ;
#1057 = DIRECTION ( 'NONE',  ( 0.000000000000000000, 1.000000000000000000, 0.000000000000000000 ) ) ;
#1058 = DIRECTION ( 'NONE',  ( -1.000000000000000000, 0.000000000000000000, 1.314141429483280951E-15 ) ) ;
#1059 = ORIENTED_EDGE ( 'NONE', *, *, #2059, .F. ) ;
#1060 = CARTESIAN_POINT ( 'NONE',  ( 4.299999999999999822, 20.00000000000000000, 18.70000000000000284 ) ) ;
#1061 = DIRECTION ( 'NONE',  ( 0.000000000000000000, -1.084202172485504434E-16, 1.000000000000000000 ) ) ;
#1062 = VECTOR ( 'NONE', #2978, 1000.000000000000000 ) ;
#1063 = ADVANCED_FACE ( 'NONE', ( #1699 ), #4719, .T. ) ;
#1064 = EDGE_CURVE ( 'NONE', #4602, #4808, #1325, .T. ) ;
#1065 = ORIENTED_EDGE ( 'NONE', *, *, #4275, .F. ) ;
#1066 = DIRECTION ( 'NONE',  ( -1.000000000000000000, 0.000000000000000000, 2.168404344971010101E-16 ) ) ;
#1067 = CARTESIAN_POINT ( 'NONE',  ( 7.700000000000000178, 20.00000000000000000, 19.00000000000000355 ) ) ;
#1068 = ORIENTED_EDGE ( 'NONE', *, *, #1652, .T. ) ;
#1069 = VECTOR ( 'NONE', #3, 1000.000000000000000 ) ;
#1070 = ORIENTED_EDGE ( 'NONE', *, *, #2734, .T. ) ;
#1071 = EDGE_LOOP ( 'NONE', ( #4113, #4662, #1151, #3374 ) ) ;
#1072 = CARTESIAN_POINT ( 'NONE',  ( -18.59150718393674495, 0.000000000000000000, -70.00000000000000000 ) ) ;
#1073 = EDGE_CURVE ( 'NONE', #1576, #1360, #2530, .T. ) ;
#1074 = AXIS2_PLACEMENT_3D ( 'NONE', #3914, #2393, #2486 ) ;
#1075 = FACE_OUTER_BOUND ( 'NONE', #3597, .T. ) ;
#1076 = ORIENTED_EDGE ( 'NONE', *, *, #2388, .F. ) ;
#1077 = ADVANCED_FACE ( 'NONE', ( #936, #956 ), #599, .F. ) ;
#1078 = DIRECTION ( 'NONE',  ( 0.000000000000000000, 0.000000000000000000, 1.000000000000000000 ) ) ;
#1079 = EDGE_LOOP ( 'NONE', ( #3476, #4774 ) ) ;
#1080 = LINE ( 'NONE', #3664, #4327 ) ;
#1081 = ORIENTED_EDGE ( 'NONE', *, *, #3438, .T. ) ;
#1082 = LINE ( 'NONE', #1841, #3932 ) ;
#1083 = CARTESIAN_POINT ( 'NONE',  ( -1.700000000000000178, 15.00000000000000000, 7.000000000000003553 ) ) ;
#1084 = CARTESIAN_POINT ( 'NONE',  ( -85.50000000000001421, 0.000000000000000000, -3.091507183936761827 ) ) ;
#1085 = DIRECTION ( 'NONE',  ( 0.000000000000000000, -1.000000000000000000, 0.000000000000000000 ) ) ;
#1086 = CARTESIAN_POINT ( 'NONE',  ( 42.00000000000001421, 15.00000000000000000, -26.50000000000001066 ) ) ;
#1087 = VERTEX_POINT ( 'NONE', #2155 ) ;
#1088 = EDGE_CURVE ( 'NONE', #2364, #4575, #3206, .T. ) ;
#1089 = DIRECTION ( 'NONE',  ( 0.000000000000000000, -1.000000000000000000, 0.000000000000000000 ) ) ;
#1090 = DIRECTION ( 'NONE',  ( 0.000000000000000000, 0.000000000000000000, -1.000000000000000000 ) ) ;
#1091 = VERTEX_POINT ( 'NONE', #2126 ) ;
#1092 = ORIENTED_EDGE ( 'NONE', *, *, #1314, .F. ) ;
#1093 = ORIENTED_EDGE ( 'NONE', *, *, #2477, .T. ) ;
#1094 = EDGE_LOOP ( 'NONE', ( #1141, #3911, #2590, #2381, #4582, #3124, #3761, #1828, #1678 ) ) ;
#1095 = ORIENTED_EDGE ( 'NONE', *, *, #950, .T. ) ;
#1096 = DIRECTION ( 'NONE',  ( 0.000000000000000000, 0.000000000000000000, 1.000000000000000000 ) ) ;
#1097 = DIRECTION ( 'NONE',  ( -8.760942863221888787E-16, 0.000000000000000000, 1.000000000000000000 ) ) ;
#1098 = CARTESIAN_POINT ( 'NONE',  ( 42.00000000000002132, 0.000000000000000000, -23.00000000000001421 ) ) ;
#1099 = ORIENTED_EDGE ( 'NONE', *, *, #3648, .F. ) ;
#1100 = EDGE_CURVE ( 'NONE', #2214, #1574, #1435, .T. ) ;
#1101 = ADVANCED_FACE ( 'NONE', ( #4353, #1023, #982, #2520 ), #299, .F. ) ;
#1102 = DIRECTION ( 'NONE',  ( -1.000000000000000000, 0.000000000000000000, 0.000000000000000000 ) ) ;
#1103 = LINE ( 'NONE', #2596, #4235 ) ;
#1104 = CARTESIAN_POINT ( 'NONE',  ( -44.50000000000001421, 11.00000000000000000, -26.50000000000000711 ) ) ;
#1105 = DIRECTION ( 'NONE',  ( 0.000000000000000000, 1.000000000000000000, 0.000000000000000000 ) ) ;
#1106 = DIRECTION ( 'NONE',  ( -0.000000000000000000, -1.000000000000000000, -0.000000000000000000 ) ) ;
#1107 = DIRECTION ( 'NONE',  ( 0.000000000000000000, -1.000000000000000000, 0.000000000000000000 ) ) ;
#1108 = DIRECTION ( 'NONE',  ( 5.204170427930421283E-15, 0.000000000000000000, -1.000000000000000000 ) ) ;
#1109 = EDGE_CURVE ( 'NONE', #3685, #4322, #741, .T. ) ;
#1110 = DIRECTION ( 'NONE',  ( -0.000000000000000000, -1.000000000000000000, -0.000000000000000000 ) ) ;
#1111 = ORIENTED_EDGE ( 'NONE', *, *, #1073, .T. ) ;
#1112 = LINE ( 'NONE', #1425, #2058 ) ;
#1113 = CARTESIAN_POINT ( 'NONE',  ( 42.01169927978224194, 8.846909819787233786, 4.127443938386259781 ) ) ;
#1114 = ORIENTED_EDGE ( 'NONE', *, *, #3132, .F. ) ;
#1115 = DIRECTION ( 'NONE',  ( 0.000000000000000000, 0.000000000000000000, 1.000000000000000000 ) ) ;
#1116 = EDGE_LOOP ( 'NONE', ( #1755, #232 ) ) ;
#1117 = ORIENTED_EDGE ( 'NONE', *, *, #1173, .F. ) ;
#1118 = ORIENTED_EDGE ( 'NONE', *, *, #2685, .T. ) ;
#1119 = DIRECTION ( 'NONE',  ( -0.000000000000000000, 1.000000000000000000, -0.000000000000000000 ) ) ;
#1120 = DIRECTION ( 'NONE',  ( -0.000000000000000000, -1.000000000000000000, 0.000000000000000000 ) ) ;
#1121 = EDGE_LOOP ( 'NONE', ( #4682, #571, #4692, #2647, #3391, #4258 ) ) ;
#1122 = PLANE ( 'NONE',  #2159 ) ;
#1123 = ORIENTED_EDGE ( 'NONE', *, *, #1555, .F. ) ;
#1124 = EDGE_LOOP ( 'NONE', ( #1915, #3574, #3355, #3990 ) ) ;
#1125 = VECTOR ( 'NONE', #437, 1000.000000000000000 ) ;
#1126 = EDGE_CURVE ( 'NONE', #2790, #1765, #655, .T. ) ;
#1127 = CARTESIAN_POINT ( 'NONE',  ( -44.50000000000001421, -2.499999999999999112, -26.50000000000000000 ) ) ;
#1128 = EDGE_CURVE ( 'NONE', #2586, #1574, #2627, .T. ) ;
#1129 = AXIS2_PLACEMENT_3D ( 'NONE', #3191, #4271, #4702 ) ;
#1130 = DIRECTION ( 'NONE',  ( -1.000000000000000000, 0.000000000000000000, 0.000000000000000000 ) ) ;
#1131 = CIRCLE ( 'NONE', #349, 5.499999999999994671 ) ;
#1132 = LINE ( 'NONE', #2682, #4116 ) ;
#1133 = DIRECTION ( 'NONE',  ( 0.000000000000000000, 0.000000000000000000, -1.000000000000000000 ) ) ;
#1134 = CARTESIAN_POINT ( 'NONE',  ( -44.50000000000001421, -2.499999999999999112, -29.00000000000000711 ) ) ;
#1135 = CIRCLE ( 'NONE', #4175, 4.599999999999999645 ) ;
#1136 = AXIS2_PLACEMENT_3D ( 'NONE', #929, #1315, #4276 ) ;
#1137 = DIRECTION ( 'NONE',  ( -0.000000000000000000, 1.000000000000000000, -0.000000000000000000 ) ) ;
#1138 = VECTOR ( 'NONE', #410, 1000.000000000000000 ) ;
#1139 = DIRECTION ( 'NONE',  ( 0.000000000000000000, 0.000000000000000000, 1.000000000000000000 ) ) ;
#1140 = CIRCLE ( 'NONE', #841, 2.500000000000002220 ) ;
#1141 = ORIENTED_EDGE ( 'NONE', *, *, #3670, .F. ) ;
#1142 = DIRECTION ( 'NONE',  ( 0.000000000000000000, 0.000000000000000000, 1.000000000000000000 ) ) ;
#1143 = LINE ( 'NONE', #1932, #981 ) ;
#1144 = EDGE_CURVE ( 'NONE', #3729, #2336, #3300, .T. ) ;
#1145 = CYLINDRICAL_SURFACE ( 'NONE', #3155, 3.500000000000003109 ) ;
#1146 = VERTEX_POINT ( 'NONE', #1127 ) ;
#1147 = LINE ( 'NONE', #4548, #2075 ) ;
#1148 = ORIENTED_EDGE ( 'NONE', *, *, #2179, .F. ) ;
#1149 = ORIENTED_EDGE ( 'NONE', *, *, #3132, .T. ) ;
#1150 = VECTOR ( 'NONE', #68, 1000.000000000000000 ) ;
#1151 = ORIENTED_EDGE ( 'NONE', *, *, #2050, .T. ) ;
#1152 = MANIFOLD_SOLID_BREP ( 'Cut-Extrude16', #3714 ) ;
#1153 = DIRECTION ( 'NONE',  ( -0.000000000000000000, -1.000000000000000000, -0.000000000000000000 ) ) ;
#1154 = DIRECTION ( 'NONE',  ( -0.000000000000000000, 1.000000000000000000, -0.000000000000000000 ) ) ;
#1155 = VECTOR ( 'NONE', #1120, 1000.000000000000000 ) ;
#1156 = LINE ( 'NONE', #713, #63 ) ;
#1157 = ORIENTED_EDGE ( 'NONE', *, *, #911, .F. ) ;
#1158 = EDGE_LOOP ( 'NONE', ( #1791, #4199 ) ) ;
#1159 = CIRCLE ( 'NONE', #3957, 0.9999999999999991118 ) ;
#1160 = EDGE_CURVE ( 'NONE', #3729, #2297, #3015, .T. ) ;
#1161 = DIRECTION ( 'NONE',  ( -0.000000000000000000, 1.000000000000000000, -0.000000000000000000 ) ) ;
#1162 = CARTESIAN_POINT ( 'NONE',  ( -15.19999999999999218, 15.00000000000000000, -26.50000000000000711 ) ) ;
#1163 = DIRECTION ( 'NONE',  ( 0.000000000000000000, 0.000000000000000000, 1.000000000000000000 ) ) ;
#1164 = CARTESIAN_POINT ( 'NONE',  ( -44.50000000000001421, -2.499999999999999112, -33.60000000000000142 ) ) ;
#1165 = AXIS2_PLACEMENT_3D ( 'NONE', #245, #300, #1473 ) ;
#1166 = EDGE_CURVE ( 'NONE', #255, #3883, #379, .T. ) ;
#1167 = DIRECTION ( 'NONE',  ( 0.000000000000000000, 0.000000000000000000, -1.000000000000000000 ) ) ;
#1168 = DIRECTION ( 'NONE',  ( 0.000000000000000000, -1.000000000000000000, 0.000000000000000000 ) ) ;
#1169 = DIRECTION ( 'NONE',  ( -0.000000000000000000, -1.000000000000000000, -0.000000000000000000 ) ) ;
#1170 = CARTESIAN_POINT ( 'NONE',  ( 44.50000000000001421, 11.00000000000000000, -23.50000000000001421 ) ) ;
#1171 = ORIENTED_EDGE ( 'NONE', *, *, #2791, .F. ) ;
#1172 = CARTESIAN_POINT ( 'NONE',  ( 44.50000000000001421, -2.499999999999999112, 24.40000000000000924 ) ) ;
#1173 = EDGE_CURVE ( 'NONE', #1708, #3657, #345, .T. ) ;
#1174 = DIRECTION ( 'NONE',  ( 0.000000000000000000, -1.000000000000000000, 0.000000000000000000 ) ) ;
#1175 = LINE ( 'NONE', #3756, #2062 ) ;
#1176 = CARTESIAN_POINT ( 'NONE',  ( -44.50000000000001421, 0.000000000000000000, 33.60000000000000142 ) ) ;
#1177 = VERTEX_POINT ( 'NONE', #4433 ) ;
#1178 = DIRECTION ( 'NONE',  ( 0.000000000000000000, 0.000000000000000000, 1.000000000000000000 ) ) ;
#1179 = ORIENTED_EDGE ( 'NONE', *, *, #4529, .T. ) ;
#1180 = EDGE_LOOP ( 'NONE', ( #4550, #396, #1019, #4274 ) ) ;
#1181 = FACE_OUTER_BOUND ( 'NONE', #2248, .T. ) ;
#1182 = DIRECTION ( 'NONE',  ( 0.000000000000000000, 1.000000000000000000, 0.000000000000000000 ) ) ;
#1183 = VERTEX_POINT ( 'NONE', #433 ) ;
#1184 = DIRECTION ( 'NONE',  ( 0.000000000000000000, 0.000000000000000000, 1.000000000000000000 ) ) ;
#1185 = ORIENTED_EDGE ( 'NONE', *, *, #3730, .F. ) ;
#1186 = ORIENTED_EDGE ( 'NONE', *, *, #31, .T. ) ;
#1187 = DIRECTION ( 'NONE',  ( 4.510281037539698445E-15, 0.000000000000000000, 1.000000000000000000 ) ) ;
#1188 = CARTESIAN_POINT ( 'NONE',  ( 44.50000000000001421, 0.000000000000000000, 29.00000000000000711 ) ) ;
#1189 = CARTESIAN_POINT ( 'NONE',  ( 42.00000000000000711, 9.929705247428536552, -3.091507183936765379 ) ) ;
#1190 = DIRECTION ( 'NONE',  ( 0.000000000000000000, 0.000000000000000000, -1.000000000000000000 ) ) ;
#1191 = FACE_OUTER_BOUND ( 'NONE', #1495, .T. ) ;
#1192 = DIRECTION ( 'NONE',  ( -1.982541115402061757E-15, 0.000000000000000000, 1.000000000000000000 ) ) ;
#1193 = CARTESIAN_POINT ( 'NONE',  ( -44.50000000000001421, -2.499999999999999112, 33.60000000000000142 ) ) ;
#1194 = CARTESIAN_POINT ( 'NONE',  ( 39.95933631058686331, 0.000000000000000000, 36.18556701030929901 ) ) ;
#1195 = ORIENTED_EDGE ( 'NONE', *, *, #1943, .T. ) ;
#1196 = DIRECTION ( 'NONE',  ( 0.000000000000000000, -1.000000000000000000, 0.000000000000000000 ) ) ;
#1197 = EDGE_CURVE ( 'NONE', #2099, #884, #1082, .T. ) ;
#1198 = ORIENTED_EDGE ( 'NONE', *, *, #2360, .T. ) ;
#1199 = CARTESIAN_POINT ( 'NONE',  ( 44.50000000000001421, 0.000000000000000000, 29.00000000000000711 ) ) ;
#1200 = LINE ( 'NONE', #1252, #4623 ) ;
#1201 = ORIENTED_EDGE ( 'NONE', *, *, #1590, .F. ) ;
#1202 = DIRECTION ( 'NONE',  ( 1.000000000000000000, 0.000000000000000000, -0.000000000000000000 ) ) ;
#1203 = ORIENTED_EDGE ( 'NONE', *, *, #1009, .F. ) ;
#1204 = VERTEX_POINT ( 'NONE', #4793 ) ;
#1205 = ADVANCED_FACE ( 'NONE', ( #1472 ), #3364, .F. ) ;
#1206 = DIRECTION ( 'NONE',  ( 0.000000000000000000, -1.000000000000000000, 0.000000000000000000 ) ) ;
#1207 = DIRECTION ( 'NONE',  ( -1.000000000000000000, 0.000000000000000000, 0.000000000000000000 ) ) ;
#1208 = DIRECTION ( 'NONE',  ( -0.000000000000000000, 1.000000000000000000, -0.000000000000000000 ) ) ;
#1209 = CARTESIAN_POINT ( 'NONE',  ( 44.50000000000001421, -22.00000000000000355, -29.00000000000000711 ) ) ;
#1210 = DIRECTION ( 'NONE',  ( 0.000000000000000000, -1.000000000000000000, 0.000000000000000000 ) ) ;
#1211 = VECTOR ( 'NONE', #810, 1000.000000000000000 ) ;
#1212 = PLANE ( 'NONE',  #4249 ) ;
#1213 = CARTESIAN_POINT ( 'NONE',  ( -11.69999999999999574, 4.200000000000000178, -30.00000000000000711 ) ) ;
#1214 = AXIS2_PLACEMENT_3D ( 'NONE', #2841, #2755, #162 ) ;
#1215 = AXIS2_PLACEMENT_3D ( 'NONE', #3281, #3261, #2602 ) ;
#1216 = VECTOR ( 'NONE', #1443, 1000.000000000000000 ) ;
#1217 = CARTESIAN_POINT ( 'NONE',  ( -85.50000000000001421, 4.200000000000000178, 3.091507183936761827 ) ) ;
#1218 = PLANE ( 'NONE',  #4574 ) ;
#1219 = CIRCLE ( 'NONE', #1291, 4.599999999999996092 ) ;
#1220 = VECTOR ( 'NONE', #1641, 1000.000000000000000 ) ;
#1221 = CARTESIAN_POINT ( 'NONE',  ( 55.50000000000001421, 6.000000000000000888, -5.000000000000000000 ) ) ;
#1222 = DIRECTION ( 'NONE',  ( -0.000000000000000000, 1.000000000000000000, -0.000000000000000000 ) ) ;
#1223 = VECTOR ( 'NONE', #2870, 1000.000000000000000 ) ;
#1224 = ORIENTED_EDGE ( 'NONE', *, *, #408, .F. ) ;
#1225 = LINE ( 'NONE', #814, #3944 ) ;
#1226 = ORIENTED_EDGE ( 'NONE', *, *, #3880, .T. ) ;
#1227 = AXIS2_PLACEMENT_3D ( 'NONE', #4491, #468, #4134 ) ;
#1228 = EDGE_CURVE ( 'NONE', #1262, #2514, #1103, .T. ) ;
#1229 = EDGE_CURVE ( 'NONE', #2868, #3183, #4004, .T. ) ;
#1230 = PLANE ( 'NONE',  #3402 ) ;
#1231 = VERTEX_POINT ( 'NONE', #1053 ) ;
#1232 = CYLINDRICAL_SURFACE ( 'NONE', #2539, 4.599999999999996092 ) ;
#1233 = ORIENTED_EDGE ( 'NONE', *, *, #849, .F. ) ;
#1234 = ORIENTED_EDGE ( 'NONE', *, *, #1031, .F. ) ;
#1235 = EDGE_CURVE ( 'NONE', #3130, #1339, #1525, .T. ) ;
#1236 = EDGE_CURVE ( 'NONE', #376, #711, #4297, .T. ) ;
#1237 = AXIS2_PLACEMENT_3D ( 'NONE', #4650, #4626, #2035 ) ;
#1238 = FACE_OUTER_BOUND ( 'NONE', #165, .T. ) ;
#1239 = PLANE ( 'NONE',  #1165 ) ;
#1240 = AXIS2_PLACEMENT_3D ( 'NONE', #537, #2020, #3896 ) ;
#1241 = FACE_BOUND ( 'NONE', #4214, .T. ) ;
#1242 = CYLINDRICAL_SURFACE ( 'NONE', #3003, 6.499999999999999112 ) ;
#1243 = CARTESIAN_POINT ( 'NONE',  ( -44.50000000000001421, 1.800000000000000044, 29.00000000000000711 ) ) ;
#1244 = LINE ( 'NONE', #2291, #4190 ) ;
#1245 = DIRECTION ( 'NONE',  ( -0.000000000000000000, 1.000000000000000000, -0.000000000000000000 ) ) ;
#1246 = DIRECTION ( 'NONE',  ( 0.000000000000000000, 0.000000000000000000, -1.000000000000000000 ) ) ;
#1247 = ORIENTED_EDGE ( 'NONE', *, *, #2094, .F. ) ;
#1248 = DIRECTION ( 'NONE',  ( 1.982541115402067674E-15, 0.000000000000000000, 1.000000000000000000 ) ) ;
#1249 = ORIENTED_EDGE ( 'NONE', *, *, #1584, .T. ) ;
#1250 = EDGE_CURVE ( 'NONE', #1784, #2218, #3418, .T. ) ;
#1251 = CARTESIAN_POINT ( 'NONE',  ( 42.00000000000000711, 9.929705247428536552, -3.091507183936765379 ) ) ;
#1252 = CARTESIAN_POINT ( 'NONE',  ( -44.50000000000001421, -22.00000000000000355, 31.50000000000001421 ) ) ;
#1253 = ORIENTED_EDGE ( 'NONE', *, *, #3843, .F. ) ;
#1254 = ORIENTED_EDGE ( 'NONE', *, *, #3185, .T. ) ;
#1255 = EDGE_CURVE ( 'NONE', #2582, #1262, #2131, .T. ) ;
#1256 = ORIENTED_EDGE ( 'NONE', *, *, #2648, .T. ) ;
#1257 = CARTESIAN_POINT ( 'NONE',  ( 44.50000000000001421, 0.000000000000000000, 29.00000000000001776 ) ) ;
#1258 = LINE ( 'NONE', #1693, #4718 ) ;
#1259 = EDGE_CURVE ( 'NONE', #1784, #2519, #2526, .T. ) ;
#1260 = PLANE ( 'NONE',  #3811 ) ;
#1261 = ADVANCED_FACE ( 'NONE', ( #2660 ), #3724, .F. ) ;
#1262 = VERTEX_POINT ( 'NONE', #1847 ) ;
#1263 = CARTESIAN_POINT ( 'NONE',  ( -44.50000000000001421, 0.000000000000000000, 29.00000000000000711 ) ) ;
#1264 = CARTESIAN_POINT ( 'NONE',  ( -39.95933631058686331, 0.000000000000000000, 36.18556701030929901 ) ) ;
#1265 = FACE_OUTER_BOUND ( 'NONE', #1441, .T. ) ;
#1266 = DIRECTION ( 'NONE',  ( -2.973811673103095791E-15, 0.000000000000000000, 1.000000000000000000 ) ) ;
#1267 = CARTESIAN_POINT ( 'NONE',  ( -42.00000000000002132, 15.00000000000000000, -23.00000000000000355 ) ) ;
#1268 = ADVANCED_FACE ( 'NONE', ( #70 ), #2987, .T. ) ;
#1269 = CARTESIAN_POINT ( 'NONE',  ( 85.50000000000001421, 15.00000000000000000, -3.091507183936761827 ) ) ;
#1270 = ORIENTED_EDGE ( 'NONE', *, *, #4583, .F. ) ;
#1271 = ORIENTED_EDGE ( 'NONE', *, *, #3487, .T. ) ;
#1272 = DIRECTION ( 'NONE',  ( 0.000000000000000000, 0.000000000000000000, -1.000000000000000000 ) ) ;
#1273 = EDGE_LOOP ( 'NONE', ( #1312, #85, #1971, #1858 ) ) ;
#1274 = ORIENTED_EDGE ( 'NONE', *, *, #3899, .F. ) ;
#1275 = VERTEX_POINT ( 'NONE', #3339 ) ;
#1276 = LINE ( 'NONE', #1647, #2008 ) ;
#1277 = EDGE_CURVE ( 'NONE', #2698, #2980, #4516, .T. ) ;
#1278 = EDGE_CURVE ( 'NONE', #122, #637, #2317, .T. ) ;
#1279 = CARTESIAN_POINT ( 'NONE',  ( 1.700000000000000178, 20.00000000000000000, 7.300000000000005151 ) ) ;
#1280 = VECTOR ( 'NONE', #1089, 1000.000000000000000 ) ;
#1281 = PLANE ( 'NONE',  #662 ) ;
#1282 = CARTESIAN_POINT ( 'NONE',  ( -44.50000000000001421, 15.00000000000000000, -29.00000000000000711 ) ) ;
#1283 = AXIS2_PLACEMENT_3D ( 'NONE', #4081, #389, #1398 ) ;
#1284 = CARTESIAN_POINT ( 'NONE',  ( 45.50000000000001421, 0.000000000000000000, -26.50000000000000711 ) ) ;
#1285 = DIRECTION ( 'NONE',  ( 0.000000000000000000, -1.000000000000000000, 0.000000000000000000 ) ) ;
#1286 = ORIENTED_EDGE ( 'NONE', *, *, #1424, .F. ) ;
#1287 = AXIS2_PLACEMENT_3D ( 'NONE', #493, #1969, #1246 ) ;
#1288 = ORIENTED_EDGE ( 'NONE', *, *, #2111, .F. ) ;
#1289 = VECTOR ( 'NONE', #2439, 1000.000000000000000 ) ;
#1290 = CIRCLE ( 'NONE', #4691, 5.499999999999994671 ) ;
#1291 = AXIS2_PLACEMENT_3D ( 'NONE', #1000, #3995, #656 ) ;
#1292 = VECTOR ( 'NONE', #1066, 1000.000000000000000 ) ;
#1293 = LINE ( 'NONE', #166, #356 ) ;
#1294 = ORIENTED_EDGE ( 'NONE', *, *, #1670, .T. ) ;
#1295 = ORIENTED_EDGE ( 'NONE', *, *, #1144, .F. ) ;
#1296 = CIRCLE ( 'NONE', #669, 8.500000000000010658 ) ;
#1297 = CIRCLE ( 'NONE', #1538, 4.599999999999999645 ) ;
#1298 = ORIENTED_EDGE ( 'NONE', *, *, #4493, .F. ) ;
#1299 = DIRECTION ( 'NONE',  ( -0.000000000000000000, 0.000000000000000000, 1.000000000000000000 ) ) ;
#1300 = VERTEX_POINT ( 'NONE', #4459 ) ;
#1301 = EDGE_CURVE ( 'NONE', #2355, #791, #3988, .T. ) ;
#1302 = ORIENTED_EDGE ( 'NONE', *, *, #3040, .F. ) ;
#1303 = AXIS2_PLACEMENT_3D ( 'NONE', #4564, #3366, #3805 ) ;
#1304 = DIRECTION ( 'NONE',  ( 0.000000000000000000, 1.000000000000000000, 0.000000000000000000 ) ) ;
#1305 = LINE ( 'NONE', #2799, #1529 ) ;
#1306 = AXIS2_PLACEMENT_3D ( 'NONE', #2428, #2476, #296 ) ;
#1307 = CIRCLE ( 'NONE', #3802, 5.499999999999994671 ) ;
#1308 = DIRECTION ( 'NONE',  ( 0.000000000000000000, -1.000000000000000000, 0.000000000000000000 ) ) ;
#1309 = CARTESIAN_POINT ( 'NONE',  ( 18.59150718393674495, 15.00000000000000000, 30.00000000000001066 ) ) ;
#1310 = DIRECTION ( 'NONE',  ( 0.000000000000000000, -1.000000000000000000, 0.000000000000000000 ) ) ;
#1311 = VECTOR ( 'NONE', #1843, 1000.000000000000000 ) ;
#1312 = ORIENTED_EDGE ( 'NONE', *, *, #3710, .F. ) ;
#1313 = ADVANCED_FACE ( 'NONE', ( #1875 ), #2287, .T. ) ;
#1314 = EDGE_CURVE ( 'NONE', #4670, #1548, #2694, .T. ) ;
#1315 = DIRECTION ( 'NONE',  ( 1.000000000000000000, 0.000000000000000000, 1.982541115402061757E-15 ) ) ;
#1316 = VERTEX_POINT ( 'NONE', #3775 ) ;
#1317 = DIRECTION ( 'NONE',  ( 0.000000000000000000, -1.000000000000000000, 0.000000000000000000 ) ) ;
#1318 = ORIENTED_EDGE ( 'NONE', *, *, #3586, .T. ) ;
#1319 = VERTEX_POINT ( 'NONE', #352 ) ;
#1320 = DIRECTION ( 'NONE',  ( -0.000000000000000000, -1.000000000000000000, -0.000000000000000000 ) ) ;
#1321 = EDGE_CURVE ( 'NONE', #1708, #1432, #4462, .T. ) ;
#1322 = CARTESIAN_POINT ( 'NONE',  ( 1.700000000000000178, 20.00000000000000000, 7.000000000000003553 ) ) ;
#1323 = VERTEX_POINT ( 'NONE', #3044 ) ;
#1324 = EDGE_LOOP ( 'NONE', ( #1400, #1749, #3429, #309, #2382, #517, #213 ) ) ;
#1325 = LINE ( 'NONE', #1393, #4546 ) ;
#1326 = DIRECTION ( 'NONE',  ( -0.000000000000000000, -1.000000000000000000, -0.000000000000000000 ) ) ;
#1327 = LINE ( 'NONE', #1989, #3479 ) ;
#1328 = CARTESIAN_POINT ( 'NONE',  ( -42.00000000000001421, 0.000000000000000000, 26.50000000000001066 ) ) ;
#1329 = CARTESIAN_POINT ( 'NONE',  ( 42.00000000000001421, 0.000000000000000000, 25.13865308473844351 ) ) ;
#1330 = EDGE_CURVE ( 'NONE', #2438, #3131, #4159, .T. ) ;
#1331 = ORIENTED_EDGE ( 'NONE', *, *, #1861, .T. ) ;
#1332 = ADVANCED_FACE ( 'NONE', ( #1898 ), #2683, .F. ) ;
#1333 = ADVANCED_FACE ( 'NONE', ( #1401 ), #647, .T. ) ;
#1334 = ORIENTED_EDGE ( 'NONE', *, *, #2982, .F. ) ;
#1335 = DIRECTION ( 'NONE',  ( 1.000000000000000000, 0.000000000000000000, -4.336808689942017736E-16 ) ) ;
#1336 = ORIENTED_EDGE ( 'NONE', *, *, #4424, .F. ) ;
#1337 = CARTESIAN_POINT ( 'NONE',  ( -40.63865308473845062, 0.000000000000000000, -26.50000000000001066 ) ) ;
#1338 = VERTEX_POINT ( 'NONE', #4467 ) ;
#1339 = VERTEX_POINT ( 'NONE', #4802 ) ;
#1340 = FACE_OUTER_BOUND ( 'NONE', #4278, .T. ) ;
#1341 = CYLINDRICAL_SURFACE ( 'NONE', #137, 43.50000000000000711 ) ;
#1342 = FACE_OUTER_BOUND ( 'NONE', #2217, .T. ) ;
#1343 = ORIENTED_EDGE ( 'NONE', *, *, #4027, .T. ) ;
#1344 = EDGE_CURVE ( 'NONE', #4638, #130, #675, .T. ) ;
#1345 = DIRECTION ( 'NONE',  ( -1.000000000000000000, -0.000000000000000000, -0.000000000000000000 ) ) ;
#1346 = CARTESIAN_POINT ( 'NONE',  ( -44.50000000000001421, -22.00000000000000355, -31.50000000000001421 ) ) ;
#1347 = PLANE ( 'NONE',  #4241 ) ;
#1348 = CARTESIAN_POINT ( 'NONE',  ( 15.20000000000000107, 15.00000000000000000, -26.50000000000000711 ) ) ;
#1349 = CARTESIAN_POINT ( 'NONE',  ( -44.50000000000001421, 15.00000000000000000, -29.00000000000000711 ) ) ;
#1350 = DIRECTION ( 'NONE',  ( 0.000000000000000000, 0.000000000000000000, -1.000000000000000000 ) ) ;
#1351 = EDGE_LOOP ( 'NONE', ( #1691, #2190, #4193 ) ) ;
#1352 = VECTOR ( 'NONE', #1167, 1000.000000000000000 ) ;
#1353 = VECTOR ( 'NONE', #2831, 1000.000000000000000 ) ;
#1354 = VECTOR ( 'NONE', #579, 1000.000000000000000 ) ;
#1355 = ORIENTED_EDGE ( 'NONE', *, *, #4657, .T. ) ;
#1356 = AXIS2_PLACEMENT_3D ( 'NONE', #605, #578, #2040 ) ;
#1357 = CARTESIAN_POINT ( 'NONE',  ( 8.000000000000000000, 20.00000000000000000, 7.300000000000002487 ) ) ;
#1358 = ORIENTED_EDGE ( 'NONE', *, *, #3112, .F. ) ;
#1359 = CARTESIAN_POINT ( 'NONE',  ( 19.30000000000000426, 5.652887372536823385, 26.50000000000001066 ) ) ;
#1360 = VERTEX_POINT ( 'NONE', #362 ) ;
#1361 = EDGE_CURVE ( 'NONE', #2727, #4535, #1508, .T. ) ;
#1362 = ORIENTED_EDGE ( 'NONE', *, *, #4115, .F. ) ;
#1363 = VECTOR ( 'NONE', #2389, 1000.000000000000000 ) ;
#1364 = CIRCLE ( 'NONE', #591, 8.500000000000010658 ) ;
#1365 = CARTESIAN_POINT ( 'NONE',  ( 44.50000000000001421, 15.00000000000000000, -23.50000000000001421 ) ) ;
#1366 = VECTOR ( 'NONE', #4364, 1000.000000000000000 ) ;
#1367 = DIRECTION ( 'NONE',  ( -0.000000000000000000, 1.000000000000000000, -0.000000000000000000 ) ) ;
#1368 = ORIENTED_EDGE ( 'NONE', *, *, #4071, .F. ) ;
#1369 = EDGE_CURVE ( 'NONE', #3072, #3821, #1483, .T. ) ;
#1370 = CIRCLE ( 'NONE', #4099, 40.00000000000000000 ) ;
#1371 = EDGE_CURVE ( 'NONE', #2177, #2847, #3285, .T. ) ;
#1372 = DIRECTION ( 'NONE',  ( 1.000000000000000000, 0.000000000000000000, 0.000000000000000000 ) ) ;
#1373 = DIRECTION ( 'NONE',  ( 0.000000000000000000, 0.000000000000000000, -1.000000000000000000 ) ) ;
#1374 = DIRECTION ( 'NONE',  ( 1.000000000000000000, 0.000000000000000000, -4.380617892835525183E-16 ) ) ;
#1375 = VECTOR ( 'NONE', #1021, 1000.000000000000000 ) ;
#1376 = DIRECTION ( 'NONE',  ( 0.000000000000000000, -1.000000000000000000, 0.000000000000000000 ) ) ;
#1377 = AXIS2_PLACEMENT_3D ( 'NONE', #1209, #1648, #1945 ) ;
#1378 = CARTESIAN_POINT ( 'NONE',  ( -5.999999999999999112, 20.00000000000000000, 11.00000000000000355 ) ) ;
#1379 = VERTEX_POINT ( 'NONE', #1821 ) ;
#1380 = AXIS2_PLACEMENT_3D ( 'NONE', #3601, #3230, #3876 ) ;
#1381 = AXIS2_PLACEMENT_3D ( 'NONE', #107, #3085, #3413 ) ;
#1382 = DIRECTION ( 'NONE',  ( 0.000000000000000000, 0.000000000000000000, 1.000000000000000000 ) ) ;
#1383 = CARTESIAN_POINT ( 'NONE',  ( -44.50000000000001421, 0.000000000000000000, -29.00000000000000711 ) ) ;
#1384 = ORIENTED_EDGE ( 'NONE', *, *, #1128, .T. ) ;
#1385 = CARTESIAN_POINT ( 'NONE',  ( -44.50000000000001421, 15.00000000000000000, 29.00000000000000711 ) ) ;
#1386 = ORIENTED_EDGE ( 'NONE', *, *, #872, .T. ) ;
#1387 = VERTEX_POINT ( 'NONE', #4418 ) ;
#1388 = VECTOR ( 'NONE', #3043, 1000.000000000000000 ) ;
#1389 = ORIENTED_EDGE ( 'NONE', *, *, #1514, .T. ) ;
#1390 = DIRECTION ( 'NONE',  ( 0.000000000000000000, 0.000000000000000000, -1.000000000000000000 ) ) ;
#1391 = ADVANCED_FACE ( 'NONE', ( #4363 ), #1032, .F. ) ;
#1392 = ORIENTED_EDGE ( 'NONE', *, *, #1744, .F. ) ;
#1393 = CARTESIAN_POINT ( 'NONE',  ( 45.50000000000001421, -22.00000000000000000, 3.091507183936761827 ) ) ;
#1394 = EDGE_CURVE ( 'NONE', #2975, #1487, #3545, .T. ) ;
#1395 = CARTESIAN_POINT ( 'NONE',  ( 44.50000000000001421, -2.499999999999999112, 29.00000000000000711 ) ) ;
#1396 = CARTESIAN_POINT ( 'NONE',  ( 44.50000000000001421, -2.499999999999999112, 33.60000000000000142 ) ) ;
#1397 = CARTESIAN_POINT ( 'NONE',  ( -42.00000000000001421, 0.000000000000000000, 26.50000000000001066 ) ) ;
#1398 = DIRECTION ( 'NONE',  ( 0.000000000000000000, 0.000000000000000000, -1.000000000000000000 ) ) ;
#1399 = LINE ( 'NONE', #2889, #199 ) ;
#1400 = ORIENTED_EDGE ( 'NONE', *, *, #1417, .F. ) ;
#1401 = FACE_OUTER_BOUND ( 'NONE', #2272, .T. ) ;
#1402 = FACE_OUTER_BOUND ( 'NONE', #3918, .T. ) ;
#1403 = EDGE_CURVE ( 'NONE', #1427, #1183, #1911, .T. ) ;
#1404 = VERTEX_POINT ( 'NONE', #3315 ) ;
#1405 = FACE_OUTER_BOUND ( 'NONE', #2046, .T. ) ;
#1406 = DIRECTION ( 'NONE',  ( 0.000000000000000000, 0.000000000000000000, 1.000000000000000000 ) ) ;
#1407 = ORIENTED_EDGE ( 'NONE', *, *, #1771, .F. ) ;
#1408 = VERTEX_POINT ( 'NONE', #1798 ) ;
#1409 = ORIENTED_EDGE ( 'NONE', *, *, #3104, .T. ) ;
#1410 = FACE_OUTER_BOUND ( 'NONE', #2304, .T. ) ;
#1411 = DIRECTION ( 'NONE',  ( 0.000000000000000000, -1.000000000000000000, 0.000000000000000000 ) ) ;
#1412 = DIRECTION ( 'NONE',  ( 0.000000000000000000, 0.000000000000000000, 1.000000000000000000 ) ) ;
#1413 = ORIENTED_EDGE ( 'NONE', *, *, #1301, .F. ) ;
#1414 =( NAMED_UNIT ( * ) SI_UNIT ( $, .STERADIAN. ) SOLID_ANGLE_UNIT ( ) );
#1415 = CARTESIAN_POINT ( 'NONE',  ( -38.50000000000001421, 15.00000000000000000, -26.50000000000001066 ) ) ;
#1416 = LINE ( 'NONE', #1476, #2943 ) ;
#1417 = EDGE_CURVE ( 'NONE', #3001, #1316, #2302, .T. ) ;
#1418 = EDGE_CURVE ( 'NONE', #1015, #500, #3347, .T. ) ;
#1419 = CARTESIAN_POINT ( 'NONE',  ( -44.50000000000001421, 1.800000000000000044, 29.00000000000000711 ) ) ;
#1420 = LINE ( 'NONE', #1007, #2701 ) ;
#1421 = ORIENTED_EDGE ( 'NONE', *, *, #2053, .T. ) ;
#1422 = PLANE ( 'NONE',  #3258 ) ;
#1423 = ORIENTED_EDGE ( 'NONE', *, *, #1371, .T. ) ;
#1424 = EDGE_CURVE ( 'NONE', #4322, #771, #1112, .T. ) ;
#1425 = CARTESIAN_POINT ( 'NONE',  ( -4.299999999999999822, 17.00000000000000000, 0.000000000000000000 ) ) ;
#1426 = PLANE ( 'NONE',  #3485 ) ;
#1427 = VERTEX_POINT ( 'NONE', #725 ) ;
#1428 = CARTESIAN_POINT ( 'NONE',  ( 8.000000000000000000, 20.00000000000000000, 18.70000000000000284 ) ) ;
#1429 = CARTESIAN_POINT ( 'NONE',  ( 19.29997428487289568, 0.000000000000000000, 26.50315813057420300 ) ) ;
#1430 = VERTEX_POINT ( 'NONE', #1060 ) ;
#1431 = AXIS2_PLACEMENT_3D ( 'NONE', #2656, #693, #2180 ) ;
#1432 = VERTEX_POINT ( 'NONE', #2135 ) ;
#1433 = ORIENTED_EDGE ( 'NONE', *, *, #2449, .T. ) ;
#1434 = CIRCLE ( 'NONE', #3312, 5.499999999999994671 ) ;
#1435 = CIRCLE ( 'NONE', #1982, 8.500000000000010658 ) ;
#1436 = CARTESIAN_POINT ( 'NONE',  ( 44.50000000000001421, 11.00000000000000000, -34.50000000000000000 ) ) ;
#1437 = DIRECTION ( 'NONE',  ( 0.000000000000000000, 0.000000000000000000, -1.000000000000000000 ) ) ;
#1438 = CARTESIAN_POINT ( 'NONE',  ( 44.50000000000001421, 11.00000000000000000, 29.00000000000000711 ) ) ;
#1439 = LINE ( 'NONE', #2932, #374 ) ;
#1440 = VECTOR ( 'NONE', #2466, 1000.000000000000000 ) ;
#1441 = EDGE_LOOP ( 'NONE', ( #2275, #1907, #2467, #4091 ) ) ;
#1442 = AXIS2_PLACEMENT_3D ( 'NONE', #3521, #4379, #3599 ) ;
#1443 = DIRECTION ( 'NONE',  ( 0.000000000000000000, -1.000000000000000000, 0.000000000000000000 ) ) ;
#1444 = DIRECTION ( 'NONE',  ( 0.000000000000000000, 0.000000000000000000, -1.000000000000000000 ) ) ;
#1445 = FACE_OUTER_BOUND ( 'NONE', #1782, .T. ) ;
#1446 = EDGE_CURVE ( 'NONE', #966, #2565, #1746, .T. ) ;
#1447 = VECTOR ( 'NONE', #2686, 1000.000000000000000 ) ;
#1448 = VECTOR ( 'NONE', #2691, 1000.000000000000000 ) ;
#1449 = AXIS2_PLACEMENT_3D ( 'NONE', #325, #2524, #2988 ) ;
#1450 = FACE_OUTER_BOUND ( 'NONE', #252, .T. ) ;
#1451 = CARTESIAN_POINT ( 'NONE',  ( 18.59150718393674495, 0.000000000000000000, 70.00000000000000000 ) ) ;
#1452 = CARTESIAN_POINT ( 'NONE',  ( 0.000000000000000000, 15.00000000000000000, 0.000000000000000000 ) ) ;
#1453 = EDGE_LOOP ( 'NONE', ( #2145, #313, #4399, #2609, #2844, #1640 ) ) ;
#1454 = DIRECTION ( 'NONE',  ( 1.000000000000000000, 0.000000000000000000, 0.000000000000000000 ) ) ;
#1455 = DIRECTION ( 'NONE',  ( -0.000000000000000000, 1.000000000000000000, -0.000000000000000000 ) ) ;
#1456 = CIRCLE ( 'NONE', #3253, 43.50000000000000711 ) ;
#1457 = ORIENTED_EDGE ( 'NONE', *, *, #2881, .F. ) ;
#1458 = CARTESIAN_POINT ( 'NONE',  ( 6.000000000000000888, 20.00000000000000000, 12.00000000000000178 ) ) ;
#1459 = DIRECTION ( 'NONE',  ( 0.000000000000000000, 0.000000000000000000, -1.000000000000000000 ) ) ;
#1460 = EDGE_CURVE ( 'NONE', #402, #711, #3779, .T. ) ;
#1461 = VERTEX_POINT ( 'NONE', #16 ) ;
#1462 = ADVANCED_FACE ( 'NONE', ( #2640 ), #1780, .T. ) ;
#1463 = AXIS2_PLACEMENT_3D ( 'NONE', #160, #2800, #230 ) ;
#1464 = ORIENTED_EDGE ( 'NONE', *, *, #1605, .F. ) ;
#1465 = ORIENTED_EDGE ( 'NONE', *, *, #3587, .T. ) ;
#1466 = VECTOR ( 'NONE', #4155, 1000.000000000000000 ) ;
#1467 = CARTESIAN_POINT ( 'NONE',  ( -46.16061079728113015, 4.200000000000000178, 10.33115200650950705 ) ) ;
#1468 = ORIENTED_EDGE ( 'NONE', *, *, #3167, .T. ) ;
#1469 = PLANE ( 'NONE',  #916 ) ;
#1470 = ORIENTED_EDGE ( 'NONE', *, *, #3983, .F. ) ;
#1471 = ADVANCED_FACE ( 'NONE', ( #4544 ), #1931, .F. ) ;
#1472 = FACE_OUTER_BOUND ( 'NONE', #2547, .T. ) ;
#1473 = DIRECTION ( 'NONE',  ( 0.000000000000000000, -0.000000000000000000, 1.000000000000000000 ) ) ;
#1474 = DIRECTION ( 'NONE',  ( -0.000000000000000000, 1.000000000000000000, -0.000000000000000000 ) ) ;
#1475 = DIRECTION ( 'NONE',  ( -0.000000000000000000, 0.000000000000000000, 1.000000000000000000 ) ) ;
#1476 = CARTESIAN_POINT ( 'NONE',  ( -46.36254570665256125, 0.000000000000000000, -10.32335836023588094 ) ) ;
#1477 = DIRECTION ( 'NONE',  ( 0.000000000000000000, -1.000000000000000000, 0.000000000000000000 ) ) ;
#1478 = PLANE ( 'NONE',  #2713 ) ;
#1479 = CARTESIAN_POINT ( 'NONE',  ( -44.50000000000001421, -22.00000000000000355, -26.50000000000000711 ) ) ;
#1480 = DIRECTION ( 'NONE',  ( 1.000000000000000000, 0.000000000000000000, 0.000000000000000000 ) ) ;
#1481 = CARTESIAN_POINT ( 'NONE',  ( 44.50000000000001421, 0.000000000000000000, 29.00000000000001776 ) ) ;
#1482 = ORIENTED_EDGE ( 'NONE', *, *, #2593, .F. ) ;
#1483 = LINE ( 'NONE', #4776, #4000 ) ;
#1484 = DIRECTION ( 'NONE',  ( 0.000000000000000000, 1.000000000000000000, 0.000000000000000000 ) ) ;
#1485 = ORIENTED_EDGE ( 'NONE', *, *, #4336, .T. ) ;
#1486 = VERTEX_POINT ( 'NONE', #3465 ) ;
#1487 = VERTEX_POINT ( 'NONE', #786 ) ;
#1488 = ORIENTED_EDGE ( 'NONE', *, *, #498, .T. ) ;
#1489 = EDGE_CURVE ( 'NONE', #2257, #312, #511, .T. ) ;
#1490 = ORIENTED_EDGE ( 'NONE', *, *, #2827, .F. ) ;
#1491 = EDGE_CURVE ( 'NONE', #3223, #868, #3447, .T. ) ;
#1492 = CARTESIAN_POINT ( 'NONE',  ( 44.50000000000001421, 11.50000000000000000, 29.00000000000000711 ) ) ;
#1493 = CARTESIAN_POINT ( 'NONE',  ( -85.50000000000001421, 4.200000000000000178, -2.499999999999999556 ) ) ;
#1494 = CARTESIAN_POINT ( 'NONE',  ( 42.00000000000000711, 11.50000000000000000, -3.091507183936765379 ) ) ;
#1495 = EDGE_LOOP ( 'NONE', ( #526, #1961, #3352, #945, #931, #2255 ) ) ;
#1496 = CARTESIAN_POINT ( 'NONE',  ( -44.50000000000001421, -2.499999999999999112, -24.40000000000000924 ) ) ;
#1497 = EDGE_LOOP ( 'NONE', ( #1203, #1046 ) ) ;
#1498 = ADVANCED_FACE ( 'NONE', ( #418 ), #1903, .T. ) ;
#1499 = DIRECTION ( 'NONE',  ( 0.000000000000000000, -1.000000000000000000, 0.000000000000000000 ) ) ;
#1500 = LINE ( 'NONE', #1922, #1612 ) ;
#1501 = CARTESIAN_POINT ( 'NONE',  ( 8.000000000000000000, 15.00000000000000000, 7.300000000000002487 ) ) ;
#1502 = EDGE_CURVE ( 'NONE', #1645, #4047, #260, .T. ) ;
#1503 = DIRECTION ( 'NONE',  ( 0.000000000000000000, 0.000000000000000000, -1.000000000000000000 ) ) ;
#1504 = DIRECTION ( 'NONE',  ( 0.000000000000000000, 0.000000000000000000, -1.000000000000000000 ) ) ;
#1505 = CARTESIAN_POINT ( 'NONE',  ( 18.59150718393674495, 15.00000000000000000, 70.00000000000000000 ) ) ;
#1506 = FACE_OUTER_BOUND ( 'NONE', #1094, .T. ) ;
#1507 = ORIENTED_EDGE ( 'NONE', *, *, #2421, .T. ) ;
#1508 = LINE ( 'NONE', #3732, #1280 ) ;
#1509 = CARTESIAN_POINT ( 'NONE',  ( 42.04188619865061582, 6.000000000000000000, 5.000000000000000000 ) ) ;
#1510 = CYLINDRICAL_SURFACE ( 'NONE', #2834, 8.500000000000010658 ) ;
#1511 = ORIENTED_EDGE ( 'NONE', *, *, #149, .F. ) ;
#1512 = CYLINDRICAL_SURFACE ( 'NONE', #840, 2.500000000000002220 ) ;
#1513 = ORIENTED_EDGE ( 'NONE', *, *, #3135, .T. ) ;
#1514 = EDGE_CURVE ( 'NONE', #3906, #3890, #3051, .T. ) ;
#1515 = EDGE_LOOP ( 'NONE', ( #2144, #1623, #2677, #167, #2036 ) ) ;
#1516 = VERTEX_POINT ( 'NONE', #3069 ) ;
#1517 = FACE_OUTER_BOUND ( 'NONE', #4325, .T. ) ;
#1518 = CARTESIAN_POINT ( 'NONE',  ( -7.699999999999998401, 20.00000000000000000, 7.300000000000005151 ) ) ;
#1519 = EDGE_CURVE ( 'NONE', #2607, #4123, #1993, .T. ) ;
#1520 = DIRECTION ( 'NONE',  ( 0.000000000000000000, -1.084202172485504434E-16, -1.000000000000000000 ) ) ;
#1521 = CYLINDRICAL_SURFACE ( 'NONE', #3498, 0.9999999999999991118 ) ;
#1522 = ORIENTED_EDGE ( 'NONE', *, *, #4608, .T. ) ;
#1523 = AXIS2_PLACEMENT_3D ( 'NONE', #4040, #2993, #2944 ) ;
#1524 = STYLED_ITEM ( 'NONE', ( #773 ), #1152 ) ;
#1525 = LINE ( 'NONE', #4487, #1833 ) ;
#1526 = AXIS2_PLACEMENT_3D ( 'NONE', #4799, #1816, #3307 ) ;
#1527 = CARTESIAN_POINT ( 'NONE',  ( 45.54555525137367766, 4.200000000000000178, 5.000000000000000888 ) ) ;
#1528 = DIRECTION ( 'NONE',  ( -0.000000000000000000, -1.000000000000000000, -0.000000000000000000 ) ) ;
#1529 = VECTOR ( 'NONE', #958, 1000.000000000000000 ) ;
#1530 = EDGE_CURVE ( 'NONE', #2931, #846, #2371, .T. ) ;
#1531 = LINE ( 'NONE', #3747, #3580 ) ;
#1532 = ADVANCED_FACE ( 'NONE', ( #2688 ), #3393, .F. ) ;
#1533 = CARTESIAN_POINT ( 'NONE',  ( 0.000000000000000000, 20.00000000000000000, 0.000000000000000000 ) ) ;
#1534 = AXIS2_PLACEMENT_3D ( 'NONE', #4668, #4734, #3221 ) ;
#1535 = LINE ( 'NONE', #12, #2615 ) ;
#1536 = CIRCLE ( 'NONE', #4248, 43.50000000000000711 ) ;
#1537 = CARTESIAN_POINT ( 'NONE',  ( 44.50000000000001421, 15.00000000000000000, 29.00000000000001776 ) ) ;
#1538 = AXIS2_PLACEMENT_3D ( 'NONE', #438, #110, #38 ) ;
#1539 = VERTEX_POINT ( 'NONE', #859 ) ;
#1540 = CARTESIAN_POINT ( 'NONE',  ( -38.50000000000001421, 0.000000000000000000, 26.50000000000001066 ) ) ;
#1541 = CARTESIAN_POINT ( 'NONE',  ( -44.50000000000001421, -2.499999999999999112, -24.40000000000000924 ) ) ;
#1542 = CARTESIAN_POINT ( 'NONE',  ( -42.60535781051601134, 15.00000000000000000, -10.32335836023588271 ) ) ;
#1543 = CARTESIAN_POINT ( 'NONE',  ( 44.50000000000001421, -2.499999999999999112, -29.00000000000000711 ) ) ;
#1544 = ORIENTED_EDGE ( 'NONE', *, *, #2685, .F. ) ;
#1545 = CARTESIAN_POINT ( 'NONE',  ( 44.50000000000001421, 11.00000000000000000, -29.00000000000000711 ) ) ;
#1546 = VERTEX_POINT ( 'NONE', #3491 ) ;
#1547 = AXIS2_PLACEMENT_3D ( 'NONE', #1979, #3481, #2411 ) ;
#1548 = VERTEX_POINT ( 'NONE', #4498 ) ;
#1549 = DIRECTION ( 'NONE',  ( -0.000000000000000000, -1.000000000000000000, -0.000000000000000000 ) ) ;
#1550 = CARTESIAN_POINT ( 'NONE',  ( 44.50000000000001421, 0.000000000000000000, -29.00000000000000711 ) ) ;
#1551 = ORIENTED_EDGE ( 'NONE', *, *, #1997, .T. ) ;
#1552 = DIRECTION ( 'NONE',  ( -0.000000000000000000, 1.000000000000000000, -0.000000000000000000 ) ) ;
#1553 = ORIENTED_EDGE ( 'NONE', *, *, #3318, .F. ) ;
#1554 = EDGE_LOOP ( 'NONE', ( #291, #3607, #4783, #2352 ) ) ;
#1555 = EDGE_CURVE ( 'NONE', #1958, #1906, #1564, .T. ) ;
#1556 = DIRECTION ( 'NONE',  ( 0.000000000000000000, 1.000000000000000000, -0.000000000000000000 ) ) ;
#1557 = LINE ( 'NONE', #4515, #1388 ) ;
#1558 = CARTESIAN_POINT ( 'NONE',  ( 44.50000000000001421, 0.000000000000000000, 29.00000000000000711 ) ) ;
#1559 = CARTESIAN_POINT ( 'NONE',  ( 6.000000000000000888, 11.50000000000000000, 11.00000000000000000 ) ) ;
#1560 = DIRECTION ( 'NONE',  ( 0.000000000000000000, -1.000000000000000000, 0.000000000000000000 ) ) ;
#1561 = EDGE_CURVE ( 'NONE', #1959, #3659, #4160, .T. ) ;
#1562 = FACE_OUTER_BOUND ( 'NONE', #1594, .T. ) ;
#1563 = CARTESIAN_POINT ( 'NONE',  ( 42.00000000000001421, 15.00000000000000000, 26.50000000000001066 ) ) ;
#1564 = LINE ( 'NONE', #2666, #1827 ) ;
#1565 = CARTESIAN_POINT ( 'NONE',  ( -44.50000000000001421, 11.00000000000000000, -34.50000000000000000 ) ) ;
#1566 = ADVANCED_FACE ( 'NONE', ( #142 ), #3813, .T. ) ;
#1567 = CARTESIAN_POINT ( 'NONE',  ( 45.50000000000001421, 4.200000000000000178, -30.00000000000000711 ) ) ;
#1568 = EDGE_LOOP ( 'NONE', ( #3993, #164, #2826, #4265, #1884, #423, #3854, #188, #425 ) ) ;
#1569 = CARTESIAN_POINT ( 'NONE',  ( -5.999999999999999112, 11.50000000000000000, 12.00000000000000178 ) ) ;
#1570 = ORIENTED_EDGE ( 'NONE', *, *, #1829, .T. ) ;
#1571 = EDGE_CURVE ( 'NONE', #2195, #4547, #3226, .T. ) ;
#1572 = DIRECTION ( 'NONE',  ( -0.000000000000000000, 1.000000000000000000, -0.000000000000000000 ) ) ;
#1573 = LINE ( 'NONE', #2743, #2226 ) ;
#1574 = VERTEX_POINT ( 'NONE', #3834 ) ;
#1575 = DIRECTION ( 'NONE',  ( 0.000000000000000000, -0.000000000000000000, 1.000000000000000000 ) ) ;
#1576 = VERTEX_POINT ( 'NONE', #4593 ) ;
#1577 = CARTESIAN_POINT ( 'NONE',  ( 8.000000000000000000, 17.00000000000000000, 18.70000000000000284 ) ) ;
#1578 = CARTESIAN_POINT ( 'NONE',  ( 39.95933631058686331, 15.00000000000000000, 36.18556701030929901 ) ) ;
#1579 = CYLINDRICAL_SURFACE ( 'NONE', #528, 43.50000000000000711 ) ;
#1580 = LINE ( 'NONE', #1602, #185 ) ;
#1581 = DIRECTION ( 'NONE',  ( 0.000000000000000000, -0.000000000000000000, -1.000000000000000000 ) ) ;
#1582 = EDGE_CURVE ( 'NONE', #3183, #2868, #4231, .T. ) ;
#1583 = CARTESIAN_POINT ( 'NONE',  ( -18.59150718393674495, 0.000000000000000000, -70.00000000000000000 ) ) ;
#1584 = EDGE_CURVE ( 'NONE', #4619, #4602, #4572, .T. ) ;
#1585 = DIRECTION ( 'NONE',  ( 0.000000000000000000, 0.000000000000000000, -1.000000000000000000 ) ) ;
#1586 = CYLINDRICAL_SURFACE ( 'NONE', #2471, 1.000000000000002665 ) ;
#1587 = ORIENTED_EDGE ( 'NONE', *, *, #4039, .T. ) ;
#1588 = CARTESIAN_POINT ( 'NONE',  ( -44.50000000000001421, 15.00000000000000000, -29.00000000000000711 ) ) ;
#1589 = ORIENTED_EDGE ( 'NONE', *, *, #2311, .F. ) ;
#1590 = EDGE_CURVE ( 'NONE', #560, #4237, #876, .T. ) ;
#1591 = EDGE_CURVE ( 'NONE', #868, #1339, #2772, .T. ) ;
#1592 = DIRECTION ( 'NONE',  ( 0.000000000000000000, 0.000000000000000000, -1.000000000000000000 ) ) ;
#1593 = ORIENTED_EDGE ( 'NONE', *, *, #2178, .F. ) ;
#1594 = EDGE_LOOP ( 'NONE', ( #4453, #996, #3592, #980, #1095, #1974, #4352, #3823, #2074, #1233 ) ) ;
#1595 = ORIENTED_EDGE ( 'NONE', *, *, #3648, .T. ) ;
#1596 = CARTESIAN_POINT ( 'NONE',  ( 85.50000000000001421, 15.00000000000000000, -3.091507183936761827 ) ) ;
#1597 = CARTESIAN_POINT ( 'NONE',  ( 44.50000000000001421, 11.00000000000000000, 29.00000000000000711 ) ) ;
#1598 = CARTESIAN_POINT ( 'NONE',  ( -45.67077626419152381, 8.400000000000000355, -20.58101651390110831 ) ) ;
#1599 = AXIS2_PLACEMENT_3D ( 'NONE', #445, #3026, #3423 ) ;
#1600 = VECTOR ( 'NONE', #1894, 1000.000000000000000 ) ;
#1601 = CARTESIAN_POINT ( 'NONE',  ( -44.50000000000001421, 39.04163056034264656, 29.00000000000000711 ) ) ;
#1602 = CARTESIAN_POINT ( 'NONE',  ( 44.50000000000001421, 15.00000000000000000, 22.50000000000002132 ) ) ;
#1603 = AXIS2_PLACEMENT_3D ( 'NONE', #4656, #3562, #2041 ) ;
#1604 = VECTOR ( 'NONE', #4519, 1000.000000000000000 ) ;
#1605 = EDGE_CURVE ( 'NONE', #1745, #368, #231, .T. ) ;
#1606 = DIRECTION ( 'NONE',  ( 0.000000000000000000, -1.000000000000000000, 0.000000000000000000 ) ) ;
#1607 = DIRECTION ( 'NONE',  ( 0.000000000000000000, -1.000000000000000000, 0.000000000000000000 ) ) ;
#1608 = AXIS2_PLACEMENT_3D ( 'NONE', #1199, #3712, #372 ) ;
#1609 = VECTOR ( 'NONE', #499, 1000.000000000000000 ) ;
#1610 = DIRECTION ( 'NONE',  ( 0.000000000000000000, -1.000000000000000000, 0.000000000000000000 ) ) ;
#1611 = LINE ( 'NONE', #1565, #582 ) ;
#1612 = VECTOR ( 'NONE', #1130, 1000.000000000000000 ) ;
#1613 = VECTOR ( 'NONE', #4750, 1000.000000000000000 ) ;
#1614 = CARTESIAN_POINT ( 'NONE',  ( -42.00000000000001421, 1.799999999999999600, 26.50000000000001066 ) ) ;
#1615 = ORIENTED_EDGE ( 'NONE', *, *, #331, .T. ) ;
#1616 = VECTOR ( 'NONE', #1859, 1000.000000000000000 ) ;
#1617 = CARTESIAN_POINT ( 'NONE',  ( 42.01745985275626083, 8.520119532372342874, -4.334701590246601732 ) ) ;
#1618 = EDGE_CURVE ( 'NONE', #3054, #1860, #4655, .T. ) ;
#1619 = DIRECTION ( 'NONE',  ( 0.000000000000000000, -1.000000000000000000, 0.000000000000000000 ) ) ;
#1620 = ORIENTED_EDGE ( 'NONE', *, *, #2166, .T. ) ;
#1621 = ADVANCED_FACE ( 'NONE', ( #3142 ), #2434, .T. ) ;
#1622 = CARTESIAN_POINT ( 'NONE',  ( 44.50000000000001421, 1.799999999999999600, 29.00000000000001776 ) ) ;
#1623 = ORIENTED_EDGE ( 'NONE', *, *, #4520, .F. ) ;
#1624 = AXIS2_PLACEMENT_3D ( 'NONE', #1628, #3087, #3909 ) ;
#1625 = ORIENTED_EDGE ( 'NONE', *, *, #3169, .T. ) ;
#1626 = AXIS2_PLACEMENT_3D ( 'NONE', #4537, #2705, #108 ) ;
#1627 = DIRECTION ( 'NONE',  ( 1.000000000000000000, -0.000000000000000000, 0.000000000000000000 ) ) ;
#1628 = CARTESIAN_POINT ( 'NONE',  ( -1.700000000000000178, 20.00000000000000000, 7.000000000000003553 ) ) ;
#1629 = CARTESIAN_POINT ( 'NONE',  ( -46.15917732731228540, 0.000000000000000000, -10.32335836023588094 ) ) ;
#1630 = AXIS2_PLACEMENT_3D ( 'NONE', #4592, #1990, #3833 ) ;
#1631 = ADVANCED_FACE ( 'NONE', ( #1676 ), #209, .F. ) ;
#1632 = DIRECTION ( 'NONE',  ( 0.000000000000000000, -0.000000000000000000, 1.000000000000000000 ) ) ;
#1633 = AXIS2_PLACEMENT_3D ( 'NONE', #3459, #1208, #4181 ) ;
#1634 = DIRECTION ( 'NONE',  ( 0.000000000000000000, 0.000000000000000000, -1.000000000000000000 ) ) ;
#1635 = DIRECTION ( 'NONE',  ( 1.982541115402067674E-15, 0.000000000000000000, -1.000000000000000000 ) ) ;
#1636 = DIRECTION ( 'NONE',  ( 0.000000000000000000, 0.000000000000000000, -1.000000000000000000 ) ) ;
#1637 = EDGE_LOOP ( 'NONE', ( #4101, #3401, #2857, #2718 ) ) ;
#1638 = DIRECTION ( 'NONE',  ( 0.000000000000000000, -1.000000000000000000, 0.000000000000000000 ) ) ;
#1639 = ORIENTED_EDGE ( 'NONE', *, *, #1704, .T. ) ;
#1640 = ORIENTED_EDGE ( 'NONE', *, *, #3273, .T. ) ;
#1641 = DIRECTION ( 'NONE',  ( 0.000000000000000000, -1.000000000000000000, 0.000000000000000000 ) ) ;
#1642 = ORIENTED_EDGE ( 'NONE', *, *, #1491, .T. ) ;
#1643 = ORIENTED_EDGE ( 'NONE', *, *, #466, .F. ) ;
#1644 = ADVANCED_FACE ( 'NONE', ( #895 ), #2396, .T. ) ;
#1645 = VERTEX_POINT ( 'NONE', #558 ) ;
#1646 = ADVANCED_FACE ( 'NONE', ( #4288 ), #2801, .T. ) ;
#1647 = CARTESIAN_POINT ( 'NONE',  ( -42.00000000000001421, 0.000000000000000000, -26.50000000000001066 ) ) ;
#1648 = DIRECTION ( 'NONE',  ( -0.000000000000000000, 1.000000000000000000, -0.000000000000000000 ) ) ;
#1649 = ADVANCED_FACE ( 'NONE', ( #2458 ), #939, .T. ) ;
#1650 = ORIENTED_EDGE ( 'NONE', *, *, #3416, .T. ) ;
#1651 = LINE ( 'NONE', #1279, #3472 ) ;
#1652 = EDGE_CURVE ( 'NONE', #3213, #1387, #987, .T. ) ;
#1653 = DIRECTION ( 'NONE',  ( 0.000000000000000000, -1.000000000000000000, 0.000000000000000000 ) ) ;
#1654 = CARTESIAN_POINT ( 'NONE',  ( 40.63865308473844351, 0.000000000000000000, 26.50000000000001421 ) ) ;
#1655 = LINE ( 'NONE', #4254, #831 ) ;
#1656 = FACE_OUTER_BOUND ( 'NONE', #4191, .T. ) ;
#1657 = VERTEX_POINT ( 'NONE', #179 ) ;
#1658 = FACE_OUTER_BOUND ( 'NONE', #2896, .T. ) ;
#1659 = VERTEX_POINT ( 'NONE', #1309 ) ;
#1660 = CARTESIAN_POINT ( 'NONE',  ( 42.04188619865061582, 6.000000000000000888, -5.000000000000000000 ) ) ;
#1661 = ORIENTED_EDGE ( 'NONE', *, *, #3314, .T. ) ;
#1662 = DIRECTION ( 'NONE',  ( 0.000000000000000000, 0.000000000000000000, -1.000000000000000000 ) ) ;
#1663 = EDGE_LOOP ( 'NONE', ( #707, #51, #3283, #523 ) ) ;
#1664 = EDGE_CURVE ( 'NONE', #3624, #2873, #1655, .T. ) ;
#1665 = VERTEX_POINT ( 'NONE', #3915 ) ;
#1666 = CARTESIAN_POINT ( 'NONE',  ( -7.699999999999998401, 20.00000000000000000, 18.70000000000000284 ) ) ;
#1667 = LINE ( 'NONE', #570, #3954 ) ;
#1668 = ORIENTED_EDGE ( 'NONE', *, *, #4115, .T. ) ;
#1669 = DIRECTION ( 'NONE',  ( 0.000000000000000000, -0.000000000000000000, -1.000000000000000000 ) ) ;
#1670 = EDGE_CURVE ( 'NONE', #1539, #2495, #921, .T. ) ;
#1671 = VECTOR ( 'NONE', #492, 1000.000000000000000 ) ;
#1672 = ADVANCED_FACE ( 'NONE', ( #2417 ), #3897, .F. ) ;
#1673 = DIRECTION ( 'NONE',  ( 0.000000000000000000, -1.000000000000000000, 0.000000000000000000 ) ) ;
#1674 = LINE ( 'NONE', #604, #2014 ) ;
#1675 = LINE ( 'NONE', #1666, #754 ) ;
#1676 = FACE_OUTER_BOUND ( 'NONE', #1324, .T. ) ;
#1677 = CARTESIAN_POINT ( 'NONE',  ( -44.50000000000001421, 11.00000000000000000, -31.50000000000001421 ) ) ;
#1678 = ORIENTED_EDGE ( 'NONE', *, *, #3908, .F. ) ;
#1679 = EDGE_LOOP ( 'NONE', ( #3145, #3497, #4365, #681 ) ) ;
#1680 = AXIS2_PLACEMENT_3D ( 'NONE', #1550, #3035, #2335 ) ;
#1681 = VECTOR ( 'NONE', #1556, 1000.000000000000000 ) ;
#1682 = AXIS2_PLACEMENT_3D ( 'NONE', #129, #4533, #1202 ) ;
#1683 = AXIS2_PLACEMENT_3D ( 'NONE', #3991, #2564, #3047 ) ;
#1684 = CARTESIAN_POINT ( 'NONE',  ( -44.50000000000001421, 11.00000000000000000, 29.00000000000000711 ) ) ;
#1685 = VERTEX_POINT ( 'NONE', #2487 ) ;
#1686 = CARTESIAN_POINT ( 'NONE',  ( -44.50000000000001421, 11.00000000000000000, -23.50000000000001421 ) ) ;
#1687 = ORIENTED_EDGE ( 'NONE', *, *, #3853, .T. ) ;
#1688 = ORIENTED_EDGE ( 'NONE', *, *, #3527, .F. ) ;
#1689 = CIRCLE ( 'NONE', #4391, 0.9999999999999991118 ) ;
#1690 = AXIS2_PLACEMENT_3D ( 'NONE', #3671, #1815, #2939 ) ;
#1691 = ORIENTED_EDGE ( 'NONE', *, *, #1817, .F. ) ;
#1692 = CARTESIAN_POINT ( 'NONE',  ( -85.50000000000001421, 0.000000000000000000, 3.091507183936761827 ) ) ;
#1693 = CARTESIAN_POINT ( 'NONE',  ( -15.19999999999999396, 0.000000000000000000, -26.30000000000000782 ) ) ;
#1694 = CARTESIAN_POINT ( 'NONE',  ( 18.59150718393674495, 15.00000000000000000, 70.00000000000000000 ) ) ;
#1695 = ORIENTED_EDGE ( 'NONE', *, *, #1489, .F. ) ;
#1696 = ORIENTED_EDGE ( 'NONE', *, *, #3608, .F. ) ;
#1697 = CIRCLE ( 'NONE', #4402, 2.500000000000005773 ) ;
#1698 = EDGE_CURVE ( 'NONE', #3131, #3549, #961, .T. ) ;
#1699 = FACE_OUTER_BOUND ( 'NONE', #1121, .T. ) ;
#1700 = CARTESIAN_POINT ( 'NONE',  ( -38.41227904007971006, 15.00000000000000000, -31.27808110350507320 ) ) ;
#1701 = CIRCLE ( 'NONE', #3108, 5.499999999999994671 ) ;
#1702 = CARTESIAN_POINT ( 'NONE',  ( -36.08101651390111897, 1.800000000000000044, -30.17077626419152381 ) ) ;
#1703 = EDGE_CURVE ( 'NONE', #3008, #1231, #3210, .T. ) ;
#1704 = EDGE_CURVE ( 'NONE', #2582, #1275, #3547, .T. ) ;
#1705 = CARTESIAN_POINT ( 'NONE',  ( 85.50000000000001421, 4.200000000000000178, 5.000000000000000888 ) ) ;
#1706 = DIRECTION ( 'NONE',  ( 0.000000000000000000, 0.000000000000000000, 1.000000000000000000 ) ) ;
#1707 = VECTOR ( 'NONE', #1794, 1000.000000000000000 ) ;
#1708 = VERTEX_POINT ( 'NONE', #2906 ) ;
#1709 = ORIENTED_EDGE ( 'NONE', *, *, #1618, .F. ) ;
#1710 = EDGE_CURVE ( 'NONE', #549, #312, #1434, .T. ) ;
#1711 = ORIENTED_EDGE ( 'NONE', *, *, #3351, .T. ) ;
#1712 = CARTESIAN_POINT ( 'NONE',  ( -85.50000000000001421, 1.799999999999999600, 3.091507183936761827 ) ) ;
#1713 = ORIENTED_EDGE ( 'NONE', *, *, #602, .T. ) ;
#1714 = ORIENTED_EDGE ( 'NONE', *, *, #1424, .T. ) ;
#1715 = ADVANCED_FACE ( 'NONE', ( #699 ), #2886, .T. ) ;
#1716 = EDGE_LOOP ( 'NONE', ( #2764, #3589 ) ) ;
#1717 = DIRECTION ( 'NONE',  ( 0.000000000000000000, -1.000000000000000000, 0.000000000000000000 ) ) ;
#1718 = CARTESIAN_POINT ( 'NONE',  ( 45.51893114582378530, 8.523221452838708245, 4.332896337303433931 ) ) ;
#1719 = LINE ( 'NONE', #2080, #293 ) ;
#1720 = ORIENTED_EDGE ( 'NONE', *, *, #2746, .F. ) ;
#1721 = FACE_OUTER_BOUND ( 'NONE', #1071, .T. ) ;
#1722 = DIRECTION ( 'NONE',  ( 0.000000000000000000, -1.000000000000000000, 0.000000000000000000 ) ) ;
#1723 = CARTESIAN_POINT ( 'NONE',  ( -44.50000000000001421, 15.00000000000000000, -34.50000000000000000 ) ) ;
#1724 = LINE ( 'NONE', #1348, #215 ) ;
#1725 = DIRECTION ( 'NONE',  ( -1.000000000000000000, 0.000000000000000000, 2.973811673103095791E-15 ) ) ;
#1726 = CARTESIAN_POINT ( 'NONE',  ( 6.000000000000000888, 11.50000000000000000, 12.00000000000000178 ) ) ;
#1727 = ADVANCED_FACE ( 'NONE', ( #2525 ), #3650, .T. ) ;
#1728 = VERTEX_POINT ( 'NONE', #4440 ) ;
#1729 = ORIENTED_EDGE ( 'NONE', *, *, #3464, .T. ) ;
#1730 = LINE ( 'NONE', #2848, #2462 ) ;
#1731 = ORIENTED_EDGE ( 'NONE', *, *, #169, .F. ) ;
#1732 = EDGE_CURVE ( 'NONE', #1338, #2931, #2390, .T. ) ;
#1733 = ORIENTED_EDGE ( 'NONE', *, *, #4259, .F. ) ;
#1734 = EDGE_CURVE ( 'NONE', #1087, #27, #46, .T. ) ;
#1735 = EDGE_LOOP ( 'NONE', ( #691, #4127, #2329, #4422 ) ) ;
#1736 = CARTESIAN_POINT ( 'NONE',  ( -18.59150718393674495, -22.00000000000000000, 30.00000000000001066 ) ) ;
#1737 = CARTESIAN_POINT ( 'NONE',  ( 44.50000000000001421, 11.00000000000000000, 29.00000000000000711 ) ) ;
#1738 = ORIENTED_EDGE ( 'NONE', *, *, #4144, .T. ) ;
#1739 = PLANE ( 'NONE',  #897 ) ;
#1740 = CARTESIAN_POINT ( 'NONE',  ( 44.50000000000001421, 0.000000000000000000, -29.00000000000000711 ) ) ;
#1741 = CARTESIAN_POINT ( 'NONE',  ( 12.69999999999998863, 4.200000000000000178, 30.00000000000001066 ) ) ;
#1742 = DIRECTION ( 'NONE',  ( 1.445602896647340396E-16, 0.000000000000000000, -1.000000000000000000 ) ) ;
#1743 = DIRECTION ( 'NONE',  ( -0.000000000000000000, -1.000000000000000000, -0.000000000000000000 ) ) ;
#1744 = EDGE_CURVE ( 'NONE', #2727, #3213, #40, .T. ) ;
#1745 = VERTEX_POINT ( 'NONE', #2864 ) ;
#1746 = CIRCLE ( 'NONE', #652, 3.500000000000003109 ) ;
#1747 = AXIS2_PLACEMENT_3D ( 'NONE', #758, #2245, #158 ) ;
#1748 = EDGE_CURVE ( 'NONE', #1461, #3001, #518, .T. ) ;
#1749 = ORIENTED_EDGE ( 'NONE', *, *, #1748, .F. ) ;
#1750 = VECTOR ( 'NONE', #2733, 1000.000000000000000 ) ;
#1751 = AXIS2_PLACEMENT_3D ( 'NONE', #3022, #4205, #2752 ) ;
#1752 = PLANE ( 'NONE',  #1136 ) ;
#1753 = ORIENTED_EDGE ( 'NONE', *, *, #602, .F. ) ;
#1754 = ORIENTED_EDGE ( 'NONE', *, *, #392, .T. ) ;
#1755 = ORIENTED_EDGE ( 'NONE', *, *, #1073, .F. ) ;
#1756 = CIRCLE ( 'NONE', #664, 6.499999999999999112 ) ;
#1757 = CIRCLE ( 'NONE', #2916, 2.500000000000002220 ) ;
#1758 = ADVANCED_FACE ( 'NONE', ( #2236 ), #2581, .T. ) ;
#1759 = CARTESIAN_POINT ( 'NONE',  ( 42.00000000000001421, 15.00000000000000000, -26.50000000000001066 ) ) ;
#1760 = EDGE_CURVE ( 'NONE', #3567, #2498, #2141, .T. ) ;
#1761 = CIRCLE ( 'NONE', #358, 4.599999999999996092 ) ;
#1762 = AXIS2_PLACEMENT_3D ( 'NONE', #2263, #4156, #413 ) ;
#1763 = PLANE ( 'NONE',  #2865 ) ;
#1764 = LINE ( 'NONE', #659, #4490 ) ;
#1765 = VERTEX_POINT ( 'NONE', #304 ) ;
#1766 = DIRECTION ( 'NONE',  ( 0.000000000000000000, 0.000000000000000000, 1.000000000000000000 ) ) ;
#1767 = B_SPLINE_CURVE_WITH_KNOTS ( 'NONE', 3,
 ( #3663, #316, #1809, #2079, #1718, #3204, #2829, #3332, #3297, #28 ),
 .UNSPECIFIED., .F., .F.,
 ( 4, 2, 2, 2, 4 ),
 ( 9.813077866773594792E-18, 0.001123514747833101587, 0.002247029495666193633, 0.003370544243499285463, 0.004494058991332376858 ),
 .UNSPECIFIED. ) ;
#1768 = CARTESIAN_POINT ( 'NONE',  ( 44.50000000000001421, -2.499999999999999112, -33.60000000000000142 ) ) ;
#1769 = CYLINDRICAL_SURFACE ( 'NONE', #3559, 43.50000000000001421 ) ;
#1770 = LINE ( 'NONE', #2231, #3032 ) ;
#1771 = EDGE_CURVE ( 'NONE', #3054, #1486, #967, .T. ) ;
#1772 = AXIS2_PLACEMENT_3D ( 'NONE', #4403, #4759, #1869 ) ;
#1773 = DIRECTION ( 'NONE',  ( 0.000000000000000000, -1.000000000000000000, 0.000000000000000000 ) ) ;
#1774 = CARTESIAN_POINT ( 'NONE',  ( -44.50000000000001421, 1.800000000000000044, -29.00000000000000711 ) ) ;
#1775 = APPLICATION_PROTOCOL_DEFINITION ( 'draft international standard', 'automotive_design', 1998, #2510 ) ;
#1776 = AXIS2_PLACEMENT_3D ( 'NONE', #3360, #3686, #2281 ) ;
#1777 = DIRECTION ( 'NONE',  ( -1.000000000000000000, 0.000000000000000000, 0.000000000000000000 ) ) ;
#1778 = ORIENTED_EDGE ( 'NONE', *, *, #4456, .T. ) ;
#1779 = CIRCLE ( 'NONE', #1862, 0.9999999999999991118 ) ;
#1780 = PLANE ( 'NONE',  #738 ) ;
#1781 = LINE ( 'NONE', #1033, #1613 ) ;
#1782 = EDGE_LOOP ( 'NONE', ( #1639, #4707, #935, #84 ) ) ;
#1783 = DIRECTION ( 'NONE',  ( -1.000000000000000000, 0.000000000000000000, 0.000000000000000000 ) ) ;
#1784 = VERTEX_POINT ( 'NONE', #1028 ) ;
#1785 = ORIENTED_EDGE ( 'NONE', *, *, #4177, .T. ) ;
#1786 = CARTESIAN_POINT ( 'NONE',  ( 44.50000000000001421, -2.499999999999999112, -24.40000000000000924 ) ) ;
#1787 = LINE ( 'NONE', #3638, #2794 ) ;
#1788 = EDGE_CURVE ( 'NONE', #3744, #4535, #1420, .T. ) ;
#1789 = CARTESIAN_POINT ( 'NONE',  ( 12.69999999999999218, -5.833809621030952464, 13.25219988745154254 ) ) ;
#1790 = EDGE_CURVE ( 'NONE', #2538, #4781, #4002, .T. ) ;
#1791 = ORIENTED_EDGE ( 'NONE', *, *, #1582, .T. ) ;
#1792 = CARTESIAN_POINT ( 'NONE',  ( 0.000000000000000000, 11.50000000000000000, 0.000000000000000000 ) ) ;
#1793 = FACE_OUTER_BOUND ( 'NONE', #3109, .T. ) ;
#1794 = DIRECTION ( 'NONE',  ( -1.000000000000000000, 0.000000000000000000, 2.168404344971010101E-16 ) ) ;
#1795 = FACE_BOUND ( 'NONE', #2810, .T. ) ;
#1796 = DIRECTION ( 'NONE',  ( 0.000000000000000000, -1.000000000000000000, 0.000000000000000000 ) ) ;
#1797 = ORIENTED_EDGE ( 'NONE', *, *, #2853, .F. ) ;
#1798 = CARTESIAN_POINT ( 'NONE',  ( 15.20000000000000107, 4.200000000000000178, -30.00000000000000711 ) ) ;
#1799 = CARTESIAN_POINT ( 'NONE',  ( -42.00000000000001421, 0.000000000000000000, -25.13865308473844351 ) ) ;
#1800 = ORIENTED_EDGE ( 'NONE', *, *, #692, .F. ) ;
#1801 = CYLINDRICAL_SURFACE ( 'NONE', #2540, 6.499999999999999112 ) ;
#1802 = ORIENTED_EDGE ( 'NONE', *, *, #1250, .F. ) ;
#1803 = VERTEX_POINT ( 'NONE', #723 ) ;
#1804 = ORIENTED_EDGE ( 'NONE', *, *, #508, .T. ) ;
#1805 = ORIENTED_EDGE ( 'NONE', *, *, #2084, .F. ) ;
#1806 = DIRECTION ( 'NONE',  ( 0.000000000000000000, 1.000000000000000000, 0.000000000000000000 ) ) ;
#1807 = EDGE_CURVE ( 'NONE', #3549, #1087, #4551, .T. ) ;
#1808 = DIRECTION ( 'NONE',  ( -0.000000000000000000, 1.000000000000000000, -0.000000000000000000 ) ) ;
#1809 = CARTESIAN_POINT ( 'NONE',  ( 45.50329713812971022, 9.430834588484831471, 3.656509590381839203 ) ) ;
#1810 = ORIENTED_EDGE ( 'NONE', *, *, #4700, .F. ) ;
#1811 =( LENGTH_UNIT ( ) NAMED_UNIT ( * ) SI_UNIT ( .MILLI., .METRE. ) );
#1812 = DIRECTION ( 'NONE',  ( 0.000000000000000000, 1.000000000000000000, 0.000000000000000000 ) ) ;
#1813 = LINE ( 'NONE', #3302, #4628 ) ;
#1814 = FACE_OUTER_BOUND ( 'NONE', #732, .T. ) ;
#1815 = DIRECTION ( 'NONE',  ( -1.000000000000000000, -0.000000000000000000, -0.000000000000000000 ) ) ;
#1816 = DIRECTION ( 'NONE',  ( -0.000000000000000000, 1.000000000000000000, -0.000000000000000000 ) ) ;
#1817 = EDGE_CURVE ( 'NONE', #481, #4756, #4770, .T. ) ;
#1818 = EDGE_CURVE ( 'NONE', #1765, #564, #3693, .T. ) ;
#1819 = DIRECTION ( 'NONE',  ( 0.000000000000000000, 0.000000000000000000, -1.000000000000000000 ) ) ;
#1820 = ORIENTED_EDGE ( 'NONE', *, *, #1301, .T. ) ;
#1821 = CARTESIAN_POINT ( 'NONE',  ( 7.700000000000000178, 15.00000000000000000, 18.70000000000000284 ) ) ;
#1822 = FACE_OUTER_BOUND ( 'NONE', #3507, .T. ) ;
#1823 = ORIENTED_EDGE ( 'NONE', *, *, #1771, .T. ) ;
#1824 = FACE_OUTER_BOUND ( 'NONE', #3788, .T. ) ;
#1825 = B_SPLINE_CURVE_WITH_KNOTS ( 'NONE', 3,
 ( #2052, #2876, #398, #4474 ),
 .UNSPECIFIED., .F., .F.,
 ( 4, 4 ),
 ( 0.000000000000000000, 1.000000000000000000 ),
 .UNSPECIFIED. ) ;
#1826 = ORIENTED_EDGE ( 'NONE', *, *, #64, .T. ) ;
#1827 = VECTOR ( 'NONE', #4523, 1000.000000000000000 ) ;
#1828 = ORIENTED_EDGE ( 'NONE', *, *, #4306, .F. ) ;
#1829 = EDGE_CURVE ( 'NONE', #1146, #478, #3341, .T. ) ;
#1830 = VERTEX_POINT ( 'NONE', #3368 ) ;
#1831 = AXIS2_PLACEMENT_3D ( 'NONE', #1726, #4636, #3878 ) ;
#1832 = AXIS2_PLACEMENT_3D ( 'NONE', #2554, #4035, #2186 ) ;
#1833 = VECTOR ( 'NONE', #1161, 1000.000000000000000 ) ;
#1834 = FACE_OUTER_BOUND ( 'NONE', #930, .T. ) ;
#1835 = CARTESIAN_POINT ( 'NONE',  ( 45.50000000000002132, 9.929705247428545434, -3.091507183936754721 ) ) ;
#1836 = CIRCLE ( 'NONE', #2922, 43.50000000000000711 ) ;
#1837 = CIRCLE ( 'NONE', #4092, 4.599999999999999645 ) ;
#1838 = ORIENTED_EDGE ( 'NONE', *, *, #424, .T. ) ;
#1839 = AXIS2_PLACEMENT_3D ( 'NONE', #9, #2961, #2985 ) ;
#1840 = AXIS2_PLACEMENT_3D ( 'NONE', #3432, #1572, #4097 ) ;
#1841 = CARTESIAN_POINT ( 'NONE',  ( -42.00000000000000711, 11.00000000000000000, 30.00000000000001066 ) ) ;
#1842 = DIRECTION ( 'NONE',  ( -0.000000000000000000, -1.000000000000000000, -0.000000000000000000 ) ) ;
#1843 = DIRECTION ( 'NONE',  ( -0.000000000000000000, 1.000000000000000000, -0.000000000000000000 ) ) ;
#1844 = AXIS2_PLACEMENT_3D ( 'NONE', #1885, #4022, #4445 ) ;
#1845 = CIRCLE ( 'NONE', #365, 4.599999999999996092 ) ;
#1846 = EDGE_CURVE ( 'NONE', #2696, #4627, #2504, .T. ) ;
#1847 = CARTESIAN_POINT ( 'NONE',  ( 18.59150718393674495, 15.00000000000000000, -30.00000000000000711 ) ) ;
#1848 = CARTESIAN_POINT ( 'NONE',  ( 38.41227904007969585, 0.000000000000000000, -31.27808110350507320 ) ) ;
#1849 = DIRECTION ( 'NONE',  ( 0.000000000000000000, -1.000000000000000000, 0.000000000000000000 ) ) ;
#1850 = FACE_OUTER_BOUND ( 'NONE', #4751, .T. ) ;
#1851 = VECTOR ( 'NONE', #4648, 1000.000000000000000 ) ;
#1852 = EDGE_CURVE ( 'NONE', #2790, #4266, #1984, .T. ) ;
#1853 = ORIENTED_EDGE ( 'NONE', *, *, #4221, .T. ) ;
#1854 = ADVANCED_FACE ( 'NONE', ( #111, #506 ), #39, .T. ) ;
#1855 = DIRECTION ( 'NONE',  ( -1.982541115402061757E-15, 0.000000000000000000, -1.000000000000000000 ) ) ;
#1856 = CARTESIAN_POINT ( 'NONE',  ( 42.00000000000001421, 9.929705247428532999, 3.091507183936769820 ) ) ;
#1857 = CIRCLE ( 'NONE', #4570, 40.00000000000000711 ) ;
#1858 = ORIENTED_EDGE ( 'NONE', *, *, #1571, .T. ) ;
#1859 = DIRECTION ( 'NONE',  ( 0.000000000000000000, 0.000000000000000000, -1.000000000000000000 ) ) ;
#1860 = VERTEX_POINT ( 'NONE', #2264 ) ;
#1861 = EDGE_CURVE ( 'NONE', #3681, #3008, #2632, .T. ) ;
#1862 = AXIS2_PLACEMENT_3D ( 'NONE', #1055, #3259, #3336 ) ;
#1863 = VECTOR ( 'NONE', #1207, 1000.000000000000000 ) ;
#1864 = VERTEX_POINT ( 'NONE', #4157 ) ;
#1865 = ORIENTED_EDGE ( 'NONE', *, *, #4634, .F. ) ;
#1866 = FACE_OUTER_BOUND ( 'NONE', #1124, .T. ) ;
#1867 = CARTESIAN_POINT ( 'NONE',  ( 46.16061079728113725, 0.000000000000000000, 10.33115200650949284 ) ) ;
#1868 = EDGE_CURVE ( 'NONE', #3289, #2218, #3154, .T. ) ;
#1869 = DIRECTION ( 'NONE',  ( 0.000000000000000000, 0.000000000000000000, -1.000000000000000000 ) ) ;
#1870 = ORIENTED_EDGE ( 'NONE', *, *, #2067, .T. ) ;
#1871 = ORIENTED_EDGE ( 'NONE', *, *, #3882, .F. ) ;
#1872 = CARTESIAN_POINT ( 'NONE',  ( -46.36254570665256125, 4.200000000000000178, -10.32335836023588094 ) ) ;
#1873 = CARTESIAN_POINT ( 'NONE',  ( 18.82766623758356417, 0.000000000000000000, 26.50000000000000355 ) ) ;
#1874 = CYLINDRICAL_SURFACE ( 'NONE', #3346, 8.500000000000010658 ) ;
#1875 = FACE_OUTER_BOUND ( 'NONE', #1018, .T. ) ;
#1876 = CARTESIAN_POINT ( 'NONE',  ( 51.68556701030929901, 15.00000000000000000, -24.45933631058685620 ) ) ;
#1877 = CARTESIAN_POINT ( 'NONE',  ( -39.95933631058686331, 15.00000000000000000, -36.18556701030929901 ) ) ;
#1878 = CARTESIAN_POINT ( 'NONE',  ( -42.00000000000001421, 1.799999999999999600, -26.50000000000001066 ) ) ;
#1879 = ORIENTED_EDGE ( 'NONE', *, *, #2634, .T. ) ;
#1880 = CARTESIAN_POINT ( 'NONE',  ( -44.50000000000001421, 1.799999999999999600, 29.00000000000000711 ) ) ;
#1881 = CARTESIAN_POINT ( 'NONE',  ( 42.04188619865062293, 6.379897721579945724, 5.000000000000000888 ) ) ;
#1882 = ADVANCED_FACE ( 'NONE', ( #830 ), #1242, .T. ) ;
#1883 = FACE_OUTER_BOUND ( 'NONE', #632, .T. ) ;
#1884 = ORIENTED_EDGE ( 'NONE', *, *, #3789, .F. ) ;
#1885 = CARTESIAN_POINT ( 'NONE',  ( 85.50000000000001421, 0.000000000000000000, 3.091507183936761827 ) ) ;
#1886 = ORIENTED_EDGE ( 'NONE', *, *, #3694, .T. ) ;
#1887 = VERTEX_POINT ( 'NONE', #3829 ) ;
#1888 = VERTEX_POINT ( 'NONE', #3066 ) ;
#1889 = CARTESIAN_POINT ( 'NONE',  ( 46.77808110350505189, 15.00000000000000000, -22.91227904007969585 ) ) ;
#1890 = EDGE_CURVE ( 'NONE', #6, #1177, #92, .T. ) ;
#1891 = DIRECTION ( 'NONE',  ( -1.982541115402067674E-15, 0.000000000000000000, 1.000000000000000000 ) ) ;
#1892 = CARTESIAN_POINT ( 'NONE',  ( 45.51898822771211428, 8.520119028052798527, -4.334701620682171352 ) ) ;
#1893 = ORIENTED_EDGE ( 'NONE', *, *, #3127, .T. ) ;
#1894 = DIRECTION ( 'NONE',  ( 0.000000000000000000, 0.000000000000000000, 1.000000000000000000 ) ) ;
#1895 = CARTESIAN_POINT ( 'NONE',  ( 0.000000000000000000, 17.00000000000000000, -3.999999999999995559 ) ) ;
#1896 = DIRECTION ( 'NONE',  ( 0.000000000000000000, -1.000000000000000000, -0.000000000000000000 ) ) ;
#1897 = DIRECTION ( 'NONE',  ( 0.000000000000000000, 1.000000000000000000, -0.000000000000000000 ) ) ;
#1898 = FACE_OUTER_BOUND ( 'NONE', #2443, .T. ) ;
#1899 = PLANE ( 'NONE',  #1762 ) ;
#1900 = CARTESIAN_POINT ( 'NONE',  ( 0.000000000000000000, 20.00000000000000000, -4.999999999999998224 ) ) ;
#1901 = CARTESIAN_POINT ( 'NONE',  ( -11.69999999999999396, 6.735557395310434135E-16, -26.50000000000000711 ) ) ;
#1902 = ORIENTED_EDGE ( 'NONE', *, *, #254, .F. ) ;
#1903 = CYLINDRICAL_SURFACE ( 'NONE', #1599, 8.500000000000010658 ) ;
#1904 = DIRECTION ( 'NONE',  ( -1.000000000000000000, 0.000000000000000000, -2.973811673103095791E-15 ) ) ;
#1905 = DIRECTION ( 'NONE',  ( -1.510202172955553042E-16, 1.000000000000000000, 0.000000000000000000 ) ) ;
#1906 = VERTEX_POINT ( 'NONE', #1213 ) ;
#1907 = ORIENTED_EDGE ( 'NONE', *, *, #4456, .F. ) ;
#1908 = ORIENTED_EDGE ( 'NONE', *, *, #4088, .T. ) ;
#1909 = EDGE_CURVE ( 'NONE', #3685, #2698, #1535, .T. ) ;
#1910 = LINE ( 'NONE', #2252, #3086 ) ;
#1911 = CIRCLE ( 'NONE', #2832, 6.499999999999995559 ) ;
#1912 = LINE ( 'NONE', #4556, #1220 ) ;
#1913 = VERTEX_POINT ( 'NONE', #4184 ) ;
#1914 = DIRECTION ( 'NONE',  ( 0.000000000000000000, 0.000000000000000000, 1.000000000000000000 ) ) ;
#1915 = ORIENTED_EDGE ( 'NONE', *, *, #494, .F. ) ;
#1916 = ORIENTED_EDGE ( 'NONE', *, *, #721, .F. ) ;
#1917 = EDGE_CURVE ( 'NONE', #597, #2793, #4492, .T. ) ;
#1918 = AXIS2_PLACEMENT_3D ( 'NONE', #2840, #4226, #2780 ) ;
#1919 = AXIS2_PLACEMENT_3D ( 'NONE', #2414, #812, #1988 ) ;
#1920 = DIRECTION ( 'NONE',  ( 0.000000000000000000, 1.000000000000000000, 0.000000000000000000 ) ) ;
#1921 = AXIS2_PLACEMENT_3D ( 'NONE', #127, #1182, #2695 ) ;
#1922 = CARTESIAN_POINT ( 'NONE',  ( -85.50000000000001421, 4.200000000000000178, 2.499999999999999112 ) ) ;
#1923 = CYLINDRICAL_SURFACE ( 'NONE', #2018, 8.500000000000010658 ) ;
#1924 = DIRECTION ( 'NONE',  ( 0.000000000000000000, 1.000000000000000000, 0.000000000000000000 ) ) ;
#1925 = VECTOR ( 'NONE', #4711, 1000.000000000000000 ) ;
#1926 = DIRECTION ( 'NONE',  ( 0.000000000000000000, -1.000000000000000000, 0.000000000000000000 ) ) ;
#1927 = VECTOR ( 'NONE', #1896, 1000.000000000000000 ) ;
#1928 = ADVANCED_FACE ( 'NONE', ( #781 ), #806, .T. ) ;
#1929 = DIRECTION ( 'NONE',  ( -0.000000000000000000, -1.000000000000000000, -0.000000000000000000 ) ) ;
#1930 = AXIS2_PLACEMENT_3D ( 'NONE', #354, #3725, #671 ) ;
#1931 = CYLINDRICAL_SURFACE ( 'NONE', #4082, 5.499999999999994671 ) ;
#1932 = CARTESIAN_POINT ( 'NONE',  ( 38.41227904007969585, 15.00000000000000000, 31.27808110350507320 ) ) ;
#1933 = ORIENTED_EDGE ( 'NONE', *, *, #2240, .F. ) ;
#1934 = CARTESIAN_POINT ( 'NONE',  ( 18.59150718393674495, 11.50000000000000000, -26.50000000000000711 ) ) ;
#1935 = ORIENTED_EDGE ( 'NONE', *, *, #2000, .T. ) ;
#1936 = VECTOR ( 'NONE', #171, 1000.000000000000000 ) ;
#1937 = EDGE_LOOP ( 'NONE', ( #619, #1711, #2692, #1688 ) ) ;
#1938 = CARTESIAN_POINT ( 'NONE',  ( -4.299999999999999822, 20.00000000000000000, 18.70000000000000284 ) ) ;
#1939 = EDGE_LOOP ( 'NONE', ( #4732, #4369, #1935, #4230, #2923, #2404 ) ) ;
#1940 = AXIS2_PLACEMENT_3D ( 'NONE', #315, #2898, #2925 ) ;
#1941 = VERTEX_POINT ( 'NONE', #3777 ) ;
#1942 = AXIS2_PLACEMENT_3D ( 'NONE', #4521, #2664, #4137 ) ;
#1943 = EDGE_CURVE ( 'NONE', #2214, #616, #4110, .T. ) ;
#1944 = EDGE_CURVE ( 'NONE', #1432, #3523, #1580, .T. ) ;
#1945 = DIRECTION ( 'NONE',  ( 0.000000000000000000, 0.000000000000000000, 1.000000000000000000 ) ) ;
#1946 = FACE_OUTER_BOUND ( 'NONE', #2671, .T. ) ;
#1947 = LINE ( 'NONE', #805, #2545 ) ;
#1948 = CARTESIAN_POINT ( 'NONE',  ( -44.50000000000001421, 1.800000000000000044, 20.49999999999999645 ) ) ;
#1949 = ADVANCED_FACE ( 'NONE', ( #3808 ), #3093, .F. ) ;
#1950 = LINE ( 'NONE', #753, #4304 ) ;
#1951 = CARTESIAN_POINT ( 'NONE',  ( 44.50000000000001421, 11.00000000000000000, -29.00000000000000711 ) ) ;
#1952 = DIRECTION ( 'NONE',  ( 0.000000000000000000, -1.000000000000000000, 0.000000000000000000 ) ) ;
#1953 = EDGE_LOOP ( 'NONE', ( #844, #3269, #3361, #1695 ) ) ;
#1954 = CARTESIAN_POINT ( 'NONE',  ( 45.67077626419153091, 1.800000000000000044, -20.58101651390110831 ) ) ;
#1955 = ORIENTED_EDGE ( 'NONE', *, *, #98, .F. ) ;
#1956 = FACE_OUTER_BOUND ( 'NONE', #1453, .T. ) ;
#1957 = ORIENTED_EDGE ( 'NONE', *, *, #24, .T. ) ;
#1958 = VERTEX_POINT ( 'NONE', #4204 ) ;
#1959 = VERTEX_POINT ( 'NONE', #414 ) ;
#1960 = EDGE_CURVE ( 'NONE', #2621, #2727, #469, .T. ) ;
#1961 = ORIENTED_EDGE ( 'NONE', *, *, #4684, .F. ) ;
#1962 = DIRECTION ( 'NONE',  ( 0.000000000000000000, -1.000000000000000000, 0.000000000000000000 ) ) ;
#1963 = CARTESIAN_POINT ( 'NONE',  ( -44.50000000000001421, 15.00000000000000000, -37.50000000000002132 ) ) ;
#1964 = UNCERTAINTY_MEASURE_WITH_UNIT (LENGTH_MEASURE( 1.000000000000000082E-05 ), #3943, 'distance_accuracy_value', 'NONE');
#1965 = CYLINDRICAL_SURFACE ( 'NONE', #47, 6.499999999999999112 ) ;
#1966 = CYLINDRICAL_SURFACE ( 'NONE', #992, 6.499999999999995559 ) ;
#1967 = EDGE_CURVE ( 'NONE', #6, #482, #4568, .T. ) ;
#1968 = DIRECTION ( 'NONE',  ( 1.000000000000000000, 0.000000000000000000, 2.973811673103095791E-15 ) ) ;
#1969 = DIRECTION ( 'NONE',  ( 0.000000000000000000, -1.000000000000000000, 0.000000000000000000 ) ) ;
#1970 = EDGE_CURVE ( 'NONE', #2472, #3883, #974, .T. ) ;
#1971 = ORIENTED_EDGE ( 'NONE', *, *, #3379, .T. ) ;
#1972 = ORIENTED_EDGE ( 'NONE', *, *, #1491, .F. ) ;
#1973 = CARTESIAN_POINT ( 'NONE',  ( -18.59150718393674850, 11.50000000000000000, 26.50000000000001066 ) ) ;
#1974 = ORIENTED_EDGE ( 'NONE', *, *, #1890, .F. ) ;
#1975 = PLANE ( 'NONE',  #1682 ) ;
#1976 = VERTEX_POINT ( 'NONE', #1948 ) ;
#1977 = EDGE_CURVE ( 'NONE', #2528, #1262, #2811, .T. ) ;
#1978 = ORIENTED_EDGE ( 'NONE', *, *, #2828, .F. ) ;
#1979 = CARTESIAN_POINT ( 'NONE',  ( 42.40248609824078585, 4.200000000000000178, -10.32298666518198793 ) ) ;
#1980 = CARTESIAN_POINT ( 'NONE',  ( 51.68556701030929901, 15.00000000000000000, 24.45933631058685620 ) ) ;
#1981 = AXIS2_PLACEMENT_3D ( 'NONE', #4188, #48, #2714 ) ;
#1982 = AXIS2_PLACEMENT_3D ( 'NONE', #3254, #666, #3614 ) ;
#1983 = ORIENTED_EDGE ( 'NONE', *, *, #1788, .T. ) ;
#1984 = LINE ( 'NONE', #1963, #265 ) ;
#1985 = PRODUCT_DEFINITION_FORMATION_WITH_SPECIFIED_SOURCE ( 'ANY', '', #2184, .NOT_KNOWN. ) ;
#1986 = VECTOR ( 'NONE', #750, 1000.000000000000000 ) ;
#1987 = AXIS2_PLACEMENT_3D ( 'NONE', #3189, #1653, #3140 ) ;
#1988 = DIRECTION ( 'NONE',  ( 0.000000000000000000, -0.000000000000000000, -1.000000000000000000 ) ) ;
#1989 = CARTESIAN_POINT ( 'NONE',  ( 42.00000000000001421, 1.799999999999999600, 26.50000000000001066 ) ) ;
#1990 = DIRECTION ( 'NONE',  ( -0.000000000000000000, 1.000000000000000000, -0.000000000000000000 ) ) ;
#1991 = CIRCLE ( 'NONE', #590, 43.50000000000000711 ) ;
#1992 = VECTOR ( 'NONE', #949, 1000.000000000000000 ) ;
#1993 = LINE ( 'NONE', #1541, #1211 ) ;
#1994 = LINE ( 'NONE', #1542, #192 ) ;
#1995 = AXIS2_PLACEMENT_3D ( 'NONE', #2758, #2860, #4721 ) ;
#1996 = CIRCLE ( 'NONE', #2625, 40.00000000000000000 ) ;
#1997 = EDGE_CURVE ( 'NONE', #2297, #1958, #194, .T. ) ;
#1998 = ORIENTED_EDGE ( 'NONE', *, *, #1698, .T. ) ;
#1999 = DIRECTION ( 'NONE',  ( 0.000000000000000000, 0.000000000000000000, 1.000000000000000000 ) ) ;
#2000 = EDGE_CURVE ( 'NONE', #608, #2077, #1049, .T. ) ;
#2001 = ORIENTED_EDGE ( 'NONE', *, *, #3139, .T. ) ;
#2002 = VECTOR ( 'NONE', #3451, 1000.000000000000000 ) ;
#2003 = ORIENTED_EDGE ( 'NONE', *, *, #3662, .T. ) ;
#2004 = FACE_OUTER_BOUND ( 'NONE', #3933, .T. ) ;
#2005 = ORIENTED_EDGE ( 'NONE', *, *, #1710, .T. ) ;
#2006 = EDGE_CURVE ( 'NONE', #376, #4535, #3625, .T. ) ;
#2007 = ORIENTED_EDGE ( 'NONE', *, *, #4666, .T. ) ;
#2008 = VECTOR ( 'NONE', #3134, 1000.000000000000000 ) ;
#2009 = ORIENTED_EDGE ( 'NONE', *, *, #4150, .T. ) ;
#2010 = VECTOR ( 'NONE', #246, 1000.000000000000000 ) ;
#2011 = LINE ( 'NONE', #1577, #2725 ) ;
#2012 = LINE ( 'NONE', #914, #677 ) ;
#2013 = DIRECTION ( 'NONE',  ( 0.000000000000000000, -1.000000000000000000, 0.000000000000000000 ) ) ;
#2014 = VECTOR ( 'NONE', #1308, 1000.000000000000000 ) ;
#2015 = ORIENTED_EDGE ( 'NONE', *, *, #4658, .T. ) ;
#2016 = CARTESIAN_POINT ( 'NONE',  ( 8.000000000000000000, 20.00000000000000000, 18.70000000000000284 ) ) ;
#2017 = DIRECTION ( 'NONE',  ( 0.000000000000000000, 0.000000000000000000, -1.000000000000000000 ) ) ;
#2018 = AXIS2_PLACEMENT_3D ( 'NONE', #870, #826, #436 ) ;
#2019 = CARTESIAN_POINT ( 'NONE',  ( 44.50000000000001421, 15.00000000000000000, 29.00000000000000711 ) ) ;
#2020 = DIRECTION ( 'NONE',  ( -0.000000000000000000, -1.000000000000000000, -0.000000000000000000 ) ) ;
#2021 = DIRECTION ( 'NONE',  ( -1.000000000000000000, 0.000000000000000000, 0.000000000000000000 ) ) ;
#2022 = LINE ( 'NONE', #1267, #2139 ) ;
#2023 = EDGE_CURVE ( 'NONE', #1275, #1487, #3078, .T. ) ;
#2024 = ORIENTED_EDGE ( 'NONE', *, *, #2791, .T. ) ;
#2025 = DIRECTION ( 'NONE',  ( 0.000000000000000000, 0.000000000000000000, -1.000000000000000000 ) ) ;
#2026 = EDGE_LOOP ( 'NONE', ( #3350, #947, #4212, #1256, #3323 ) ) ;
#2027 = ORIENTED_EDGE ( 'NONE', *, *, #3853, .F. ) ;
#2028 = CARTESIAN_POINT ( 'NONE',  ( -44.50000000000001421, 11.00000000000000000, 34.50000000000000000 ) ) ;
#2029 = EDGE_LOOP ( 'NONE', ( #2814, #2007, #1362, #3175 ) ) ;
#2030 = EDGE_LOOP ( 'NONE', ( #514, #1423, #2544, #449 ) ) ;
#2031 = ORIENTED_EDGE ( 'NONE', *, *, #697, .F. ) ;
#2032 = ADVANCED_FACE ( 'NONE', ( #1956 ), #1230, .F. ) ;
#2033 = DIRECTION ( 'NONE',  ( -1.000000000000000000, 0.000000000000000000, -0.000000000000000000 ) ) ;
#2034 = CARTESIAN_POINT ( 'NONE',  ( -18.59150718393674850, 15.00000000000000000, -30.00000000000000711 ) ) ;
#2035 = DIRECTION ( 'NONE',  ( 0.000000000000000000, 0.000000000000000000, -1.000000000000000000 ) ) ;
#2036 = ORIENTED_EDGE ( 'NONE', *, *, #364, .F. ) ;
#2037 = LINE ( 'NONE', #2606, #2387 ) ;
#2038 = CARTESIAN_POINT ( 'NONE',  ( 44.50000000000001421, 15.00000000000000000, -29.00000000000000711 ) ) ;
#2039 = CARTESIAN_POINT ( 'NONE',  ( -1.700000000000000178, 20.00000000000000000, -7.699999999999993960 ) ) ;
#2040 = DIRECTION ( 'NONE',  ( 0.000000000000000000, 0.000000000000000000, -1.000000000000000000 ) ) ;
#2041 = DIRECTION ( 'NONE',  ( 0.000000000000000000, 0.000000000000000000, -1.000000000000000000 ) ) ;
#2042 = ORIENTED_EDGE ( 'NONE', *, *, #176, .T. ) ;
#2043 = EDGE_LOOP ( 'NONE', ( #731, #153, #899, #1797, #3759, #235, #4782, #461 ) ) ;
#2044 = DIRECTION ( 'NONE',  ( -1.000000000000000000, 0.000000000000000000, 4.380617892835525677E-16 ) ) ;
#2045 = FACE_BOUND ( 'NONE', #1497, .T. ) ;
#2046 = EDGE_LOOP ( 'NONE', ( #3033, #3687, #1076, #954 ) ) ;
#2047 = DIRECTION ( 'NONE',  ( 0.000000000000000000, -1.000000000000000000, 0.000000000000000000 ) ) ;
#2048 = EDGE_LOOP ( 'NONE', ( #3525, #2537, #1642, #4417 ) ) ;
#2049 = VERTEX_POINT ( 'NONE', #4126 ) ;
#2050 = EDGE_CURVE ( 'NONE', #2198, #4047, #1200, .T. ) ;
#2051 = ORIENTED_EDGE ( 'NONE', *, *, #2116, .T. ) ;
#2052 = CARTESIAN_POINT ( 'NONE',  ( 19.29988841106000663, 0.000000000000000000, 30.00316379769992636 ) ) ;
#2053 = EDGE_CURVE ( 'NONE', #4345, #730, #865, .T. ) ;
#2054 = DIRECTION ( 'NONE',  ( 0.000000000000000000, 0.000000000000000000, -1.000000000000000000 ) ) ;
#2055 = ORIENTED_EDGE ( 'NONE', *, *, #4555, .T. ) ;
#2056 = ORIENTED_EDGE ( 'NONE', *, *, #4458, .T. ) ;
#2057 = LINE ( 'NONE', #4671, #739 ) ;
#2058 = VECTOR ( 'NONE', #756, 1000.000000000000000 ) ;
#2059 = EDGE_CURVE ( 'NONE', #128, #4237, #1912, .T. ) ;
#2060 = DIRECTION ( 'NONE',  ( 1.982541115402061757E-15, 0.000000000000000000, -1.000000000000000000 ) ) ;
#2061 = CARTESIAN_POINT ( 'NONE',  ( 6.000000000000000888, 20.00000000000000000, 13.00000000000000533 ) ) ;
#2062 = VECTOR ( 'NONE', #1904, 1000.000000000000000 ) ;
#2063 = VECTOR ( 'NONE', #4207, 1000.000000000000000 ) ;
#2064 = DIRECTION ( 'NONE',  ( -1.000000000000000000, 0.000000000000000000, 4.336808689942017736E-16 ) ) ;
#2065 = CARTESIAN_POINT ( 'NONE',  ( 42.00000000000001421, 0.000000000000000000, -25.13865308473844351 ) ) ;
#2066 = AXIS2_PLACEMENT_3D ( 'NONE', #1543, #138, #3029 ) ;
#2067 = EDGE_CURVE ( 'NONE', #3737, #101, #3433, .T. ) ;
#2068 = ORIENTED_EDGE ( 'NONE', *, *, #1807, .T. ) ;
#2069 = ORIENTED_EDGE ( 'NONE', *, *, #281, .F. ) ;
#2070 = CIRCLE ( 'NONE', #3870, 43.50000000000000711 ) ;
#2071 = CIRCLE ( 'NONE', #4469, 5.000000000000000000 ) ;
#2072 = DIRECTION ( 'NONE',  ( 0.000000000000000000, 0.000000000000000000, -1.000000000000000000 ) ) ;
#2073 = ORIENTED_EDGE ( 'NONE', *, *, #1584, .F. ) ;
#2074 = ORIENTED_EDGE ( 'NONE', *, *, #426, .F. ) ;
#2075 = VECTOR ( 'NONE', #4576, 1000.000000000000000 ) ;
#2076 = VECTOR ( 'NONE', #4055, 1000.000000000000000 ) ;
#2077 = VERTEX_POINT ( 'NONE', #1973 ) ;
#2078 = DIRECTION ( 'NONE',  ( 0.000000000000000000, 1.000000000000000000, 0.000000000000000000 ) ) ;
#2079 = CARTESIAN_POINT ( 'NONE',  ( 45.51272330031807911, 8.846906403866901414, 4.127446218392172739 ) ) ;
#2080 = CARTESIAN_POINT ( 'NONE',  ( 1.700000000000000178, 15.00000000000000000, 7.000000000000003553 ) ) ;
#2081 = ORIENTED_EDGE ( 'NONE', *, *, #464, .T. ) ;
#2082 = VECTOR ( 'NONE', #657, 1000.000000000000000 ) ;
#2083 = EDGE_CURVE ( 'NONE', #4737, #478, #2395, .T. ) ;
#2084 = EDGE_CURVE ( 'NONE', #3494, #4333, #3473, .T. ) ;
#2085 = CARTESIAN_POINT ( 'NONE',  ( -44.50000000000001421, 11.00000000000000000, -29.00000000000000711 ) ) ;
#2086 = DIRECTION ( 'NONE',  ( 1.734723475976807094E-15, 0.000000000000000000, 1.000000000000000000 ) ) ;
#2087 = FACE_OUTER_BOUND ( 'NONE', #1953, .T. ) ;
#2088 = VECTOR ( 'NONE', #3446, 1000.000000000000000 ) ;
#2089 = DIRECTION ( 'NONE',  ( 0.000000000000000000, 0.000000000000000000, 1.000000000000000000 ) ) ;
#2090 = DIRECTION ( 'NONE',  ( 0.000000000000000000, -0.000000000000000000, -1.000000000000000000 ) ) ;
#2091 = EDGE_CURVE ( 'NONE', #3846, #549, #1573, .T. ) ;
#2092 = CIRCLE ( 'NONE', #3731, 6.499999999999999112 ) ;
#2093 = LINE ( 'NONE', #2113, #3092 ) ;
#2094 = EDGE_CURVE ( 'NONE', #156, #597, #4769, .T. ) ;
#2095 = ORIENTED_EDGE ( 'NONE', *, *, #4714, .F. ) ;
#2096 = ORIENTED_EDGE ( 'NONE', *, *, #721, .T. ) ;
#2097 = ORIENTED_EDGE ( 'NONE', *, *, #2502, .T. ) ;
#2098 = DIRECTION ( 'NONE',  ( 0.000000000000000000, -1.000000000000000000, 0.000000000000000000 ) ) ;
#2099 = VERTEX_POINT ( 'NONE', #3454 ) ;
#2100 = EDGE_LOOP ( 'NONE', ( #3431, #4046, #4398, #2992, #3950, #649 ) ) ;
#2101 = ORIENTED_EDGE ( 'NONE', *, *, #1344, .T. ) ;
#2102 = CARTESIAN_POINT ( 'NONE',  ( 42.04188619865061582, 6.000000000000000888, -5.000000000000000000 ) ) ;
#2103 = DIRECTION ( 'NONE',  ( 1.314141429483281149E-15, -0.000000000000000000, 1.000000000000000000 ) ) ;
#2104 = ORIENTED_EDGE ( 'NONE', *, *, #489, .F. ) ;
#2105 = EDGE_CURVE ( 'NONE', #2638, #2336, #2652, .T. ) ;
#2106 = DIRECTION ( 'NONE',  ( -0.000000000000000000, 1.000000000000000000, -0.000000000000000000 ) ) ;
#2107 = DIRECTION ( 'NONE',  ( -1.445602896647340396E-16, 0.000000000000000000, 1.000000000000000000 ) ) ;
#2108 = CARTESIAN_POINT ( 'NONE',  ( 39.95933631058686331, 0.000000000000000000, -36.18556701030929901 ) ) ;
#2109 = CARTESIAN_POINT ( 'NONE',  ( -58.34927731208833279, 0.000000000000000000, -37.51000000000001933 ) ) ;
#2110 = CARTESIAN_POINT ( 'NONE',  ( 45.50000000000002132, 9.929705247428545434, -3.091507183936754721 ) ) ;
#2111 = EDGE_CURVE ( 'NONE', #3864, #4096, #2623, .T. ) ;
#2112 = DIRECTION ( 'NONE',  ( 0.000000000000000000, -1.000000000000000000, -0.000000000000000000 ) ) ;
#2113 = CARTESIAN_POINT ( 'NONE',  ( 0.7000000000000061728, -8.450062914116743564E-16, -11.87707736052349539 ) ) ;
#2114 = ORIENTED_EDGE ( 'NONE', *, *, #4179, .T. ) ;
#2115 = EDGE_CURVE ( 'NONE', #2498, #3567, #52, .T. ) ;
#2116 = EDGE_CURVE ( 'NONE', #4058, #551, #4579, .T. ) ;
#2117 = ORIENTED_EDGE ( 'NONE', *, *, #960, .T. ) ;
#2118 = PLANE ( 'NONE',  #4554 ) ;
#2119 = ORIENTED_EDGE ( 'NONE', *, *, #3016, .F. ) ;
#2120 = ORIENTED_EDGE ( 'NONE', *, *, #2115, .F. ) ;
#2121 = ORIENTED_EDGE ( 'NONE', *, *, #4326, .F. ) ;
#2122 = DIRECTION ( 'NONE',  ( -0.000000000000000000, -1.000000000000000000, 0.000000000000000000 ) ) ;
#2123 = EDGE_CURVE ( 'NONE', #4779, #4454, #2303, .T. ) ;
#2124 = CARTESIAN_POINT ( 'NONE',  ( 15.20000000000000107, 15.00000000000000000, -30.00000000000000711 ) ) ;
#2125 = ORIENTED_EDGE ( 'NONE', *, *, #4209, .T. ) ;
#2126 = CARTESIAN_POINT ( 'NONE',  ( -15.19999999999999396, 4.200000000000000178, -26.50000000000000711 ) ) ;
#2127 = DIRECTION ( 'NONE',  ( 0.000000000000000000, 1.000000000000000000, -0.000000000000000000 ) ) ;
#2128 = DIRECTION ( 'NONE',  ( 0.000000000000000000, -1.000000000000000000, 0.000000000000000000 ) ) ;
#2129 = DIRECTION ( 'NONE',  ( 0.000000000000000000, 0.000000000000000000, -1.000000000000000000 ) ) ;
#2130 = PRODUCT_CONTEXT ( 'NONE', #2510, 'mechanical' ) ;
#2131 = CIRCLE ( 'NONE', #36, 40.00000000000000000 ) ;
#2132 = EDGE_LOOP ( 'NONE', ( #2015, #79, #2461, #311 ) ) ;
#2133 = VECTOR ( 'NONE', #1174, 1000.000000000000000 ) ;
#2134 = CIRCLE ( 'NONE', #2066, 4.599999999999996092 ) ;
#2135 = CARTESIAN_POINT ( 'NONE',  ( 44.50000000000001421, 1.799999999999999600, 22.50000000000002132 ) ) ;
#2136 = CARTESIAN_POINT ( 'NONE',  ( 44.50000000000001421, 1.799999999999999600, -29.00000000000001776 ) ) ;
#2137 = ADVANCED_FACE ( 'NONE', ( #2004 ), #4600, .F. ) ;
#2138 = EDGE_CURVE ( 'NONE', #4756, #360, #3410, .T. ) ;
#2139 = VECTOR ( 'NONE', #1285, 1000.000000000000000 ) ;
#2140 = ORIENTED_EDGE ( 'NONE', *, *, #2976, .T. ) ;
#2141 = CIRCLE ( 'NONE', #4465, 2.500000000000005773 ) ;
#2142 = VECTOR ( 'NONE', #4697, 1000.000000000000000 ) ;
#2143 = ORIENTED_EDGE ( 'NONE', *, *, #3470, .F. ) ;
#2144 = ORIENTED_EDGE ( 'NONE', *, *, #4451, .F. ) ;
#2145 = ORIENTED_EDGE ( 'NONE', *, *, #2419, .T. ) ;
#2146 = AXIS2_PLACEMENT_3D ( 'NONE', #4757, #2570, #3575 ) ;
#2147 = CIRCLE ( 'NONE', #3799, 1.000000000000002665 ) ;
#2148 = DIRECTION ( 'NONE',  ( 0.000000000000000000, 0.000000000000000000, 1.000000000000000000 ) ) ;
#2149 = VECTOR ( 'NONE', #390, 1000.000000000000000 ) ;
#2150 = CYLINDRICAL_SURFACE ( 'NONE', #850, 5.499999999999994671 ) ;
#2151 = VECTOR ( 'NONE', #3384, 1000.000000000000000 ) ;
#2152 = VECTOR ( 'NONE', #855, 1000.000000000000000 ) ;
#2153 = DIRECTION ( 'NONE',  ( -1.982541115402061757E-15, 0.000000000000000000, -1.000000000000000000 ) ) ;
#2154 = ORIENTED_EDGE ( 'NONE', *, *, #3899, .T. ) ;
#2155 = CARTESIAN_POINT ( 'NONE',  ( 38.41227904007969585, 0.000000000000000000, 31.27808110350507320 ) ) ;
#2156 = LINE ( 'NONE', #3583, #2938 ) ;
#2157 = DIRECTION ( 'NONE',  ( -0.000000000000000000, -1.000000000000000000, -0.000000000000000000 ) ) ;
#2158 = DIRECTION ( 'NONE',  ( -0.000000000000000000, 1.000000000000000000, -0.000000000000000000 ) ) ;
#2159 = AXIS2_PLACEMENT_3D ( 'NONE', #2280, #4482, #2653 ) ;
#2160 = PLANE ( 'NONE',  #4560 ) ;
#2161 = DIRECTION ( 'NONE',  ( 0.000000000000000000, 0.000000000000000000, -1.000000000000000000 ) ) ;
#2162 = AXIS2_PLACEMENT_3D ( 'NONE', #688, #1411, #4758 ) ;
#2163 = CARTESIAN_POINT ( 'NONE',  ( 18.59150718393674495, 15.00000000000000000, -70.00000000000000000 ) ) ;
#2164 = ORIENTED_EDGE ( 'NONE', *, *, #4119, .T. ) ;
#2165 = AXIS2_PLACEMENT_3D ( 'NONE', #2639, #4571, #3849 ) ;
#2166 = EDGE_CURVE ( 'NONE', #3737, #198, #1364, .T. ) ;
#2167 = FACE_OUTER_BOUND ( 'NONE', #4063, .T. ) ;
#2168 = ORIENTED_EDGE ( 'NONE', *, *, #453, .F. ) ;
#2169 = DIRECTION ( 'NONE',  ( 0.000000000000000000, 1.000000000000000000, 0.000000000000000000 ) ) ;
#2170 = ORIENTED_EDGE ( 'NONE', *, *, #4522, .F. ) ;
#2171 = ORIENTED_EDGE ( 'NONE', *, *, #2956, .F. ) ;
#2172 = ORIENTED_EDGE ( 'NONE', *, *, #1519, .T. ) ;
#2173 = DIRECTION ( 'NONE',  ( -6.061562490769531621E-15, 0.000000000000000000, -1.000000000000000000 ) ) ;
#2174 = CYLINDRICAL_SURFACE ( 'NONE', #1940, 8.500000000000010658 ) ;
#2175 = FACE_OUTER_BOUND ( 'NONE', #44, .T. ) ;
#2176 = CARTESIAN_POINT ( 'NONE',  ( -42.60667251374644593, 4.200000000000000178, 10.33115200650950527 ) ) ;
#2177 = VERTEX_POINT ( 'NONE', #4148 ) ;
#2178 = EDGE_CURVE ( 'NONE', #813, #771, #458, .T. ) ;
#2179 = EDGE_CURVE ( 'NONE', #4547, #2195, #269, .T. ) ;
#2180 = DIRECTION ( 'NONE',  ( 0.000000000000000000, 0.000000000000000000, -1.000000000000000000 ) ) ;
#2181 = LINE ( 'NONE', #1162, #919 ) ;
#2182 = CARTESIAN_POINT ( 'NONE',  ( 19.06382529095343870, 0.000000000000000000, 26.50192318384175749 ) ) ;
#2183 = DIRECTION ( 'NONE',  ( -1.067522139062651263E-15, 0.000000000000000000, 1.000000000000000000 ) ) ;
#2184 = PRODUCT ( 'SkiSafe 01 - Back', 'SkiSafe 01 - Back', '', ( #2130 ) ) ;
#2185 = CARTESIAN_POINT ( 'NONE',  ( 44.50000000000001421, -2.499999999999999112, -29.00000000000000711 ) ) ;
#2186 = DIRECTION ( 'NONE',  ( 0.000000000000000000, 0.000000000000000000, 1.000000000000000000 ) ) ;
#2187 = ORIENTED_EDGE ( 'NONE', *, *, #3694, .F. ) ;
#2188 = DIRECTION ( 'NONE',  ( -1.000000000000000000, 0.000000000000000000, 0.000000000000000000 ) ) ;
#2189 = LINE ( 'NONE', #4390, #1366 ) ;
#2190 = ORIENTED_EDGE ( 'NONE', *, *, #2444, .F. ) ;
#2191 = DIRECTION ( 'NONE',  ( 1.000000000000000000, 0.000000000000000000, -0.000000000000000000 ) ) ;
#2192 = FACE_BOUND ( 'NONE', #4477, .T. ) ;
#2193 = ORIENTED_EDGE ( 'NONE', *, *, #574, .T. ) ;
#2194 = EDGE_LOOP ( 'NONE', ( #800, #1386 ) ) ;
#2195 = VERTEX_POINT ( 'NONE', #631 ) ;
#2196 = LINE ( 'NONE', #2543, #2719 ) ;
#2197 = CARTESIAN_POINT ( 'NONE',  ( 45.54555525137367766, 6.379903345528189718, -5.000000000000000888 ) ) ;
#2198 = VERTEX_POINT ( 'NONE', #4680 ) ;
#2199 = ORIENTED_EDGE ( 'NONE', *, *, #1255, .T. ) ;
#2200 = EDGE_CURVE ( 'NONE', #1665, #3822, #3236, .T. ) ;
#2201 = CARTESIAN_POINT ( 'NONE',  ( 44.50000000000001421, 39.04163056034264656, 20.49999999999999645 ) ) ;
#2202 = ADVANCED_FACE ( 'NONE', ( #2405 ), #187, .F. ) ;
#2203 = DIRECTION ( 'NONE',  ( 0.000000000000000000, 0.000000000000000000, -1.000000000000000000 ) ) ;
#2204 = CARTESIAN_POINT ( 'NONE',  ( 40.63865308473844351, 0.000000000000000000, -26.50000000000001421 ) ) ;
#2205 = CARTESIAN_POINT ( 'NONE',  ( 44.50000000000001421, 15.00000000000000000, -29.00000000000000711 ) ) ;
#2206 = DIRECTION ( 'NONE',  ( 0.000000000000000000, -1.000000000000000000, 0.000000000000000000 ) ) ;
#2207 = CARTESIAN_POINT ( 'NONE',  ( 4.299999999999999822, 17.00000000000000000, 18.70000000000000284 ) ) ;
#2208 = DIRECTION ( 'NONE',  ( 1.982541115402067674E-15, 0.000000000000000000, 1.000000000000000000 ) ) ;
#2209 = EDGE_LOOP ( 'NONE', ( #4613, #2763, #4580, #4145 ) ) ;
#2210 = DIRECTION ( 'NONE',  ( -1.000000000000000000, 0.000000000000000000, -0.000000000000000000 ) ) ;
#2211 = EDGE_CURVE ( 'NONE', #4667, #2355, #2314, .T. ) ;
#2212 = ORIENTED_EDGE ( 'NONE', *, *, #1970, .T. ) ;
#2213 = CARTESIAN_POINT ( 'NONE',  ( -15.19999999999999396, 4.200000000000000178, -26.30000000000000782 ) ) ;
#2214 = VERTEX_POINT ( 'NONE', #4642 ) ;
#2215 = AXIS2_PLACEMENT_3D ( 'NONE', #393, #2188, #2584 ) ;
#2216 = VECTOR ( 'NONE', #320, 1000.000000000000000 ) ;
#2217 = EDGE_LOOP ( 'NONE', ( #2338, #2276, #2172, #1485 ) ) ;
#2218 = VERTEX_POINT ( 'NONE', #3539 ) ;
#2219 = AXIS2_PLACEMENT_3D ( 'NONE', #446, #2270, #2715 ) ;
#2220 = VECTOR ( 'NONE', #4542, 1000.000000000000000 ) ;
#2221 = CARTESIAN_POINT ( 'NONE',  ( 44.50000000000001421, 1.800000000000000044, 29.00000000000000711 ) ) ;
#2222 = FACE_OUTER_BOUND ( 'NONE', #999, .T. ) ;
#2223 = FACE_OUTER_BOUND ( 'NONE', #3036, .T. ) ;
#2224 = ORIENTED_EDGE ( 'NONE', *, *, #203, .F. ) ;
#2225 = AXIS2_PLACEMENT_3D ( 'NONE', #2650, #1153, #3356 ) ;
#2226 = VECTOR ( 'NONE', #2378, 1000.000000000000000 ) ;
#2227 = ORIENTED_EDGE ( 'NONE', *, *, #401, .F. ) ;
#2228 = AXIS2_PLACEMENT_3D ( 'NONE', #3792, #457, #2617 ) ;
#2229 = CARTESIAN_POINT ( 'NONE',  ( 0.7000000000000061728, -8.450062914116743564E-16, -30.00000000000000711 ) ) ;
#2230 = CARTESIAN_POINT ( 'NONE',  ( 19.29997428487289568, 0.000000000000000000, 26.50315813057420300 ) ) ;
#2231 = CARTESIAN_POINT ( 'NONE',  ( 4.299999999999999822, 20.00000000000000000, 19.00000000000000355 ) ) ;
#2232 = VECTOR ( 'NONE', #2330, 1000.000000000000000 ) ;
#2233 = AXIS2_PLACEMENT_3D ( 'NONE', #4777, #1484, #1014 ) ;
#2234 = CARTESIAN_POINT ( 'NONE',  ( -42.00000000000000711, 11.50000000000000000, 30.00000000000001066 ) ) ;
#2235 = CARTESIAN_POINT ( 'NONE',  ( 45.54555525137367766, 15.00000000000000000, 4.999999999999997335 ) ) ;
#2236 = FACE_OUTER_BOUND ( 'NONE', #2437, .T. ) ;
#2237 = CARTESIAN_POINT ( 'NONE',  ( 46.16062554098196813, 15.00000000000000000, -10.33123212160938742 ) ) ;
#2238 = AXIS2_PLACEMENT_3D ( 'NONE', #777, #2706, #1187 ) ;
#2239 = ORIENTED_EDGE ( 'NONE', *, *, #4714, .T. ) ;
#2240 = EDGE_CURVE ( 'NONE', #3917, #4614, #548, .T. ) ;
#2241 = DIRECTION ( 'NONE',  ( 0.000000000000000000, 0.000000000000000000, -1.000000000000000000 ) ) ;
#2242 = LINE ( 'NONE', #2869, #3013 ) ;
#2243 = EDGE_CURVE ( 'NONE', #3130, #3223, #1837, .T. ) ;
#2244 = AXIS2_PLACEMENT_3D ( 'NONE', #4428, #1097, #3713 ) ;
#2245 = DIRECTION ( 'NONE',  ( 0.000000000000000000, -1.000000000000000000, 0.000000000000000000 ) ) ;
#2246 = ORIENTED_EDGE ( 'NONE', *, *, #2809, .T. ) ;
#2247 = ORIENTED_EDGE ( 'NONE', *, *, #546, .F. ) ;
#2248 = EDGE_LOOP ( 'NONE', ( #2563, #341, #1037 ) ) ;
#2249 = AXIS2_PLACEMENT_3D ( 'NONE', #1084, #2903, #745 ) ;
#2250 = ORIENTED_EDGE ( 'NONE', *, *, #2342, .T. ) ;
#2251 = VERTEX_POINT ( 'NONE', #1686 ) ;
#2252 = CARTESIAN_POINT ( 'NONE',  ( 42.04188619865061582, 15.00000000000000000, -4.999999999999997335 ) ) ;
#2253 = VECTOR ( 'NONE', #2659, 1000.000000000000000 ) ;
#2254 = CARTESIAN_POINT ( 'NONE',  ( -42.00000000000000711, 15.00000000000000000, -3.091507183936765379 ) ) ;
#2255 = ORIENTED_EDGE ( 'NONE', *, *, #3353, .T. ) ;
#2256 = DIRECTION ( 'NONE',  ( -0.000000000000000000, 1.000000000000000000, -0.000000000000000000 ) ) ;
#2257 = VERTEX_POINT ( 'NONE', #2028 ) ;
#2258 = DIRECTION ( 'NONE',  ( -0.000000000000000000, 1.000000000000000000, -0.000000000000000000 ) ) ;
#2259 = DIRECTION ( 'NONE',  ( 1.000000000000000000, -0.000000000000000000, 0.000000000000000000 ) ) ;
#2260 = DIRECTION ( 'NONE',  ( 0.000000000000000000, 1.000000000000000000, 0.000000000000000000 ) ) ;
#2261 = ADVANCED_FACE ( 'NONE', ( #2492 ), #2118, .F. ) ;
#2262 = CARTESIAN_POINT ( 'NONE',  ( -7.699999999999998401, 20.00000000000000000, 7.300000000000004263 ) ) ;
#2263 = CARTESIAN_POINT ( 'NONE',  ( -44.50000000000001421, -2.499999999999999112, -29.00000000000000711 ) ) ;
#2264 = CARTESIAN_POINT ( 'NONE',  ( 6.000000000000000888, 11.50000000000000000, 13.00000000000000533 ) ) ;
#2265 = CARTESIAN_POINT ( 'NONE',  ( 0.7000000000000061728, -8.450062914116743564E-16, -26.50000000000000711 ) ) ;
#2266 = ORIENTED_EDGE ( 'NONE', *, *, #3135, .F. ) ;
#2267 = FACE_OUTER_BOUND ( 'NONE', #3268, .T. ) ;
#2268 = PRODUCT_DEFINITION ( 'UNKNOWN', '', #1985, #3443 ) ;
#2269 = CARTESIAN_POINT ( 'NONE',  ( -44.50000000000001421, 11.00000000000000000, 34.50000000000000000 ) ) ;
#2270 = DIRECTION ( 'NONE',  ( -1.000000000000000000, 0.000000000000000000, 0.000000000000000000 ) ) ;
#2271 = CARTESIAN_POINT ( 'NONE',  ( 44.50000000000001421, 39.04163056034264656, 29.00000000000000711 ) ) ;
#2272 = EDGE_LOOP ( 'NONE', ( #4130, #3156, #926, #3266, #587, #4070, #3707, #2440, #1195, #3264 ) ) ;
#2273 = CARTESIAN_POINT ( 'NONE',  ( -42.00000000000001421, 1.799999999999999600, 26.50000000000001066 ) ) ;
#2274 = EDGE_CURVE ( 'NONE', #2198, #3613, #1757, .T. ) ;
#2275 = ORIENTED_EDGE ( 'NONE', *, *, #2442, .T. ) ;
#2276 = ORIENTED_EDGE ( 'NONE', *, *, #4639, .F. ) ;
#2277 = DIRECTION ( 'NONE',  ( -0.000000000000000000, -1.000000000000000000, -0.000000000000000000 ) ) ;
#2278 = DIRECTION ( 'NONE',  ( -0.000000000000000000, 1.000000000000000000, -0.000000000000000000 ) ) ;
#2279 = ORIENTED_EDGE ( 'NONE', *, *, #4166, .T. ) ;
#2280 = CARTESIAN_POINT ( 'NONE',  ( 45.50000000000001421, 15.00000000000000000, -30.00000000000000711 ) ) ;
#2281 = DIRECTION ( 'NONE',  ( 0.000000000000000000, 0.000000000000000000, 1.000000000000000000 ) ) ;
#2282 = EDGE_LOOP ( 'NONE', ( #4621, #4496, #3513, #3538 ) ) ;
#2283 = EDGE_CURVE ( 'NONE', #4387, #3681, #3241, .T. ) ;
#2284 = DIRECTION ( 'NONE',  ( 0.000000000000000000, 0.000000000000000000, 1.000000000000000000 ) ) ;
#2285 = LINE ( 'NONE', #2577, #1681 ) ;
#2286 = DIRECTION ( 'NONE',  ( 2.135044278125301343E-15, 0.000000000000000000, -1.000000000000000000 ) ) ;
#2287 = CYLINDRICAL_SURFACE ( 'NONE', #4761, 6.499999999999995559 ) ;
#2288 = DIRECTION ( 'NONE',  ( 0.000000000000000000, -1.000000000000000000, 0.000000000000000000 ) ) ;
#2289 = DIRECTION ( 'NONE',  ( 0.000000000000000000, -1.000000000000000000, 0.000000000000000000 ) ) ;
#2290 = DIRECTION ( 'NONE',  ( -0.000000000000000000, -1.000000000000000000, -0.000000000000000000 ) ) ;
#2291 = CARTESIAN_POINT ( 'NONE',  ( 46.36398662557726880, 0.000000000000000000, 10.33115200650949284 ) ) ;
#2292 = DIRECTION ( 'NONE',  ( -0.000000000000000000, 1.000000000000000000, -0.000000000000000000 ) ) ;
#2293 = LINE ( 'NONE', #4545, #3082 ) ;
#2294 = CARTESIAN_POINT ( 'NONE',  ( -42.00000000000000711, 15.00000000000000355, 2.499999999999998668 ) ) ;
#2295 = EDGE_LOOP ( 'NONE', ( #1226, #3467 ) ) ;
#2296 = DIRECTION ( 'NONE',  ( -1.000000000000000000, 0.000000000000000000, -1.982541115402067674E-15 ) ) ;
#2297 = VERTEX_POINT ( 'NONE', #2423 ) ;
#2298 = ADVANCED_FACE ( 'NONE', ( #995 ), #1752, .T. ) ;
#2299 = ORIENTED_EDGE ( 'NONE', *, *, #4424, .T. ) ;
#2300 = EDGE_CURVE ( 'NONE', #994, #3680, #2070, .T. ) ;
#2301 = CARTESIAN_POINT ( 'NONE',  ( 44.50000000000001421, 15.00000000000000000, -34.50000000000000000 ) ) ;
#2302 = CIRCLE ( 'NONE', #343, 43.50000000000000711 ) ;
#2303 = LINE ( 'NONE', #3129, #4472 ) ;
#2304 = EDGE_LOOP ( 'NONE', ( #4176, #310, #2825, #3901 ) ) ;
#2305 = FACE_OUTER_BOUND ( 'NONE', #267, .T. ) ;
#2306 = ORIENTED_EDGE ( 'NONE', *, *, #1514, .F. ) ;
#2307 = EDGE_LOOP ( 'NONE', ( #3153, #3452, #1625, #3863 ) ) ;
#2308 = VECTOR ( 'NONE', #161, 1000.000000000000000 ) ;
#2309 = AXIS2_PLACEMENT_3D ( 'NONE', #4001, #638, #575 ) ;
#2310 = EDGE_CURVE ( 'NONE', #2893, #560, #3590, .T. ) ;
#2311 = EDGE_CURVE ( 'NONE', #2514, #225, #4244, .T. ) ;
#2312 = LINE ( 'NONE', #4536, #1863 ) ;
#2313 = AXIS2_PLACEMENT_3D ( 'NONE', #17, #3424, #2372 ) ;
#2314 = CIRCLE ( 'NONE', #3482, 43.50000000000001421 ) ;
#2315 = CARTESIAN_POINT ( 'NONE',  ( -38.50000000000001421, 15.00000000000000000, 26.50000000000001066 ) ) ;
#2316 = CARTESIAN_POINT ( 'NONE',  ( -38.50000000000001421, 1.799999999999999600, -26.50000000000001066 ) ) ;
#2317 = LINE ( 'NONE', #2963, #827 ) ;
#2318 = DIRECTION ( 'NONE',  ( -1.000000000000000000, 0.000000000000000000, 0.000000000000000000 ) ) ;
#2319 = AXIS2_PLACEMENT_3D ( 'NONE', #817, #3005, #4449 ) ;
#2320 = VECTOR ( 'NONE', #2107, 1000.000000000000000 ) ;
#2321 = CARTESIAN_POINT ( 'NONE',  ( 44.50000000000001421, 15.00000000000000000, 29.00000000000001776 ) ) ;
#2322 = DIRECTION ( 'NONE',  ( 0.000000000000000000, 0.000000000000000000, 1.000000000000000000 ) ) ;
#2323 = VECTOR ( 'NONE', #1459, 1000.000000000000000 ) ;
#2324 = DIRECTION ( 'NONE',  ( 0.000000000000000000, 1.000000000000000000, 0.000000000000000000 ) ) ;
#2325 = AXIS2_PLACEMENT_3D ( 'NONE', #2964, #780, #1504 ) ;
#2326 = DIRECTION ( 'NONE',  ( -0.000000000000000000, -1.000000000000000000, -0.000000000000000000 ) ) ;
#2327 = CARTESIAN_POINT ( 'NONE',  ( 42.00000000000002132, 15.00000000000000000, -23.00000000000001421 ) ) ;
#2328 = CARTESIAN_POINT ( 'NONE',  ( 44.50000000000001421, 15.00000000000000000, -29.00000000000001776 ) ) ;
#2329 = ORIENTED_EDGE ( 'NONE', *, *, #4339, .T. ) ;
#2330 = DIRECTION ( 'NONE',  ( 1.000000000000000000, 0.000000000000000000, -0.000000000000000000 ) ) ;
#2331 = ORIENTED_EDGE ( 'NONE', *, *, #172, .T. ) ;
#2332 = EDGE_CURVE ( 'NONE', #1576, #2942, #1730, .T. ) ;
#2333 = AXIS2_PLACEMENT_3D ( 'NONE', #952, #3930, #915 ) ;
#2334 = CARTESIAN_POINT ( 'NONE',  ( -42.00000000000001421, 0.000000000000000000, 26.50000000000001066 ) ) ;
#2335 = DIRECTION ( 'NONE',  ( 0.000000000000000000, 0.000000000000000000, -1.000000000000000000 ) ) ;
#2336 = VERTEX_POINT ( 'NONE', #4618 ) ;
#2337 = VECTOR ( 'NONE', #208, 1000.000000000000000 ) ;
#2338 = ORIENTED_EDGE ( 'NONE', *, *, #3314, .F. ) ;
#2339 = ORIENTED_EDGE ( 'NONE', *, *, #569, .F. ) ;
#2340 = CIRCLE ( 'NONE', #219, 4.599999999999999645 ) ;
#2341 = DIRECTION ( 'NONE',  ( -0.000000000000000000, 1.000000000000000000, -0.000000000000000000 ) ) ;
#2342 = EDGE_CURVE ( 'NONE', #2251, #214, #217, .T. ) ;
#2343 = PLANE ( 'NONE',  #148 ) ;
#2344 = EDGE_CURVE ( 'NONE', #2690, #1539, #1293, .T. ) ;
#2345 = FACE_OUTER_BOUND ( 'NONE', #547, .T. ) ;
#2346 = DIRECTION ( 'NONE',  ( 0.000000000000000000, 1.000000000000000000, 0.000000000000000000 ) ) ;
#2347 = CARTESIAN_POINT ( 'NONE',  ( -44.50000000000001421, 11.00000000000000000, -29.00000000000000711 ) ) ;
#2348 = CARTESIAN_POINT ( 'NONE',  ( 85.50000000000001421, 4.200000000000000178, 3.091507183936761827 ) ) ;
#2349 = CARTESIAN_POINT ( 'NONE',  ( 44.50000000000001421, 11.00000000000000000, -29.00000000000000711 ) ) ;
#2350 = CYLINDRICAL_SURFACE ( 'NONE', #2614, 6.499999999999999112 ) ;
#2351 = EDGE_CURVE ( 'NONE', #1091, #238, #4263, .T. ) ;
#2352 = ORIENTED_EDGE ( 'NONE', *, *, #3337, .F. ) ;
#2353 = CARTESIAN_POINT ( 'NONE',  ( 36.08101651390109765, 11.50000000000000000, -30.17077626419152026 ) ) ;
#2354 = DIRECTION ( 'NONE',  ( -0.000000000000000000, -1.000000000000000000, -0.000000000000000000 ) ) ;
#2355 = VERTEX_POINT ( 'NONE', #704 ) ;
#2356 = CARTESIAN_POINT ( 'NONE',  ( 44.50000000000001421, 15.00000000000000000, -37.50000000000002132 ) ) ;
#2357 = ORIENTED_EDGE ( 'NONE', *, *, #3593, .T. ) ;
#2358 = ORIENTED_EDGE ( 'NONE', *, *, #2507, .F. ) ;
#2359 = EDGE_LOOP ( 'NONE', ( #907, #459, #4532, #3522, #280, #1457, #4124, #3975 ) ) ;
#2360 = EDGE_CURVE ( 'NONE', #2049, #4599, #3290, .T. ) ;
#2361 = FACE_OUTER_BOUND ( 'NONE', #2030, .T. ) ;
#2362 = CYLINDRICAL_SURFACE ( 'NONE', #1377, 2.500000000000002220 ) ;
#2363 = CARTESIAN_POINT ( 'NONE',  ( -42.00000000000000711, 4.200000000000000178, 30.00000000000001066 ) ) ;
#2364 = VERTEX_POINT ( 'NONE', #680 ) ;
#2365 = CARTESIAN_POINT ( 'NONE',  ( -44.50000000000001421, -2.499999999999999112, 29.00000000000000711 ) ) ;
#2366 = ADVANCED_FACE ( 'NONE', ( #1562 ), #4706, .F. ) ;
#2367 = UNCERTAINTY_MEASURE_WITH_UNIT (LENGTH_MEASURE( 1.000000000000000082E-05 ), #1811, 'distance_accuracy_value', 'NONE');
#2368 = B_SPLINE_CURVE_WITH_KNOTS ( 'NONE', 3,
 ( #1856, #4803, #4443, #1113, #2605, #757, #4087, #394, #1881, #1509 ),
 .UNSPECIFIED., .F., .F.,
 ( 4, 2, 2, 2, 4 ),
 ( 0.000000000000000000, 0.001123505162731295356, 0.002247010325462591579, 0.003370515488193887368, 0.004494020650925184025 ),
 .UNSPECIFIED. ) ;
#2369 = DIRECTION ( 'NONE',  ( 0.000000000000000000, 0.000000000000000000, -1.000000000000000000 ) ) ;
#2370 = DIRECTION ( 'NONE',  ( -0.000000000000000000, 1.000000000000000000, -0.000000000000000000 ) ) ;
#2371 = LINE ( 'NONE', #834, #2133 ) ;
#2372 = DIRECTION ( 'NONE',  ( 0.000000000000000000, 0.000000000000000000, -1.000000000000000000 ) ) ;
#2373 = ORIENTED_EDGE ( 'NONE', *, *, #1417, .T. ) ;
#2374 = DIRECTION ( 'NONE',  ( 0.000000000000000000, -0.000000000000000000, -1.000000000000000000 ) ) ;
#2375 = ORIENTED_EDGE ( 'NONE', *, *, #155, .F. ) ;
#2376 = ADVANCED_FACE ( 'NONE', ( #4730 ), #1801, .T. ) ;
#2377 = CARTESIAN_POINT ( 'NONE',  ( -42.00000000000002132, 0.000000000000000000, -23.00000000000000355 ) ) ;
#2378 = DIRECTION ( 'NONE',  ( 0.000000000000000000, 1.000000000000000000, 0.000000000000000000 ) ) ;
#2379 = ORIENTED_EDGE ( 'NONE', *, *, #2481, .T. ) ;
#2380 = FACE_OUTER_BOUND ( 'NONE', #2762, .T. ) ;
#2381 = ORIENTED_EDGE ( 'NONE', *, *, #172, .F. ) ;
#2382 = ORIENTED_EDGE ( 'NONE', *, *, #2928, .F. ) ;
#2383 = DIRECTION ( 'NONE',  ( 0.000000000000000000, 1.000000000000000000, 0.000000000000000000 ) ) ;
#2384 = DIRECTION ( 'NONE',  ( 0.000000000000000000, 1.000000000000000000, 0.000000000000000000 ) ) ;
#2385 = DIRECTION ( 'NONE',  ( 0.000000000000000000, -1.000000000000000000, 0.000000000000000000 ) ) ;
#2386 = VECTOR ( 'NONE', #1454, 1000.000000000000000 ) ;
#2387 = VECTOR ( 'NONE', #1905, 1000.000000000000000 ) ;
#2388 = EDGE_CURVE ( 'NONE', #4347, #1860, #2147, .T. ) ;
#2389 = DIRECTION ( 'NONE',  ( -1.000000000000000000, 0.000000000000000000, 0.000000000000000000 ) ) ;
#2390 = CIRCLE ( 'NONE', #1215, 6.499999999999995559 ) ;
#2391 = FACE_OUTER_BOUND ( 'NONE', #1351, .T. ) ;
#2392 = DIRECTION ( 'NONE',  ( 0.000000000000000000, -1.000000000000000000, 0.000000000000000000 ) ) ;
#2393 = DIRECTION ( 'NONE',  ( 0.000000000000000000, -1.000000000000000000, 0.000000000000000000 ) ) ;
#2394 = VECTOR ( 'NONE', #2673, 1000.000000000000000 ) ;
#2395 = CIRCLE ( 'NONE', #4007, 2.500000000000005773 ) ;
#2396 = CYLINDRICAL_SURFACE ( 'NONE', #123, 8.500000000000010658 ) ;
#2397 =( NAMED_UNIT ( * ) SI_UNIT ( $, .STERADIAN. ) SOLID_ANGLE_UNIT ( ) );
#2398 = AXIS2_PLACEMENT_3D ( 'NONE', #1740, #1638, #3125 ) ;
#2399 = AXIS2_PLACEMENT_3D ( 'NONE', #4343, #1061, #2531 ) ;
#2400 = DIRECTION ( 'NONE',  ( -0.000000000000000000, 1.000000000000000000, -0.000000000000000000 ) ) ;
#2401 = ORIENTED_EDGE ( 'NONE', *, *, #2274, .F. ) ;
#2402 = EDGE_CURVE ( 'NONE', #3994, #813, #4421, .T. ) ;
#2403 = ADVANCED_FACE ( 'NONE', ( #1405 ), #4780, .F. ) ;
#2404 = ORIENTED_EDGE ( 'NONE', *, *, #2477, .F. ) ;
#2405 = FACE_OUTER_BOUND ( 'NONE', #2209, .T. ) ;
#2406 = ORIENTED_EDGE ( 'NONE', *, *, #1236, .T. ) ;
#2407 = AXIS2_PLACEMENT_3D ( 'NONE', #822, #2930, #1078 ) ;
#2408 = ORIENTED_EDGE ( 'NONE', *, *, #4505, .T. ) ;
#2409 = VECTOR ( 'NONE', #1154, 1000.000000000000000 ) ;
#2410 = DIRECTION ( 'NONE',  ( -0.000000000000000000, 1.000000000000000000, -0.000000000000000000 ) ) ;
#2411 = DIRECTION ( 'NONE',  ( -0.9999975931331908097, 0.000000000000000000, 0.002194020926394565744 ) ) ;
#2412 = AXIS2_PLACEMENT_3D ( 'NONE', #3647, #4340, #2183 ) ;
#2413 = ORIENTED_EDGE ( 'NONE', *, *, #1235, .T. ) ;
#2414 = CARTESIAN_POINT ( 'NONE',  ( 44.50000000000001421, 0.000000000000000000, -29.00000000000000711 ) ) ;
#2415 = DIRECTION ( 'NONE',  ( 0.000000000000000000, 1.000000000000000000, 0.000000000000000000 ) ) ;
#2416 = CARTESIAN_POINT ( 'NONE',  ( -44.50000000000001421, 11.00000000000000000, -34.50000000000000000 ) ) ;
#2417 = FACE_OUTER_BOUND ( 'NONE', #3674, .T. ) ;
#2418 = CARTESIAN_POINT ( 'NONE',  ( -5.999999999999999112, 20.00000000000000000, 11.00000000000000355 ) ) ;
#2419 = EDGE_CURVE ( 'NONE', #145, #2980, #728, .T. ) ;
#2420 = ORIENTED_EDGE ( 'NONE', *, *, #1582, .F. ) ;
#2421 = EDGE_CURVE ( 'NONE', #2931, #1461, #1052, .T. ) ;
#2422 = EDGE_LOOP ( 'NONE', ( #1185, #3201, #4164, #2806 ) ) ;
#2423 = CARTESIAN_POINT ( 'NONE',  ( 0.7000000000000061728, -8.450062914116743564E-16, -30.00000000000000711 ) ) ;
#2424 = ORIENTED_EDGE ( 'NONE', *, *, #3908, .T. ) ;
#2425 = EDGE_LOOP ( 'NONE', ( #1482, #4012, #4444, #3334 ) ) ;
#2426 = EDGE_LOOP ( 'NONE', ( #2246, #2852, #2741, #1002 ) ) ;
#2427 = PLANE ( 'NONE',  #1624 ) ;
#2428 = CARTESIAN_POINT ( 'NONE',  ( -44.50000000000001421, -2.499999999999999112, -29.00000000000000711 ) ) ;
#2429 = ORIENTED_EDGE ( 'NONE', *, *, #241, .F. ) ;
#2430 = EDGE_CURVE ( 'NONE', #1659, #257, #333, .T. ) ;
#2431 = DIRECTION ( 'NONE',  ( 0.000000000000000000, -0.000000000000000000, -1.000000000000000000 ) ) ;
#2432 = CARTESIAN_POINT ( 'NONE',  ( 45.50000000000001421, 4.200000000000000178, -30.00000000000000711 ) ) ;
#2433 = LINE ( 'NONE', #577, #2723 ) ;
#2434 = CYLINDRICAL_SURFACE ( 'NONE', #4616, 8.500000000000010658 ) ;
#2435 = DIRECTION ( 'NONE',  ( 0.000000000000000000, 0.000000000000000000, -1.000000000000000000 ) ) ;
#2436 = ORIENTED_EDGE ( 'NONE', *, *, #979, .T. ) ;
#2437 = EDGE_LOOP ( 'NONE', ( #708, #683, #2373, #2921, #3197, #2587 ) ) ;
#2438 = VERTEX_POINT ( 'NONE', #4378 ) ;
#2439 = DIRECTION ( 'NONE',  ( -1.000000000000000000, 0.000000000000000000, 0.000000000000000000 ) ) ;
#2440 = ORIENTED_EDGE ( 'NONE', *, *, #2878, .T. ) ;
#2441 = VERTEX_POINT ( 'NONE', #1768 ) ;
#2442 = EDGE_CURVE ( 'NONE', #2980, #1913, #957, .T. ) ;
#2443 = EDGE_LOOP ( 'NONE', ( #416, #4121, #4790, #2672 ) ) ;
#2444 = EDGE_CURVE ( 'NONE', #360, #481, #601, .T. ) ;
#2445 = CARTESIAN_POINT ( 'NONE',  ( -11.69999999999999396, 6.735557395310434135E-16, -30.00000000000000711 ) ) ;
#2446 = PLANE ( 'NONE',  #2651 ) ;
#2447 = CARTESIAN_POINT ( 'NONE',  ( 46.16062554098196813, 4.200000000000000178, -10.33123212160939097 ) ) ;
#2448 = ORIENTED_EDGE ( 'NONE', *, *, #487, .T. ) ;
#2449 = EDGE_CURVE ( 'NONE', #1323, #1300, #4624, .T. ) ;
#2450 = FACE_OUTER_BOUND ( 'NONE', #3118, .T. ) ;
#2451 = CARTESIAN_POINT ( 'NONE',  ( -44.50000000000001421, -22.00000000000000355, 29.00000000000000711 ) ) ;
#2452 = VECTOR ( 'NONE', #4014, 1000.000000000000114 ) ;
#2453 = CIRCLE ( 'NONE', #513, 4.599999999999996092 ) ;
#2454 = CYLINDRICAL_SURFACE ( 'NONE', #3004, 2.500000000000002220 ) ;
#2455 = CARTESIAN_POINT ( 'NONE',  ( -7.699999999999998401, 15.00000000000000000, 7.300000000000005151 ) ) ;
#2456 = CIRCLE ( 'NONE', #346, 8.500000000000010658 ) ;
#2457 = VECTOR ( 'NONE', #2112, 1000.000000000000000 ) ;
#2458 = FACE_OUTER_BOUND ( 'NONE', #4153, .T. ) ;
#2459 = AXIS2_PLACEMENT_3D ( 'NONE', #918, #2415, #3895 ) ;
#2460 = VECTOR ( 'NONE', #2122, 1000.000000000000000 ) ;
#2461 = ORIENTED_EDGE ( 'NONE', *, *, #4019, .F. ) ;
#2462 = VECTOR ( 'NONE', #4323, 1000.000000000000000 ) ;
#2463 = VECTOR ( 'NONE', #1475, 1000.000000000000000 ) ;
#2464 = CIRCLE ( 'NONE', #1840, 6.499999999999995559 ) ;
#2465 = ORIENTED_EDGE ( 'NONE', *, *, #1909, .T. ) ;
#2466 = DIRECTION ( 'NONE',  ( 0.000000000000000000, -1.000000000000000000, 0.000000000000000000 ) ) ;
#2467 = ORIENTED_EDGE ( 'NONE', *, *, #3923, .F. ) ;
#2468 = ORIENTED_EDGE ( 'NONE', *, *, #4603, .F. ) ;
#2469 = EDGE_CURVE ( 'NONE', #1546, #376, #4337, .T. ) ;
#2470 = VECTOR ( 'NONE', #1248, 1000.000000000000000 ) ;
#2471 = AXIS2_PLACEMENT_3D ( 'NONE', #3027, #4161, #419 ) ;
#2472 = VERTEX_POINT ( 'NONE', #3277 ) ;
#2473 = CARTESIAN_POINT ( 'NONE',  ( -44.50000000000001421, 11.00000000000000000, 29.00000000000000711 ) ) ;
#2474 = CIRCLE ( 'NONE', #2407, 40.00000000000000000 ) ;
#2475 = FACE_OUTER_BOUND ( 'NONE', #3677, .T. ) ;
#2476 = DIRECTION ( 'NONE',  ( -0.000000000000000000, 1.000000000000000000, -0.000000000000000000 ) ) ;
#2477 = EDGE_CURVE ( 'NONE', #583, #1830, #2156, .T. ) ;
#2478 = ORIENTED_EDGE ( 'NONE', *, *, #2310, .F. ) ;
#2479 = VECTOR ( 'NONE', #4481, 1000.000000000000000 ) ;
#2480 = DIRECTION ( 'NONE',  ( 0.000000000000000000, -1.000000000000000000, 0.000000000000000000 ) ) ;
#2481 = EDGE_CURVE ( 'NONE', #2519, #881, #990, .T. ) ;
#2482 = PLANE ( 'NONE',  #3708 ) ;
#2483 = ADVANCED_FACE ( 'NONE', ( #434 ), #4764, .T. ) ;
#2484 = CARTESIAN_POINT ( 'NONE',  ( -46.77808110350505899, 0.000000000000000000, -22.91227904007968519 ) ) ;
#2485 = CIRCLE ( 'NONE', #2165, 43.50000000000000711 ) ;
#2486 = DIRECTION ( 'NONE',  ( 0.000000000000000000, 0.000000000000000000, -1.000000000000000000 ) ) ;
#2487 = CARTESIAN_POINT ( 'NONE',  ( 46.77808110350508741, 1.799999999999999600, 22.91227904007970650 ) ) ;
#2488 = PLANE ( 'NONE',  #516 ) ;
#2489 = ORIENTED_EDGE ( 'NONE', *, *, #873, .T. ) ;
#2490 = EDGE_CURVE ( 'NONE', #2049, #3906, #66, .T. ) ;
#2491 = ORIENTED_EDGE ( 'NONE', *, *, #1197, .T. ) ;
#2492 = FACE_OUTER_BOUND ( 'NONE', #2894, .T. ) ;
#2493 = ORIENTED_EDGE ( 'NONE', *, *, #3169, .F. ) ;
#2494 = ORIENTED_EDGE ( 'NONE', *, *, #498, .F. ) ;
#2495 = VERTEX_POINT ( 'NONE', #1527 ) ;
#2496 = AXIS2_PLACEMENT_3D ( 'NONE', #4569, #1929, #4495 ) ;
#2497 = LINE ( 'NONE', #3612, #778 ) ;
#2498 = VERTEX_POINT ( 'NONE', #381 ) ;
#2499 = DIRECTION ( 'NONE',  ( 1.914177628664062783E-15, 0.000000000000000000, -1.000000000000000000 ) ) ;
#2500 = PLANE ( 'NONE',  #4699 ) ;
#2501 = CARTESIAN_POINT ( 'NONE',  ( -44.50000000000001421, -2.499999999999999112, 33.60000000000000142 ) ) ;
#2502 = EDGE_CURVE ( 'NONE', #2850, #2049, #4260, .T. ) ;
#2503 = EDGE_CURVE ( 'NONE', #711, #4705, #3301, .T. ) ;
#2504 = LINE ( 'NONE', #3984, #4240 ) ;
#2505 = CARTESIAN_POINT ( 'NONE',  ( -40.63865308473845062, 0.000000000000000000, 26.50000000000001066 ) ) ;
#2506 = VERTEX_POINT ( 'NONE', #8 ) ;
#2507 = EDGE_CURVE ( 'NONE', #597, #156, #3723, .T. ) ;
#2508 = DIRECTION ( 'NONE',  ( 1.000000000000000000, 0.000000000000000000, 0.000000000000000000 ) ) ;
#2509 = LINE ( 'NONE', #3348, #976 ) ;
#2510 = APPLICATION_CONTEXT ( 'automotive_design' ) ;
#2511 = ORIENTED_EDGE ( 'NONE', *, *, #4307, .T. ) ;
#2512 = CARTESIAN_POINT ( 'NONE',  ( -4.000000000000000000, 15.00000000000000000, 7.300000000000004263 ) ) ;
#2513 = CARTESIAN_POINT ( 'NONE',  ( 0.000000000000000000, 20.00000000000000000, 0.000000000000000000 ) ) ;
#2514 = VERTEX_POINT ( 'NONE', #694 ) ;
#2515 = EDGE_CURVE ( 'NONE', #4058, #1091, #2181, .T. ) ;
#2516 = ORIENTED_EDGE ( 'NONE', *, *, #494, .T. ) ;
#2517 = CARTESIAN_POINT ( 'NONE',  ( -42.60535781051601134, 0.000000000000000000, -10.32335836023588271 ) ) ;
#2518 = CARTESIAN_POINT ( 'NONE',  ( -1.700000000000000178, 17.00000000000000000, 7.000000000000003553 ) ) ;
#2519 = VERTEX_POINT ( 'NONE', #2935 ) ;
#2520 = FACE_OUTER_BOUND ( 'NONE', #2566, .T. ) ;
#2521 = LINE ( 'NONE', #1415, #4476 ) ;
#2522 = FACE_OUTER_BOUND ( 'NONE', #4729, .T. ) ;
#2523 = ADVANCED_FACE ( 'NONE', ( #4410 ), #3871, .F. ) ;
#2524 = DIRECTION ( 'NONE',  ( -0.000000000000000000, -1.000000000000000000, -0.000000000000000000 ) ) ;
#2525 = FACE_OUTER_BOUND ( 'NONE', #885, .T. ) ;
#2526 = CIRCLE ( 'NONE', #115, 43.50000000000000711 ) ;
#2527 = CYLINDRICAL_SURFACE ( 'NONE', #3563, 40.00000000000000711 ) ;
#2528 = VERTEX_POINT ( 'NONE', #2034 ) ;
#2529 = VECTOR ( 'NONE', #2819, 1000.000000000000000 ) ;
#2530 = CIRCLE ( 'NONE', #964, 2.500000000000002220 ) ;
#2531 = DIRECTION ( 'NONE',  ( 0.000000000000000000, -1.000000000000000000, -1.084202172485504434E-16 ) ) ;
#2532 = LINE ( 'NONE', #308, #1223 ) ;
#2533 = EDGE_LOOP ( 'NONE', ( #369, #4291 ) ) ;
#2534 = VECTOR ( 'NONE', #3524, 1000.000000000000000 ) ;
#2535 = CARTESIAN_POINT ( 'NONE',  ( 44.50000000000001421, 11.00000000000000000, 26.50000000000000711 ) ) ;
#2536 = ADVANCED_FACE ( 'NONE', ( #4625 ), #2362, .F. ) ;
#2537 = ORIENTED_EDGE ( 'NONE', *, *, #3880, .F. ) ;
#2538 = VERTEX_POINT ( 'NONE', #1980 ) ;
#2539 = AXIS2_PLACEMENT_3D ( 'NONE', #908, #845, #104 ) ;
#2540 = AXIS2_PLACEMENT_3D ( 'NONE', #1385, #286, #3678 ) ;
#2541 = ORIENTED_EDGE ( 'NONE', *, *, #2837, .T. ) ;
#2542 = CARTESIAN_POINT ( 'NONE',  ( 42.60537019190390851, 15.00000000000000000, -10.32343179820049528 ) ) ;
#2543 = CARTESIAN_POINT ( 'NONE',  ( 7.700000000000000178, 20.00000000000000000, 7.300000000000002487 ) ) ;
#2544 = ORIENTED_EDGE ( 'NONE', *, *, #610, .F. ) ;
#2545 = VECTOR ( 'NONE', #3776, 1000.000000000000000 ) ;
#2546 = DIRECTION ( 'NONE',  ( 0.000000000000000000, -0.000000000000000000, -1.000000000000000000 ) ) ;
#2547 = EDGE_LOOP ( 'NONE', ( #3469, #2154, #1288, #3924 ) ) ;
#2548 = CARTESIAN_POINT ( 'NONE',  ( 0.7000000000000061728, 4.200000000000000178, 0.000000000000000000 ) ) ;
#2549 = DIRECTION ( 'NONE',  ( 1.000000000000000000, 0.000000000000000000, 0.000000000000000000 ) ) ;
#2550 = LINE ( 'NONE', #4436, #923 ) ;
#2551 = DIRECTION ( 'NONE',  ( -4.380617892835525677E-16, 0.000000000000000000, -1.000000000000000000 ) ) ;
#2552 = VECTOR ( 'NONE', #1412, 1000.000000000000000 ) ;
#2553 = FACE_BOUND ( 'NONE', #1116, .T. ) ;
#2554 = CARTESIAN_POINT ( 'NONE',  ( 44.50000000000001421, 15.00000000000000000, 29.00000000000000711 ) ) ;
#2555 = VERTEX_POINT ( 'NONE', #825 ) ;
#2556 = CIRCLE ( 'NONE', #1626, 6.499999999999999112 ) ;
#2557 = FACE_BOUND ( 'NONE', #3333, .T. ) ;
#2558 = VERTEX_POINT ( 'NONE', #1629 ) ;
#2559 = CIRCLE ( 'NONE', #470, 43.50000000000000711 ) ;
#2560 = DIRECTION ( 'NONE',  ( 1.000000000000000000, 0.000000000000000000, 0.000000000000000000 ) ) ;
#2561 = FACE_OUTER_BOUND ( 'NONE', #4527, .T. ) ;
#2562 = EDGE_CURVE ( 'NONE', #1041, #2506, #3180, .T. ) ;
#2563 = ORIENTED_EDGE ( 'NONE', *, *, #960, .F. ) ;
#2564 = DIRECTION ( 'NONE',  ( -0.000000000000000000, -1.000000000000000000, -0.000000000000000000 ) ) ;
#2565 = VERTEX_POINT ( 'NONE', #3063 ) ;
#2566 = EDGE_LOOP ( 'NONE', ( #815, #1643, #2101, #1224, #2572, #4146, #1331, #1871, #4484, #3754, #928, #3324, #407, #2998, #4807, #3904, #505, #3457 ) ) ;
#2567 = ORIENTED_EDGE ( 'NONE', *, *, #4804, .F. ) ;
#2568 = ORIENTED_EDGE ( 'NONE', *, *, #2648, .F. ) ;
#2569 = EDGE_CURVE ( 'NONE', #1316, #4430, #2556, .T. ) ;
#2570 = DIRECTION ( 'NONE',  ( -0.000000000000000000, 1.000000000000000000, -0.000000000000000000 ) ) ;
#2571 = CARTESIAN_POINT ( 'NONE',  ( -44.50000000000001421, 11.00000000000000000, -29.00000000000000711 ) ) ;
#2572 = ORIENTED_EDGE ( 'NONE', *, *, #2166, .F. ) ;
#2573 = CYLINDRICAL_SURFACE ( 'NONE', #4321, 5.499999999999994671 ) ;
#2574 = DIRECTION ( 'NONE',  ( -0.000000000000000000, -1.000000000000000000, -0.000000000000000000 ) ) ;
#2575 = ORIENTED_EDGE ( 'NONE', *, *, #2091, .F. ) ;
#2576 = CARTESIAN_POINT ( 'NONE',  ( -44.50000000000001421, 15.00000000000000000, -29.00000000000000711 ) ) ;
#2577 = CARTESIAN_POINT ( 'NONE',  ( 18.59150718393674495, 15.00000000000000000, 30.00000000000001066 ) ) ;
#2578 = DIRECTION ( 'NONE',  ( -0.000000000000000000, 0.000000000000000000, 1.000000000000000000 ) ) ;
#2579 = ADVANCED_FACE ( 'NONE', ( #1342 ), #3182, .T. ) ;
#2580 = LINE ( 'NONE', #4383, #2076 ) ;
#2581 = CYLINDRICAL_SURFACE ( 'NONE', #1283, 43.50000000000001421 ) ;
#2582 = VERTEX_POINT ( 'NONE', #2855 ) ;
#2583 = ORIENTED_EDGE ( 'NONE', *, *, #4306, .T. ) ;
#2584 = DIRECTION ( 'NONE',  ( 0.000000000000000000, 0.000000000000000000, 1.000000000000000000 ) ) ;
#2585 = CARTESIAN_POINT ( 'NONE',  ( -42.00000000000001421, 0.000000000000000000, -26.50000000000001066 ) ) ;
#2586 = VERTEX_POINT ( 'NONE', #4739 ) ;
#2587 = ORIENTED_EDGE ( 'NONE', *, *, #3251, .T. ) ;
#2588 = ORIENTED_EDGE ( 'NONE', *, *, #1126, .F. ) ;
#2589 = ORIENTED_EDGE ( 'NONE', *, *, #4775, .F. ) ;
#2590 = ORIENTED_EDGE ( 'NONE', *, *, #4505, .F. ) ;
#2591 = DIRECTION ( 'NONE',  ( 0.000000000000000000, 0.000000000000000000, 1.000000000000000000 ) ) ;
#2592 = CARTESIAN_POINT ( 'NONE',  ( 44.50000000000001421, -2.499999999999999112, -33.60000000000000142 ) ) ;
#2593 = EDGE_CURVE ( 'NONE', #1728, #1906, #1764, .T. ) ;
#2594 = LINE ( 'NONE', #3743, #2792 ) ;
#2595 = ORIENTED_EDGE ( 'NONE', *, *, #399, .F. ) ;
#2596 = CARTESIAN_POINT ( 'NONE',  ( 18.59150718393674495, -22.00000000000000000, -30.00000000000000711 ) ) ;
#2597 = CARTESIAN_POINT ( 'NONE',  ( 42.00000000000001421, 0.000000000000000000, -26.50000000000001066 ) ) ;
#2598 = EDGE_CURVE ( 'NONE', #3193, #3289, #4107, .T. ) ;
#2599 = LINE ( 'NONE', #696, #1311 ) ;
#2600 = CARTESIAN_POINT ( 'NONE',  ( 18.59150718393674495, 15.00000000000000000, -70.00000000000000000 ) ) ;
#2601 = CARTESIAN_POINT ( 'NONE',  ( 42.00000000000001421, 0.000000000000000000, -26.50000000000001066 ) ) ;
#2602 = DIRECTION ( 'NONE',  ( 0.000000000000000000, 0.000000000000000000, 1.000000000000000000 ) ) ;
#2603 = ORIENTED_EDGE ( 'NONE', *, *, #2360, .F. ) ;
#2604 = DIRECTION ( 'NONE',  ( -0.000000000000000000, 1.000000000000000000, -0.000000000000000000 ) ) ;
#2605 = CARTESIAN_POINT ( 'NONE',  ( 42.01740737954510507, 8.523221258446373128, 4.332896729080042419 ) ) ;
#2606 = CARTESIAN_POINT ( 'NONE',  ( 12.69999999999999041, 5.652887372536823385, 26.50000000000001066 ) ) ;
#2607 = VERTEX_POINT ( 'NONE', #1496 ) ;
#2608 = DIRECTION ( 'NONE',  ( 0.000000000000000000, 0.000000000000000000, -1.000000000000000000 ) ) ;
#2609 = ORIENTED_EDGE ( 'NONE', *, *, #1109, .T. ) ;
#2610 = VECTOR ( 'NONE', #3122, 1000.000000000000000 ) ;
#2611 = VECTOR ( 'NONE', #3720, 1000.000000000000000 ) ;
#2612 = ORIENTED_EDGE ( 'NONE', *, *, #3014, .T. ) ;
#2613 = EDGE_LOOP ( 'NONE', ( #2575, #1355, #216, #4754 ) ) ;
#2614 = AXIS2_PLACEMENT_3D ( 'NONE', #2328, #1952, #3448 ) ;
#2615 = VECTOR ( 'NONE', #3847, 1000.000000000000000 ) ;
#2616 = CIRCLE ( 'NONE', #1987, 8.500000000000010658 ) ;
#2617 = DIRECTION ( 'NONE',  ( 0.000000000000000000, 0.000000000000000000, -1.000000000000000000 ) ) ;
#2618 = ADVANCED_FACE ( 'NONE', ( #4102 ), #1521, .F. ) ;
#2619 = CARTESIAN_POINT ( 'NONE',  ( -44.50000000000001421, 15.00000000000000000, -37.50000000000002132 ) ) ;
#2620 = DIRECTION ( 'NONE',  ( -0.000000000000000000, -1.000000000000000000, -0.000000000000000000 ) ) ;
#2621 = VERTEX_POINT ( 'NONE', #2176 ) ;
#2622 = AXIS2_PLACEMENT_3D ( 'NONE', #2897, #4370, #1044 ) ;
#2623 = CIRCLE ( 'NONE', #2845, 5.499999999999994671 ) ;
#2624 = EDGE_LOOP ( 'NONE', ( #1589, #4717, #220, #1696 ) ) ;
#2625 = AXIS2_PLACEMENT_3D ( 'NONE', #3316, #2913, #3372 ) ;
#2626 = EDGE_CURVE ( 'NONE', #1685, #5, #1080, .T. ) ;
#2627 = LINE ( 'NONE', #2201, #441 ) ;
#2628 = DIRECTION ( 'NONE',  ( 0.000000000000000000, -1.000000000000000000, 0.000000000000000000 ) ) ;
#2629 = DIRECTION ( 'NONE',  ( -0.000000000000000000, 1.000000000000000000, -0.000000000000000000 ) ) ;
#2630 = CARTESIAN_POINT ( 'NONE',  ( -44.50000000000001421, 15.00000000000000000, 29.00000000000000711 ) ) ;
#2631 = CARTESIAN_POINT ( 'NONE',  ( 44.50000000000001421, -2.499999999999999112, 29.00000000000000711 ) ) ;
#2632 = LINE ( 'NONE', #4461, #1750 ) ;
#2633 = EDGE_LOOP ( 'NONE', ( #3396, #3955, #2250, #2959 ) ) ;
#2634 = EDGE_CURVE ( 'NONE', #1319, #4577, #317, .T. ) ;
#2635 = EDGE_CURVE ( 'NONE', #761, #1958, #1439, .T. ) ;
#2636 = LINE ( 'NONE', #1901, #124 ) ;
#2637 = CIRCLE ( 'NONE', #1772, 5.499999999999994671 ) ;
#2638 = VERTEX_POINT ( 'NONE', #770 ) ;
#2639 = CARTESIAN_POINT ( 'NONE',  ( 85.50000000000001421, 1.799999999999999600, 3.091507183936761827 ) ) ;
#2640 = FACE_OUTER_BOUND ( 'NONE', #3137, .T. ) ;
#2641 = DIRECTION ( 'NONE',  ( 0.000000000000000000, 0.000000000000000000, -1.000000000000000000 ) ) ;
#2642 = PLANE ( 'NONE',  #3616 ) ;
#2643 = EDGE_LOOP ( 'NONE', ( #3151, #1343, #4660, #1249 ) ) ;
#2644 = LINE ( 'NONE', #2273, #1448 ) ;
#2645 = ORIENTED_EDGE ( 'NONE', *, *, #1314, .T. ) ;
#2646 = CIRCLE ( 'NONE', #1240, 40.00000000000000711 ) ;
#2647 = ORIENTED_EDGE ( 'NONE', *, *, #3926, .T. ) ;
#2648 = EDGE_CURVE ( 'NONE', #3657, #4779, #1787, .T. ) ;
#2649 = ORIENTED_EDGE ( 'NONE', *, *, #119, .T. ) ;
#2650 = CARTESIAN_POINT ( 'NONE',  ( -18.59150718393674495, 15.00000000000000000, -70.00000000000000000 ) ) ;
#2651 = AXIS2_PLACEMENT_3D ( 'NONE', #1001, #978, #2153 ) ;
#2652 = LINE ( 'NONE', #3765, #126 ) ;
#2653 = DIRECTION ( 'NONE',  ( -1.000000000000000000, 0.000000000000000000, 0.000000000000000000 ) ) ;
#2654 = VERTEX_POINT ( 'NONE', #4098 ) ;
#2655 = ORIENTED_EDGE ( 'NONE', *, *, #2734, .F. ) ;
#2656 = CARTESIAN_POINT ( 'NONE',  ( -44.50000000000001421, 0.000000000000000000, 29.00000000000000711 ) ) ;
#2657 = CARTESIAN_POINT ( 'NONE',  ( 85.50000000000001421, 4.200000000000000178, -3.091507183936761827 ) ) ;
#2658 = DIRECTION ( 'NONE',  ( 0.000000000000000000, 0.000000000000000000, -1.000000000000000000 ) ) ;
#2659 = DIRECTION ( 'NONE',  ( 0.000000000000000000, 0.000000000000000000, 1.000000000000000000 ) ) ;
#2660 = FACE_OUTER_BOUND ( 'NONE', #3635, .T. ) ;
#2661 = LINE ( 'NONE', #3020, #2152 ) ;
#2662 = CARTESIAN_POINT ( 'NONE',  ( -85.50000000000001421, 11.50000000000000000, -3.091507183936761827 ) ) ;
#2663 = CARTESIAN_POINT ( 'NONE',  ( -38.41227904007969585, 1.799999999999999600, 31.27808110350508741 ) ) ;
#2664 = DIRECTION ( 'NONE',  ( -0.000000000000000000, 1.000000000000000000, -0.000000000000000000 ) ) ;
#2665 = EDGE_CURVE ( 'NONE', #637, #4748, #2196, .T. ) ;
#2666 = CARTESIAN_POINT ( 'NONE',  ( -11.69999999999999396, 6.735557395310434135E-16, -30.00000000000000711 ) ) ;
#2667 = CARTESIAN_POINT ( 'NONE',  ( -44.50000000000001421, 0.000000000000000000, -29.00000000000000711 ) ) ;
#2668 = FACE_OUTER_BOUND ( 'NONE', #2282, .T. ) ;
#2669 = ORIENTED_EDGE ( 'NONE', *, *, #692, .T. ) ;
#2670 = FACE_OUTER_BOUND ( 'NONE', #2026, .T. ) ;
#2671 = EDGE_LOOP ( 'NONE', ( #3147, #905, #2493, #337 ) ) ;
#2672 = ORIENTED_EDGE ( 'NONE', *, *, #2503, .F. ) ;
#2673 = DIRECTION ( 'NONE',  ( -0.000000000000000000, 1.000000000000000000, -0.000000000000000000 ) ) ;
#2674 = CARTESIAN_POINT ( 'NONE',  ( 44.50000000000001421, 11.50000000000000000, -29.00000000000000711 ) ) ;
#2675 = ORIENTED_EDGE ( 'NONE', *, *, #4634, .T. ) ;
#2676 = CARTESIAN_POINT ( 'NONE',  ( 42.00000000000002132, 0.000000000000000000, 23.00000000000001421 ) ) ;
#2677 = ORIENTED_EDGE ( 'NONE', *, *, #3276, .F. ) ;
#2678 = EDGE_LOOP ( 'NONE', ( #3718, #1336, #2722, #3128, #2104, #1593, #239, #1778 ) ) ;
#2679 = CARTESIAN_POINT ( 'NONE',  ( 18.59150718393674495, 0.000000000000000000, 26.50000000000001066 ) ) ;
#2680 = DIRECTION ( 'NONE',  ( 0.000000000000000000, 0.000000000000000000, -1.000000000000000000 ) ) ;
#2681 = DIRECTION ( 'NONE',  ( 0.000000000000000000, -1.000000000000000000, 0.000000000000000000 ) ) ;
#2682 = CARTESIAN_POINT ( 'NONE',  ( 44.50000000000001421, -22.00000000000000355, -26.50000000000000711 ) ) ;
#2683 = CYLINDRICAL_SURFACE ( 'NONE', #3076, 40.00000000000000000 ) ;
#2684 = DIRECTION ( 'NONE',  ( 0.000000000000000000, -1.000000000000000000, 0.000000000000000000 ) ) ;
#2685 = EDGE_CURVE ( 'NONE', #4801, #2177, #1456, .T. ) ;
#2686 = DIRECTION ( 'NONE',  ( 0.000000000000000000, 0.000000000000000000, -1.000000000000000000 ) ) ;
#2687 = LINE ( 'NONE', #3490, #4791 ) ;
#2688 = FACE_OUTER_BOUND ( 'NONE', #1637, .T. ) ;
#2689 = CARTESIAN_POINT ( 'NONE',  ( -45.50000000000001421, 4.200000000000000178, -3.091507183936765379 ) ) ;
#2690 = VERTEX_POINT ( 'NONE', #735 ) ;
#2691 = DIRECTION ( 'NONE',  ( 1.982541115402061757E-15, -0.000000000000000000, 1.000000000000000000 ) ) ;
#2692 = ORIENTED_EDGE ( 'NONE', *, *, #2562, .F. ) ;
#2693 = ADVANCED_FACE ( 'NONE', ( #4401 ), #2150, .F. ) ;
#2694 = CIRCLE ( 'NONE', #894, 8.500000000000010658 ) ;
#2695 = DIRECTION ( 'NONE',  ( 0.000000000000000000, 0.000000000000000000, 1.000000000000000000 ) ) ;
#2696 = VERTEX_POINT ( 'NONE', #1867 ) ;
#2697 = ADVANCED_FACE ( 'NONE', ( #1834 ), #4028, .T. ) ;
#2698 = VERTEX_POINT ( 'NONE', #1518 ) ;
#2699 = VERTEX_POINT ( 'NONE', #3357 ) ;
#2700 = VECTOR ( 'NONE', #1706, 1000.000000000000000 ) ;
#2701 = VECTOR ( 'NONE', #1058, 1000.000000000000000 ) ;
#2702 = PRESENTATION_LAYER_ASSIGNMENT (  '', '', ( #1524 ) ) ;
#2703 = AXIS2_PLACEMENT_3D ( 'NONE', #3426, #157, #3552 ) ;
#2704 = VECTOR ( 'NONE', #4171, 1000.000000000000000 ) ;
#2705 = DIRECTION ( 'NONE',  ( -0.000000000000000000, -1.000000000000000000, -0.000000000000000000 ) ) ;
#2706 = DIRECTION ( 'NONE',  ( -0.000000000000000000, -1.000000000000000000, -0.000000000000000000 ) ) ;
#2707 = CIRCLE ( 'NONE', #4559, 43.50000000000000711 ) ;
#2708 = EDGE_CURVE ( 'NONE', #1486, #4347, #767, .T. ) ;
#2709 = CYLINDRICAL_SURFACE ( 'NONE', #4629, 8.500000000000010658 ) ;
#2710 = CIRCLE ( 'NONE', #2319, 43.50000000000001421 ) ;
#2711 = DIRECTION ( 'NONE',  ( 0.000000000000000000, -0.000000000000000000, -1.000000000000000000 ) ) ;
#2712 = PLANE ( 'NONE',  #2756 ) ;
#2713 = AXIS2_PLACEMENT_3D ( 'NONE', #2631, #3367, #3280 ) ;
#2714 = DIRECTION ( 'NONE',  ( 0.000000000000000000, 0.000000000000000000, 1.000000000000000000 ) ) ;
#2715 = DIRECTION ( 'NONE',  ( 0.000000000000000000, 0.000000000000000000, 1.000000000000000000 ) ) ;
#2716 = EDGE_LOOP ( 'NONE', ( #2655, #2266 ) ) ;
#2717 = CARTESIAN_POINT ( 'NONE',  ( 85.50000000000001421, 15.00000000000000000, 3.091507183936761827 ) ) ;
#2718 = ORIENTED_EDGE ( 'NONE', *, *, #2861, .T. ) ;
#2719 = VECTOR ( 'NONE', #3271, 1000.000000000000000 ) ;
#2720 = EDGE_CURVE ( 'NONE', #2218, #2472, #4736, .T. ) ;
#2721 = CARTESIAN_POINT ( 'NONE',  ( 45.67077626419152381, 8.400000000000000355, -20.58101651390110831 ) ) ;
#2722 = ORIENTED_EDGE ( 'NONE', *, *, #3362, .F. ) ;
#2723 = VECTOR ( 'NONE', #2089, 1000.000000000000000 ) ;
#2724 = EDGE_LOOP ( 'NONE', ( #1286, #3704, #1978, #2949 ) ) ;
#2725 = VECTOR ( 'NONE', #1627, 1000.000000000000000 ) ;
#2726 = ADVANCED_FACE ( 'NONE', ( #2222 ), #405, .T. ) ;
#2727 = VERTEX_POINT ( 'NONE', #1467 ) ;
#2728 = ADVANCED_FACE ( 'NONE', ( #1075 ), #2174, .T. ) ;
#2729 = VECTOR ( 'NONE', #2260, 1000.000000000000000 ) ;
#2730 = DIRECTION ( 'NONE',  ( 0.000000000000000000, 0.000000000000000000, -1.000000000000000000 ) ) ;
#2731 = DIRECTION ( 'NONE',  ( 0.000000000000000000, 0.000000000000000000, 1.000000000000000000 ) ) ;
#2732 = EDGE_CURVE ( 'NONE', #2441, #3766, #710, .T. ) ;
#2733 = DIRECTION ( 'NONE',  ( 0.000000000000000000, 0.000000000000000000, 1.000000000000000000 ) ) ;
#2734 = EDGE_CURVE ( 'NONE', #4760, #1516, #3573, .T. ) ;
#2735 = DIRECTION ( 'NONE',  ( 0.000000000000000000, 0.000000000000000000, 1.000000000000000000 ) ) ;
#2736 = CARTESIAN_POINT ( 'NONE',  ( 1.700000000000000178, 17.00000000000000000, 7.300000000000005151 ) ) ;
#2737 = CARTESIAN_POINT ( 'NONE',  ( 45.50000000000001421, 15.00000000000000000, 30.00000000000001066 ) ) ;
#2738 = CARTESIAN_POINT ( 'NONE',  ( -38.50000000000001421, 0.000000000000000000, -26.50000000000001066 ) ) ;
#2739 = ORIENTED_EDGE ( 'NONE', *, *, #3252, .T. ) ;
#2740 = DIRECTION ( 'NONE',  ( -1.982541115402067674E-15, 0.000000000000000000, 1.000000000000000000 ) ) ;
#2741 = ORIENTED_EDGE ( 'NONE', *, *, #2083, .T. ) ;
#2742 = CARTESIAN_POINT ( 'NONE',  ( 44.50000000000001421, 11.00000000000000000, 29.00000000000000711 ) ) ;
#2743 = CARTESIAN_POINT ( 'NONE',  ( -44.50000000000001421, 11.00000000000000000, 23.50000000000001421 ) ) ;
#2744 = ORIENTED_EDGE ( 'NONE', *, *, #3968, .T. ) ;
#2745 = ORIENTED_EDGE ( 'NONE', *, *, #4437, .F. ) ;
#2746 = EDGE_CURVE ( 'NONE', #1300, #4595, #1045, .T. ) ;
#2747 = DIRECTION ( 'NONE',  ( 0.000000000000000000, 0.000000000000000000, -1.000000000000000000 ) ) ;
#2748 = CARTESIAN_POINT ( 'NONE',  ( 16.00000000000000000, -7.000000000000000000, 30.00000000000001066 ) ) ;
#2749 = ORIENTED_EDGE ( 'NONE', *, *, #1236, .F. ) ;
#2750 = DIRECTION ( 'NONE',  ( 0.000000000000000000, -1.000000000000000000, 0.000000000000000000 ) ) ;
#2751 = EDGE_CURVE ( 'NONE', #1959, #1404, #339, .T. ) ;
#2752 = DIRECTION ( 'NONE',  ( 0.000000000000000000, 0.000000000000000000, -1.000000000000000000 ) ) ;
#2753 = CARTESIAN_POINT ( 'NONE',  ( -7.700000000000000178, 20.00000000000000000, 18.99999999999999645 ) ) ;
#2754 = CARTESIAN_POINT ( 'NONE',  ( 6.000000000000000888, 20.00000000000000000, 13.00000000000000533 ) ) ;
#2755 = DIRECTION ( 'NONE',  ( -0.000000000000000000, 1.000000000000000000, -0.000000000000000000 ) ) ;
#2756 = AXIS2_PLACEMENT_3D ( 'NONE', #1217, #3463, #1581 ) ;
#2757 = ORIENTED_EDGE ( 'NONE', *, *, #1944, .T. ) ;
#2758 = CARTESIAN_POINT ( 'NONE',  ( 44.50000000000001421, -22.00000000000000355, -29.00000000000000711 ) ) ;
#2759 = ORIENTED_EDGE ( 'NONE', *, *, #401, .T. ) ;
#2760 = CARTESIAN_POINT ( 'NONE',  ( -44.50000000000001421, -2.499999999999999112, -31.50000000000001421 ) ) ;
#2761 = DIRECTION ( 'NONE',  ( 1.850371707708593813E-14, 0.000000000000000000, 1.000000000000000000 ) ) ;
#2762 = EDGE_LOOP ( 'NONE', ( #1253, #2420, #2909, #4083, #867, #1826 ) ) ;
#2763 = ORIENTED_EDGE ( 'NONE', *, *, #1703, .F. ) ;
#2764 = ORIENTED_EDGE ( 'NONE', *, *, #3499, .T. ) ;
#2765 = AXIS2_PLACEMENT_3D ( 'NONE', #3701, #3653, #4389 ) ;
#2766 = CARTESIAN_POINT ( 'NONE',  ( -18.59150718393674495, 15.00000000000000000, -30.00000000000000711 ) ) ;
#2767 = PLANE ( 'NONE',  #2333 ) ;
#2768 = AXIS2_PLACEMENT_3D ( 'NONE', #1774, #4724, #2965 ) ;
#2769 = AXIS2_PLACEMENT_3D ( 'NONE', #3734, #395, #2499 ) ;
#2770 = ORIENTED_EDGE ( 'NONE', *, *, #3273, .F. ) ;
#2771 = ADVANCED_FACE ( 'NONE', ( #2954 ), #4068, .F. ) ;
#2772 = CIRCLE ( 'NONE', #1129, 4.599999999999999645 ) ;
#2773 = CIRCLE ( 'NONE', #3867, 2.500000000000005773 ) ;
#2774 = DIRECTION ( 'NONE',  ( 1.000000000000000000, 0.000000000000000000, -0.000000000000000000 ) ) ;
#2775 = CARTESIAN_POINT ( 'NONE',  ( -44.50000000000001421, 0.000000000000000000, 29.00000000000000711 ) ) ;
#2776 = DIRECTION ( 'NONE',  ( -1.000000000000000000, 0.000000000000000000, 0.000000000000000000 ) ) ;
#2777 = AXIS2_PLACEMENT_3D ( 'NONE', #4067, #1, #2977 ) ;
#2778 = VECTOR ( 'NONE', #4215, 1000.000000000000000 ) ;
#2779 = EDGE_CURVE ( 'NONE', #4614, #3200, #373, .T. ) ;
#2780 = DIRECTION ( 'NONE',  ( 0.000000000000000000, -0.000000000000000000, 1.000000000000000000 ) ) ;
#2781 = CARTESIAN_POINT ( 'NONE',  ( 19.30000000000000426, 5.652887372536823385, 13.25219988745154254 ) ) ;
#2782 = CIRCLE ( 'NONE', #4247, 6.499999999999999112 ) ;
#2783 = VECTOR ( 'NONE', #2318, 1000.000000000000000 ) ;
#2784 = ORIENTED_EDGE ( 'NONE', *, *, #2515, .T. ) ;
#2785 = ORIENTED_EDGE ( 'NONE', *, *, #1760, .F. ) ;
#2786 = CARTESIAN_POINT ( 'NONE',  ( 42.01184984128006050, 8.837539757513328098, -4.134316956991324510 ) ) ;
#2787 = ORIENTED_EDGE ( 'NONE', *, *, #873, .F. ) ;
#2788 = DIRECTION ( 'NONE',  ( 0.000000000000000000, -1.000000000000000000, 0.000000000000000000 ) ) ;
#2789 = VERTEX_POINT ( 'NONE', #4450 ) ;
#2790 = VERTEX_POINT ( 'NONE', #2619 ) ;
#2791 = EDGE_CURVE ( 'NONE', #1183, #3821, #3996, .T. ) ;
#2792 = VECTOR ( 'NONE', #3358, 1000.000000000000000 ) ;
#2793 = VERTEX_POINT ( 'NONE', #933 ) ;
#2794 = VECTOR ( 'NONE', #1891, 1000.000000000000000 ) ;
#2795 = EDGE_LOOP ( 'NONE', ( #4506, #1620, #1511, #1488 ) ) ;
#2796 = AXIS2_PLACEMENT_3D ( 'NONE', #4054, #3722, #720 ) ;
#2797 = VERTEX_POINT ( 'NONE', #173 ) ;
#2798 = CARTESIAN_POINT ( 'NONE',  ( -45.67077626419153091, 1.800000000000000044, 20.58101651390110831 ) ) ;
#2799 = CARTESIAN_POINT ( 'NONE',  ( 15.20000000000000107, 0.000000000000000000, -30.19999999999999929 ) ) ;
#2800 = DIRECTION ( 'NONE',  ( 0.000000000000000000, -1.000000000000000000, 0.000000000000000000 ) ) ;
#2801 = PLANE ( 'NONE',  #2839 ) ;
#2802 = CYLINDRICAL_SURFACE ( 'NONE', #1214, 4.599999999999999645 ) ;
#2803 = EDGE_CURVE ( 'NONE', #1487, #225, #140, .T. ) ;
#2804 = ADVANCED_FACE ( 'NONE', ( #3117 ), #1260, .F. ) ;
#2805 = EDGE_LOOP ( 'NONE', ( #1879, #2339, #328, #133 ) ) ;
#2806 = ORIENTED_EDGE ( 'NONE', *, *, #1748, .T. ) ;
#2807 = DIRECTION ( 'NONE',  ( -0.000000000000000000, 1.000000000000000000, 0.000000000000000000 ) ) ;
#2808 = ORIENTED_EDGE ( 'NONE', *, *, #719, .T. ) ;
#2809 = EDGE_CURVE ( 'NONE', #1146, #4152, #1697, .T. ) ;
#2810 = EDGE_LOOP ( 'NONE', ( #2785, #2120 ) ) ;
#2811 = LINE ( 'NONE', #592, #1992 ) ;
#2812 = DIRECTION ( 'NONE',  ( 0.000000000000000000, 0.000000000000000000, 1.000000000000000000 ) ) ;
#2813 = DIRECTION ( 'NONE',  ( 0.000000000000000000, 0.000000000000000000, 1.000000000000000000 ) ) ;
#2814 = ORIENTED_EDGE ( 'NONE', *, *, #4603, .T. ) ;
#2815 = DIRECTION ( 'NONE',  ( -0.000000000000000000, 1.000000000000000000, -0.000000000000000000 ) ) ;
#2816 = FACE_OUTER_BOUND ( 'NONE', #4784, .T. ) ;
#2817 = DIRECTION ( 'NONE',  ( 0.000000000000000000, 0.000000000000000000, -1.000000000000000000 ) ) ;
#2818 = FACE_OUTER_BOUND ( 'NONE', #4665, .T. ) ;
#2819 = DIRECTION ( 'NONE',  ( -1.000000000000000000, 0.000000000000000000, 0.000000000000000000 ) ) ;
#2820 = CARTESIAN_POINT ( 'NONE',  ( 44.50000000000001421, 11.00000000000000000, -23.50000000000001421 ) ) ;
#2821 = ADVANCED_FACE ( 'NONE', ( #4606 ), #2767, .T. ) ;
#2822 = ORIENTED_EDGE ( 'NONE', *, *, #204, .T. ) ;
#2823 = DIRECTION ( 'NONE',  ( 0.000000000000000000, -1.000000000000000000, 0.000000000000000000 ) ) ;
#2824 = ORIENTED_EDGE ( 'NONE', *, *, #4273, .F. ) ;
#2825 = ORIENTED_EDGE ( 'NONE', *, *, #1502, .T. ) ;
#2826 = ORIENTED_EDGE ( 'NONE', *, *, #1100, .F. ) ;
#2827 = EDGE_CURVE ( 'NONE', #3902, #846, #212, .T. ) ;
#2828 = EDGE_CURVE ( 'NONE', #813, #3685, #1667, .T. ) ;
#2829 = CARTESIAN_POINT ( 'NONE',  ( 45.53583228249944881, 7.494900933328444204, 4.786385484247019484 ) ) ;
#2830 = EDGE_LOOP ( 'NONE', ( #2958, #3796, #2669, #2042, #400, #1409, #1464, #2787, #2895, #611, #4534, #2784 ) ) ;
#2831 = DIRECTION ( 'NONE',  ( 0.000000000000000000, -1.000000000000000000, 0.000000000000000000 ) ) ;
#2832 = AXIS2_PLACEMENT_3D ( 'NONE', #1880, #701, #306 ) ;
#2833 = FACE_OUTER_BOUND ( 'NONE', #663, .T. ) ;
#2834 = AXIS2_PLACEMENT_3D ( 'NONE', #2271, #3373, #420 ) ;
#2835 = LINE ( 'NONE', #4501, #3084 ) ;
#2836 = CARTESIAN_POINT ( 'NONE',  ( 44.50000000000001421, 11.00000000000000000, 29.00000000000000711 ) ) ;
#2837 = EDGE_CURVE ( 'NONE', #1659, #4781, #1857, .T. ) ;
#2838 = AXIS2_PLACEMENT_3D ( 'NONE', #2781, #922, #606 ) ;
#2839 = AXIS2_PLACEMENT_3D ( 'NONE', #3165, #3518, #2090 ) ;
#2840 = CARTESIAN_POINT ( 'NONE',  ( -44.50000000000001421, 1.800000000000000044, -29.00000000000000711 ) ) ;
#2841 = CARTESIAN_POINT ( 'NONE',  ( 44.50000000000001421, -2.499999999999999112, -29.00000000000000711 ) ) ;
#2842 = CIRCLE ( 'NONE', #1751, 8.500000000000010658 ) ;
#2843 = AXIS2_PLACEMENT_3D ( 'NONE', #617, #2078, #2148 ) ;
#2844 = ORIENTED_EDGE ( 'NONE', *, *, #3195, .F. ) ;
#2845 = AXIS2_PLACEMENT_3D ( 'NONE', #843, #150, #1592 ) ;
#2846 = AXIS2_PLACEMENT_3D ( 'NONE', #1134, #1085, #698 ) ;
#2847 = VERTEX_POINT ( 'NONE', #4282 ) ;
#2848 = CARTESIAN_POINT ( 'NONE',  ( 44.50000000000001421, -22.00000000000000355, 31.50000000000001421 ) ) ;
#2849 = ORIENTED_EDGE ( 'NONE', *, *, #3662, .F. ) ;
#2850 = VERTEX_POINT ( 'NONE', #2447 ) ;
#2851 = AXIS2_PLACEMENT_3D ( 'NONE', #4503, #3760, #1178 ) ;
#2852 = ORIENTED_EDGE ( 'NONE', *, *, #254, .T. ) ;
#2853 = EDGE_CURVE ( 'NONE', #3652, #730, #1719, .T. ) ;
#2854 = FACE_OUTER_BOUND ( 'NONE', #1939, .T. ) ;
#2855 = CARTESIAN_POINT ( 'NONE',  ( 39.95933631058686331, 15.00000000000000000, -36.18556701030929901 ) ) ;
#2856 = ADVANCED_FACE ( 'NONE', ( #224 ), #1218, .T. ) ;
#2857 = ORIENTED_EDGE ( 'NONE', *, *, #2332, .T. ) ;
#2858 = AXIS2_PLACEMENT_3D ( 'NONE', #2657, #1474, #2680 ) ;
#2859 = DIRECTION ( 'NONE',  ( -0.000000000000000000, 1.000000000000000000, -0.000000000000000000 ) ) ;
#2860 = DIRECTION ( 'NONE',  ( -0.000000000000000000, 1.000000000000000000, -0.000000000000000000 ) ) ;
#2861 = EDGE_CURVE ( 'NONE', #2942, #22, #2862, .T. ) ;
#2862 = CIRCLE ( 'NONE', #1630, 2.500000000000002220 ) ;
#2863 = CARTESIAN_POINT ( 'NONE',  ( -1.700000000000000178, 17.00000000000000000, -7.699999999999993072 ) ) ;
#2864 = CARTESIAN_POINT ( 'NONE',  ( 18.59150718393674495, 0.000000000000000000, -26.50000000000000711 ) ) ;
#2865 = AXIS2_PLACEMENT_3D ( 'NONE', #3577, #2103, #3640 ) ;
#2866 = EDGE_CURVE ( 'NONE', #2257, #3846, #609, .T. ) ;
#2867 = FACE_BOUND ( 'NONE', #2043, .T. ) ;
#2868 = VERTEX_POINT ( 'NONE', #1172 ) ;
#2869 = CARTESIAN_POINT ( 'NONE',  ( -15.19999999999999041, 4.200000000000000178, 30.20000000000000284 ) ) ;
#2870 = DIRECTION ( 'NONE',  ( -0.000000000000000000, 1.000000000000000000, -0.000000000000000000 ) ) ;
#2871 = VERTEX_POINT ( 'NONE', #491 ) ;
#2872 = DIRECTION ( 'NONE',  ( 0.000000000000000000, 1.000000000000000000, 0.000000000000000000 ) ) ;
#2873 = VERTEX_POINT ( 'NONE', #2736 ) ;
#2874 = ORIENTED_EDGE ( 'NONE', *, *, #1418, .T. ) ;
#2875 = ORIENTED_EDGE ( 'NONE', *, *, #3053, .F. ) ;
#2876 = CARTESIAN_POINT ( 'NONE',  ( 19.06383572797891901, 0.000000000000000000, 30.00000000000001066 ) ) ;
#2877 = DIRECTION ( 'NONE',  ( -0.000000000000000000, 1.000000000000000000, -0.000000000000000000 ) ) ;
#2878 = EDGE_CURVE ( 'NONE', #1685, #2214, #2485, .T. ) ;
#2879 = LINE ( 'NONE', #2124, #463 ) ;
#2880 = ORIENTED_EDGE ( 'NONE', *, *, #4437, .T. ) ;
#2881 = EDGE_CURVE ( 'NONE', #4200, #2975, #858, .T. ) ;
#2882 = DIRECTION ( 'NONE',  ( 0.000000000000000000, -1.000000000000000000, 0.000000000000000000 ) ) ;
#2883 = DIRECTION ( 'NONE',  ( 0.000000000000000000, -2.767081669228011730E-16, 1.000000000000000000 ) ) ;
#2884 = CYLINDRICAL_SURFACE ( 'NONE', #4412, 6.499999999999999112 ) ;
#2885 = FACE_OUTER_BOUND ( 'NONE', #1158, .T. ) ;
#2886 = PLANE ( 'NONE',  #3083 ) ;
#2887 = ADVANCED_FACE ( 'NONE', ( #2267 ), #1966, .T. ) ;
#2888 = EDGE_CURVE ( 'NONE', #2971, #4599, #4330, .T. ) ;
#2889 = CARTESIAN_POINT ( 'NONE',  ( 46.36398662557726880, 4.200000000000000178, 10.33115200650949284 ) ) ;
#2890 = EDGE_LOOP ( 'NONE', ( #1908, #1334, #3919, #1421 ) ) ;
#2891 = CYLINDRICAL_SURFACE ( 'NONE', #3097, 1.000000000000002665 ) ;
#2892 = EDGE_LOOP ( 'NONE', ( #191, #4042, #4267, #1254 ) ) ;
#2893 = VERTEX_POINT ( 'NONE', #1540 ) ;
#2894 = EDGE_LOOP ( 'NONE', ( #3865, #14, #4423, #2168, #700, #3885 ) ) ;
#2895 = ORIENTED_EDGE ( 'NONE', *, *, #1344, .F. ) ;
#2896 = EDGE_LOOP ( 'NONE', ( #2603, #3194, #1389, #4420 ) ) ;
#2897 = CARTESIAN_POINT ( 'NONE',  ( -44.50000000000001421, -22.00000000000000355, 29.00000000000000711 ) ) ;
#2898 = DIRECTION ( 'NONE',  ( -0.000000000000000000, -1.000000000000000000, -0.000000000000000000 ) ) ;
#2899 = DIRECTION ( 'NONE',  ( 0.000000000000000000, -1.000000000000000000, 0.000000000000000000 ) ) ;
#2900 = VERTEX_POINT ( 'NONE', #113 ) ;
#2901 = CARTESIAN_POINT ( 'NONE',  ( 42.00000000000002132, 15.00000000000000000, 23.00000000000001421 ) ) ;
#2902 = CARTESIAN_POINT ( 'NONE',  ( -18.59150718393674850, 15.00000000000000000, 30.00000000000001066 ) ) ;
#2903 = DIRECTION ( 'NONE',  ( -0.000000000000000000, 1.000000000000000000, -0.000000000000000000 ) ) ;
#2904 = EDGE_CURVE ( 'NONE', #615, #1708, #809, .T. ) ;
#2905 = DIRECTION ( 'NONE',  ( 0.000000000000000000, -1.000000000000000000, 0.000000000000000000 ) ) ;
#2906 = CARTESIAN_POINT ( 'NONE',  ( 42.00000000000002132, 1.799999999999999600, 23.00000000000001421 ) ) ;
#2907 = AXIS2_PLACEMENT_3D ( 'NONE', #96, #77, #1585 ) ;
#2908 = DIRECTION ( 'NONE',  ( -1.000000000000000000, 0.000000000000000000, -8.760942863221888787E-16 ) ) ;
#2909 = ORIENTED_EDGE ( 'NONE', *, *, #1026, .T. ) ;
#2910 = EDGE_CURVE ( 'NONE', #2696, #1319, #1244, .T. ) ;
#2911 = AXIS2_PLACEMENT_3D ( 'NONE', #2085, #2882, #2431 ) ;
#2912 = CARTESIAN_POINT ( 'NONE',  ( 12.69999999999999041, 5.652887372536823385, 13.25219988745154254 ) ) ;
#2913 = DIRECTION ( 'NONE',  ( -0.000000000000000000, 1.000000000000000000, -0.000000000000000000 ) ) ;
#2914 = CIRCLE ( 'NONE', #1831, 1.000000000000002665 ) ;
#2915 = ORIENTED_EDGE ( 'NONE', *, *, #4804, .T. ) ;
#2916 = AXIS2_PLACEMENT_3D ( 'NONE', #3972, #2823, #3174 ) ;
#2917 = CARTESIAN_POINT ( 'NONE',  ( -15.19999999999999396, 4.200000000000000178, -26.30000000000000782 ) ) ;
#2918 = CARTESIAN_POINT ( 'NONE',  ( 7.700000000000000178, 15.00000000000000000, 19.00000000000000355 ) ) ;
#2919 = ORIENTED_EDGE ( 'NONE', *, *, #2888, .T. ) ;
#2921 = ORIENTED_EDGE ( 'NONE', *, *, #752, .T. ) ;
#2920 = AXIS2_PLACEMENT_3D ( 'NONE', #1395, #1024, #4003 ) ;
#2922 = AXIS2_PLACEMENT_3D ( 'NONE', #593, #3976, #2924 ) ;
#2923 = ORIENTED_EDGE ( 'NONE', *, *, #4746, .T. ) ;
#2924 = DIRECTION ( 'NONE',  ( 0.000000000000000000, 0.000000000000000000, 1.000000000000000000 ) ) ;
#2925 = DIRECTION ( 'NONE',  ( 0.000000000000000000, 0.000000000000000000, -1.000000000000000000 ) ) ;
#2926 = CIRCLE ( 'NONE', #3168, 4.599999999999999645 ) ;
#2927 = ORIENTED_EDGE ( 'NONE', *, *, #625, .T. ) ;
#2928 = EDGE_CURVE ( 'NONE', #2364, #1338, #2687, .T. ) ;
#2929 = AXIS2_PLACEMENT_3D ( 'NONE', #3749, #1168, #4539 ) ;
#2930 = DIRECTION ( 'NONE',  ( -0.000000000000000000, -1.000000000000000000, -0.000000000000000000 ) ) ;
#2931 = VERTEX_POINT ( 'NONE', #875 ) ;
#2932 = CARTESIAN_POINT ( 'NONE',  ( -11.69999999999999396, 6.735557395310434135E-16, -11.87707736052349539 ) ) ;
#2933 = ORIENTED_EDGE ( 'NONE', *, *, #2310, .T. ) ;
#2934 = DIRECTION ( 'NONE',  ( 0.000000000000000000, 0.000000000000000000, 1.000000000000000000 ) ) ;
#2935 = CARTESIAN_POINT ( 'NONE',  ( -45.67077626419153091, 11.50000000000000000, 20.58101651390110476 ) ) ;
#2936 = LINE ( 'NONE', #1083, #2463 ) ;
#2937 = DIRECTION ( 'NONE',  ( -0.000000000000000000, 1.000000000000000000, -0.000000000000000000 ) ) ;
#2938 = VECTOR ( 'NONE', #1722, 1000.000000000000000 ) ;
#2939 = DIRECTION ( 'NONE',  ( 0.000000000000000000, -1.734723475976807094E-15, -1.000000000000000000 ) ) ;
#2940 = CARTESIAN_POINT ( 'NONE',  ( 42.00000000000001421, 0.000000000000000000, -26.50000000000001066 ) ) ;
#2941 = DIRECTION ( 'NONE',  ( 0.000000000000000000, 1.000000000000000000, 0.000000000000000000 ) ) ;
#2942 = VERTEX_POINT ( 'NONE', #509 ) ;
#2943 = VECTOR ( 'NONE', #1374, 1000.000000000000000 ) ;
#2944 = DIRECTION ( 'NONE',  ( 0.000000000000000000, 0.000000000000000000, -1.000000000000000000 ) ) ;
#2945 = CARTESIAN_POINT ( 'NONE',  ( 44.50000000000001421, 11.00000000000000000, -31.50000000000001421 ) ) ;
#2946 = EDGE_CURVE ( 'NONE', #4197, #62, #687, .T. ) ;
#2947 = ORIENTED_EDGE ( 'NONE', *, *, #2179, .T. ) ;
#2948 = PLANE ( 'NONE',  #4562 ) ;
#2949 = ORIENTED_EDGE ( 'NONE', *, *, #2178, .T. ) ;
#2950 = ORIENTED_EDGE ( 'NONE', *, *, #2982, .T. ) ;
#2951 = ORIENTED_EDGE ( 'NONE', *, *, #2990, .F. ) ;
#2952 = DIRECTION ( 'NONE',  ( 0.000000000000000000, 1.000000000000000000, -2.767081669228012716E-16 ) ) ;
#2953 = EDGE_CURVE ( 'NONE', #564, #190, #3342, .T. ) ;
#2954 = FACE_OUTER_BOUND ( 'NONE', #2805, .T. ) ;
#2955 = VERTEX_POINT ( 'NONE', #3025 ) ;
#2956 = EDGE_CURVE ( 'NONE', #101, #1204, #2559, .T. ) ;
#2957 = FACE_OUTER_BOUND ( 'NONE', #2048, .T. ) ;
#2958 = ORIENTED_EDGE ( 'NONE', *, *, #567, .F. ) ;
#2959 = ORIENTED_EDGE ( 'NONE', *, *, #2976, .F. ) ;
#2960 = CARTESIAN_POINT ( 'NONE',  ( 44.50000000000001421, 11.00000000000000000, -29.00000000000000711 ) ) ;
#2961 = DIRECTION ( 'NONE',  ( -0.000000000000000000, 1.000000000000000000, -0.000000000000000000 ) ) ;
#2962 = DIRECTION ( 'NONE',  ( 0.000000000000000000, 0.000000000000000000, 1.000000000000000000 ) ) ;
#2963 = CARTESIAN_POINT ( 'NONE',  ( 7.700000000000000178, 20.00000000000000000, 19.00000000000000355 ) ) ;
#2964 = CARTESIAN_POINT ( 'NONE',  ( 0.000000000000000000, 20.00000000000000000, -3.999999999999995559 ) ) ;
#2965 = DIRECTION ( 'NONE',  ( 0.000000000000000000, 0.000000000000000000, 1.000000000000000000 ) ) ;
#2966 = DIRECTION ( 'NONE',  ( 7.472654973438555094E-15, 0.000000000000000000, -1.000000000000000000 ) ) ;
#2967 = ORIENTED_EDGE ( 'NONE', *, *, #3542, .F. ) ;
#2968 = ADVANCED_FACE ( 'NONE', ( #3939 ), #3558, .T. ) ;
#2969 = CARTESIAN_POINT ( 'NONE',  ( 42.40248609824078585, 0.000000000000000000, -10.32298666518198793 ) ) ;
#2970 = DIRECTION ( 'NONE',  ( 0.000000000000000000, 0.000000000000000000, 1.000000000000000000 ) ) ;
#2971 = VERTEX_POINT ( 'NONE', #986 ) ;
#2972 = CARTESIAN_POINT ( 'NONE',  ( 38.50000000000001421, 0.000000000000000000, -26.50000000000001776 ) ) ;
#2973 = ORIENTED_EDGE ( 'NONE', *, *, #351, .T. ) ;
#2974 = ORIENTED_EDGE ( 'NONE', *, *, #3305, .T. ) ;
#2975 = VERTEX_POINT ( 'NONE', #3535 ) ;
#2976 = EDGE_CURVE ( 'NONE', #799, #214, #4407, .T. ) ;
#2977 = DIRECTION ( 'NONE',  ( 0.000000000000000000, 0.000000000000000000, 1.000000000000000000 ) ) ;
#2978 = DIRECTION ( 'NONE',  ( 1.000000000000000000, 0.000000000000000000, 0.000000000000000000 ) ) ;
#2979 = CARTESIAN_POINT ( 'NONE',  ( 45.54555525137367766, 6.000000000000000888, -5.000000000000000000 ) ) ;
#2980 = VERTEX_POINT ( 'NONE', #2455 ) ;
#2981 = ORIENTED_EDGE ( 'NONE', *, *, #3586, .F. ) ;
#2982 = EDGE_CURVE ( 'NONE', #3217, #4305, #4225, .T. ) ;
#2983 = EDGE_CURVE ( 'NONE', #884, #3917, #4270, .T. ) ;
#2984 = DIRECTION ( 'NONE',  ( 0.000000000000000000, -1.000000000000000000, 0.000000000000000000 ) ) ;
#2985 = DIRECTION ( 'NONE',  ( 0.000000000000000000, 0.000000000000000000, -1.000000000000000000 ) ) ;
#2986 = CARTESIAN_POINT ( 'NONE',  ( -18.59150718393674850, 15.00000000000000000, -26.50000000000000711 ) ) ;
#2987 = PLANE ( 'NONE',  #1038 ) ;
#2988 = DIRECTION ( 'NONE',  ( 5.343745880020508077E-15, 0.000000000000000000, 1.000000000000000000 ) ) ;
#2989 = CARTESIAN_POINT ( 'NONE',  ( -15.19999999999999218, 15.00000000000000000, 26.50000000000001066 ) ) ;
#2990 = EDGE_CURVE ( 'NONE', #1015, #3783, #1701, .T. ) ;
#2991 = DIRECTION ( 'NONE',  ( 0.000000000000000000, -1.000000000000000000, 0.000000000000000000 ) ) ;
#2992 = ORIENTED_EDGE ( 'NONE', *, *, #1960, .T. ) ;
#2993 = DIRECTION ( 'NONE',  ( 0.000000000000000000, -1.000000000000000000, 0.000000000000000000 ) ) ;
#2994 = DIRECTION ( 'NONE',  ( 1.000000000000000000, -0.000000000000000000, 0.000000000000000000 ) ) ;
#2995 = PLANE ( 'NONE',  #1919 ) ;
#2996 = EDGE_LOOP ( 'NONE', ( #4678, #1148 ) ) ;
#2997 = CARTESIAN_POINT ( 'NONE',  ( 1.224646799147356412E-16, 17.00000000000000000, -2.999999999999993339 ) ) ;
#2998 = ORIENTED_EDGE ( 'NONE', *, *, #4221, .F. ) ;
#2999 = AXIS2_PLACEMENT_3D ( 'NONE', #4133, #1106, #1503 ) ;
#3000 = AXIS2_PLACEMENT_3D ( 'NONE', #32, #1499, #4376 ) ;
#3001 = VERTEX_POINT ( 'NONE', #1702 ) ;
#3002 = ORIENTED_EDGE ( 'NONE', *, *, #3499, .F. ) ;
#3003 = AXIS2_PLACEMENT_3D ( 'NONE', #3441, #2289, #4540 ) ;
#3004 = AXIS2_PLACEMENT_3D ( 'NONE', #3161, #4286, #3208 ) ;
#3005 = DIRECTION ( 'NONE',  ( -0.000000000000000000, 1.000000000000000000, -0.000000000000000000 ) ) ;
#3006 = CARTESIAN_POINT ( 'NONE',  ( 85.50000000000001421, 0.000000000000000000, -3.091507183936761827 ) ) ;
#3007 = DIRECTION ( 'NONE',  ( 0.000000000000000000, 1.000000000000000000, 0.000000000000000000 ) ) ;
#3008 = VERTEX_POINT ( 'NONE', #178 ) ;
#3009 = CARTESIAN_POINT ( 'NONE',  ( -5.999999999999999112, 20.00000000000000000, 12.00000000000000178 ) ) ;
#3010 = VECTOR ( 'NONE', #2807, 1000.000000000000000 ) ;
#3011 = ORIENTED_EDGE ( 'NONE', *, *, #3529, .F. ) ;
#3012 = AXIS2_PLACEMENT_3D ( 'NONE', #4514, #2628, #2658 ) ;
#3013 = VECTOR ( 'NONE', #3676, 1000.000000000000000 ) ;
#3014 = EDGE_CURVE ( 'NONE', #2514, #2654, #4633, .T. ) ;
#3015 = LINE ( 'NONE', #2229, #2611 ) ;
#3016 = EDGE_CURVE ( 'NONE', #2621, #3744, #1674, .T. ) ;
#3017 = DIRECTION ( 'NONE',  ( 0.000000000000000000, 0.000000000000000000, 1.000000000000000000 ) ) ;
#3018 = DIRECTION ( 'NONE',  ( 0.000000000000000000, 0.000000000000000000, 1.000000000000000000 ) ) ;
#3019 = CARTESIAN_POINT ( 'NONE',  ( -1.700000000000000178, 20.00000000000000000, 7.300000000000003375 ) ) ;
#3020 = CARTESIAN_POINT ( 'NONE',  ( 45.50000000000001421, 4.200000000000000178, 30.00000000000001066 ) ) ;
#3021 = DIRECTION ( 'NONE',  ( 1.000000000000000000, 0.000000000000000000, 0.000000000000000000 ) ) ;
#3022 = CARTESIAN_POINT ( 'NONE',  ( -44.50000000000001421, 0.000000000000000000, -29.00000000000000711 ) ) ;
#3023 = AXIS2_PLACEMENT_3D ( 'NONE', #3382, #2620, #769 ) ;
#3024 = EDGE_LOOP ( 'NONE', ( #4324, #2739, #768, #218, #21, #377, #3150, #3378, #525, #1805 ) ) ;
#3025 = CARTESIAN_POINT ( 'NONE',  ( 44.50000000000001421, 0.000000000000000000, 24.40000000000000924 ) ) ;
#3026 = DIRECTION ( 'NONE',  ( 0.000000000000000000, -1.000000000000000000, 0.000000000000000000 ) ) ;
#3027 = CARTESIAN_POINT ( 'NONE',  ( 6.000000000000000888, 20.00000000000000000, 12.00000000000000178 ) ) ;
#3028 = AXIS2_PLACEMENT_3D ( 'NONE', #4434, #3745, #2203 ) ;
#3029 = DIRECTION ( 'NONE',  ( 0.000000000000000000, 0.000000000000000000, -1.000000000000000000 ) ) ;
#3030 = EDGE_LOOP ( 'NONE', ( #1933, #1022, #2227, #4094, #1068, #3439, #3591, #613 ) ) ;
#3031 = CARTESIAN_POINT ( 'NONE',  ( 42.00000000000001421, 0.000000000000000000, -26.50000000000001066 ) ) ;
#3032 = VECTOR ( 'NONE', #2578, 1000.000000000000000 ) ;
#3033 = ORIENTED_EDGE ( 'NONE', *, *, #114, .T. ) ;
#3034 = LINE ( 'NONE', #4507, #3703 ) ;
#3035 = DIRECTION ( 'NONE',  ( 0.000000000000000000, -1.000000000000000000, 0.000000000000000000 ) ) ;
#3036 = EDGE_LOOP ( 'NONE', ( #3800, #4620, #237, #942 ) ) ;
#3037 = CARTESIAN_POINT ( 'NONE',  ( -35.50000000000001421, 11.00000000000000000, -2.500000000000000000 ) ) ;
#3038 = ORIENTED_EDGE ( 'NONE', *, *, #4019, .T. ) ;
#3039 = ORIENTED_EDGE ( 'NONE', *, *, #2111, .T. ) ;
#3040 = EDGE_CURVE ( 'NONE', #3102, #2251, #3257, .T. ) ;
#3041 = CARTESIAN_POINT ( 'NONE',  ( 45.54555525137367766, 15.00000000000000000, -4.999999999999997335 ) ) ;
#3042 = LINE ( 'NONE', #323, #1138 ) ;
#3043 = DIRECTION ( 'NONE',  ( 1.000000000000000000, -0.000000000000000000, 0.000000000000000000 ) ) ;
#3044 = CARTESIAN_POINT ( 'NONE',  ( -51.68556701030929901, 15.00000000000000000, -24.45933631058685620 ) ) ;
#3045 = FACE_OUTER_BOUND ( 'NONE', #288, .T. ) ;
#3046 = CARTESIAN_POINT ( 'NONE',  ( -42.40385698414537785, 4.200000000000000178, 10.33115200650950349 ) ) ;
#3047 = DIRECTION ( 'NONE',  ( -3.190296047773437761E-14, 0.000000000000000000, 1.000000000000000000 ) ) ;
#3048 = LINE ( 'NONE', #112, #1604 ) ;
#3049 = DIRECTION ( 'NONE',  ( 0.000000000000000000, -1.000000000000000000, 0.000000000000000000 ) ) ;
#3050 = ADVANCED_FACE ( 'NONE', ( #2818 ), #4253, .T. ) ;
#3051 = LINE ( 'NONE', #1221, #1671 ) ;
#3052 = DIRECTION ( 'NONE',  ( 0.000000000000000000, -1.000000000000000000, 0.000000000000000000 ) ) ;
#3053 = EDGE_CURVE ( 'NONE', #27, #2789, #2433, .T. ) ;
#3054 = VERTEX_POINT ( 'NONE', #2061 ) ;
#3055 = DIRECTION ( 'NONE',  ( 0.000000000000000000, 1.000000000000000000, 0.000000000000000000 ) ) ;
#3056 = EDGE_LOOP ( 'NONE', ( #943, #2081, #3002, #4238 ) ) ;
#3057 = CARTESIAN_POINT ( 'NONE',  ( -46.15917732731228540, 15.00000000000000000, -10.32335836023588094 ) ) ;
#3058 = DIRECTION ( 'NONE',  ( 0.000000000000000000, 0.000000000000000000, -1.000000000000000000 ) ) ;
#3059 = EDGE_LOOP ( 'NONE', ( #3370, #823, #3408, #1507, #4020, #3605, #3411, #2212 ) ) ;
#3060 = FACE_OUTER_BOUND ( 'NONE', #3024, .T. ) ;
#3061 = ORIENTED_EDGE ( 'NONE', *, *, #176, .F. ) ;
#3062 = ORIENTED_EDGE ( 'NONE', *, *, #2803, .F. ) ;
#3063 = CARTESIAN_POINT ( 'NONE',  ( 12.69999999999999218, -5.833809621030952464, 26.50000000000001066 ) ) ;
#3064 = CARTESIAN_POINT ( 'NONE',  ( -45.67077626419152381, 11.50000000000000000, -20.58101651390109765 ) ) ;
#3065 = DIRECTION ( 'NONE',  ( 0.000000000000000000, 0.000000000000000000, -1.000000000000000000 ) ) ;
#3066 = CARTESIAN_POINT ( 'NONE',  ( -45.50000000000001421, 11.00000000000000000, 2.500000000000000000 ) ) ;
#3067 = FACE_OUTER_BOUND ( 'NONE', #674, .T. ) ;
#3068 = DIRECTION ( 'NONE',  ( -0.000000000000000000, 1.000000000000000000, -0.000000000000000000 ) ) ;
#3069 = CARTESIAN_POINT ( 'NONE',  ( -5.999999999999999112, 20.00000000000000000, 13.00000000000000178 ) ) ;
#3070 = CARTESIAN_POINT ( 'NONE',  ( -45.50000000000001421, 4.200000000000000178, -2.499999999999999112 ) ) ;
#3071 = ADVANCED_FACE ( 'NONE', ( #1265 ), #3585, .F. ) ;
#3072 = VERTEX_POINT ( 'NONE', #920 ) ;
#3073 = CARTESIAN_POINT ( 'NONE',  ( 36.08101651390111186, 8.400000000000000355, -30.17077626419151670 ) ) ;
#3074 = EDGE_CURVE ( 'NONE', #3310, #4197, #624, .T. ) ;
#3075 = EDGE_LOOP ( 'NONE', ( #4406, #544, #2239, #4129, #502 ) ) ;
#3076 = AXIS2_PLACEMENT_3D ( 'NONE', #828, #3806, #467 ) ;
#3077 = AXIS2_PLACEMENT_3D ( 'NONE', #4335, #4652, #228 ) ;
#3078 = LINE ( 'NONE', #2356, #2778 ) ;
#3079 = ORIENTED_EDGE ( 'NONE', *, *, #3351, .F. ) ;
#3080 = ORIENTED_EDGE ( 'NONE', *, *, #3379, .F. ) ;
#3081 = ORIENTED_EDGE ( 'NONE', *, *, #1734, .F. ) ;
#3082 = VECTOR ( 'NONE', #2994, 1000.000000000000000 ) ;
#3083 = AXIS2_PLACEMENT_3D ( 'NONE', #4385, #1376, #277 ) ;
#3084 = VECTOR ( 'NONE', #788, 1000.000000000000000 ) ;
#3085 = DIRECTION ( 'NONE',  ( -0.000000000000000000, 1.000000000000000000, -0.000000000000000000 ) ) ;
#3086 = VECTOR ( 'NONE', #1119, 1000.000000000000000 ) ;
#3087 = DIRECTION ( 'NONE',  ( 1.000000000000000000, -0.000000000000000000, 0.000000000000000000 ) ) ;
#3088 = AXIS2_PLACEMENT_3D ( 'NONE', #4752, #2322, #2191 ) ;
#3089 = LINE ( 'NONE', #3019, #614 ) ;
#3090 = AXIS2_PLACEMENT_3D ( 'NONE', #4366, #543, #3496 ) ;
#3091 = FACE_OUTER_BOUND ( 'NONE', #421, .T. ) ;
#3092 = VECTOR ( 'NONE', #4432, 1000.000000000000000 ) ;
#3093 = CYLINDRICAL_SURFACE ( 'NONE', #4694, 40.00000000000000000 ) ;
#3094 = CARTESIAN_POINT ( 'NONE',  ( 45.50000000000001421, 15.00000000000000000, 30.00000000000001066 ) ) ;
#3095 = AXIS2_PLACEMENT_3D ( 'NONE', #2513, #2169, #3992 ) ;
#3096 = DIRECTION ( 'NONE',  ( 0.000000000000000000, -0.000000000000000000, 1.000000000000000000 ) ) ;
#3097 = AXIS2_PLACEMENT_3D ( 'NONE', #676, #3654, #1090 ) ;
#3098 = CARTESIAN_POINT ( 'NONE',  ( 42.00000000000001421, 1.799999999999999600, 26.50000000000001066 ) ) ;
#3099 = DIRECTION ( 'NONE',  ( 0.000000000000000000, 0.000000000000000000, -1.000000000000000000 ) ) ;
#3100 = LINE ( 'NONE', #4499, #3715 ) ;
#3101 = CARTESIAN_POINT ( 'NONE',  ( -1.700000000000000178, 15.00000000000000000, 7.300000000000003375 ) ) ;
#3102 = VERTEX_POINT ( 'NONE', #2416 ) ;
#3103 = AXIS2_PLACEMENT_3D ( 'NONE', #3741, #3328, #1437 ) ;
#3104 = EDGE_CURVE ( 'NONE', #2638, #368, #1724, .T. ) ;
#3105 = CARTESIAN_POINT ( 'NONE',  ( 42.00304205977205640, 9.429389469638961074, -3.658346134780600334 ) ) ;
#3106 = DIRECTION ( 'NONE',  ( 0.000000000000000000, 0.000000000000000000, -1.000000000000000000 ) ) ;
#3107 = ORIENTED_EDGE ( 'NONE', *, *, #1605, .T. ) ;
#3108 = AXIS2_PLACEMENT_3D ( 'NONE', #2836, #4674, #892 ) ;
#3109 = EDGE_LOOP ( 'NONE', ( #3631, #3785, #4320, #2117, #1998 ) ) ;
#3110 = AXIS2_PLACEMENT_3D ( 'NONE', #3844, #3114, #4563 ) ;
#3111 = VERTEX_POINT ( 'NONE', #2110 ) ;
#3112 = EDGE_CURVE ( 'NONE', #4362, #586, #3727, .T. ) ;
#3113 = CIRCLE ( 'NONE', #4334, 1.000000000000002665 ) ;
#3114 = DIRECTION ( 'NONE',  ( 0.000000000000000000, 1.000000000000000000, 0.000000000000000000 ) ) ;
#3115 = CARTESIAN_POINT ( 'NONE',  ( 0.000000000000000000, 11.50000000000000000, -3.999999999999995559 ) ) ;
#3116 = B_SPLINE_CURVE_WITH_KNOTS ( 'NONE', 3,
 ( #2979, #2197, #3768, #3684, #406, #1892, #736, #430, #4452, #1835 ),
 .UNSPECIFIED., .F., .F.,
 ( 4, 2, 2, 2, 4 ),
 ( 0.000000000000000000, 0.001123515657657353332, 0.002247031315314706665, 0.003370546972972065201, 0.004494062630629423738 ),
 .UNSPECIFIED. ) ;
#3117 = FACE_OUTER_BOUND ( 'NONE', #2830, .T. ) ;
#3118 = EDGE_LOOP ( 'NONE', ( #789, #335, #1123, #3250 ) ) ;
#3119 = LINE ( 'NONE', #4223, #41 ) ;
#3120 = CARTESIAN_POINT ( 'NONE',  ( -11.69999999999999396, 6.735557395310434135E-16, -26.50000000000000711 ) ) ;
#3121 = DIRECTION ( 'NONE',  ( 2.688821387764050602E-15, 0.000000000000000000, -1.000000000000000000 ) ) ;
#3122 = DIRECTION ( 'NONE',  ( 0.000000000000000000, -1.000000000000000000, 0.000000000000000000 ) ) ;
#3123 = CARTESIAN_POINT ( 'NONE',  ( -18.59150718393674495, 0.000000000000000000, 70.00000000000000000 ) ) ;
#3124 = ORIENTED_EDGE ( 'NONE', *, *, #351, .F. ) ;
#3125 = DIRECTION ( 'NONE',  ( 0.000000000000000000, 0.000000000000000000, -1.000000000000000000 ) ) ;
#3126 = ORIENTED_EDGE ( 'NONE', *, *, #3224, .F. ) ;
#3127 = EDGE_CURVE ( 'NONE', #4705, #257, #2646, .T. ) ;
#3128 = ORIENTED_EDGE ( 'NONE', *, *, #4228, .T. ) ;
#3129 = CARTESIAN_POINT ( 'NONE',  ( 42.00000000000001421, 0.000000000000000000, 26.50000000000001066 ) ) ;
#3130 = VERTEX_POINT ( 'NONE', #3517 ) ;
#3131 = VERTEX_POINT ( 'NONE', #1654 ) ;
#3132 = EDGE_CURVE ( 'NONE', #3502, #3744, #3819, .T. ) ;
#3133 = ORIENTED_EDGE ( 'NONE', *, *, #3587, .F. ) ;
#3134 = DIRECTION ( 'NONE',  ( 1.982541115402061757E-15, 0.000000000000000000, -1.000000000000000000 ) ) ;
#3135 = EDGE_CURVE ( 'NONE', #1516, #4760, #1159, .T. ) ;
#3136 = CARTESIAN_POINT ( 'NONE',  ( -42.00000000000002132, 15.00000000000000000, 23.00000000000000711 ) ) ;
#3137 = EDGE_LOOP ( 'NONE', ( #4604, #2193, #3475, #4024 ) ) ;
#3138 = FACE_OUTER_BOUND ( 'NONE', #2890, .T. ) ;
#3139 = EDGE_CURVE ( 'NONE', #2558, #1657, #3888, .T. ) ;
#3140 = DIRECTION ( 'NONE',  ( 0.000000000000000000, 0.000000000000000000, -1.000000000000000000 ) ) ;
#3141 = CARTESIAN_POINT ( 'NONE',  ( -85.50000000000001421, 0.000000000000000000, 3.091507183936761827 ) ) ;
#3142 = FACE_OUTER_BOUND ( 'NONE', #2422, .T. ) ;
#3143 = LINE ( 'NONE', #4255, #3790 ) ;
#3144 = EDGE_CURVE ( 'NONE', #2555, #2699, #1779, .T. ) ;
#3145 = ORIENTED_EDGE ( 'NONE', *, *, #2983, .T. ) ;
#3146 = CYLINDRICAL_SURFACE ( 'NONE', #4174, 40.00000000000000000 ) ;
#3147 = ORIENTED_EDGE ( 'NONE', *, *, #15, .F. ) ;
#3148 = ORIENTED_EDGE ( 'NONE', *, *, #2990, .T. ) ;
#3149 = CARTESIAN_POINT ( 'NONE',  ( -44.50000000000001421, -2.499999999999999112, 29.00000000000000711 ) ) ;
#3150 = ORIENTED_EDGE ( 'NONE', *, *, #2430, .T. ) ;
#3151 = ORIENTED_EDGE ( 'NONE', *, *, #1064, .T. ) ;
#3152 = EDGE_LOOP ( 'NONE', ( #23, #3986 ) ) ;
#3153 = ORIENTED_EDGE ( 'NONE', *, *, #1278, .T. ) ;
#3154 = CIRCLE ( 'NONE', #4690, 43.50000000000000711 ) ;
#3155 = AXIS2_PLACEMENT_3D ( 'NONE', #534, #3782, #4120 ) ;
#3156 = ORIENTED_EDGE ( 'NONE', *, *, #4583, .T. ) ;
#3157 = EDGE_CURVE ( 'NONE', #1728, #761, #1025, .T. ) ;
#3158 = EDGE_CURVE ( 'NONE', #1360, #22, #2599, .T. ) ;
#3159 = VECTOR ( 'NONE', #4647, 1000.000000000000000 ) ;
#3160 = FACE_OUTER_BOUND ( 'NONE', #3483, .T. ) ;
#3161 = CARTESIAN_POINT ( 'NONE',  ( -44.50000000000001421, -22.00000000000000355, -29.00000000000000711 ) ) ;
#3162 = CARTESIAN_POINT ( 'NONE',  ( -44.50000000000001421, 15.00000000000000000, 29.00000000000000711 ) ) ;
#3163 = CIRCLE ( 'NONE', #3319, 8.500000000000010658 ) ;
#3164 = VECTOR ( 'NONE', #4043, 1000.000000000000000 ) ;
#3165 = CARTESIAN_POINT ( 'NONE',  ( -85.50000000000001421, 4.200000000000000178, 3.091507183936761827 ) ) ;
#3166 = CARTESIAN_POINT ( 'NONE',  ( -45.50000000000001421, 4.200000000000000178, 30.00000000000001066 ) ) ;
#3167 = EDGE_CURVE ( 'NONE', #1864, #583, #4494, .T. ) ;
#3168 = AXIS2_PLACEMENT_3D ( 'NONE', #4093, #705, #2608 ) ;
#3169 = EDGE_CURVE ( 'NONE', #1941, #1430, #1770, .T. ) ;
#3170 = AXIS2_PLACEMENT_3D ( 'NONE', #276, #4723, #3306 ) ;
#3171 = ORIENTED_EDGE ( 'NONE', *, *, #98, .T. ) ;
#3172 = DIRECTION ( 'NONE',  ( 0.000000000000000000, -1.000000000000000000, 0.000000000000000000 ) ) ;
#3173 = ORIENTED_EDGE ( 'NONE', *, *, #3304, .F. ) ;
#3174 = DIRECTION ( 'NONE',  ( 0.000000000000000000, 0.000000000000000000, -1.000000000000000000 ) ) ;
#3175 = ORIENTED_EDGE ( 'NONE', *, *, #2342, .F. ) ;
#3176 = EDGE_LOOP ( 'NONE', ( #305, #1065, #953, #1368, #3107, #3711, #3320, #431, #3062, #848, #2448, #4659, #1544, #4294, #1955, #4061, #2595 ) ) ;
#3177 = AXIS2_PLACEMENT_3D ( 'NONE', #4689, #1367, #4281 ) ;
#3178 = VERTEX_POINT ( 'NONE', #1006 ) ;
#3179 = DIRECTION ( 'NONE',  ( 3.469446951953614189E-15, 0.000000000000000000, -1.000000000000000000 ) ) ;
#3180 = CIRCLE ( 'NONE', #3643, 3.500000000000003109 ) ;
#3181 = LINE ( 'NONE', #4587, #4637 ) ;
#3182 = CYLINDRICAL_SURFACE ( 'NONE', #1306, 4.599999999999999645 ) ;
#3183 = VERTEX_POINT ( 'NONE', #1396 ) ;
#3184 = VECTOR ( 'NONE', #1635, 1000.000000000000000 ) ;
#3185 = EDGE_CURVE ( 'NONE', #1657, #1323, #2550, .T. ) ;
#3186 = ORIENTED_EDGE ( 'NONE', *, *, #4787, .T. ) ;
#3187 = PLANE ( 'NONE',  #902 ) ;
#3188 = DIRECTION ( 'NONE',  ( -0.000000000000000000, 1.000000000000000000, -0.000000000000000000 ) ) ;
#3189 = CARTESIAN_POINT ( 'NONE',  ( 44.50000000000001421, 15.00000000000000000, -29.00000000000000711 ) ) ;
#3190 = CARTESIAN_POINT ( 'NONE',  ( 38.41227904007969585, 15.00000000000000000, -31.27808110350507320 ) ) ;
#3191 = CARTESIAN_POINT ( 'NONE',  ( -44.50000000000001421, 0.000000000000000000, 29.00000000000000711 ) ) ;
#3192 = CARTESIAN_POINT ( 'NONE',  ( 45.50000000000001421, 15.00000000000000000, -3.091507183936761827 ) ) ;
#3193 = VERTEX_POINT ( 'NONE', #4033 ) ;
#3194 = ORIENTED_EDGE ( 'NONE', *, *, #2490, .T. ) ;
#3195 = EDGE_CURVE ( 'NONE', #3294, #4322, #302, .T. ) ;
#3196 = ADVANCED_FACE ( 'NONE', ( #2522 ), #3669, .T. ) ;
#3197 = ORIENTED_EDGE ( 'NONE', *, *, #3945, .T. ) ;
#3198 = DIRECTION ( 'NONE',  ( 1.000000000000000000, 0.000000000000000000, 0.000000000000000000 ) ) ;
#3199 = ORIENTED_EDGE ( 'NONE', *, *, #64, .F. ) ;
#3200 = VERTEX_POINT ( 'NONE', #3303 ) ;
#3201 = ORIENTED_EDGE ( 'NONE', *, *, #2598, .T. ) ;
#3202 = DIRECTION ( 'NONE',  ( 0.000000000000000000, -0.000000000000000000, -1.000000000000000000 ) ) ;
#3203 = ADVANCED_FACE ( 'NONE', ( #1814 ), #2884, .T. ) ;
#3204 = CARTESIAN_POINT ( 'NONE',  ( 45.53045875256958652, 7.848664890839211594, 4.660802000864383565 ) ) ;
#3205 = ORIENTED_EDGE ( 'NONE', *, *, #2083, .F. ) ;
#3206 = LINE ( 'NONE', #4695, #1353 ) ;
#3207 = CARTESIAN_POINT ( 'NONE',  ( -85.50000000000001421, 15.00000000000000000, -3.091507183936761827 ) ) ;
#3208 = DIRECTION ( 'NONE',  ( 0.000000000000000000, 0.000000000000000000, 1.000000000000000000 ) ) ;
#3209 = DIRECTION ( 'NONE',  ( 0.000000000000000000, -1.000000000000000000, 0.000000000000000000 ) ) ;
#3210 = LINE ( 'NONE', #4675, #2457 ) ;
#3211 = PLANE ( 'NONE',  #2838 ) ;
#3212 = ADVANCED_FACE ( 'NONE', ( #4766 ), #4796, .F. ) ;
#3213 = VERTEX_POINT ( 'NONE', #324 ) ;
#3214 = ADVANCED_FACE ( 'NONE', ( #1445 ), #1874, .T. ) ;
#3215 = EDGE_CURVE ( 'NONE', #2558, #3902, #1416, .T. ) ;
#3216 = CARTESIAN_POINT ( 'NONE',  ( 42.00000000000000711, 15.00000000000000000, -3.091507183936765379 ) ) ;
#3217 = VERTEX_POINT ( 'NONE', #2863 ) ;
#3218 = CARTESIAN_POINT ( 'NONE',  ( -44.50000000000001421, 0.000000000000000000, -29.00000000000000711 ) ) ;
#3219 = ORIENTED_EDGE ( 'NONE', *, *, #2243, .F. ) ;
#3220 = VERTEX_POINT ( 'NONE', #3982 ) ;
#3221 = DIRECTION ( 'NONE',  ( 0.000000000000000000, 0.000000000000000000, -1.000000000000000000 ) ) ;
#3222 = CARTESIAN_POINT ( 'NONE',  ( 44.50000000000001421, -2.499999999999999112, -24.40000000000000924 ) ) ;
#3223 = VERTEX_POINT ( 'NONE', #2501 ) ;
#3224 = EDGE_CURVE ( 'NONE', #3072, #560, #2340, .T. ) ;
#3225 = LINE ( 'NONE', #3275, #3787 ) ;
#3226 = CIRCLE ( 'NONE', #4234, 2.500000000000005773 ) ;
#3227 = DIRECTION ( 'NONE',  ( 0.000000000000000000, 0.000000000000000000, -1.000000000000000000 ) ) ;
#3228 = VECTOR ( 'NONE', #1345, 1000.000000000000000 ) ;
#3229 = CARTESIAN_POINT ( 'NONE',  ( 45.50000000000001421, 11.50000000000000000, 26.50000000000001066 ) ) ;
#3230 = DIRECTION ( 'NONE',  ( 0.000000000000000000, -1.000000000000000000, 0.000000000000000000 ) ) ;
#3231 = VECTOR ( 'NONE', #4135, 1000.000000000000000 ) ;
#3232 = DIRECTION ( 'NONE',  ( 0.000000000000000000, 0.000000000000000000, -1.000000000000000000 ) ) ;
#3233 = PLANE ( 'NONE',  #3326 ) ;
#3234 = CIRCLE ( 'NONE', #4308, 43.50000000000001421 ) ;
#3235 = ORIENTED_EDGE ( 'NONE', *, *, #3074, .T. ) ;
#3236 = CIRCLE ( 'NONE', #3321, 4.599999999999996092 ) ;
#3237 = DIRECTION ( 'NONE',  ( 0.000000000000000000, 0.000000000000000000, -1.000000000000000000 ) ) ;
#3238 = VECTOR ( 'NONE', #2681, 1000.000000000000000 ) ;
#3239 = CIRCLE ( 'NONE', #4478, 6.499999999999995559 ) ;
#3240 = ORIENTED_EDGE ( 'NONE', *, *, #1228, .T. ) ;
#3241 = LINE ( 'NONE', #3216, #3010 ) ;
#3242 = ORIENTED_EDGE ( 'NONE', *, *, #2351, .F. ) ;
#3243 = ORIENTED_EDGE ( 'NONE', *, *, #1555, .T. ) ;
#3244 = EDGE_CURVE ( 'NONE', #1461, #3289, #4005, .T. ) ;
#3245 = ORIENTED_EDGE ( 'NONE', *, *, #1561, .F. ) ;
#3246 = AXIS2_PLACEMENT_3D ( 'NONE', #3728, #2290, #1139 ) ;
#3247 = CARTESIAN_POINT ( 'NONE',  ( -42.60535781051601134, 4.200000000000000178, -10.32335836023588271 ) ) ;
#3248 = AXIS2_PLACEMENT_3D ( 'NONE', #1322, #223, #2812 ) ;
#3249 = CARTESIAN_POINT ( 'NONE',  ( 4.299999999999999822, 17.00000000000000000, 7.300000000000004263 ) ) ;
#3250 = ORIENTED_EDGE ( 'NONE', *, *, #2635, .F. ) ;
#3251 = EDGE_CURVE ( 'NONE', #551, #4638, #803, .T. ) ;
#3252 = EDGE_CURVE ( 'NONE', #824, #1041, #1531, .T. ) ;
#3253 = AXIS2_PLACEMENT_3D ( 'NONE', #3006, #1808, #3296 ) ;
#3254 = CARTESIAN_POINT ( 'NONE',  ( 44.50000000000001421, 1.800000000000000044, 29.00000000000000711 ) ) ;
#3255 = CARTESIAN_POINT ( 'NONE',  ( -7.700000000000000178, 15.00000000000000000, 18.99999999999999645 ) ) ;
#3256 = FACE_OUTER_BOUND ( 'NONE', #1735, .T. ) ;
#3257 = CIRCLE ( 'NONE', #1463, 5.499999999999994671 ) ;
#3258 = AXIS2_PLACEMENT_3D ( 'NONE', #1452, #2941, #4416 ) ;
#3259 = DIRECTION ( 'NONE',  ( 0.000000000000000000, 1.000000000000000000, 0.000000000000000000 ) ) ;
#3260 = LINE ( 'NONE', #3692, #4180 ) ;
#3261 = DIRECTION ( 'NONE',  ( -0.000000000000000000, -1.000000000000000000, -0.000000000000000000 ) ) ;
#3262 = SHAPE_DEFINITION_REPRESENTATION ( #3317, #3751 ) ;
#3263 = CIRCLE ( 'NONE', #764, 40.00000000000000000 ) ;
#3264 = ORIENTED_EDGE ( 'NONE', *, *, #3882, .T. ) ;
#3265 = PLANE ( 'NONE',  #2399 ) ;
#3266 = ORIENTED_EDGE ( 'NONE', *, *, #353, .T. ) ;
#3267 = FACE_OUTER_BOUND ( 'NONE', #3610, .T. ) ;
#3268 = EDGE_LOOP ( 'NONE', ( #2095, #3437, #4446, #4584 ) ) ;
#3269 = ORIENTED_EDGE ( 'NONE', *, *, #2091, .T. ) ;
#3270 = DIRECTION ( 'NONE',  ( 0.000000000000000000, 0.000000000000000000, 1.000000000000000000 ) ) ;
#3271 = DIRECTION ( 'NONE',  ( 0.000000000000000000, -1.000000000000000000, 0.000000000000000000 ) ) ;
#3272 = CARTESIAN_POINT ( 'NONE',  ( 44.50000000000001421, -2.499999999999999112, -26.50000000000000000 ) ) ;
#3273 = EDGE_CURVE ( 'NONE', #3294, #145, #3089, .T. ) ;
#3274 = ORIENTED_EDGE ( 'NONE', *, *, #2006, .T. ) ;
#3275 = CARTESIAN_POINT ( 'NONE',  ( -44.50000000000001421, -22.00000000000000355, 26.50000000000000711 ) ) ;
#3276 = EDGE_CURVE ( 'NONE', #4781, #4670, #3385, .T. ) ;
#3277 = CARTESIAN_POINT ( 'NONE',  ( -42.00000000000000711, 4.200000000000000178, -3.091507183936765379 ) ) ;
#3278 = PLANE ( 'NONE',  #1442 ) ;
#3279 = DIRECTION ( 'NONE',  ( 0.000000000000000000, 1.000000000000000000, 0.000000000000000000 ) ) ;
#3280 = DIRECTION ( 'NONE',  ( 0.000000000000000000, -0.000000000000000000, -1.000000000000000000 ) ) ;
#3281 = CARTESIAN_POINT ( 'NONE',  ( -44.50000000000001421, 1.799999999999999600, -29.00000000000000711 ) ) ;
#3282 = EDGE_CURVE ( 'NONE', #3836, #820, #2092, .T. ) ;
#3283 = ORIENTED_EDGE ( 'NONE', *, *, #3542, .T. ) ;
#3284 = APPLICATION_CONTEXT ( 'automotive_design' ) ;
#3285 = LINE ( 'NONE', #2969, #2452 ) ;
#3286 = DIRECTION ( 'NONE',  ( 0.000000000000000000, -1.000000000000000000, 0.000000000000000000 ) ) ;
#3287 = ADVANCED_FACE ( 'NONE', ( #4457 ), #1923, .T. ) ;
#3288 = DIRECTION ( 'NONE',  ( 0.000000000000000000, -1.000000000000000000, 0.000000000000000000 ) ) ;
#3289 = VERTEX_POINT ( 'NONE', #3064 ) ;
#3290 = LINE ( 'NONE', #3420, #3553 ) ;
#3291 = ORIENTED_EDGE ( 'NONE', *, *, #3053, .T. ) ;
#3292 = ORIENTED_EDGE ( 'NONE', *, *, #1519, .F. ) ;
#3293 = ORIENTED_EDGE ( 'NONE', *, *, #2751, .F. ) ;
#3294 = VERTEX_POINT ( 'NONE', #4538 ) ;
#3295 = CARTESIAN_POINT ( 'NONE',  ( 45.54555525137367766, 6.000000000000000888, -5.000000000000000000 ) ) ;
#3296 = DIRECTION ( 'NONE',  ( 0.000000000000000000, 0.000000000000000000, -1.000000000000000000 ) ) ;
#3297 = CARTESIAN_POINT ( 'NONE',  ( 45.54555525137367056, 6.379901688815708738, 5.000000000000000888 ) ) ;
#3298 = DIRECTION ( 'NONE',  ( -0.000000000000000000, 1.000000000000000000, -0.000000000000000000 ) ) ;
#3299 = VERTEX_POINT ( 'NONE', #35 ) ;
#3300 = LINE ( 'NONE', #2548, #1600 ) ;
#3301 = LINE ( 'NONE', #322, #69 ) ;
#3302 = CARTESIAN_POINT ( 'NONE',  ( 4.299999999999999822, 20.00000000000000000, 7.300000000000004263 ) ) ;
#3303 = CARTESIAN_POINT ( 'NONE',  ( -42.00000000000000711, 4.200000000000000178, -2.499999999999999556 ) ) ;
#3304 = EDGE_CURVE ( 'NONE', #1864, #2893, #10, .T. ) ;
#3305 = EDGE_CURVE ( 'NONE', #1830, #2893, #384, .T. ) ;
#3306 = DIRECTION ( 'NONE',  ( -8.163404592832023119E-16, 0.000000000000000000, 1.000000000000000000 ) ) ;
#3307 = DIRECTION ( 'NONE',  ( 0.000000000000000000, 0.000000000000000000, -1.000000000000000000 ) ) ;
#3308 = VECTOR ( 'NONE', #4139, 1000.000000000000000 ) ;
#3309 = FACE_BOUND ( 'NONE', #4651, .T. ) ;
#3310 = VERTEX_POINT ( 'NONE', #4202 ) ;
#3311 = CIRCLE ( 'NONE', #2313, 4.599999999999996092 ) ;
#3312 = AXIS2_PLACEMENT_3D ( 'NONE', #3672, #1796, #2129 ) ;
#3313 =( GEOMETRIC_REPRESENTATION_CONTEXT ( 3 ) GLOBAL_UNCERTAINTY_ASSIGNED_CONTEXT ( ( #2367 ) ) GLOBAL_UNIT_ASSIGNED_CONTEXT ( ( #1811, #4074, #1414 ) ) REPRESENTATION_CONTEXT ( 'NONE', 'WORKASPACE' ) );
#3314 = EDGE_CURVE ( 'NONE', #2900, #1665, #4489, .T. ) ;
#3315 = CARTESIAN_POINT ( 'NONE',  ( 42.00000000000001421, 1.799999999999999600, -26.50000000000001066 ) ) ;
#3316 = CARTESIAN_POINT ( 'NONE',  ( 18.59150718393674495, 0.000000000000000000, 70.00000000000000000 ) ) ;
#3317 = PRODUCT_DEFINITION_SHAPE ( 'NONE', 'NONE',  #2268 ) ;
#3318 = EDGE_CURVE ( 'NONE', #1387, #1546, #370, .T. ) ;
#3319 = AXIS2_PLACEMENT_3D ( 'NONE', #2221, #25, #1096 ) ;
#3320 = ORIENTED_EDGE ( 'NONE', *, *, #3014, .F. ) ;
#3321 = AXIS2_PLACEMENT_3D ( 'NONE', #585, #2047, #2072 ) ;
#3322 = CARTESIAN_POINT ( 'NONE',  ( 6.000000000000000888, 11.50000000000000000, 12.00000000000000178 ) ) ;
#3323 = ORIENTED_EDGE ( 'NONE', *, *, #2123, .T. ) ;
#3324 = ORIENTED_EDGE ( 'NONE', *, *, #849, .T. ) ;
#3325 = ORIENTED_EDGE ( 'NONE', *, *, #520, .F. ) ;
#3326 = AXIS2_PLACEMENT_3D ( 'NONE', #181, #2551, #2044 ) ;
#3327 = ORIENTED_EDGE ( 'NONE', *, *, #3710, .T. ) ;
#3328 = DIRECTION ( 'NONE',  ( 0.000000000000000000, -1.000000000000000000, 0.000000000000000000 ) ) ;
#3329 = CIRCLE ( 'NONE', #2851, 1.000000000000002665 ) ;
#3330 = ORIENTED_EDGE ( 'NONE', *, *, #2853, .T. ) ;
#3331 = CIRCLE ( 'NONE', #1227, 2.500000000000002220 ) ;
#3332 = CARTESIAN_POINT ( 'NONE',  ( 45.54344497686984994, 6.754859077273437151, 4.957257566208833843 ) ) ;
#3333 = EDGE_LOOP ( 'NONE', ( #2096, #4641 ) ) ;
#3334 = ORIENTED_EDGE ( 'NONE', *, *, #3825, .F. ) ;
#3335 = DIRECTION ( 'NONE',  ( 0.000000000000000000, -1.000000000000000000, 0.000000000000000000 ) ) ;
#3336 = DIRECTION ( 'NONE',  ( 0.000000000000000000, 0.000000000000000000, 1.000000000000000000 ) ) ;
#3337 = EDGE_CURVE ( 'NONE', #4257, #2793, #4256, .T. ) ;
#3338 = AXIS2_PLACEMENT_3D ( 'NONE', #4302, #3910, #3891 ) ;
#3339 = CARTESIAN_POINT ( 'NONE',  ( 44.50000000000001421, 15.00000000000000000, -37.50000000000002132 ) ) ;
#3340 = LINE ( 'NONE', #2601, #3629 ) ;
#3341 = LINE ( 'NONE', #1479, #1986 ) ;
#3342 = CIRCLE ( 'NONE', #3504, 40.00000000000000711 ) ;
#3343 = CIRCLE ( 'NONE', #3110, 8.500000000000010658 ) ;
#3344 = CYLINDRICAL_SURFACE ( 'NONE', #541, 43.50000000000000711 ) ;
#3345 = ORIENTED_EDGE ( 'NONE', *, *, #1734, .T. ) ;
#3346 = AXIS2_PLACEMENT_3D ( 'NONE', #2205, #3690, #350 ) ;
#3347 = LINE ( 'NONE', #4059, #3860 ) ;
#3348 = CARTESIAN_POINT ( 'NONE',  ( 15.20000000000000107, 4.200000000000000178, -30.19999999999999929 ) ) ;
#3349 = ORIENTED_EDGE ( 'NONE', *, *, #4232, .T. ) ;
#3350 = ORIENTED_EDGE ( 'NONE', *, *, #634, .F. ) ;
#3351 = EDGE_CURVE ( 'NONE', #966, #2506, #3440, .T. ) ;
#3352 = ORIENTED_EDGE ( 'NONE', *, *, #3983, .T. ) ;
#3353 = EDGE_CURVE ( 'NONE', #2472, #3200, #3417, .T. ) ;
#3354 = VERTEX_POINT ( 'NONE', #852 ) ;
#3355 = ORIENTED_EDGE ( 'NONE', *, *, #1670, .F. ) ;
#3356 = DIRECTION ( 'NONE',  ( 0.000000000000000000, 0.000000000000000000, 1.000000000000000000 ) ) ;
#3357 = CARTESIAN_POINT ( 'NONE',  ( -5.999999999999999112, 11.50000000000000000, 11.00000000000000355 ) ) ;
#3358 = DIRECTION ( 'NONE',  ( -0.000000000000000000, -1.000000000000000000, -0.000000000000000000 ) ) ;
#3359 = ORIENTED_EDGE ( 'NONE', *, *, #1144, .T. ) ;
#3360 = CARTESIAN_POINT ( 'NONE',  ( -44.50000000000001421, 11.50000000000000000, -29.00000000000000711 ) ) ;
#3361 = ORIENTED_EDGE ( 'NONE', *, *, #3416, .F. ) ;
#3362 = EDGE_CURVE ( 'NONE', #1430, #122, #1557, .T. ) ;
#3363 = LINE ( 'NONE', #344, #275 ) ;
#3364 = CYLINDRICAL_SURFACE ( 'NONE', #3861, 5.499999999999994671 ) ;
#3365 = CARTESIAN_POINT ( 'NONE',  ( -15.19999999999999041, 0.000000000000000000, 26.50000000000001066 ) ) ;
#3366 = DIRECTION ( 'NONE',  ( 0.000000000000000000, 1.000000000000000000, 0.000000000000000000 ) ) ;
#3367 = DIRECTION ( 'NONE',  ( 0.000000000000000000, -1.000000000000000000, 0.000000000000000000 ) ) ;
#3368 = CARTESIAN_POINT ( 'NONE',  ( -38.41227904007969585, 0.000000000000000000, 31.27808110350507320 ) ) ;
#3369 = FACE_OUTER_BOUND ( 'NONE', #3735, .T. ) ;
#3370 = ORIENTED_EDGE ( 'NONE', *, *, #4658, .F. ) ;
#3371 = CARTESIAN_POINT ( 'NONE',  ( -18.59150718393674495, 1.799999999999999600, -70.00000000000000000 ) ) ;
#3372 = DIRECTION ( 'NONE',  ( 7.979727989493312634E-15, 0.000000000000000000, -1.000000000000000000 ) ) ;
#3373 = DIRECTION ( 'NONE',  ( -0.000000000000000000, -1.000000000000000000, -0.000000000000000000 ) ) ;
#3374 = ORIENTED_EDGE ( 'NONE', *, *, #1009, .T. ) ;
#3375 = FACE_OUTER_BOUND ( 'NONE', #2307, .T. ) ;
#3376 = EDGE_LOOP ( 'NONE', ( #3330, #3383, #3905, #2436 ) ) ;
#3377 = EDGE_CURVE ( 'NONE', #4748, #3652, #3845, .T. ) ;
#3378 = ORIENTED_EDGE ( 'NONE', *, *, #3907, .T. ) ;
#3379 = EDGE_CURVE ( 'NONE', #3567, #2195, #1132, .T. ) ;
#3380 = DIRECTION ( 'NONE',  ( 0.000000000000000000, -2.767081669228012716E-16, -1.000000000000000000 ) ) ;
#3381 = DIRECTION ( 'NONE',  ( 0.000000000000000000, 1.000000000000000000, 0.000000000000000000 ) ) ;
#3382 = CARTESIAN_POINT ( 'NONE',  ( -18.59150718393674495, 1.799999999999999600, 70.00000000000000000 ) ) ;
#3383 = ORIENTED_EDGE ( 'NONE', *, *, #2053, .F. ) ;
#3384 = DIRECTION ( 'NONE',  ( 0.000000000000000000, 1.000000000000000000, 0.000000000000000000 ) ) ;
#3385 = LINE ( 'NONE', #1578, #1466 ) ;
#3386 = ADVANCED_FACE ( 'NONE', ( #1946 ), #2343, .F. ) ;
#3387 = DIRECTION ( 'NONE',  ( 0.000000000000000000, 0.000000000000000000, -1.000000000000000000 ) ) ;
#3388 = CARTESIAN_POINT ( 'NONE',  ( -15.19999999999999041, 0.000000000000000000, 30.00000000000001066 ) ) ;
#3389 = DIRECTION ( 'NONE',  ( 0.000000000000000000, -1.000000000000000000, 0.000000000000000000 ) ) ;
#3390 = DIRECTION ( 'NONE',  ( 1.000000000000000000, -1.224646799147353454E-16, 0.000000000000000000 ) ) ;
#3391 = ORIENTED_EDGE ( 'NONE', *, *, #2138, .T. ) ;
#3392 = VECTOR ( 'NONE', #2292, 1000.000000000000000 ) ;
#3393 = CYLINDRICAL_SURFACE ( 'NONE', #1981, 2.500000000000005773 ) ;
#3394 = DIRECTION ( 'NONE',  ( 0.000000000000000000, 1.000000000000000000, 0.000000000000000000 ) ) ;
#3395 = LINE ( 'NONE', #3893, #3548 ) ;
#3396 = ORIENTED_EDGE ( 'NONE', *, *, #4666, .F. ) ;
#3397 = CYLINDRICAL_SURFACE ( 'NONE', #4318, 40.00000000000000000 ) ;
#3398 = EDGE_LOOP ( 'NONE', ( #2306, #932, #4283, #1595, #2516, #1270, #2511, #397 ) ) ;
#3399 = VECTOR ( 'NONE', #3688, 1000.000000000000000 ) ;
#3400 = ADVANCED_FACE ( 'NONE', ( #109 ), #1239, .F. ) ;
#3401 = ORIENTED_EDGE ( 'NONE', *, *, #4679, .T. ) ;
#3402 = AXIS2_PLACEMENT_3D ( 'NONE', #82, #3839, #59 ) ;
#3403 = VECTOR ( 'NONE', #874, 1000.000000000000000 ) ;
#3404 = CARTESIAN_POINT ( 'NONE',  ( 55.50000000000001421, 6.000000000000000000, 5.000000000000000000 ) ) ;
#3405 = DIRECTION ( 'NONE',  ( -0.000000000000000000, 0.000000000000000000, 1.000000000000000000 ) ) ;
#3406 = EDGE_LOOP ( 'NONE', ( #4448, #3456, #755, #3455 ) ) ;
#3407 = CARTESIAN_POINT ( 'NONE',  ( -42.60667251374644593, 0.000000000000000000, 10.33115200650950349 ) ) ;
#3408 = ORIENTED_EDGE ( 'NONE', *, *, #1530, .F. ) ;
#3409 = CIRCLE ( 'NONE', #3480, 43.50000000000000711 ) ;
#3410 = CIRCLE ( 'NONE', #1680, 4.599999999999996092 ) ;
#3411 = ORIENTED_EDGE ( 'NONE', *, *, #2720, .T. ) ;
#3412 = VECTOR ( 'NONE', #303, 1000.000000000000000 ) ;
#3413 = DIRECTION ( 'NONE',  ( 0.000000000000000000, 0.000000000000000000, -1.000000000000000000 ) ) ;
#3414 = DIRECTION ( 'NONE',  ( -0.000000000000000000, -1.000000000000000000, -0.000000000000000000 ) ) ;
#3415 = LINE ( 'NONE', #4435, #3238 ) ;
#3416 = EDGE_CURVE ( 'NONE', #312, #549, #4567, .T. ) ;
#3417 = LINE ( 'NONE', #2363, #1150 ) ;
#3418 = LINE ( 'NONE', #2234, #1352 ) ;
#3419 = DIRECTION ( 'NONE',  ( -1.000000000000000000, 0.000000000000000000, 1.314141429483280951E-15 ) ) ;
#3420 = CARTESIAN_POINT ( 'NONE',  ( 85.50000000000001421, 4.200000000000000178, -5.000000000000000888 ) ) ;
#3421 = PLANE ( 'NONE',  #4466 ) ;
#3422 = AXIS2_PLACEMENT_3D ( 'NONE', #774, #2258, #4243 ) ;
#3423 = DIRECTION ( 'NONE',  ( 0.000000000000000000, 0.000000000000000000, -1.000000000000000000 ) ) ;
#3424 = DIRECTION ( 'NONE',  ( 0.000000000000000000, -1.000000000000000000, 0.000000000000000000 ) ) ;
#3425 = AXIS2_PLACEMENT_3D ( 'NONE', #1895, #348, #3017 ) ;
#3426 = CARTESIAN_POINT ( 'NONE',  ( -4.299999999999999822, 20.00000000000000000, 18.99999999999999289 ) ) ;
#3427 = ORIENTED_EDGE ( 'NONE', *, *, #2430, .F. ) ;
#3428 = FACE_OUTER_BOUND ( 'NONE', #2426, .T. ) ;
#3429 = ORIENTED_EDGE ( 'NONE', *, *, #2421, .F. ) ;
#3430 = VECTOR ( 'NONE', #3209, 1000.000000000000000 ) ;
#3431 = ORIENTED_EDGE ( 'NONE', *, *, #331, .F. ) ;
#3432 = CARTESIAN_POINT ( 'NONE',  ( -44.50000000000001421, 0.000000000000000000, 29.00000000000000711 ) ) ;
#3433 = LINE ( 'NONE', #2721, #4309 ) ;
#3434 = ORIENTED_EDGE ( 'NONE', *, *, #1760, .T. ) ;
#3435 = DIRECTION ( 'NONE',  ( 0.000000000000000000, 1.000000000000000000, 0.000000000000000000 ) ) ;
#3436 = ORIENTED_EDGE ( 'NONE', *, *, #2469, .F. ) ;
#3437 = ORIENTED_EDGE ( 'NONE', *, *, #1732, .T. ) ;
#3438 = EDGE_CURVE ( 'NONE', #4290, #3502, #4029, .T. ) ;
#3439 = ORIENTED_EDGE ( 'NONE', *, *, #588, .T. ) ;
#3440 = LINE ( 'NONE', #3774, #2253 ) ;
#3441 = CARTESIAN_POINT ( 'NONE',  ( 44.50000000000001421, 15.00000000000000000, -29.00000000000001776 ) ) ;
#3442 = EDGE_CURVE ( 'NONE', #4058, #2871, #1258, .T. ) ;
#3443 = PRODUCT_DEFINITION_CONTEXT ( 'detailed design', #3284, 'design' ) ;
#3444 = CIRCLE ( 'NONE', #2496, 6.499999999999999112 ) ;
#3445 = DIRECTION ( 'NONE',  ( 0.000000000000000000, 1.000000000000000000, 0.000000000000000000 ) ) ;
#3446 = DIRECTION ( 'NONE',  ( 0.000000000000000000, -1.000000000000000000, 0.000000000000000000 ) ) ;
#3447 = LINE ( 'NONE', #1193, #3392 ) ;
#3448 = DIRECTION ( 'NONE',  ( 0.000000000000000000, 0.000000000000000000, -1.000000000000000000 ) ) ;
#3449 = ADVANCED_FACE ( 'NONE', ( #1238 ), #2427, .F. ) ;
#3450 = ORIENTED_EDGE ( 'NONE', *, *, #3224, .T. ) ;
#3451 = DIRECTION ( 'NONE',  ( 0.000000000000000000, 1.000000000000000000, 0.000000000000000000 ) ) ;
#3452 = ORIENTED_EDGE ( 'NONE', *, *, #4408, .T. ) ;
#3453 = EDGE_CURVE ( 'NONE', #2971, #2850, #3181, .T. ) ;
#3454 = CARTESIAN_POINT ( 'NONE',  ( -42.00000000000000711, 11.00000000000000000, 2.500000000000000000 ) ) ;
#3455 = ORIENTED_EDGE ( 'NONE', *, *, #4522, .T. ) ;
#3456 = ORIENTED_EDGE ( 'NONE', *, *, #2569, .T. ) ;
#3457 = ORIENTED_EDGE ( 'NONE', *, *, #1868, .F. ) ;
#3458 = FACE_OUTER_BOUND ( 'NONE', #2132, .T. ) ;
#3459 = CARTESIAN_POINT ( 'NONE',  ( 44.50000000000001421, 0.000000000000000000, -29.00000000000001776 ) ) ;
#3460 = CARTESIAN_POINT ( 'NONE',  ( 4.299999999999999822, 20.00000000000000000, 19.00000000000000355 ) ) ;
#3461 = FACE_OUTER_BOUND ( 'NONE', #403, .T. ) ;
#3462 = CARTESIAN_POINT ( 'NONE',  ( 45.50000000000001421, 4.200000000000000178, 26.50000000000001066 ) ) ;
#3463 = DIRECTION ( 'NONE',  ( 0.000000000000000000, -1.000000000000000000, 0.000000000000000000 ) ) ;
#3464 = EDGE_CURVE ( 'NONE', #3659, #4801, #545, .T. ) ;
#3465 = CARTESIAN_POINT ( 'NONE',  ( 6.000000000000000888, 20.00000000000000000, 11.00000000000000000 ) ) ;
#3466 = DIRECTION ( 'NONE',  ( -0.000000000000000000, -0.000000000000000000, -1.000000000000000000 ) ) ;
#3467 = ORIENTED_EDGE ( 'NONE', *, *, #2243, .T. ) ;
#3468 = DIRECTION ( 'NONE',  ( 0.000000000000000000, -1.000000000000000000, 0.000000000000000000 ) ) ;
#3469 = ORIENTED_EDGE ( 'NONE', *, *, #546, .T. ) ;
#3470 = EDGE_CURVE ( 'NONE', #2506, #2789, #2012, .T. ) ;
#3471 = ADVANCED_FACE ( 'NONE', ( #3826 ), #552, .T. ) ;
#3472 = VECTOR ( 'NONE', #4251, 1000.000000000000000 ) ;
#3473 = LINE ( 'NONE', #3862, #3936 ) ;
#3474 = ORIENTED_EDGE ( 'NONE', *, *, #1160, .F. ) ;
#3475 = ORIENTED_EDGE ( 'NONE', *, *, #950, .F. ) ;
#3476 = ORIENTED_EDGE ( 'NONE', *, *, #155, .T. ) ;
#3477 = CIRCLE ( 'NONE', #3929, 43.50000000000000711 ) ;
#3478 = VECTOR ( 'NONE', #2208, 1000.000000000000000 ) ;
#3479 = VECTOR ( 'NONE', #207, 1000.000000000000000 ) ;
#3480 = AXIS2_PLACEMENT_3D ( 'NONE', #863, #2354, #3856 ) ;
#3481 = DIRECTION ( 'NONE',  ( -0.002194020926394565744, 0.000000000000000000, -0.9999975931331908097 ) ) ;
#3482 = AXIS2_PLACEMENT_3D ( 'NONE', #256, #3903, #563 ) ;
#3483 = EDGE_LOOP ( 'NONE', ( #3506, #89, #3738, #913 ) ) ;
#3484 = AXIS2_PLACEMENT_3D ( 'NONE', #695, #4696, #2025 ) ;
#3485 = AXIS2_PLACEMENT_3D ( 'NONE', #307, #648, #2210 ) ;
#3486 = CARTESIAN_POINT ( 'NONE',  ( 2.000000000000000000, 20.00000000000000000, -7.699999999999993072 ) ) ;
#3487 = EDGE_CURVE ( 'NONE', #4619, #4200, #3263, .T. ) ;
#3488 = AXIS2_PLACEMENT_3D ( 'NONE', #1545, #3468, #2374 ) ;
#3489 = FACE_OUTER_BOUND ( 'NONE', #3406, .T. ) ;
#3490 = CARTESIAN_POINT ( 'NONE',  ( -42.00000000000001421, 1.799999999999999600, -26.50000000000001066 ) ) ;
#3491 = CARTESIAN_POINT ( 'NONE',  ( -51.68556701030929901, 15.00000000000000000, 24.45933631058685620 ) ) ;
#3492 = PLANE ( 'NONE',  #4168 ) ;
#3493 = VECTOR ( 'NONE', #264, 1000.000000000000000 ) ;
#3494 = VERTEX_POINT ( 'NONE', #136 ) ;
#3495 = ADVANCED_FACE ( 'NONE', ( #2361 ), #503, .F. ) ;
#3496 = DIRECTION ( 'NONE',  ( 0.000000000000000000, 0.000000000000000000, -1.000000000000000000 ) ) ;
#3497 = ORIENTED_EDGE ( 'NONE', *, *, #2240, .T. ) ;
#3498 = AXIS2_PLACEMENT_3D ( 'NONE', #3009, #2574, #690 ) ;
#3499 = EDGE_CURVE ( 'NONE', #2793, #4257, #3113, .T. ) ;
#3500 = ORIENTED_EDGE ( 'NONE', *, *, #3824, .T. ) ;
#3501 = DIRECTION ( 'NONE',  ( -1.000000000000000000, 0.000000000000000000, 0.000000000000000000 ) ) ;
#3502 = VERTEX_POINT ( 'NONE', #3510 ) ;
#3503 = EDGE_CURVE ( 'NONE', #4162, #4502, #1276, .T. ) ;
#3504 = AXIS2_PLACEMENT_3D ( 'NONE', #1583, #3068, #3121 ) ;
#3505 = DIRECTION ( 'NONE',  ( 0.000000000000000000, 0.000000000000000000, 1.000000000000000000 ) ) ;
#3506 = ORIENTED_EDGE ( 'NONE', *, *, #1128, .F. ) ;
#3507 = EDGE_LOOP ( 'NONE', ( #1059, #2408, #3526, #2933, #297 ) ) ;
#3508 = AXIS2_PLACEMENT_3D ( 'NONE', #4182, #504, #2286 ) ;
#3509 = FACE_OUTER_BOUND ( 'NONE', #3059, .T. ) ;
#3510 = CARTESIAN_POINT ( 'NONE',  ( -46.77808110350505899, 0.000000000000000000, 22.91227904007968164 ) ) ;
#3511 = DIRECTION ( 'NONE',  ( 0.000000000000000000, 0.000000000000000000, -1.000000000000000000 ) ) ;
#3512 = CARTESIAN_POINT ( 'NONE',  ( -42.00000000000000711, 14.99999999999999645, -2.499999999999998668 ) ) ;
#3513 = ORIENTED_EDGE ( 'NONE', *, *, #4073, .F. ) ;
#3514 = EDGE_CURVE ( 'NONE', #190, #2528, #4605, .T. ) ;
#3515 = CYLINDRICAL_SURFACE ( 'NONE', #1747, 8.500000000000010658 ) ;
#3516 = CARTESIAN_POINT ( 'NONE',  ( -58.34927731208833279, 0.000000000000000000, -37.51000000000001933 ) ) ;
#3517 = CARTESIAN_POINT ( 'NONE',  ( -44.50000000000001421, -2.499999999999999112, 24.40000000000000924 ) ) ;
#3518 = DIRECTION ( 'NONE',  ( 0.000000000000000000, -1.000000000000000000, 0.000000000000000000 ) ) ;
#3519 = CARTESIAN_POINT ( 'NONE',  ( -58.34927731208833279, 0.000000000000000000, -37.51000000000001933 ) ) ;
#3520 = CIRCLE ( 'NONE', #3246, 43.50000000000001421 ) ;
#3521 = CARTESIAN_POINT ( 'NONE',  ( 42.00000000000001421, 15.00000000000000000, 26.50000000000001066 ) ) ;
#3522 = ORIENTED_EDGE ( 'NONE', *, *, #610, .T. ) ;
#3523 = VERTEX_POINT ( 'NONE', #3530 ) ;
#3524 = DIRECTION ( 'NONE',  ( 0.000000000000000000, 1.000000000000000000, 0.000000000000000000 ) ) ;
#3525 = ORIENTED_EDGE ( 'NONE', *, *, #1235, .F. ) ;
#3526 = ORIENTED_EDGE ( 'NONE', *, *, #3304, .T. ) ;
#3527 = EDGE_CURVE ( 'NONE', #2565, #1041, #951, .T. ) ;
#3528 = ORIENTED_EDGE ( 'NONE', *, *, #3074, .F. ) ;
#3529 = EDGE_CURVE ( 'NONE', #3947, #1887, #595, .T. ) ;
#3530 = CARTESIAN_POINT ( 'NONE',  ( 44.50000000000001421, 0.000000000000000000, 22.50000000000002132 ) ) ;
#3531 = ORIENTED_EDGE ( 'NONE', *, *, #2300, .T. ) ;
#3532 = LINE ( 'NONE', #174, #4242 ) ;
#3533 = DIRECTION ( 'NONE',  ( -1.000000000000000000, 0.000000000000000000, 2.973811673103095791E-15 ) ) ;
#3534 = LINE ( 'NONE', #937, #4009 ) ;
#3535 = CARTESIAN_POINT ( 'NONE',  ( 51.68556701030929901, 0.000000000000000000, -24.45933631058685620 ) ) ;
#3536 = DIRECTION ( 'NONE',  ( 0.000000000000000000, -1.000000000000000000, 0.000000000000000000 ) ) ;
#3537 = CARTESIAN_POINT ( 'NONE',  ( 15.20000000000000107, 4.200000000000000178, -30.19999999999999929 ) ) ;
#3538 = ORIENTED_EDGE ( 'NONE', *, *, #3514, .F. ) ;
#3539 = CARTESIAN_POINT ( 'NONE',  ( -42.00000000000000711, 11.50000000000000000, -3.091507183936765379 ) ) ;
#3540 = ORIENTED_EDGE ( 'NONE', *, *, #408, .T. ) ;
#3541 = ORIENTED_EDGE ( 'NONE', *, *, #3353, .F. ) ;
#3542 = EDGE_CURVE ( 'NONE', #4333, #482, #618, .T. ) ;
#3543 = ORIENTED_EDGE ( 'NONE', *, *, #2910, .F. ) ;
#3544 = DIRECTION ( 'NONE',  ( -0.000000000000000000, 1.000000000000000000, -0.000000000000000000 ) ) ;
#3545 = CIRCLE ( 'NONE', #2765, 8.500000000000010658 ) ;
#3546 = DIRECTION ( 'NONE',  ( -0.000000000000000000, -1.000000000000000000, -0.000000000000000000 ) ) ;
#3547 = CIRCLE ( 'NONE', #347, 8.500000000000010658 ) ;
#3548 = VECTOR ( 'NONE', #3758, 1000.000000000000000 ) ;
#3549 = VERTEX_POINT ( 'NONE', #4669 ) ;
#3550 = B_SPLINE_CURVE_WITH_KNOTS ( 'NONE', 3,
 ( #2230, #2182, #1873, #4053 ),
 .UNSPECIFIED., .F., .F.,
 ( 4, 4 ),
 ( 0.000000000000000000, 1.000000000000000000 ),
 .UNSPECIFIED. ) ;
#3551 = ORIENTED_EDGE ( 'NONE', *, *, #1652, .F. ) ;
#3552 = DIRECTION ( 'NONE',  ( 0.000000000000000000, 0.000000000000000000, 1.000000000000000000 ) ) ;
#3553 = VECTOR ( 'NONE', #4346, 1000.000000000000000 ) ;
#3554 = CYLINDRICAL_SURFACE ( 'NONE', #261, 2.500000000000005773 ) ;
#3555 = ADVANCED_FACE ( 'NONE', ( #2854 ), #1341, .T. ) ;
#3556 = ADVANCED_FACE ( 'NONE', ( #2475 ), #1763, .F. ) ;
#3557 = DIRECTION ( 'NONE',  ( 0.000000000000000000, 0.000000000000000000, -1.000000000000000000 ) ) ;
#3558 = CYLINDRICAL_SURFACE ( 'NONE', #3576, 8.500000000000010658 ) ;
#3559 = AXIS2_PLACEMENT_3D ( 'NONE', #146, #3963, #3227 ) ;
#3560 = AXIS2_PLACEMENT_3D ( 'NONE', #3716, #1552, #1184 ) ;
#3561 = DIRECTION ( 'NONE',  ( 0.000000000000000000, 0.000000000000000000, -1.000000000000000000 ) ) ;
#3562 = DIRECTION ( 'NONE',  ( 0.000000000000000000, -1.000000000000000000, 0.000000000000000000 ) ) ;
#3563 = AXIS2_PLACEMENT_3D ( 'NONE', #2163, #3651, #3778 ) ;
#3564 = AXIS2_PLACEMENT_3D ( 'NONE', #1588, #1196, #4473 ) ;
#3565 = AXIS2_PLACEMENT_3D ( 'NONE', #1684, #3172, #4170 ) ;
#3566 = ORIENTED_EDGE ( 'NONE', *, *, #2332, .F. ) ;
#3567 = VERTEX_POINT ( 'NONE', #3272 ) ;
#3568 = ORIENTED_EDGE ( 'NONE', *, *, #1403, .T. ) ;
#3569 = DIRECTION ( 'NONE',  ( -0.000000000000000000, 1.000000000000000000, -0.000000000000000000 ) ) ;
#3570 = ORIENTED_EDGE ( 'NONE', *, *, #3318, .T. ) ;
#3571 = DIRECTION ( 'NONE',  ( -0.000000000000000000, 1.000000000000000000, -0.000000000000000000 ) ) ;
#3572 = ORIENTED_EDGE ( 'NONE', *, *, #1160, .T. ) ;
#3573 = CIRCLE ( 'NONE', #4640, 0.9999999999999991118 ) ;
#3574 = ORIENTED_EDGE ( 'NONE', *, *, #4259, .T. ) ;
#3575 = DIRECTION ( 'NONE',  ( 0.000000000000000000, 0.000000000000000000, -1.000000000000000000 ) ) ;
#3576 = AXIS2_PLACEMENT_3D ( 'NONE', #3162, #557, #4610 ) ;
#3577 = CARTESIAN_POINT ( 'NONE',  ( -42.40385698414537785, 4.200000000000000178, 10.33115200650950349 ) ) ;
#3578 = DIRECTION ( 'NONE',  ( 0.000000000000000000, 0.000000000000000000, -1.000000000000000000 ) ) ;
#3579 = ORIENTED_EDGE ( 'NONE', *, *, #4630, .T. ) ;
#3580 = VECTOR ( 'NONE', #411, 1000.000000000000000 ) ;
#3581 = DIRECTION ( 'NONE',  ( -1.000000000000000000, 0.000000000000000000, -0.000000000000000000 ) ) ;
#3582 = PLANE ( 'NONE',  #3077 ) ;
#3583 = CARTESIAN_POINT ( 'NONE',  ( -38.41227904007969585, 15.00000000000000000, 31.27808110350507320 ) ) ;
#3584 = CARTESIAN_POINT ( 'NONE',  ( -42.00000000000001421, 0.000000000000000000, -26.50000000000001066 ) ) ;
#3585 = PLANE ( 'NONE',  #378 ) ;
#3586 = EDGE_CURVE ( 'NONE', #1408, #2654, #2879, .T. ) ;
#3587 = EDGE_CURVE ( 'NONE', #3217, #3294, #4351, .T. ) ;
#3588 = CARTESIAN_POINT ( 'NONE',  ( 42.00000000000001421, 0.000000000000000000, 26.50000000000001066 ) ) ;
#3589 = ORIENTED_EDGE ( 'NONE', *, *, #3337, .T. ) ;
#3590 = LINE ( 'NONE', #4292, #1289 ) ;
#3591 = ORIENTED_EDGE ( 'NONE', *, *, #2746, .T. ) ;
#3592 = ORIENTED_EDGE ( 'NONE', *, *, #3809, .T. ) ;
#3593 = EDGE_CURVE ( 'NONE', #4646, #482, #3958, .T. ) ;
#3594 = ORIENTED_EDGE ( 'NONE', *, *, #650, .F. ) ;
#3595 = DIRECTION ( 'NONE',  ( 0.000000000000000000, -1.000000000000000000, 0.000000000000000000 ) ) ;
#3596 = FACE_OUTER_BOUND ( 'NONE', #861, .T. ) ;
#3597 = EDGE_LOOP ( 'NONE', ( #2822, #1384, #1587, #1413 ) ) ;
#3598 = CARTESIAN_POINT ( 'NONE',  ( 44.50000000000001421, -2.499999999999999112, 29.00000000000000711 ) ) ;
#3599 = DIRECTION ( 'NONE',  ( -1.000000000000000000, 0.000000000000000000, 2.973811673103095791E-15 ) ) ;
#3600 = LINE ( 'NONE', #623, #968 ) ;
#3601 = CARTESIAN_POINT ( 'NONE',  ( 44.50000000000001421, 11.00000000000000000, -29.00000000000000711 ) ) ;
#3602 = CARTESIAN_POINT ( 'NONE',  ( 44.50000000000001421, 15.00000000000000000, -29.00000000000000711 ) ) ;
#3603 = ADVANCED_FACE ( 'NONE', ( #2175 ), #4300, .T. ) ;
#3604 = ORIENTED_EDGE ( 'NONE', *, *, #2283, .T. ) ;
#3605 = ORIENTED_EDGE ( 'NONE', *, *, #1868, .T. ) ;
#3606 = CARTESIAN_POINT ( 'NONE',  ( 44.50000000000001421, 11.00000000000000000, -29.00000000000000711 ) ) ;
#3607 = ORIENTED_EDGE ( 'NONE', *, *, #2094, .T. ) ;
#3608 = EDGE_CURVE ( 'NONE', #225, #2582, #2497, .T. ) ;
#3609 = ORIENTED_EDGE ( 'NONE', *, *, #2861, .F. ) ;
#3610 = EDGE_LOOP ( 'NONE', ( #1099, #4710, #3656, #4328, #3709, #4393, #243, #1733 ) ) ;
#3611 = CYLINDRICAL_SURFACE ( 'NONE', #594, 5.499999999999994671 ) ;
#3612 = CARTESIAN_POINT ( 'NONE',  ( 39.95933631058686331, 15.00000000000000000, -36.18556701030929901 ) ) ;
#3613 = VERTEX_POINT ( 'NONE', #1047 ) ;
#3614 = DIRECTION ( 'NONE',  ( 0.000000000000000000, 0.000000000000000000, 1.000000000000000000 ) ) ;
#3615 = CYLINDRICAL_SURFACE ( 'NONE', #1995, 2.500000000000002220 ) ;
#3616 = AXIS2_PLACEMENT_3D ( 'NONE', #3486, #1632, #2774 ) ;
#3617 = DIRECTION ( 'NONE',  ( 0.000000000000000000, 0.000000000000000000, -1.000000000000000000 ) ) ;
#3618 = CARTESIAN_POINT ( 'NONE',  ( -44.50000000000001421, 0.000000000000000000, -37.50000000000002132 ) ) ;
#3619 = AXIS2_PLACEMENT_3D ( 'NONE', #4316, #3536, #538 ) ;
#3620 = DIRECTION ( 'NONE',  ( -1.000000000000000000, 0.000000000000000000, 1.982541115402067674E-15 ) ) ;
#3621 = VECTOR ( 'NONE', #4112, 1000.000000000000000 ) ;
#3622 = LINE ( 'NONE', #279, #454 ) ;
#3623 = VECTOR ( 'NONE', #314, 1000.000000000000000 ) ;
#3624 = VERTEX_POINT ( 'NONE', #3249 ) ;
#3625 = CIRCLE ( 'NONE', #3705, 40.00000000000000000 ) ;
#3626 = DIRECTION ( 'NONE',  ( 0.000000000000000000, 0.000000000000000000, 1.000000000000000000 ) ) ;
#3627 = CARTESIAN_POINT ( 'NONE',  ( -44.50000000000001421, 0.000000000000000000, -29.00000000000000711 ) ) ;
#3628 = CIRCLE ( 'NONE', #3012, 4.599999999999999645 ) ;
#3629 = VECTOR ( 'NONE', #4080, 1000.000000000000000 ) ;
#3630 = ADVANCED_FACE ( 'NONE', ( #3927 ), #4331, .F. ) ;
#3631 = ORIENTED_EDGE ( 'NONE', *, *, #785, .F. ) ;
#3632 = LINE ( 'NONE', #2918, #2323 ) ;
#3633 = ORIENTED_EDGE ( 'NONE', *, *, #241, .T. ) ;
#3634 = EDGE_LOOP ( 'NONE', ( #2401, #4788 ) ) ;
#3635 = EDGE_LOOP ( 'NONE', ( #452, #1513, #684, #152 ) ) ;
#3636 = ADVANCED_FACE ( 'NONE', ( #658 ), #2446, .T. ) ;
#3637 = CYLINDRICAL_SURFACE ( 'NONE', #2622, 2.500000000000005773 ) ;
#3638 = CARTESIAN_POINT ( 'NONE',  ( 42.00000000000001421, 0.000000000000000000, 26.50000000000001066 ) ) ;
#3639 = VECTOR ( 'NONE', #3007, 1000.000000000000000 ) ;
#3640 = DIRECTION ( 'NONE',  ( 1.000000000000000000, 0.000000000000000000, -1.314141429483281149E-15 ) ) ;
#3641 = ORIENTED_EDGE ( 'NONE', *, *, #4558, .F. ) ;
#3642 = ADVANCED_FACE ( 'NONE', ( #3596, #295 ), #242, .F. ) ;
#3643 = AXIS2_PLACEMENT_3D ( 'NONE', #2748, #531, #88 ) ;
#3644 = CARTESIAN_POINT ( 'NONE',  ( 44.50000000000001421, -2.499999999999999112, -29.00000000000000711 ) ) ;
#3645 = FACE_OUTER_BOUND ( 'NONE', #4483, .T. ) ;
#3646 = AXIS2_PLACEMENT_3D ( 'NONE', #3141, #2158, #4078 ) ;
#3647 = CARTESIAN_POINT ( 'NONE',  ( -44.50000000000001421, 1.799999999999999600, 29.00000000000000711 ) ) ;
#3648 = EDGE_CURVE ( 'NONE', #4808, #391, #1767, .T. ) ;
#3649 = DIRECTION ( 'NONE',  ( 0.000000000000000000, -0.000000000000000000, -1.000000000000000000 ) ) ;
#3650 = PLANE ( 'NONE',  #440 ) ;
#3651 = DIRECTION ( 'NONE',  ( 0.000000000000000000, -1.000000000000000000, 0.000000000000000000 ) ) ;
#3652 = VERTEX_POINT ( 'NONE', #4151 ) ;
#3653 = DIRECTION ( 'NONE',  ( -0.000000000000000000, 1.000000000000000000, -0.000000000000000000 ) ) ;
#3654 = DIRECTION ( 'NONE',  ( -0.000000000000000000, -1.000000000000000000, -0.000000000000000000 ) ) ;
#3655 = ORIENTED_EDGE ( 'NONE', *, *, #4177, .F. ) ;
#3656 = ORIENTED_EDGE ( 'NONE', *, *, #3665, .F. ) ;
#3657 = VERTEX_POINT ( 'NONE', #2676 ) ;
#3658 = ORIENTED_EDGE ( 'NONE', *, *, #4203, .T. ) ;
#3659 = VERTEX_POINT ( 'NONE', #1098 ) ;
#3660 = CARTESIAN_POINT ( 'NONE',  ( -45.50000000000001421, 11.00000000000000000, -2.500000000000000000 ) ) ;
#3661 = DIRECTION ( 'NONE',  ( 0.000000000000000000, 1.000000000000000000, 0.000000000000000000 ) ) ;
#3662 = EDGE_CURVE ( 'NONE', #3783, #1015, #2637, .T. ) ;
#3663 = CARTESIAN_POINT ( 'NONE',  ( 45.50000000000001421, 9.929705247428540105, 3.091507183936761827 ) ) ;
#3664 = CARTESIAN_POINT ( 'NONE',  ( 46.77808110350505899, 15.00000000000000000, 22.91227904007969585 ) ) ;
#3665 = EDGE_CURVE ( 'NONE', #2538, #4602, #2474, .T. ) ;
#3666 = ORIENTED_EDGE ( 'NONE', *, *, #1852, .F. ) ;
#3667 = DIRECTION ( 'NONE',  ( 0.000000000000000000, -1.000000000000000000, 0.000000000000000000 ) ) ;
#3668 = ADVANCED_FACE ( 'NONE', ( #2305 ), #2573, .F. ) ;
#3669 = CYLINDRICAL_SURFACE ( 'NONE', #2796, 43.50000000000000711 ) ;
#3670 = EDGE_CURVE ( 'NONE', #583, #1803, #284, .T. ) ;
#3671 = CARTESIAN_POINT ( 'NONE',  ( 42.00000000000000711, 6.000000000000000000, 6.123233995736772199E-17 ) ) ;
#3672 = CARTESIAN_POINT ( 'NONE',  ( -44.50000000000001421, 15.00000000000000000, 29.00000000000000711 ) ) ;
#3673 = CARTESIAN_POINT ( 'NONE',  ( -85.50000000000001421, 15.00000000000000000, -3.091507183936761827 ) ) ;
#3674 = EDGE_LOOP ( 'NONE', ( #3794, #3038, #1470, #1720, #4733, #476 ) ) ;
#3675 = DIRECTION ( 'NONE',  ( -0.000000000000000000, -1.000000000000000000, -0.000000000000000000 ) ) ;
#3676 = DIRECTION ( 'NONE',  ( 0.000000000000000000, 0.000000000000000000, -1.000000000000000000 ) ) ;
#3677 = EDGE_LOOP ( 'NONE', ( #3859, #1983, #4103, #342 ) ) ;
#3678 = DIRECTION ( 'NONE',  ( 0.000000000000000000, 0.000000000000000000, -1.000000000000000000 ) ) ;
#3679 = ORIENTED_EDGE ( 'NONE', *, *, #984, .F. ) ;
#3680 = VERTEX_POINT ( 'NONE', #3795 ) ;
#3681 = VERTEX_POINT ( 'NONE', #1494 ) ;
#3682 = ADVANCED_FACE ( 'NONE', ( #798 ), #1469, .F. ) ;
#3683 = CARTESIAN_POINT ( 'NONE',  ( -5.999999999999999112, 20.00000000000000000, 12.00000000000000178 ) ) ;
#3684 = CARTESIAN_POINT ( 'NONE',  ( 45.53596778918151955, 7.483707227054640754, -4.789499889754644357 ) ) ;
#3685 = VERTEX_POINT ( 'NONE', #4510 ) ;
#3686 = DIRECTION ( 'NONE',  ( -0.000000000000000000, -1.000000000000000000, -0.000000000000000000 ) ) ;
#3687 = ORIENTED_EDGE ( 'NONE', *, *, #1618, .T. ) ;
#3688 = DIRECTION ( 'NONE',  ( 1.000000000000000000, 0.000000000000000000, -4.380617892835525183E-16 ) ) ;
#3689 = DIRECTION ( 'NONE',  ( -0.000000000000000000, -1.000000000000000000, -0.000000000000000000 ) ) ;
#3690 = DIRECTION ( 'NONE',  ( 0.000000000000000000, -1.000000000000000000, 0.000000000000000000 ) ) ;
#3691 = CARTESIAN_POINT ( 'NONE',  ( 36.08101651390111186, 8.400000000000000355, 30.17077626419151670 ) ) ;
#3692 = CARTESIAN_POINT ( 'NONE',  ( -42.00000000000000711, 4.200000000000000178, 30.00000000000001066 ) ) ;
#3693 = LINE ( 'NONE', #1877, #3699 ) ;
#3694 = EDGE_CURVE ( 'NONE', #2871, #238, #460, .T. ) ;
#3695 = AXIS2_PLACEMENT_3D ( 'NONE', #2576, #2984, #4741 ) ;
#3696 = ADVANCED_FACE ( 'NONE', ( #4100 ), #1122, .T. ) ;
#3697 = ORIENTED_EDGE ( 'NONE', *, *, #1126, .T. ) ;
#3698 = CIRCLE ( 'NONE', #1287, 2.500000000000002220 ) ;
#3699 = VECTOR ( 'NONE', #1849, 1000.000000000000000 ) ;
#3700 = VECTOR ( 'NONE', #576, 1000.000000000000000 ) ;
#3701 = CARTESIAN_POINT ( 'NONE',  ( 44.50000000000001421, 0.000000000000000000, -29.00000000000000711 ) ) ;
#3702 = CARTESIAN_POINT ( 'NONE',  ( 42.60667251374645303, 4.200000000000000178, 10.33115200650948928 ) ) ;
#3703 = VECTOR ( 'NONE', #404, 1000.000000000000000 ) ;
#3704 = ORIENTED_EDGE ( 'NONE', *, *, #1109, .F. ) ;
#3705 = AXIS2_PLACEMENT_3D ( 'NONE', #1692, #3544, #3179 ) ;
#3706 = CARTESIAN_POINT ( 'NONE',  ( -15.19999999999999041, 4.200000000000000178, 26.50000000000001066 ) ) ;
#3707 = ORIENTED_EDGE ( 'NONE', *, *, #2626, .F. ) ;
#3709 = ORIENTED_EDGE ( 'NONE', *, *, #24, .F. ) ;
#3708 = AXIS2_PLACEMENT_3D ( 'NONE', #4411, #2259, #67 ) ;
#3710 = EDGE_CURVE ( 'NONE', #2498, #4547, #1156, .T. ) ;
#3711 = ORIENTED_EDGE ( 'NONE', *, *, #818, .F. ) ;
#3712 = DIRECTION ( 'NONE',  ( 0.000000000000000000, -1.000000000000000000, 0.000000000000000000 ) ) ;
#3713 = DIRECTION ( 'NONE',  ( 1.000000000000000000, 0.000000000000000000, 8.760942863221888787E-16 ) ) ;
#3714 = CLOSED_SHELL ( 'NONE', ( #2403, #2618, #4565, #263, #3603, #4486, #4716, #2693, #1205, #2523, #783, #4052, #2728, #3214, #1644, #2536, #3969, #154, #4051, #1928, #1313, #542, #3830, #3386, #626, #4332, #1333, #73, #318, #2856, #1715, #2821, #4688, #712, #821, #2137, #2202, #1268, #3471, #3203, #3196, #1758, #519, #2887, #3555, #2376, #4500, #253, #1882, #4677, #1566, #1727, #2726, #3636, #3050, #751, #2298, #1003, #685, #121, #268, #1532, #2366, #2804, #807, #1010, #226, #1101, #3764, #3696, #1498, #924, #3287, #1949, #977, #572, #1672, #2968, #290, #1332, #1649, #3400, #948, #1631, #1621, #600, #4356, #4541, #2483, #4426, #3556, #1646, #2771, #3495, #2, #4725, #2697, #4663, #989, #4167, #3928, #3642, #3668, #95, #1471, #1077, #3212, #4295, #886, #1063, #1854, #925, #3752, #4382, #3987, #2579, #4222, #4057, #3767, #3850, #4284, #321, #1391, #4018, #211, #3757, #3682, #4528, #1462, #4773, #941, #629, #3630, #893, #3449, #4246, #4344, #2032, #3071, #1261, #65, #42, #2261, #3831, #4590 ) ) ;
#3715 = VECTOR ( 'NONE', #3466, 1000.000000000000000 ) ;
#3716 = CARTESIAN_POINT ( 'NONE',  ( -44.50000000000001421, -2.499999999999999112, 29.00000000000000711 ) ) ;
#3717 = EDGE_LOOP ( 'NONE', ( #2247, #1358 ) ) ;
#3718 = ORIENTED_EDGE ( 'NONE', *, *, #4645, .T. ) ;
#3719 = AXIS2_PLACEMENT_3D ( 'NONE', #4076, #742, #380 ) ;
#3720 = DIRECTION ( 'NONE',  ( -0.000000000000000000, -1.000000000000000000, -0.000000000000000000 ) ) ;
#3721 = LINE ( 'NONE', #435, #4314 ) ;
#3722 = DIRECTION ( 'NONE',  ( 0.000000000000000000, -1.000000000000000000, 0.000000000000000000 ) ) ;
#3723 = CIRCLE ( 'NONE', #3425, 1.000000000000002665 ) ;
#3724 = CYLINDRICAL_SURFACE ( 'NONE', #2999, 0.9999999999999991118 ) ;
#3725 = DIRECTION ( 'NONE',  ( -1.224646799147353454E-16, -1.000000000000000000, 0.000000000000000000 ) ) ;
#3726 = DIRECTION ( 'NONE',  ( -0.000000000000000000, 1.000000000000000000, -0.000000000000000000 ) ) ;
#3727 = CIRCLE ( 'NONE', #1380, 5.499999999999994671 ) ;
#3728 = CARTESIAN_POINT ( 'NONE',  ( 18.59150718393674495, 1.799999999999999600, 70.00000000000000000 ) ) ;
#3729 = VERTEX_POINT ( 'NONE', #375 ) ;
#3730 = EDGE_CURVE ( 'NONE', #3193, #3001, #2594, .T. ) ;
#3731 = AXIS2_PLACEMENT_3D ( 'NONE', #90, #4132, #2731 ) ;
#3732 = CARTESIAN_POINT ( 'NONE',  ( -46.16061079728113015, 15.00000000000000000, 10.33115200650950705 ) ) ;
#3733 = DIRECTION ( 'NONE',  ( -1.067522139062650671E-15, 0.000000000000000000, 1.000000000000000000 ) ) ;
#3734 = CARTESIAN_POINT ( 'NONE',  ( 85.50000000000001421, 0.000000000000000000, 3.091507183936761827 ) ) ;
#3735 = EDGE_LOOP ( 'NONE', ( #99, #4447, #3971, #1036 ) ) ;
#3736 = ORIENTED_EDGE ( 'NONE', *, *, #2953, .T. ) ;
#3737 = VERTEX_POINT ( 'NONE', #4128 ) ;
#3738 = ORIENTED_EDGE ( 'NONE', *, *, #1943, .F. ) ;
#3739 = ORIENTED_EDGE ( 'NONE', *, *, #553, .F. ) ;
#3740 = LINE ( 'NONE', #1889, #912 ) ;
#3741 = CARTESIAN_POINT ( 'NONE',  ( -85.50000000000001421, 15.00000000000000000, 3.091507183936761827 ) ) ;
#3742 = EDGE_CURVE ( 'NONE', #3906, #3111, #3116, .T. ) ;
#3743 = CARTESIAN_POINT ( 'NONE',  ( -36.08101651390111186, 8.400000000000000355, -30.17077626419151670 ) ) ;
#3744 = VERTEX_POINT ( 'NONE', #3407 ) ;
#3745 = DIRECTION ( 'NONE',  ( -0.000000000000000000, -1.000000000000000000, -0.000000000000000000 ) ) ;
#3746 = CARTESIAN_POINT ( 'NONE',  ( 44.50000000000001421, 0.000000000000000000, -29.00000000000000711 ) ) ;
#3747 = CARTESIAN_POINT ( 'NONE',  ( 12.69999999999999041, 5.652887372536823385, 30.00000000000001066 ) ) ;
#3748 = DIRECTION ( 'NONE',  ( 0.000000000000000000, 0.000000000000000000, 1.000000000000000000 ) ) ;
#3749 = CARTESIAN_POINT ( 'NONE',  ( -44.50000000000001421, 0.000000000000000000, -29.00000000000000711 ) ) ;
#3750 = DIRECTION ( 'NONE',  ( 0.000000000000000000, 0.000000000000000000, -1.000000000000000000 ) ) ;
#3751 = ADVANCED_BREP_SHAPE_REPRESENTATION ( 'SkiSafe 01 - Back', ( #1152, #660 ), #4084 ) ;
#3752 = ADVANCED_FACE ( 'NONE', ( #2957 ), #4429, .T. ) ;
#3753 = FACE_BOUND ( 'NONE', #60, .T. ) ;
#3754 = ORIENTED_EDGE ( 'NONE', *, *, #204, .F. ) ;
#3755 = DIRECTION ( 'NONE',  ( -1.000000000000000000, -1.510202172955553042E-16, 0.000000000000000000 ) ) ;
#3756 = CARTESIAN_POINT ( 'NONE',  ( 42.00000000000001421, 1.799999999999999600, -26.50000000000001066 ) ) ;
#3757 = ADVANCED_FACE ( 'NONE', ( #2223 ), #4, .F. ) ;
#3758 = DIRECTION ( 'NONE',  ( -0.000000000000000000, -1.000000000000000000, 0.000000000000000000 ) ) ;
#3759 = ORIENTED_EDGE ( 'NONE', *, *, #3377, .F. ) ;
#3760 = DIRECTION ( 'NONE',  ( 0.000000000000000000, 1.000000000000000000, 0.000000000000000000 ) ) ;
#3761 = ORIENTED_EDGE ( 'NONE', *, *, #2300, .F. ) ;
#3762 = ORIENTED_EDGE ( 'NONE', *, *, #3809, .F. ) ;
#3763 = PLANE ( 'NONE',  #521 ) ;
#3764 = ADVANCED_FACE ( 'NONE', ( #3060 ), #1975, .T. ) ;
#3765 = CARTESIAN_POINT ( 'NONE',  ( 45.50000000000001421, 4.200000000000000178, -26.50000000000000711 ) ) ;
#3766 = VERTEX_POINT ( 'NONE', #4217 ) ;
#3767 = ADVANCED_FACE ( 'NONE', ( #2380 ), #1232, .T. ) ;
#3768 = CARTESIAN_POINT ( 'NONE',  ( 45.54344835160028993, 6.752514932433040684, -4.957259081996746808 ) ) ;
#3769 = ORIENTED_EDGE ( 'NONE', *, *, #4558, .T. ) ;
#3770 = DIRECTION ( 'NONE',  ( 0.000000000000000000, -1.000000000000000000, 0.000000000000000000 ) ) ;
#3771 = ORIENTED_EDGE ( 'NONE', *, *, #4144, .F. ) ;
#3772 = SURFACE_STYLE_USAGE ( .BOTH. , #801 ) ;
#3773 = CARTESIAN_POINT ( 'NONE',  ( -51.68556701030929901, 0.000000000000000000, 24.45933631058685620 ) ) ;
#3774 = CARTESIAN_POINT ( 'NONE',  ( 19.30000000000000426, -5.833809621030940917, 13.25219988745154254 ) ) ;
#3775 = CARTESIAN_POINT ( 'NONE',  ( -38.41227904007969585, 1.799999999999999600, -31.27808110350508031 ) ) ;
#3776 = DIRECTION ( 'NONE',  ( -1.000000000000000000, 0.000000000000000000, 4.336808689942017736E-16 ) ) ;
#3777 = CARTESIAN_POINT ( 'NONE',  ( 4.299999999999999822, 20.00000000000000000, 7.300000000000004263 ) ) ;
#3778 = DIRECTION ( 'NONE',  ( 0.000000000000000000, 0.000000000000000000, -1.000000000000000000 ) ) ;
#3779 = CIRCLE ( 'NONE', #581, 40.00000000000000000 ) ;
#3780 = DIRECTION ( 'NONE',  ( 1.510202172955553042E-16, -1.000000000000000000, 0.000000000000000000 ) ) ;
#3781 = CARTESIAN_POINT ( 'NONE',  ( -18.59150718393674850, 0.000000000000000000, 26.50000000000001066 ) ) ;
#3782 = DIRECTION ( 'NONE',  ( 0.000000000000000000, 0.000000000000000000, 1.000000000000000000 ) ) ;
#3783 = VERTEX_POINT ( 'NONE', #4198 ) ;
#3784 = LINE ( 'NONE', #3073, #2002 ) ;
#3785 = ORIENTED_EDGE ( 'NONE', *, *, #740, .T. ) ;
#3786 = VECTOR ( 'NONE', #1743, 1000.000000000000000 ) ;
#3787 = VECTOR ( 'NONE', #3980, 1000.000000000000000 ) ;
#3788 = EDGE_LOOP ( 'NONE', ( #1186, #462, #864, #2299 ) ) ;
#3789 = EDGE_CURVE ( 'NONE', #1432, #1685, #1756, .T. ) ;
#3790 = VECTOR ( 'NONE', #4612, 1000.000000000000000 ) ;
#3791 = AXIS2_PLACEMENT_3D ( 'NONE', #4280, #1320, #3925 ) ;
#3792 = CARTESIAN_POINT ( 'NONE',  ( -44.50000000000001421, 15.00000000000000000, -29.00000000000000711 ) ) ;
#3793 = DIRECTION ( 'NONE',  ( 0.000000000000000000, -1.000000000000000000, 0.000000000000000000 ) ) ;
#3794 = ORIENTED_EDGE ( 'NONE', *, *, #3139, .F. ) ;
#3795 = CARTESIAN_POINT ( 'NONE',  ( -46.77808110350506610, 1.799999999999999600, 22.91227904007968874 ) ) ;
#3796 = ORIENTED_EDGE ( 'NONE', *, *, #3157, .T. ) ;
#3797 = AXIS2_PLACEMENT_3D ( 'NONE', #802, #4488, #1163 ) ;
#3798 = CIRCLE ( 'NONE', #2146, 40.00000000000000000 ) ;
#3799 = AXIS2_PLACEMENT_3D ( 'NONE', #3322, #2872, #1016 ) ;
#3800 = ORIENTED_EDGE ( 'NONE', *, *, #1031, .T. ) ;
#3801 = EDGE_CURVE ( 'NONE', #846, #4162, #196, .T. ) ;
#3802 = AXIS2_PLACEMENT_3D ( 'NONE', #4010, #359, #1011 ) ;
#3803 = AXIS2_PLACEMENT_3D ( 'NONE', #4192, #2296, #2740 ) ;
#3804 = CIRCLE ( 'NONE', #1690, 5.000000000000000000 ) ;
#3805 = DIRECTION ( 'NONE',  ( 0.000000000000000000, 0.000000000000000000, 1.000000000000000000 ) ) ;
#3806 = DIRECTION ( 'NONE',  ( 0.000000000000000000, -1.000000000000000000, 0.000000000000000000 ) ) ;
#3807 = CARTESIAN_POINT ( 'NONE',  ( 85.50000000000001421, 15.00000000000000000, -3.091507183936761827 ) ) ;
#3808 = FACE_OUTER_BOUND ( 'NONE', #1515, .T. ) ;
#3809 = EDGE_CURVE ( 'NONE', #27, #966, #189, .T. ) ;
#3810 = CARTESIAN_POINT ( 'NONE',  ( 0.000000000000000000, 17.00000000000000000, 0.000000000000000000 ) ) ;
#3811 = AXIS2_PLACEMENT_3D ( 'NONE', #197, #4245, #4220 ) ;
#3812 = DIRECTION ( 'NONE',  ( 7.018651305101563012E-15, 0.000000000000000000, 1.000000000000000000 ) ) ;
#3813 = PLANE ( 'NONE',  #510 ) ;
#3814 = CARTESIAN_POINT ( 'NONE',  ( 46.16061079728113725, 4.200000000000000178, 10.33115200650949284 ) ) ;
#3815 = AXIS2_PLACEMENT_3D ( 'NONE', #717, #3414, #33 ) ;
#3816 = ORIENTED_EDGE ( 'NONE', *, *, #714, .T. ) ;
#3817 = DIRECTION ( 'NONE',  ( -0.000000000000000000, 1.000000000000000000, -0.000000000000000000 ) ) ;
#3818 = EDGE_LOOP ( 'NONE', ( #1668, #2140 ) ) ;
#3819 = CIRCLE ( 'NONE', #3646, 43.50000000000000711 ) ;
#3820 = DIRECTION ( 'NONE',  ( 0.000000000000000000, 0.000000000000000000, 1.000000000000000000 ) ) ;
#3821 = VERTEX_POINT ( 'NONE', #4664 ) ;
#3822 = VERTEX_POINT ( 'NONE', #1337 ) ;
#3823 = ORIENTED_EDGE ( 'NONE', *, *, #3593, .F. ) ;
#3824 = EDGE_CURVE ( 'NONE', #3681, #3737, #3409, .T. ) ;
#3825 = EDGE_CURVE ( 'NONE', #1906, #238, #4597, .T. ) ;
#3826 = FACE_OUTER_BOUND ( 'NONE', #3030, .T. ) ;
#3827 = DIRECTION ( 'NONE',  ( 1.000000000000000000, -0.000000000000000000, 0.000000000000000000 ) ) ;
#3828 = DIRECTION ( 'NONE',  ( 0.000000000000000000, 0.000000000000000000, -1.000000000000000000 ) ) ;
#3829 = CARTESIAN_POINT ( 'NONE',  ( 44.50000000000001421, 0.000000000000000000, -24.40000000000000924 ) ) ;
#3830 = ADVANCED_FACE ( 'NONE', ( #620 ), #3961, .F. ) ;
#3831 = ADVANCED_FACE ( 'NONE', ( #3873 ), #3187, .F. ) ;
#3832 = DIRECTION ( 'NONE',  ( 0.000000000000000000, 0.000000000000000000, -1.000000000000000000 ) ) ;
#3833 = DIRECTION ( 'NONE',  ( 0.000000000000000000, 0.000000000000000000, -1.000000000000000000 ) ) ;
#3834 = CARTESIAN_POINT ( 'NONE',  ( 44.50000000000001421, 1.800000000000000044, 20.49999999999999645 ) ) ;
#3835 = FACE_OUTER_BOUND ( 'NONE', #4296, .T. ) ;
#3836 = VERTEX_POINT ( 'NONE', #554 ) ;
#3837 = CARTESIAN_POINT ( 'NONE',  ( -44.50000000000001421, -2.499999999999999112, -29.00000000000000711 ) ) ;
#3838 = ORIENTED_EDGE ( 'NONE', *, *, #2469, .T. ) ;
#3839 = DIRECTION ( 'NONE',  ( 2.168404344971010101E-16, -0.000000000000000000, 1.000000000000000000 ) ) ;
#3840 = ORIENTED_EDGE ( 'NONE', *, *, #4630, .F. ) ;
#3841 = ORIENTED_EDGE ( 'NONE', *, *, #2200, .F. ) ;
#3842 = ORIENTED_EDGE ( 'NONE', *, *, #3514, .T. ) ;
#3843 = EDGE_CURVE ( 'NONE', #2868, #2955, #3532, .T. ) ;
#3844 = CARTESIAN_POINT ( 'NONE',  ( 44.50000000000001421, 1.800000000000000044, -29.00000000000000711 ) ) ;
#3845 = LINE ( 'NONE', #1501, #533 ) ;
#3846 = VERTEX_POINT ( 'NONE', #955 ) ;
#3847 = DIRECTION ( 'NONE',  ( -1.000000000000000000, 0.000000000000000000, 2.168404344971010101E-16 ) ) ;
#3848 = LINE ( 'NONE', #2432, #3403 ) ;
#3849 = DIRECTION ( 'NONE',  ( 0.000000000000000000, 0.000000000000000000, 1.000000000000000000 ) ) ;
#3850 = ADVANCED_FACE ( 'NONE', ( #2450 ), #3935, .T. ) ;
#3851 = DIRECTION ( 'NONE',  ( 0.000000000000000000, 0.000000000000000000, 1.000000000000000000 ) ) ;
#3852 = CARTESIAN_POINT ( 'NONE',  ( -44.50000000000001421, 11.00000000000000000, 29.00000000000000711 ) ) ;
#3853 = EDGE_CURVE ( 'NONE', #1404, #481, #4375, .T. ) ;
#3854 = ORIENTED_EDGE ( 'NONE', *, *, #2904, .F. ) ;
#3855 = CARTESIAN_POINT ( 'NONE',  ( 85.50000000000001421, 4.200000000000000178, 3.091507183936761827 ) ) ;
#3856 = DIRECTION ( 'NONE',  ( 0.000000000000000000, 0.000000000000000000, 1.000000000000000000 ) ) ;
#3857 = ORIENTED_EDGE ( 'NONE', *, *, #1818, .T. ) ;
#3858 = CARTESIAN_POINT ( 'NONE',  ( 42.03994921765909965, 6.752508627459757662, -4.957259978537528866 ) ) ;
#3859 = ORIENTED_EDGE ( 'NONE', *, *, #3016, .T. ) ;
#3860 = VECTOR ( 'NONE', #4442, 1000.000000000000000 ) ;
#3861 = AXIS2_PLACEMENT_3D ( 'NONE', #2960, #1920, #2284 ) ;
#3862 = CARTESIAN_POINT ( 'NONE',  ( -15.19999999999999218, 15.00000000000000000, 30.00000000000001066 ) ) ;
#3863 = ORIENTED_EDGE ( 'NONE', *, *, #3362, .T. ) ;
#3864 = VERTEX_POINT ( 'NONE', #1365 ) ;
#3865 = ORIENTED_EDGE ( 'NONE', *, *, #3377, .T. ) ;
#3866 = AXIS2_PLACEMENT_3D ( 'NONE', #4056, #3726, #1108 ) ;
#3867 = AXIS2_PLACEMENT_3D ( 'NONE', #2347, #13, #3832 ) ;
#3868 = AXIS2_PLACEMENT_3D ( 'NONE', #3218, #3571, #565 ) ;
#3869 = DIRECTION ( 'NONE',  ( 0.9999975931331908097, 0.000000000000000000, -0.002194020926394565311 ) ) ;
#3870 = AXIS2_PLACEMENT_3D ( 'NONE', #1712, #944, #2761 ) ;
#3871 = CYLINDRICAL_SURFACE ( 'NONE', #289, 5.499999999999994671 ) ;
#3872 = CIRCLE ( 'NONE', #2846, 2.500000000000005773 ) ;
#3873 = FACE_OUTER_BOUND ( 'NONE', #2678, .T. ) ;
#3874 = CARTESIAN_POINT ( 'NONE',  ( -18.59150718393674495, 15.00000000000000000, -70.00000000000000000 ) ) ;
#3875 = LINE ( 'NONE', #3584, #266 ) ;
#3876 = DIRECTION ( 'NONE',  ( 0.000000000000000000, 0.000000000000000000, -1.000000000000000000 ) ) ;
#3877 = DIRECTION ( 'NONE',  ( 0.000000000000000000, 0.000000000000000000, -1.000000000000000000 ) ) ;
#3878 = DIRECTION ( 'NONE',  ( 0.000000000000000000, 0.000000000000000000, 1.000000000000000000 ) ) ;
#3879 = AXIS2_PLACEMENT_3D ( 'NONE', #484, #2033, #1299 ) ;
#3880 = EDGE_CURVE ( 'NONE', #3223, #3130, #4693, .T. ) ;
#3881 = DIRECTION ( 'NONE',  ( 0.000000000000000000, -1.000000000000000000, 0.000000000000000000 ) ) ;
#3882 = EDGE_CURVE ( 'NONE', #616, #3008, #1836, .T. ) ;
#3883 = VERTEX_POINT ( 'NONE', #3247 ) ;
#3884 = CARTESIAN_POINT ( 'NONE',  ( 42.02805523126944820, 7.845320567060017680, -4.662127447712716588 ) ) ;
#3885 = ORIENTED_EDGE ( 'NONE', *, *, #2665, .T. ) ;
#3886 = DIRECTION ( 'NONE',  ( 4.336808689942017736E-16, -0.000000000000000000, 1.000000000000000000 ) ) ;
#3887 = ORIENTED_EDGE ( 'NONE', *, *, #785, .T. ) ;
#3888 = CIRCLE ( 'NONE', #2249, 40.00000000000000000 ) ;
#3889 = ORIENTED_EDGE ( 'NONE', *, *, #4735, .F. ) ;
#3890 = VERTEX_POINT ( 'NONE', #2102 ) ;
#3891 = DIRECTION ( 'NONE',  ( 0.000000000000000000, 0.000000000000000000, -1.000000000000000000 ) ) ;
#3892 = EDGE_LOOP ( 'NONE', ( #1070, #495, #2375, #3325 ) ) ;
#3893 = CARTESIAN_POINT ( 'NONE',  ( 18.59150718393674495, 15.00000000000000000, -26.50000000000000711 ) ) ;
#3894 = DIRECTION ( 'NONE',  ( -1.000000000000000000, 0.000000000000000000, 0.000000000000000000 ) ) ;
#3895 = DIRECTION ( 'NONE',  ( 0.000000000000000000, 0.000000000000000000, 1.000000000000000000 ) ) ;
#3896 = DIRECTION ( 'NONE',  ( 2.688821387764050602E-15, 0.000000000000000000, 1.000000000000000000 ) ) ;
#3897 = CYLINDRICAL_SURFACE ( 'NONE', #1356, 40.00000000000000000 ) ;
#3898 = CARTESIAN_POINT ( 'NONE',  ( 45.50000000000001421, 9.929705247428540105, 3.091507183936761827 ) ) ;
#3899 = EDGE_CURVE ( 'NONE', #4362, #4096, #292, .T. ) ;
#3900 = ORIENTED_EDGE ( 'NONE', *, *, #2635, .T. ) ;
#3901 = ORIENTED_EDGE ( 'NONE', *, *, #2050, .F. ) ;
#3902 = VERTEX_POINT ( 'NONE', #2517 ) ;
#3903 = DIRECTION ( 'NONE',  ( -0.000000000000000000, -1.000000000000000000, -0.000000000000000000 ) ) ;
#3904 = ORIENTED_EDGE ( 'NONE', *, *, #1259, .F. ) ;
#3905 = ORIENTED_EDGE ( 'NONE', *, *, #4209, .F. ) ;
#3906 = VERTEX_POINT ( 'NONE', #3295 ) ;
#3907 = EDGE_CURVE ( 'NONE', #257, #402, #975, .T. ) ;
#3908 = EDGE_CURVE ( 'NONE', #1803, #1976, #4772, .T. ) ;
#3909 = DIRECTION ( 'NONE',  ( 0.000000000000000000, 0.000000000000000000, -1.000000000000000000 ) ) ;
#3910 = DIRECTION ( 'NONE',  ( -0.000000000000000000, 1.000000000000000000, -0.000000000000000000 ) ) ;
#3911 = ORIENTED_EDGE ( 'NONE', *, *, #3167, .F. ) ;
#3912 = DIRECTION ( 'NONE',  ( 0.000000000000000000, -0.000000000000000000, 1.000000000000000000 ) ) ;
#3913 = CARTESIAN_POINT ( 'NONE',  ( 38.50000000000001421, 1.799999999999999600, -26.50000000000002132 ) ) ;
#3914 = CARTESIAN_POINT ( 'NONE',  ( -44.50000000000001421, 15.00000000000000000, 29.00000000000000711 ) ) ;
#3915 = CARTESIAN_POINT ( 'NONE',  ( -44.50000000000001421, 0.000000000000000000, -33.60000000000000142 ) ) ;
#3916 = FACE_OUTER_BOUND ( 'NONE', #963, .T. ) ;
#3917 = VERTEX_POINT ( 'NONE', #3660 ) ;
#3918 = EDGE_LOOP ( 'NONE', ( #1615, #2759, #1234, #1157 ) ) ;
#3919 = ORIENTED_EDGE ( 'NONE', *, *, #119, .F. ) ;
#3920 = DIRECTION ( 'NONE',  ( -0.000000000000000000, 1.000000000000000000, -0.000000000000000000 ) ) ;
#3921 = ORIENTED_EDGE ( 'NONE', *, *, #15, .T. ) ;
#3922 = EDGE_LOOP ( 'NONE', ( #3609, #30 ) ) ;
#3923 = EDGE_CURVE ( 'NONE', #2698, #3994, #686, .T. ) ;
#3924 = ORIENTED_EDGE ( 'NONE', *, *, #4787, .F. ) ;
#3925 = DIRECTION ( 'NONE',  ( 3.589083053745116929E-15, 0.000000000000000000, 1.000000000000000000 ) ) ;
#3926 = EDGE_CURVE ( 'NONE', #1887, #4756, #1219, .T. ) ;
#3927 = FACE_OUTER_BOUND ( 'NONE', #3376, .T. ) ;
#3928 = ADVANCED_FACE ( 'NONE', ( #4400 ), #3611, .F. ) ;
#3929 = AXIS2_PLACEMENT_3D ( 'NONE', #3123, #4272, #1350 ) ;
#3930 = DIRECTION ( 'NONE',  ( 0.000000000000000000, -1.000000000000000000, 0.000000000000000000 ) ) ;
#3931 = AXIS2_PLACEMENT_3D ( 'NONE', #1451, #326, #672 ) ;
#3932 = VECTOR ( 'NONE', #409, 1000.000000000000000 ) ;
#3933 = EDGE_LOOP ( 'NONE', ( #2491, #4731, #3541, #880, #1802, #2429, #4172, #4643 ) ) ;
#3934 = VECTOR ( 'NONE', #1317, 1000.000000000000000 ) ;
#3935 = PLANE ( 'NONE',  #748 ) ;
#3936 = VECTOR ( 'NONE', #3793, 1000.000000000000000 ) ;
#3937 = LINE ( 'NONE', #621, #3228 ) ;
#3938 = CARTESIAN_POINT ( 'NONE',  ( 38.50000000000001421, 1.799999999999999600, 26.50000000000002132 ) ) ;
#3939 = FACE_OUTER_BOUND ( 'NONE', #796, .T. ) ;
#3940 = CIRCLE ( 'NONE', #3090, 8.500000000000010658 ) ;
#3941 = VECTOR ( 'NONE', #278, 1000.000000000000000 ) ;
#3942 = DIRECTION ( 'NONE',  ( 1.000000000000000000, 0.000000000000000000, 0.000000000000000000 ) ) ;
#3943 =( LENGTH_UNIT ( ) NAMED_UNIT ( * ) SI_UNIT ( .MILLI., .METRE. ) );
#3944 = VECTOR ( 'NONE', #120, 1000.000000000000000 ) ;
#3945 = EDGE_CURVE ( 'NONE', #706, #551, #3234, .T. ) ;
#3946 = CIRCLE ( 'NONE', #135, 6.499999999999999112 ) ;
#3947 = VERTEX_POINT ( 'NONE', #1786 ) ;
#3948 = ORIENTED_EDGE ( 'NONE', *, *, #1977, .T. ) ;
#3949 = VECTOR ( 'NONE', #689, 1000.000000000000000 ) ;
#3950 = ORIENTED_EDGE ( 'NONE', *, *, #1744, .T. ) ;
#3951 = DIRECTION ( 'NONE',  ( 0.000000000000000000, -1.000000000000000000, 1.084202172485504434E-16 ) ) ;
#3952 = EDGE_LOOP ( 'NONE', ( #2468, #1302 ) ) ;
#3953 = EDGE_LOOP ( 'NONE', ( #4264, #1294, #946, #4373 ) ) ;
#3954 = VECTOR ( 'NONE', #2054, 1000.000000000000000 ) ;
#3955 = ORIENTED_EDGE ( 'NONE', *, *, #3040, .T. ) ;
#3956 = DIRECTION ( 'NONE',  ( -0.000000000000000000, 1.000000000000000000, -0.000000000000000000 ) ) ;
#3957 = AXIS2_PLACEMENT_3D ( 'NONE', #668, #1105, #2962 ) ;
#3958 = LINE ( 'NONE', #3998, #1851 ) ;
#3959 = ORIENTED_EDGE ( 'NONE', *, *, #641, .T. ) ;
#3960 = EDGE_CURVE ( 'NONE', #3131, #4779, #1135, .T. ) ;
#3961 = PLANE ( 'NONE',  #2703 ) ;
#3962 = FACE_OUTER_BOUND ( 'NONE', #4025, .T. ) ;
#3963 = DIRECTION ( 'NONE',  ( 0.000000000000000000, -1.000000000000000000, 0.000000000000000000 ) ) ;
#3964 = DIRECTION ( 'NONE',  ( 0.000000000000000000, -1.000000000000000000, 0.000000000000000000 ) ) ;
#3965 = DIRECTION ( 'NONE',  ( 1.000000000000000000, -0.000000000000000000, 1.445602896647340396E-16 ) ) ;
#3966 = DIRECTION ( 'NONE',  ( 0.000000000000000000, -1.000000000000000000, 0.000000000000000000 ) ) ;
#3967 = LINE ( 'NONE', #2820, #4549 ) ;
#3968 = EDGE_CURVE ( 'NONE', #2621, #2797, #1991, .T. ) ;
#3969 = ADVANCED_FACE ( 'NONE', ( #1410 ), #3637, .F. ) ;
#3970 = ORIENTED_EDGE ( 'NONE', *, *, #4195, .T. ) ;
#3971 = ORIENTED_EDGE ( 'NONE', *, *, #2626, .T. ) ;
#3972 = CARTESIAN_POINT ( 'NONE',  ( -44.50000000000001421, -2.499999999999999112, 29.00000000000000711 ) ) ;
#3973 = ORIENTED_EDGE ( 'NONE', *, *, #4232, .F. ) ;
#3974 = ORIENTED_EDGE ( 'NONE', *, *, #4608, .F. ) ;
#3975 = ORIENTED_EDGE ( 'NONE', *, *, #4747, .F. ) ;
#3976 = DIRECTION ( 'NONE',  ( -0.000000000000000000, -1.000000000000000000, -0.000000000000000000 ) ) ;
#3977 = CARTESIAN_POINT ( 'NONE',  ( -18.59150718393674495, 15.00000000000000000, 70.00000000000000000 ) ) ;
#3978 = ORIENTED_EDGE ( 'NONE', *, *, #2708, .T. ) ;
#3979 = EDGE_CURVE ( 'NONE', #2971, #2177, #1020, .T. ) ;
#3980 = DIRECTION ( 'NONE',  ( -0.000000000000000000, 1.000000000000000000, -0.000000000000000000 ) ) ;
#3981 = CARTESIAN_POINT ( 'NONE',  ( -44.50000000000001421, 15.00000000000000000, -23.50000000000001421 ) ) ;
#3982 = CARTESIAN_POINT ( 'NONE',  ( -42.00000000000000711, 4.200000000000000178, 2.499999999999998668 ) ) ;
#3983 = EDGE_CURVE ( 'NONE', #4595, #255, #3798, .T. ) ;
#3984 = CARTESIAN_POINT ( 'NONE',  ( 46.16061079728113725, 15.00000000000000000, 10.33115200650949284 ) ) ;
#3985 = DIRECTION ( 'NONE',  ( -0.000000000000000000, 1.000000000000000000, -0.000000000000000000 ) ) ;
#3986 = ORIENTED_EDGE ( 'NONE', *, *, #4657, .F. ) ;
#3987 = ADVANCED_FACE ( 'NONE', ( #1340 ), #4299, .F. ) ;
#3988 = LINE ( 'NONE', #3691, #4543 ) ;
#3989 = CARTESIAN_POINT ( 'NONE',  ( -44.50000000000001421, 0.000000000000000000, -29.00000000000000711 ) ) ;
#3990 = ORIENTED_EDGE ( 'NONE', *, *, #2344, .F. ) ;
#3991 = CARTESIAN_POINT ( 'NONE',  ( -85.50000000000001421, 1.799999999999999600, -3.091507183936761827 ) ) ;
#3992 = DIRECTION ( 'NONE',  ( 0.000000000000000000, -0.000000000000000000, 1.000000000000000000 ) ) ;
#3993 = ORIENTED_EDGE ( 'NONE', *, *, #625, .F. ) ;
#3994 = VERTEX_POINT ( 'NONE', #4785 ) ;
#3995 = DIRECTION ( 'NONE',  ( 0.000000000000000000, -1.000000000000000000, 0.000000000000000000 ) ) ;
#3996 = LINE ( 'NONE', #3136, #4186 ) ;
#3997 = EDGE_CURVE ( 'NONE', #2586, #616, #4553, .T. ) ;
#3998 = CARTESIAN_POINT ( 'NONE',  ( 45.50000000000001421, 0.000000000000000000, 26.50000000000001066 ) ) ;
#3999 = ORIENTED_EDGE ( 'NONE', *, *, #385, .F. ) ;
#4000 = VECTOR ( 'NONE', #1855, 1000.000000000000000 ) ;
#4001 = CARTESIAN_POINT ( 'NONE',  ( -44.50000000000001421, 11.00000000000000000, 29.00000000000000711 ) ) ;
#4002 = CIRCLE ( 'NONE', #1832, 8.500000000000010658 ) ;
#4003 = DIRECTION ( 'NONE',  ( 0.000000000000000000, 0.000000000000000000, 1.000000000000000000 ) ) ;
#4004 = CIRCLE ( 'NONE', #3000, 4.599999999999999645 ) ;
#4005 = LINE ( 'NONE', #1598, #2729 ) ;
#4006 = LINE ( 'NONE', #4798, #3412 ) ;
#4007 = AXIS2_PLACEMENT_3D ( 'NONE', #819, #795, #3058 ) ;
#4008 = DIRECTION ( 'NONE',  ( 1.982541115402067674E-15, 0.000000000000000000, 1.000000000000000000 ) ) ;
#4009 = VECTOR ( 'NONE', #229, 1000.000000000000000 ) ;
#4010 = CARTESIAN_POINT ( 'NONE',  ( 44.50000000000001421, 11.00000000000000000, -29.00000000000000711 ) ) ;
#4011 = AXIS2_PLACEMENT_3D ( 'NONE', #222, #1717, #3202 ) ;
#4012 = ORIENTED_EDGE ( 'NONE', *, *, #567, .T. ) ;
#4013 = VECTOR ( 'NONE', #206, 1000.000000000000000 ) ;
#4014 = DIRECTION ( 'NONE',  ( 0.9999975931331908097, 0.000000000000000000, -0.002194020926394565311 ) ) ;
#4015 = CARTESIAN_POINT ( 'NONE',  ( -46.16061079728113015, 0.000000000000000000, 10.33115200650950705 ) ) ;
#4016 = CIRCLE ( 'NONE', #3797, 6.499999999999995559 ) ;
#4017 = VECTOR ( 'NONE', #479, 1000.000000000000000 ) ;
#4018 = ADVANCED_FACE ( 'NONE', ( #1866 ), #3763, .T. ) ;
#4019 = EDGE_CURVE ( 'NONE', #2558, #255, #81, .T. ) ;
#4020 = ORIENTED_EDGE ( 'NONE', *, *, #3244, .T. ) ;
#4021 = DIRECTION ( 'NONE',  ( 0.000000000000000000, 0.000000000000000000, -1.000000000000000000 ) ) ;
#4022 = DIRECTION ( 'NONE',  ( -0.000000000000000000, 1.000000000000000000, -0.000000000000000000 ) ) ;
#4023 = ORIENTED_EDGE ( 'NONE', *, *, #872, .F. ) ;
#4024 = ORIENTED_EDGE ( 'NONE', *, *, #3527, .T. ) ;
#4025 = EDGE_LOOP ( 'NONE', ( #4512, #737, #1179, #628 ) ) ;
#4026 = CARTESIAN_POINT ( 'NONE',  ( 44.50000000000001421, 0.000000000000000000, 29.00000000000000711 ) ) ;
#4027 = EDGE_CURVE ( 'NONE', #4808, #3111, #2071, .T. ) ;
#4028 = PLANE ( 'NONE',  #2162 ) ;
#4029 = CIRCLE ( 'NONE', #3422, 6.499999999999995559 ) ;
#4030 = DIRECTION ( 'NONE',  ( 0.000000000000000000, -1.000000000000000000, 0.000000000000000000 ) ) ;
#4031 = ORIENTED_EDGE ( 'NONE', *, *, #3276, .T. ) ;
#4032 = FACE_OUTER_BOUND ( 'NONE', #4397, .T. ) ;
#4033 = CARTESIAN_POINT ( 'NONE',  ( -36.08101651390109765, 11.50000000000000000, -30.17077626419152026 ) ) ;
#4034 = DIRECTION ( 'NONE',  ( 0.000000000000000000, 0.000000000000000000, 1.000000000000000000 ) ) ;
#4035 = DIRECTION ( 'NONE',  ( 0.000000000000000000, -1.000000000000000000, 0.000000000000000000 ) ) ;
#4036 = CARTESIAN_POINT ( 'NONE',  ( 0.000000000000000000, 0.000000000000000000, 0.000000000000000000 ) ) ;
#4037 = LINE ( 'NONE', #1378, #4713 ) ;
#4038 = ORIENTED_EDGE ( 'NONE', *, *, #3923, .T. ) ;
#4039 = EDGE_CURVE ( 'NONE', #1574, #791, #3163, .T. ) ;
#4040 = CARTESIAN_POINT ( 'NONE',  ( 85.50000000000001421, 15.00000000000000000, 3.091507183936761827 ) ) ;
#4041 = DIRECTION ( 'NONE',  ( -0.000000000000000000, -1.000000000000000000, -0.000000000000000000 ) ) ;
#4042 = ORIENTED_EDGE ( 'NONE', *, *, #1852, .T. ) ;
#4043 = DIRECTION ( 'NONE',  ( 1.000000000000000000, -0.000000000000000000, 0.000000000000000000 ) ) ;
#4044 = DIRECTION ( 'NONE',  ( -1.000000000000000000, 0.000000000000000000, 0.000000000000000000 ) ) ;
#4045 = EDGE_LOOP ( 'NONE', ( #3970, #934, #4031, #2645 ) ) ;
#4046 = ORIENTED_EDGE ( 'NONE', *, *, #4201, .T. ) ;
#4047 = VERTEX_POINT ( 'NONE', #709 ) ;
#4048 = DIRECTION ( 'NONE',  ( 0.000000000000000000, 0.000000000000000000, 1.000000000000000000 ) ) ;
#4049 = CARTESIAN_POINT ( 'NONE',  ( -35.50000000000001421, 11.00000000000000000, -2.500000000000000000 ) ) ;
#4050 = EDGE_LOOP ( 'NONE', ( #4441, #2757, #1804, #1117 ) ) ;
#4051 = ADVANCED_FACE ( 'NONE', ( #338 ), #58, .F. ) ;
#4052 = ADVANCED_FACE ( 'NONE', ( #1517 ), #427, .T. ) ;
#4053 = CARTESIAN_POINT ( 'NONE',  ( 18.59150718393674495, 0.000000000000000000, 26.50000000000001066 ) ) ;
#4054 = CARTESIAN_POINT ( 'NONE',  ( 18.59150718393674495, 15.00000000000000000, 70.00000000000000000 ) ) ;
#4055 = DIRECTION ( 'NONE',  ( 1.000000000000000000, 0.000000000000000000, 0.000000000000000000 ) ) ;
#4056 = CARTESIAN_POINT ( 'NONE',  ( -85.50000000000001421, 4.200000000000000178, 3.091507183936761827 ) ) ;
#4057 = ADVANCED_FACE ( 'NONE', ( #1181 ), #733, .F. ) ;
#4058 = VERTEX_POINT ( 'NONE', #4480 ) ;
#4059 = CARTESIAN_POINT ( 'NONE',  ( 44.50000000000001421, 11.00000000000000000, 23.50000000000001421 ) ) ;
#4060 = DIRECTION ( 'NONE',  ( -0.000000000000000000, 1.000000000000000000, -0.000000000000000000 ) ) ;
#4061 = ORIENTED_EDGE ( 'NONE', *, *, #3926, .F. ) ;
#4062 = DIRECTION ( 'NONE',  ( 0.000000000000000000, 0.000000000000000000, -1.000000000000000000 ) ) ;
#4063 = EDGE_LOOP ( 'NONE', ( #3219, #2413, #573, #3450, #2808, #1972 ) ) ;
#4064 = ORIENTED_EDGE ( 'NONE', *, *, #4458, .F. ) ;
#4065 = ORIENTED_EDGE ( 'NONE', *, *, #853, .T. ) ;
#4066 = ORIENTED_EDGE ( 'NONE', *, *, #3158, .T. ) ;
#4067 = CARTESIAN_POINT ( 'NONE',  ( 44.50000000000001421, -22.00000000000000355, 29.00000000000000711 ) ) ;
#4068 = PLANE ( 'NONE',  #2244 ) ;
#4069 = DIRECTION ( 'NONE',  ( 0.000000000000000000, 1.000000000000000000, -1.084202172485504434E-16 ) ) ;
#4070 = ORIENTED_EDGE ( 'NONE', *, *, #984, .T. ) ;
#4071 = EDGE_CURVE ( 'NONE', #1745, #4197, #2710, .T. ) ;
#4072 = ORIENTED_EDGE ( 'NONE', *, *, #1790, .F. ) ;
#4073 = EDGE_CURVE ( 'NONE', #2528, #1765, #355, .T. ) ;
#4074 =( NAMED_UNIT ( * ) PLANE_ANGLE_UNIT ( ) SI_UNIT ( $, .RADIAN. ) );
#4075 = EDGE_CURVE ( 'NONE', #4599, #3890, #1910, .T. ) ;
#4076 = CARTESIAN_POINT ( 'NONE',  ( -44.50000000000001421, 15.00000000000000000, 29.00000000000000711 ) ) ;
#4077 = CARTESIAN_POINT ( 'NONE',  ( -18.59150718393674495, 0.000000000000000000, 30.00000000000001066 ) ) ;
#4078 = DIRECTION ( 'NONE',  ( 2.552236838218750115E-15, 0.000000000000000000, -1.000000000000000000 ) ) ;
#4079 = DIRECTION ( 'NONE',  ( -0.000000000000000000, -1.000000000000000000, -0.000000000000000000 ) ) ;
#4080 = DIRECTION ( 'NONE',  ( 1.000000000000000000, 0.000000000000000000, 2.973811673103095791E-15 ) ) ;
#4081 = CARTESIAN_POINT ( 'NONE',  ( -18.59150718393674495, 15.00000000000000000, -70.00000000000000000 ) ) ;
#4082 = AXIS2_PLACEMENT_3D ( 'NONE', #2349, #4117, #3851 ) ;
#4083 = ORIENTED_EDGE ( 'NONE', *, *, #1330, .T. ) ;
#4084 =( GEOMETRIC_REPRESENTATION_CONTEXT ( 3 ) GLOBAL_UNCERTAINTY_ASSIGNED_CONTEXT ( ( #1964 ) ) GLOBAL_UNIT_ASSIGNED_CONTEXT ( ( #3943, #143, #2397 ) ) REPRESENTATION_CONTEXT ( 'NONE', 'WORKASPACE' ) );
#4085 = VECTOR ( 'NONE', #3942, 1000.000000000000000 ) ;
#4086 = AXIS2_PLACEMENT_3D ( 'NONE', #4269, #1673, #1634 ) ;
#4087 = CARTESIAN_POINT ( 'NONE',  ( 42.03294700102684089, 7.494898727479125000, 4.786386281128576670 ) ) ;
#4088 = EDGE_CURVE ( 'NONE', #730, #4305, #3034, .T. ) ;
#4089 = AXIS2_PLACEMENT_3D ( 'NONE', #3037, #3435, #1575 ) ;
#4090 = DIRECTION ( 'NONE',  ( 0.000000000000000000, -1.000000000000000000, 0.000000000000000000 ) ) ;
#4091 = ORIENTED_EDGE ( 'NONE', *, *, #1277, .T. ) ;
#4092 = AXIS2_PLACEMENT_3D ( 'NONE', #3149, #2098, #906 ) ;
#4093 = CARTESIAN_POINT ( 'NONE',  ( 44.50000000000001421, 0.000000000000000000, 29.00000000000000711 ) ) ;
#4094 = ORIENTED_EDGE ( 'NONE', *, *, #643, .T. ) ;
#4095 = ORIENTED_EDGE ( 'NONE', *, *, #3825, .T. ) ;
#4096 = VERTEX_POINT ( 'NONE', #2301 ) ;
#4097 = DIRECTION ( 'NONE',  ( -3.202566417187953592E-15, 0.000000000000000000, -1.000000000000000000 ) ) ;
#4098 = CARTESIAN_POINT ( 'NONE',  ( 15.20000000000000107, 0.000000000000000000, -30.00000000000000711 ) ) ;
#4099 = AXIS2_PLACEMENT_3D ( 'NONE', #3855, #3817, #477 ) ;
#4100 = FACE_OUTER_BOUND ( 'NONE', #1012, .T. ) ;
#4101 = ORIENTED_EDGE ( 'NONE', *, *, #3158, .F. ) ;
#4102 = FACE_OUTER_BOUND ( 'NONE', #3892, .T. ) ;
#4103 = ORIENTED_EDGE ( 'NONE', *, *, #1361, .F. ) ;
#4104 = FILL_AREA_STYLE ('',( #4762 ) ) ;
#4105 = LINE ( 'NONE', #4131, #2151 ) ;
#4106 = DIRECTION ( 'NONE',  ( -0.000000000000000000, 1.000000000000000000, -0.000000000000000000 ) ) ;
#4107 = CIRCLE ( 'NONE', #1776, 8.500000000000010658 ) ;
#4108 = DIRECTION ( 'NONE',  ( -0.000000000000000000, -1.000000000000000000, -0.000000000000000000 ) ) ;
#4109 = CYLINDRICAL_SURFACE ( 'NONE', #2325, 1.000000000000002665 ) ;
#4110 = LINE ( 'NONE', #856, #4377 ) ;
#4111 = AXIS2_PLACEMENT_3D ( 'NONE', #1257, #2410, #2747 ) ;
#4112 = DIRECTION ( 'NONE',  ( 0.000000000000000000, -1.000000000000000000, 0.000000000000000000 ) ) ;
#4113 = ORIENTED_EDGE ( 'NONE', *, *, #1039, .F. ) ;
#4114 = CARTESIAN_POINT ( 'NONE',  ( 51.68556701030929901, 15.00000000000000000, -24.45933631058685620 ) ) ;
#4115 = EDGE_CURVE ( 'NONE', #214, #799, #125, .T. ) ;
#4116 = VECTOR ( 'NONE', #2629, 1000.000000000000000 ) ;
#4117 = DIRECTION ( 'NONE',  ( 0.000000000000000000, 1.000000000000000000, 0.000000000000000000 ) ) ;
#4118 = PLANE ( 'NONE',  #2219 ) ;
#4119 = EDGE_CURVE ( 'NONE', #3821, #4290, #2464, .T. ) ;
#4120 = DIRECTION ( 'NONE',  ( 1.000000000000000000, 0.000000000000000000, 0.000000000000000000 ) ) ;
#4121 = ORIENTED_EDGE ( 'NONE', *, *, #3907, .F. ) ;
#4122 = CARTESIAN_POINT ( 'NONE',  ( -18.59150718393674495, 0.000000000000000000, -30.00000000000000711 ) ) ;
#4123 = VERTEX_POINT ( 'NONE', #766 ) ;
#4124 = ORIENTED_EDGE ( 'NONE', *, *, #3487, .F. ) ;
#4125 = DIRECTION ( 'NONE',  ( 0.000000000000000000, 0.000000000000000000, -1.000000000000000000 ) ) ;
#4126 = CARTESIAN_POINT ( 'NONE',  ( 45.54555525137367766, 4.200000000000000178, -5.000000000000000888 ) ) ;
#4127 = ORIENTED_EDGE ( 'NONE', *, *, #3843, .T. ) ;
#4128 = CARTESIAN_POINT ( 'NONE',  ( 45.67077626419152381, 11.50000000000000000, -20.58101651390109765 ) ) ;
#4129 = ORIENTED_EDGE ( 'NONE', *, *, #3503, .T. ) ;
#4130 = ORIENTED_EDGE ( 'NONE', *, *, #1703, .T. ) ;
#4131 = CARTESIAN_POINT ( 'NONE',  ( -36.08101651390111186, 8.400000000000000355, 30.17077626419151670 ) ) ;
#4132 = DIRECTION ( 'NONE',  ( -0.000000000000000000, -1.000000000000000000, -0.000000000000000000 ) ) ;
#4133 = CARTESIAN_POINT ( 'NONE',  ( -5.999999999999999112, 20.00000000000000000, 12.00000000000000178 ) ) ;
#4134 = DIRECTION ( 'NONE',  ( 0.000000000000000000, 0.000000000000000000, -1.000000000000000000 ) ) ;
#4135 = DIRECTION ( 'NONE',  ( -0.000000000000000000, -1.000000000000000000, -0.000000000000000000 ) ) ;
#4136 = CARTESIAN_POINT ( 'NONE',  ( 42.00000000000001421, 1.799999999999999600, 26.50000000000001066 ) ) ;
#4137 = DIRECTION ( 'NONE',  ( 0.000000000000000000, 0.000000000000000000, -1.000000000000000000 ) ) ;
#4138 = PRODUCT_RELATED_PRODUCT_CATEGORY ( 'part', '', ( #2184 ) ) ;
#4139 = DIRECTION ( 'NONE',  ( 0.000000000000000000, 1.000000000000000000, 0.000000000000000000 ) ) ;
#4140 = LINE ( 'NONE', #4524, #4622 ) ;
#4141 = CARTESIAN_POINT ( 'NONE',  ( -44.50000000000001421, 11.50000000000000000, 20.49999999999999645 ) ) ;
#4142 = ORIENTED_EDGE ( 'NONE', *, *, #1997, .F. ) ;
#4143 = PLANE ( 'NONE',  #3803 ) ;
#4144 = EDGE_CURVE ( 'NONE', #1204, #4801, #3740, .T. ) ;
#4145 = ORIENTED_EDGE ( 'NONE', *, *, #2283, .F. ) ;
#4146 = ORIENTED_EDGE ( 'NONE', *, *, #3824, .F. ) ;
#4147 = CARTESIAN_POINT ( 'NONE',  ( 45.50000000000001421, 6.000000000000000000, 6.123233995736772199E-17 ) ) ;
#4148 = CARTESIAN_POINT ( 'NONE',  ( 42.60537019190393693, 0.000000000000000000, -10.32343179820049528 ) ) ;
#4149 = ORIENTED_EDGE ( 'NONE', *, *, #203, .T. ) ;
#4150 = EDGE_CURVE ( 'NONE', #3890, #4387, #794, .T. ) ;
#4151 = CARTESIAN_POINT ( 'NONE',  ( 1.700000000000000178, 15.00000000000000000, 7.300000000000005151 ) ) ;
#4152 = VERTEX_POINT ( 'NONE', #2760 ) ;
#4153 = EDGE_LOOP ( 'NONE', ( #2875, #3081, #562, #4504, #727, #4464, #3199, #2568, #4598, #3739, #3679, #3543, #1957, #1092, #550 ) ) ;
#4154 = CARTESIAN_POINT ( 'NONE',  ( 18.59150718393674495, 11.50000000000000000, -70.00000000000000000 ) ) ;
#4155 = DIRECTION ( 'NONE',  ( 0.000000000000000000, -1.000000000000000000, 0.000000000000000000 ) ) ;
#4156 = DIRECTION ( 'NONE',  ( 0.000000000000000000, -1.000000000000000000, 0.000000000000000000 ) ) ;
#4157 = CARTESIAN_POINT ( 'NONE',  ( -38.50000000000001421, 1.799999999999999600, 26.50000000000001066 ) ) ;
#4158 = CARTESIAN_POINT ( 'NONE',  ( -36.08101651390109765, 11.50000000000000000, 30.17077626419152026 ) ) ;
#4159 = CIRCLE ( 'NONE', #183, 4.599999999999999645 ) ;
#4160 = LINE ( 'NONE', #2327, #2610 ) ;
#4161 = DIRECTION ( 'NONE',  ( -0.000000000000000000, -1.000000000000000000, -0.000000000000000000 ) ) ;
#4162 = VERTEX_POINT ( 'NONE', #2377 ) ;
#4163 = FACE_BOUND ( 'NONE', #2996, .T. ) ;
#4164 = ORIENTED_EDGE ( 'NONE', *, *, #3244, .F. ) ;
#4165 = VECTOR ( 'NONE', #2021, 1000.000000000000000 ) ;
#4166 = EDGE_CURVE ( 'NONE', #22, #2942, #1140, .T. ) ;
#4167 = ADVANCED_FACE ( 'NONE', ( #927, #2045 ), #184, .F. ) ;
#4168 = AXIS2_PLACEMENT_3D ( 'NONE', #3537, #988, #2435 ) ;
#4169 = VECTOR ( 'NONE', #4518, 1000.000000000000000 ) ;
#4170 = DIRECTION ( 'NONE',  ( 0.000000000000000000, -0.000000000000000000, -1.000000000000000000 ) ) ;
#4171 = DIRECTION ( 'NONE',  ( -1.000000000000000000, 0.000000000000000000, 0.000000000000000000 ) ) ;
#4172 = ORIENTED_EDGE ( 'NONE', *, *, #4201, .F. ) ;
#4173 = ORIENTED_EDGE ( 'NONE', *, *, #719, .F. ) ;
#4174 = AXIS2_PLACEMENT_3D ( 'NONE', #1269, #4672, #1373 ) ;
#4175 = AXIS2_PLACEMENT_3D ( 'NONE', #4026, #3595, #1390 ) ;
#4176 = ORIENTED_EDGE ( 'NONE', *, *, #2274, .T. ) ;
#4177 = EDGE_CURVE ( 'NONE', #4237, #3072, #842, .T. ) ;
#4178 = CIRCLE ( 'NONE', #1844, 40.00000000000000000 ) ;
#4179 = EDGE_CURVE ( 'NONE', #4502, #4123, #132, .T. ) ;
#4180 = VECTOR ( 'NONE', #11, 1000.000000000000000 ) ;
#4181 = DIRECTION ( 'NONE',  ( 0.000000000000000000, 0.000000000000000000, -1.000000000000000000 ) ) ;
#4182 = CARTESIAN_POINT ( 'NONE',  ( -44.50000000000001421, 0.000000000000000000, 29.00000000000000711 ) ) ;
#4183 = DIRECTION ( 'NONE',  ( -0.000000000000000000, -1.000000000000000000, -0.000000000000000000 ) ) ;
#4184 = CARTESIAN_POINT ( 'NONE',  ( -7.700000000000000178, 15.00000000000000000, 18.70000000000000284 ) ) ;
#4185 = LINE ( 'NONE', #2237, #87 ) ;
#4186 = VECTOR ( 'NONE', #2385, 1000.000000000000000 ) ;
#4187 = DIRECTION ( 'NONE',  ( 0.000000000000000000, -0.000000000000000000, -1.000000000000000000 ) ) ;
#4188 = CARTESIAN_POINT ( 'NONE',  ( 44.50000000000001421, -22.00000000000000355, 29.00000000000000711 ) ) ;
#4189 = CARTESIAN_POINT ( 'NONE',  ( 45.50000000000001421, 15.00000000000000000, -3.091507183936765379 ) ) ;
#4190 = VECTOR ( 'NONE', #4206, 1000.000000000000000 ) ;
#4191 = EDGE_LOOP ( 'NONE', ( #4064, #1318, #4683, #4479 ) ) ;
#4192 = CARTESIAN_POINT ( 'NONE',  ( 42.00000000000001421, 15.00000000000000000, 26.50000000000001066 ) ) ;
#4193 = ORIENTED_EDGE ( 'NONE', *, *, #2138, .F. ) ;
#4194 = AXIS2_PLACEMENT_3D ( 'NONE', #383, #3279, #4355 ) ;
#4195 = EDGE_CURVE ( 'NONE', #1548, #2538, #2532, .T. ) ;
#4196 = DIRECTION ( 'NONE',  ( -0.000000000000000000, -1.000000000000000000, -0.000000000000000000 ) ) ;
#4197 = VERTEX_POINT ( 'NONE', #1848 ) ;
#4198 = CARTESIAN_POINT ( 'NONE',  ( 44.50000000000001421, 11.00000000000000000, 34.50000000000000000 ) ) ;
#4199 = ORIENTED_EDGE ( 'NONE', *, *, #1229, .T. ) ;
#4200 = VERTEX_POINT ( 'NONE', #1876 ) ;
#4201 = EDGE_CURVE ( 'NONE', #3220, #2797, #3260, .T. ) ;
#4202 = CARTESIAN_POINT ( 'NONE',  ( 38.41227904007968874, 1.799999999999999600, -31.27808110350506610 ) ) ;
#4203 = EDGE_CURVE ( 'NONE', #4152, #1146, #3872, .T. ) ;
#4204 = CARTESIAN_POINT ( 'NONE',  ( -11.69999999999999396, 6.735557395310434135E-16, -30.00000000000000711 ) ) ;
#4205 = DIRECTION ( 'NONE',  ( -0.000000000000000000, 1.000000000000000000, -0.000000000000000000 ) ) ;
#4206 = DIRECTION ( 'NONE',  ( -1.000000000000000000, 0.000000000000000000, -8.760942863221888787E-16 ) ) ;
#4207 = DIRECTION ( 'NONE',  ( -0.000000000000000000, -0.000000000000000000, 1.000000000000000000 ) ) ;
#4208 = CARTESIAN_POINT ( 'NONE',  ( 45.50000000000001421, 15.00000000000000000, 3.091507183936761827 ) ) ;
#4209 = EDGE_CURVE ( 'NONE', #2873, #4345, #4006, .T. ) ;
#4210 = ORIENTED_EDGE ( 'NONE', *, *, #714, .F. ) ;
#4211 = CARTESIAN_POINT ( 'NONE',  ( 7.700000000000000178, 20.00000000000000000, 18.70000000000000284 ) ) ;
#4212 = ORIENTED_EDGE ( 'NONE', *, *, #1173, .T. ) ;
#4213 = DIRECTION ( 'NONE',  ( -0.000000000000000000, 1.000000000000000000, -0.000000000000000000 ) ) ;
#4214 = EDGE_LOOP ( 'NONE', ( #371, #883 ) ) ;
#4215 = DIRECTION ( 'NONE',  ( 0.000000000000000000, -1.000000000000000000, 0.000000000000000000 ) ) ;
#4216 = ORIENTED_EDGE ( 'NONE', *, *, #2006, .F. ) ;
#4217 = CARTESIAN_POINT ( 'NONE',  ( 44.50000000000001421, 0.000000000000000000, -33.60000000000000142 ) ) ;
#4218 = ORIENTED_EDGE ( 'NONE', *, *, #1788, .F. ) ;
#4219 = VERTEX_POINT ( 'NONE', #2207 ) ;
#4220 = DIRECTION ( 'NONE',  ( -1.000000000000000000, 0.000000000000000000, 0.000000000000000000 ) ) ;
#4221 = EDGE_CURVE ( 'NONE', #881, #608, #4701, .T. ) ;
#4222 = ADVANCED_FACE ( 'NONE', ( #2885, #2553 ), #1478, .T. ) ;
#4223 = CARTESIAN_POINT ( 'NONE',  ( 42.00000000000001421, 0.000000000000000000, 26.50000000000001066 ) ) ;
#4224 = DIRECTION ( 'NONE',  ( 0.000000000000000000, -1.000000000000000000, 0.000000000000000000 ) ) ;
#4225 = LINE ( 'NONE', #2039, #4712 ) ;
#4226 = DIRECTION ( 'NONE',  ( 0.000000000000000000, 1.000000000000000000, 0.000000000000000000 ) ) ;
#4227 = CARTESIAN_POINT ( 'NONE',  ( 7.700000000000000178, 15.00000000000000000, 7.300000000000002487 ) ) ;
#4228 = EDGE_CURVE ( 'NONE', #1430, #4219, #4414, .T. ) ;
#4229 = DIRECTION ( 'NONE',  ( 0.000000000000000000, -1.000000000000000000, -2.767081669228011730E-16 ) ) ;
#4230 = ORIENTED_EDGE ( 'NONE', *, *, #426, .T. ) ;
#4231 = CIRCLE ( 'NONE', #4374, 4.599999999999999645 ) ;
#4232 = EDGE_CURVE ( 'NONE', #4575, #3822, #2580, .T. ) ;
#4233 = DIRECTION ( 'NONE',  ( 0.000000000000000000, 0.000000000000000000, -1.000000000000000000 ) ) ;
#4234 = AXIS2_PLACEMENT_3D ( 'NONE', #1951, #1245, #1636 ) ;
#4235 = VECTOR ( 'NONE', #7, 1000.000000000000000 ) ;
#4236 = CARTESIAN_POINT ( 'NONE',  ( -44.50000000000001421, 11.00000000000000000, -23.50000000000001421 ) ) ;
#4237 = VERTEX_POINT ( 'NONE', #1397 ) ;
#4238 = ORIENTED_EDGE ( 'NONE', *, *, #1917, .F. ) ;
#4239 = ORIENTED_EDGE ( 'NONE', *, *, #1817, .T. ) ;
#4240 = VECTOR ( 'NONE', #642, 1000.000000000000000 ) ;
#4241 = AXIS2_PLACEMENT_3D ( 'NONE', #2109, #3964, #4312 ) ;
#4242 = VECTOR ( 'NONE', #2815, 1000.000000000000000 ) ;
#4243 = DIRECTION ( 'NONE',  ( 0.000000000000000000, 0.000000000000000000, -1.000000000000000000 ) ) ;
#4244 = CIRCLE ( 'NONE', #903, 40.00000000000000711 ) ;
#4245 = DIRECTION ( 'NONE',  ( -0.000000000000000000, 0.000000000000000000, -1.000000000000000000 ) ) ;
#4246 = ADVANCED_FACE ( 'NONE', ( #1027 ), #4109, .F. ) ;
#4247 = AXIS2_PLACEMENT_3D ( 'NONE', #1481, #3985, #2966 ) ;
#4248 = AXIS2_PLACEMENT_3D ( 'NONE', #4154, #1842, #382 ) ;
#4249 = AXIS2_PLACEMENT_3D ( 'NONE', #1533, #1924, #71 ) ;
#4250 = DIRECTION ( 'NONE',  ( 0.000000000000000000, 0.000000000000000000, -1.000000000000000000 ) ) ;
#4251 = DIRECTION ( 'NONE',  ( 0.000000000000000000, -1.000000000000000000, 0.000000000000000000 ) ) ;
#4252 = CYLINDRICAL_SURFACE ( 'NONE', #2459, 5.499999999999994671 ) ;
#4253 = CYLINDRICAL_SURFACE ( 'NONE', #1074, 6.499999999999995559 ) ;
#4254 = CARTESIAN_POINT ( 'NONE',  ( 8.000000000000000000, 17.00000000000000000, 7.300000000000002487 ) ) ;
#4255 = CARTESIAN_POINT ( 'NONE',  ( -44.50000000000001421, 15.00000000000000000, 22.50000000000001421 ) ) ;
#4256 = CIRCLE ( 'NONE', #1303, 1.000000000000002665 ) ;
#4257 = VERTEX_POINT ( 'NONE', #4439 ) ;
#4258 = ORIENTED_EDGE ( 'NONE', *, *, #298, .T. ) ;
#4259 = EDGE_CURVE ( 'NONE', #391, #2495, #4767, .T. ) ;
#4260 = CIRCLE ( 'NONE', #2858, 40.00000000000000000 ) ;
#4261 = CARTESIAN_POINT ( 'NONE',  ( 42.03307164686975739, 7.483699601813944113, -4.789502189245601116 ) ) ;
#4262 = ORIENTED_EDGE ( 'NONE', *, *, #3305, .F. ) ;
#4263 = LINE ( 'NONE', #2917, #833 ) ;
#4264 = ORIENTED_EDGE ( 'NONE', *, *, #353, .F. ) ;
#4265 = ORIENTED_EDGE ( 'NONE', *, *, #2878, .F. ) ;
#4266 = VERTEX_POINT ( 'NONE', #3618 ) ;
#4267 = ORIENTED_EDGE ( 'NONE', *, *, #697, .T. ) ;
#4268 = DIRECTION ( 'NONE',  ( -0.000000000000000000, 0.000000000000000000, 1.000000000000000000 ) ) ;
#4269 = CARTESIAN_POINT ( 'NONE',  ( -44.50000000000001421, 15.00000000000000000, -29.00000000000000711 ) ) ;
#4270 = LINE ( 'NONE', #938, #2337 ) ;
#4271 = DIRECTION ( 'NONE',  ( 0.000000000000000000, -1.000000000000000000, 0.000000000000000000 ) ) ;
#4272 = DIRECTION ( 'NONE',  ( -0.000000000000000000, 1.000000000000000000, -0.000000000000000000 ) ) ;
#4273 = EDGE_CURVE ( 'NONE', #3310, #3299, #56, .T. ) ;
#4274 = ORIENTED_EDGE ( 'NONE', *, *, #1394, .T. ) ;
#4275 = EDGE_CURVE ( 'NONE', #62, #360, #3340, .T. ) ;
#4276 = DIRECTION ( 'NONE',  ( 1.982541115402061757E-15, 0.000000000000000000, -1.000000000000000000 ) ) ;
#4277 = ORIENTED_EDGE ( 'NONE', *, *, #392, .F. ) ;
#4278 = EDGE_LOOP ( 'NONE', ( #3973, #4471, #3641 ) ) ;
#4279 = ORIENTED_EDGE ( 'NONE', *, *, #4493, .T. ) ;
#4280 = CARTESIAN_POINT ( 'NONE',  ( -18.59150718393674495, 11.50000000000000000, 70.00000000000000000 ) ) ;
#4281 = DIRECTION ( 'NONE',  ( 0.000000000000000000, 0.000000000000000000, 1.000000000000000000 ) ) ;
#4282 = CARTESIAN_POINT ( 'NONE',  ( 46.16062554098196813, 0.000000000000000000, -10.33123212160939097 ) ) ;
#4283 = ORIENTED_EDGE ( 'NONE', *, *, #4027, .F. ) ;
#4284 = ADVANCED_FACE ( 'NONE', ( #1450 ), #747, .T. ) ;
#4285 = DIRECTION ( 'NONE',  ( 0.000000000000000000, 0.000000000000000000, -1.000000000000000000 ) ) ;
#4286 = DIRECTION ( 'NONE',  ( -0.000000000000000000, 1.000000000000000000, -0.000000000000000000 ) ) ;
#4287 = DIRECTION ( 'NONE',  ( 0.000000000000000000, -1.000000000000000000, 0.000000000000000000 ) ) ;
#4288 = FACE_OUTER_BOUND ( 'NONE', #2100, .T. ) ;
#4289 = CARTESIAN_POINT ( 'NONE',  ( 46.77808110350505189, 0.000000000000000000, -22.91227904007969585 ) ) ;
#4290 = VERTEX_POINT ( 'NONE', #388 ) ;
#4291 = ORIENTED_EDGE ( 'NONE', *, *, #4775, .T. ) ;
#4292 = CARTESIAN_POINT ( 'NONE',  ( -42.00000000000001421, 0.000000000000000000, 26.50000000000001066 ) ) ;
#4293 = EDGE_LOOP ( 'NONE', ( #4023, #4615, #103, #3011 ) ) ;
#4294 = ORIENTED_EDGE ( 'NONE', *, *, #3464, .F. ) ;
#4295 = ADVANCED_FACE ( 'NONE', ( #4460, #1795 ), #2160, .T. ) ;
#4296 = EDGE_LOOP ( 'NONE', ( #1709, #1823, #3978, #2589 ) ) ;
#4297 = CIRCLE ( 'NONE', #1431, 8.500000000000010658 ) ;
#4298 = COLOUR_RGB ( '',0.8941176470588234615, 0.8941176470588234615, 0.8941176470588234615 ) ;
#4299 = PLANE ( 'NONE',  #4011 ) ;
#4300 = CYLINDRICAL_SURFACE ( 'NONE', #3177, 4.599999999999999645 ) ;
#4301 = VECTOR ( 'NONE', #896, 1000.000000000000000 ) ;
#4302 = CARTESIAN_POINT ( 'NONE',  ( 44.50000000000001421, 0.000000000000000000, -29.00000000000000711 ) ) ;
#4303 = AXIS2_PLACEMENT_3D ( 'NONE', #2321, #439, #3750 ) ;
#4304 = VECTOR ( 'NONE', #2735, 1000.000000000000000 ) ;
#4305 = VERTEX_POINT ( 'NONE', #4744 ) ;
#4306 = EDGE_CURVE ( 'NONE', #1976, #994, #455, .T. ) ;
#4307 = EDGE_CURVE ( 'NONE', #1231, #4387, #3804, .T. ) ;
#4308 = AXIS2_PLACEMENT_3D ( 'NONE', #1072, #2877, #262 ) ;
#4309 = VECTOR ( 'NONE', #4196, 1000.000000000000000 ) ;
#4310 = CARTESIAN_POINT ( 'NONE',  ( -42.00000000000001421, 15.00000000000000000, -26.50000000000001066 ) ) ;
#4311 = LINE ( 'NONE', #272, #131 ) ;
#4312 = DIRECTION ( 'NONE',  ( 0.000000000000000000, -0.000000000000000000, -1.000000000000000000 ) ) ;
#4313 = CARTESIAN_POINT ( 'NONE',  ( 45.50000000000001421, 0.000000000000000000, -30.00000000000000711 ) ) ;
#4314 = VECTOR ( 'NONE', #3689, 1000.000000000000000 ) ;
#4315 = AXIS2_PLACEMENT_3D ( 'NONE', #4728, #4060, #1382 ) ;
#4316 = CARTESIAN_POINT ( 'NONE',  ( -58.34927731208833279, 0.000000000000000000, -37.51000000000001933 ) ) ;
#4317 = CARTESIAN_POINT ( 'NONE',  ( 39.95933631058686331, 15.00000000000000000, 36.18556701030929901 ) ) ;
#4318 = AXIS2_PLACEMENT_3D ( 'NONE', #2717, #20, #53 ) ;
#4319 = CIRCLE ( 'NONE', #1048, 5.499999999999994671 ) ;
#4320 = ORIENTED_EDGE ( 'NONE', *, *, #634, .T. ) ;
#4321 = AXIS2_PLACEMENT_3D ( 'NONE', #1438, #61, #1914 ) ;
#4322 = VERTEX_POINT ( 'NONE', #722 ) ;
#4323 = DIRECTION ( 'NONE',  ( -0.000000000000000000, 1.000000000000000000, -0.000000000000000000 ) ) ;
#4324 = ORIENTED_EDGE ( 'NONE', *, *, #4357, .T. ) ;
#4325 = EDGE_LOOP ( 'NONE', ( #2379, #4065, #2583, #1298 ) ) ;
#4326 = EDGE_CURVE ( 'NONE', #2871, #190, #91, .T. ) ;
#4327 = VECTOR ( 'NONE', #3770, 1000.000000000000000 ) ;
#4328 = ORIENTED_EDGE ( 'NONE', *, *, #4195, .F. ) ;
#4329 = DIRECTION ( 'NONE',  ( -1.445602896647340396E-16, 0.000000000000000000, 1.000000000000000000 ) ) ;
#4330 = CIRCLE ( 'NONE', #1942, 43.50000000000000711 ) ;
#4331 = PLANE ( 'NONE',  #3248 ) ;
#4332 = ADVANCED_FACE ( 'NONE', ( #3461 ), #1579, .T. ) ;
#4333 = VERTEX_POINT ( 'NONE', #3388 ) ;
#4334 = AXIS2_PLACEMENT_3D ( 'NONE', #3115, #2383, #530 ) ;
#4335 = CARTESIAN_POINT ( 'NONE',  ( 0.000000000000000000, 4.200000000000000178, 0.000000000000000000 ) ) ;
#4336 = EDGE_CURVE ( 'NONE', #4123, #1665, #202, .T. ) ;
#4337 = LINE ( 'NONE', #4720, #2010 ) ;
#4338 = CARTESIAN_POINT ( 'NONE',  ( -45.50000000000001421, 4.200000000000000178, 2.499999999999999112 ) ) ;
#4339 = EDGE_CURVE ( 'NONE', #2955, #2438, #1297, .T. ) ;
#4340 = DIRECTION ( 'NONE',  ( -0.000000000000000000, -1.000000000000000000, -0.000000000000000000 ) ) ;
#4341 = DIRECTION ( 'NONE',  ( 0.000000000000000000, -1.000000000000000000, 0.000000000000000000 ) ) ;
#4342 = ORIENTED_EDGE ( 'NONE', *, *, #3979, .F. ) ;
#4343 = CARTESIAN_POINT ( 'NONE',  ( -35.50000000000001421, 11.00000000000000000, 2.500000000000000000 ) ) ;
#4344 = ADVANCED_FACE ( 'NONE', ( #2345, #486 ), #1212, .T. ) ;
#4345 = VERTEX_POINT ( 'NONE', #4566 ) ;
#4346 = DIRECTION ( 'NONE',  ( -1.000000000000000000, 0.000000000000000000, 0.000000000000000000 ) ) ;
#4347 = VERTEX_POINT ( 'NONE', #1559 ) ;
#4348 = EDGE_LOOP ( 'NONE', ( #3039, #336 ) ) ;
#4349 = ORIENTED_EDGE ( 'NONE', *, *, #361, .F. ) ;
#4350 = CARTESIAN_POINT ( 'NONE',  ( -85.50000000000001421, 4.200000000000000178, 3.091507183936761827 ) ) ;
#4351 = LINE ( 'NONE', #2518, #1375 ) ;
#4352 = ORIENTED_EDGE ( 'NONE', *, *, #1967, .T. ) ;
#4353 = FACE_BOUND ( 'NONE', #1079, .T. ) ;
#4354 = CYLINDRICAL_SURFACE ( 'NONE', #2920, 4.599999999999996092 ) ;
#4355 = DIRECTION ( 'NONE',  ( 0.000000000000000000, 0.000000000000000000, 1.000000000000000000 ) ) ;
#4356 = ADVANCED_FACE ( 'NONE', ( #3045 ), #2709, .T. ) ;
#4357 = EDGE_CURVE ( 'NONE', #3494, #824, #2661, .T. ) ;
#4358 = CARTESIAN_POINT ( 'NONE',  ( 4.299999999999999822, 20.00000000000000000, 18.70000000000000284 ) ) ;
#4359 = DIRECTION ( 'NONE',  ( 0.000000000000000000, 1.000000000000000000, 0.000000000000000000 ) ) ;
#4360 = DIRECTION ( 'NONE',  ( 0.000000000000000000, 0.000000000000000000, 1.000000000000000000 ) ) ;
#4361 = DIRECTION ( 'NONE',  ( 0.000000000000000000, -1.000000000000000000, 0.000000000000000000 ) ) ;
#4362 = VERTEX_POINT ( 'NONE', #4517 ) ;
#4363 = FACE_OUTER_BOUND ( 'NONE', #3398, .T. ) ;
#4364 = DIRECTION ( 'NONE',  ( 1.000000000000000000, -0.000000000000000000, 0.000000000000000000 ) ) ;
#4365 = ORIENTED_EDGE ( 'NONE', *, *, #2779, .T. ) ;
#4366 = CARTESIAN_POINT ( 'NONE',  ( -44.50000000000001421, 15.00000000000000000, 29.00000000000000711 ) ) ;
#4367 = ORIENTED_EDGE ( 'NONE', *, *, #3438, .F. ) ;
#4368 = ORIENTED_EDGE ( 'NONE', *, *, #3801, .F. ) ;
#4369 = ORIENTED_EDGE ( 'NONE', *, *, #385, .T. ) ;
#4370 = DIRECTION ( 'NONE',  ( -0.000000000000000000, 1.000000000000000000, -0.000000000000000000 ) ) ;
#4371 = DIRECTION ( 'NONE',  ( 0.000000000000000000, 0.000000000000000000, 1.000000000000000000 ) ) ;
#4372 = DIRECTION ( 'NONE',  ( -0.000000000000000000, 1.000000000000000000, -0.000000000000000000 ) ) ;
#4373 = ORIENTED_EDGE ( 'NONE', *, *, #569, .T. ) ;
#4374 = AXIS2_PLACEMENT_3D ( 'NONE', #116, #1610, #3099 ) ;
#4375 = LINE ( 'NONE', #1759, #973 ) ;
#4376 = DIRECTION ( 'NONE',  ( 0.000000000000000000, 0.000000000000000000, -1.000000000000000000 ) ) ;
#4377 = VECTOR ( 'NONE', #2346, 1000.000000000000000 ) ;
#4378 = CARTESIAN_POINT ( 'NONE',  ( 44.50000000000001421, 0.000000000000000000, 33.60000000000000142 ) ) ;
#4379 = DIRECTION ( 'NONE',  ( -2.973811673103095791E-15, 0.000000000000000000, -1.000000000000000000 ) ) ;
#4380 = AXIS2_PLACEMENT_3D ( 'NONE', #3644, #2106, #1766 ) ;
#4381 = CARTESIAN_POINT ( 'NONE',  ( 44.50000000000001421, 15.00000000000000000, 29.00000000000001776 ) ) ;
#4382 = ADVANCED_FACE ( 'NONE', ( #3091, #1241 ), #1899, .T. ) ;
#4383 = CARTESIAN_POINT ( 'NONE',  ( -42.00000000000001421, 0.000000000000000000, -26.50000000000001066 ) ) ;
#4384 = AXIS2_PLACEMENT_3D ( 'NONE', #4661, #3198, #1662 ) ;
#4385 = CARTESIAN_POINT ( 'NONE',  ( 85.50000000000001421, 4.200000000000000178, 3.091507183936761827 ) ) ;
#4386 = AXIS2_PLACEMENT_3D ( 'NONE', #793, #1549, #4530 ) ;
#4387 = VERTEX_POINT ( 'NONE', #1189 ) ;
#4388 = VECTOR ( 'NONE', #3894, 1000.000000000000000 ) ;
#4389 = DIRECTION ( 'NONE',  ( 0.000000000000000000, 0.000000000000000000, -1.000000000000000000 ) ) ;
#4390 = CARTESIAN_POINT ( 'NONE',  ( -42.00000000000001421, 1.799999999999999600, 26.50000000000001066 ) ) ;
#4391 = AXIS2_PLACEMENT_3D ( 'NONE', #1569, #3055, #4526 ) ;
#4392 = VECTOR ( 'NONE', #1773, 1000.000000000000000 ) ;
#4393 = ORIENTED_EDGE ( 'NONE', *, *, #1846, .T. ) ;
#4394 = DIRECTION ( 'NONE',  ( -0.000000000000000000, -1.000000000000000000, -0.000000000000000000 ) ) ;
#4395 = CARTESIAN_POINT ( 'NONE',  ( 46.77808110350505899, 0.000000000000000000, 22.91227904007969585 ) ) ;
#4396 = EDGE_CURVE ( 'NONE', #3613, #2198, #3331, .T. ) ;
#4397 = EDGE_LOOP ( 'NONE', ( #1392, #4644, #4216, #3436, #1553, #3551 ) ) ;
#4398 = ORIENTED_EDGE ( 'NONE', *, *, #3968, .F. ) ;
#4399 = ORIENTED_EDGE ( 'NONE', *, *, #1909, .F. ) ;
#4400 = FACE_OUTER_BOUND ( 'NONE', #2613, .T. ) ;
#4401 = FACE_OUTER_BOUND ( 'NONE', #2029, .T. ) ;
#4402 = AXIS2_PLACEMENT_3D ( 'NONE', #596, #2013, #3511 ) ;
#4403 = CARTESIAN_POINT ( 'NONE',  ( 44.50000000000001421, 11.00000000000000000, 29.00000000000000711 ) ) ;
#4404 = ORIENTED_EDGE ( 'NONE', *, *, #4639, .T. ) ;
#4405 = DIRECTION ( 'NONE',  ( 0.000000000000000000, 0.000000000000000000, -1.000000000000000000 ) ) ;
#4406 = ORIENTED_EDGE ( 'NONE', *, *, #1088, .F. ) ;
#4407 = CIRCLE ( 'NONE', #540, 5.499999999999994671 ) ;
#4408 = EDGE_CURVE ( 'NONE', #637, #1941, #1947, .T. ) ;
#4409 = CARTESIAN_POINT ( 'NONE',  ( -4.299999999999999822, 20.00000000000000000, 7.300000000000004263 ) ) ;
#4410 = FACE_OUTER_BOUND ( 'NONE', #105, .T. ) ;
#4411 = CARTESIAN_POINT ( 'NONE',  ( 0.7000000000000061728, -8.450062914116743564E-16, -11.87707736052349539 ) ) ;
#4412 = AXIS2_PLACEMENT_3D ( 'NONE', #4381, #4698, #3617 ) ;
#4413 = CARTESIAN_POINT ( 'NONE',  ( -11.69999999999999396, 6.735557395310434135E-16, -26.50000000000000711 ) ) ;
#4414 = LINE ( 'NONE', #4358, #4392 ) ;
#4415 = DIRECTION ( 'NONE',  ( 0.000000000000000000, 0.000000000000000000, 1.000000000000000000 ) ) ;
#4416 = DIRECTION ( 'NONE',  ( 0.000000000000000000, -0.000000000000000000, 1.000000000000000000 ) ) ;
#4417 = ORIENTED_EDGE ( 'NONE', *, *, #1591, .T. ) ;
#4418 = CARTESIAN_POINT ( 'NONE',  ( -45.50000000000001421, 15.00000000000000000, 3.091507183936761827 ) ) ;
#4419 = DIRECTION ( 'NONE',  ( 0.000000000000000000, 0.000000000000000000, -1.000000000000000000 ) ) ;
#4420 = ORIENTED_EDGE ( 'NONE', *, *, #4075, .F. ) ;
#4421 = LINE ( 'NONE', #1428, #3164 ) ;
#4422 = ORIENTED_EDGE ( 'NONE', *, *, #1026, .F. ) ;
#4423 = ORIENTED_EDGE ( 'NONE', *, *, #1664, .F. ) ;
#4424 = EDGE_CURVE ( 'NONE', #122, #1379, #3363, .T. ) ;
#4425 = ORIENTED_EDGE ( 'NONE', *, *, #4275, .T. ) ;
#4426 = ADVANCED_FACE ( 'NONE', ( #3458 ), #3233, .F. ) ;
#4427 = DIRECTION ( 'NONE',  ( -1.000000000000000000, -0.000000000000000000, -0.000000000000000000 ) ) ;
#4428 = CARTESIAN_POINT ( 'NONE',  ( 46.36398662557726880, 4.200000000000000178, 10.33115200650949284 ) ) ;
#4429 = CYLINDRICAL_SURFACE ( 'NONE', #3560, 4.599999999999996092 ) ;
#4430 = VERTEX_POINT ( 'NONE', #2316 ) ;
#4431 = EDGE_CURVE ( 'NONE', #884, #3200, #386, .T. ) ;
#4432 = DIRECTION ( 'NONE',  ( 0.000000000000000000, 0.000000000000000000, -1.000000000000000000 ) ) ;
#4433 = CARTESIAN_POINT ( 'NONE',  ( 12.69999999999999041, 4.200000000000000178, 26.50000000000001066 ) ) ;
#4434 = CARTESIAN_POINT ( 'NONE',  ( 44.50000000000001421, 39.04163056034264656, -29.00000000000000711 ) ) ;
#4435 = CARTESIAN_POINT ( 'NONE',  ( 38.50000000000001421, 15.00000000000000000, -26.50000000000001776 ) ) ;
#4436 = CARTESIAN_POINT ( 'NONE',  ( -51.68556701030929901, 15.00000000000000000, -24.45933631058685620 ) ) ;
#4437 = EDGE_CURVE ( 'NONE', #679, #2297, #2093, .T. ) ;
#4438 = CARTESIAN_POINT ( 'NONE',  ( 44.50000000000001421, 1.799999999999999600, 29.00000000000001776 ) ) ;
#4439 = CARTESIAN_POINT ( 'NONE',  ( 1.224646799147356412E-16, 11.50000000000000000, -2.999999999999993339 ) ) ;
#4440 = CARTESIAN_POINT ( 'NONE',  ( -11.69999999999999574, 4.200000000000000178, -26.50000000000000711 ) ) ;
#4441 = ORIENTED_EDGE ( 'NONE', *, *, #1321, .T. ) ;
#4442 = DIRECTION ( 'NONE',  ( 0.000000000000000000, 1.000000000000000000, 0.000000000000000000 ) ) ;
#4443 = CARTESIAN_POINT ( 'NONE',  ( 42.00303181614513193, 9.430838844389620945, 3.656505683073633328 ) ) ;
#4444 = ORIENTED_EDGE ( 'NONE', *, *, #2351, .T. ) ;
#4445 = DIRECTION ( 'NONE',  ( 1.040834085586084257E-15, 0.000000000000000000, -1.000000000000000000 ) ) ;
#4446 = ORIENTED_EDGE ( 'NONE', *, *, #1530, .T. ) ;
#4447 = ORIENTED_EDGE ( 'NONE', *, *, #3789, .T. ) ;
#4448 = ORIENTED_EDGE ( 'NONE', *, *, #752, .F. ) ;
#4449 = DIRECTION ( 'NONE',  ( 0.000000000000000000, 0.000000000000000000, -1.000000000000000000 ) ) ;
#4450 = CARTESIAN_POINT ( 'NONE',  ( 19.29988841106000663, 0.000000000000000000, 30.00316379769992636 ) ) ;
#4451 = EDGE_CURVE ( 'NONE', #2789, #3354, #1825, .T. ) ;
#4452 = CARTESIAN_POINT ( 'NONE',  ( 45.50000000000001421, 9.694809904325813577, -3.390089528232606675 ) ) ;
#4453 = ORIENTED_EDGE ( 'NONE', *, *, #847, .F. ) ;
#4454 = VERTEX_POINT ( 'NONE', #250 ) ;
#4455 = SURFACE_STYLE_FILL_AREA ( #4104 ) ;
#4456 = EDGE_CURVE ( 'NONE', #3994, #1913, #1675, .T. ) ;
#4457 = FACE_OUTER_BOUND ( 'NONE', #4045, .T. ) ;
#4458 = EDGE_CURVE ( 'NONE', #1408, #2638, #2509, .T. ) ;
#4459 = CARTESIAN_POINT ( 'NONE',  ( -45.50000000000001421, 15.00000000000000000, -3.091507183936765379 ) ) ;
#4460 = FACE_OUTER_BOUND ( 'NONE', #2194, .T. ) ;
#4461 = CARTESIAN_POINT ( 'NONE',  ( 42.00000000000000711, 11.50000000000000000, 30.00000000000001066 ) ) ;
#4462 = CIRCLE ( 'NONE', #4685, 6.499999999999999112 ) ;
#4463 = DIRECTION ( 'NONE',  ( 0.000000000000000000, 0.000000000000000000, -1.000000000000000000 ) ) ;
#4464 = ORIENTED_EDGE ( 'NONE', *, *, #4339, .F. ) ;
#4465 = AXIS2_PLACEMENT_3D ( 'NONE', #357, #4341, #2161 ) ;
#4466 = AXIS2_PLACEMENT_3D ( 'NONE', #3810, #2324, #75 ) ;
#4467 = CARTESIAN_POINT ( 'NONE',  ( -42.00000000000002132, 1.799999999999999600, -23.00000000000000355 ) ) ;
#4468 = DIRECTION ( 'NONE',  ( 0.000000000000000000, -1.000000000000000000, 0.000000000000000000 ) ) ;
#4469 = AXIS2_PLACEMENT_3D ( 'NONE', #4147, #4427, #4125 ) ;
#4470 = DIRECTION ( 'NONE',  ( 0.000000000000000000, 1.000000000000000000, 1.084202172485504434E-16 ) ) ;
#4471 = ORIENTED_EDGE ( 'NONE', *, *, #734, .F. ) ;
#4472 = VECTOR ( 'NONE', #524, 1000.000000000000000 ) ;
#4473 = DIRECTION ( 'NONE',  ( 0.000000000000000000, 0.000000000000000000, 1.000000000000000000 ) ) ;
#4474 = CARTESIAN_POINT ( 'NONE',  ( 18.59150718393674495, 0.000000000000000000, 30.00000000000001066 ) ) ;
#4475 = ORIENTED_EDGE ( 'NONE', *, *, #2751, .T. ) ;
#4477 = EDGE_LOOP ( 'NONE', ( #4805, #1407 ) ) ;
#4476 = VECTOR ( 'NONE', #3881, 1000.000000000000000 ) ;
#4478 = AXIS2_PLACEMENT_3D ( 'NONE', #3989, #1455, #702 ) ;
#4479 = ORIENTED_EDGE ( 'NONE', *, *, #3104, .F. ) ;
#4480 = CARTESIAN_POINT ( 'NONE',  ( -15.19999999999999396, 0.000000000000000000, -26.50000000000000711 ) ) ;
#4481 = DIRECTION ( 'NONE',  ( -1.982541115402067674E-15, 0.000000000000000000, -1.000000000000000000 ) ) ;
#4482 = DIRECTION ( 'NONE',  ( -0.000000000000000000, 0.000000000000000000, -1.000000000000000000 ) ) ;
#4483 = EDGE_LOOP ( 'NONE', ( #4727, #106, #3540, #2489, #762, #3528 ) ) ;
#4484 = ORIENTED_EDGE ( 'NONE', *, *, #3997, .F. ) ;
#4485 = VECTOR ( 'NONE', #1210, 1000.000000000000000 ) ;
#4486 = ADVANCED_FACE ( 'NONE', ( #2167 ), #363, .T. ) ;
#4487 = CARTESIAN_POINT ( 'NONE',  ( -44.50000000000001421, -2.499999999999999112, 24.40000000000000924 ) ) ;
#4488 = DIRECTION ( 'NONE',  ( -0.000000000000000000, -1.000000000000000000, -0.000000000000000000 ) ) ;
#4489 = LINE ( 'NONE', #1164, #998 ) ;
#4490 = VECTOR ( 'NONE', #4649, 1000.000000000000000 ) ;
#4491 = CARTESIAN_POINT ( 'NONE',  ( -44.50000000000001421, -2.499999999999999112, 29.00000000000000711 ) ) ;
#4492 = LINE ( 'NONE', #1900, #3231 ) ;
#4493 = EDGE_CURVE ( 'NONE', #2519, #994, #1781, .T. ) ;
#4494 = CIRCLE ( 'NONE', #2412, 6.499999999999995559 ) ;
#4495 = DIRECTION ( 'NONE',  ( -7.472654973438555094E-15, 0.000000000000000000, 1.000000000000000000 ) ) ;
#4496 = ORIENTED_EDGE ( 'NONE', *, *, #1818, .F. ) ;
#4497 = CARTESIAN_POINT ( 'NONE',  ( 85.50000000000001421, 1.799999999999999600, -3.091507183936761827 ) ) ;
#4498 = CARTESIAN_POINT ( 'NONE',  ( 51.68556701030929901, 0.000000000000000000, 24.45933631058685620 ) ) ;
#4499 = CARTESIAN_POINT ( 'NONE',  ( -45.50000000000001421, 11.00000000000000000, -2.500000000000000000 ) ) ;
#4500 = ADVANCED_FACE ( 'NONE', ( #1822 ), #1426, .T. ) ;
#4501 = CARTESIAN_POINT ( 'NONE',  ( -44.50000000000001421, 39.04163056034264656, 20.49999999999999645 ) ) ;
#4502 = VERTEX_POINT ( 'NONE', #1799 ) ;
#4503 = CARTESIAN_POINT ( 'NONE',  ( 6.000000000000000888, 20.00000000000000000, 12.00000000000000178 ) ) ;
#4504 = ORIENTED_EDGE ( 'NONE', *, *, #1698, .F. ) ;
#4505 = EDGE_CURVE ( 'NONE', #128, #1864, #2189, .T. ) ;
#4506 = ORIENTED_EDGE ( 'NONE', *, *, #2067, .F. ) ;
#4507 = CARTESIAN_POINT ( 'NONE',  ( 2.000000000000000000, 15.00000000000000000, -7.699999999999993072 ) ) ;
#4508 = DIRECTION ( 'NONE',  ( -0.000000000000000000, -1.000000000000000000, -0.000000000000000000 ) ) ;
#4509 = ORIENTED_EDGE ( 'NONE', *, *, #1460, .T. ) ;
#4510 = CARTESIAN_POINT ( 'NONE',  ( -4.299999999999999822, 20.00000000000000000, 7.300000000000004263 ) ) ;
#4511 = ORIENTED_EDGE ( 'NONE', *, *, #3215, .F. ) ;
#4512 = ORIENTED_EDGE ( 'NONE', *, *, #574, .F. ) ;
#4513 = DIRECTION ( 'NONE',  ( -0.000000000000000000, 1.000000000000000000, -0.000000000000000000 ) ) ;
#4514 = CARTESIAN_POINT ( 'NONE',  ( -44.50000000000001421, 0.000000000000000000, 29.00000000000000711 ) ) ;
#4515 = CARTESIAN_POINT ( 'NONE',  ( 8.000000000000000000, 20.00000000000000000, 18.70000000000000284 ) ) ;
#4516 = LINE ( 'NONE', #2262, #1125 ) ;
#4517 = CARTESIAN_POINT ( 'NONE',  ( 44.50000000000001421, 11.00000000000000000, -34.50000000000000000 ) ) ;
#4518 = DIRECTION ( 'NONE',  ( 0.000000000000000000, -1.000000000000000000, 0.000000000000000000 ) ) ;
#4519 = DIRECTION ( 'NONE',  ( -0.000000000000000000, -1.000000000000000000, -0.000000000000000000 ) ) ;
#4520 = EDGE_CURVE ( 'NONE', #4670, #2789, #1996, .T. ) ;
#4521 = CARTESIAN_POINT ( 'NONE',  ( 85.50000000000001421, 4.200000000000000178, -3.091507183936761827 ) ) ;
#4522 = EDGE_CURVE ( 'NONE', #4681, #706, #3239, .T. ) ;
#4523 = DIRECTION ( 'NONE',  ( 0.000000000000000000, 1.000000000000000000, 0.000000000000000000 ) ) ;
#4524 = CARTESIAN_POINT ( 'NONE',  ( 44.50000000000001421, 11.00000000000000000, 34.50000000000000000 ) ) ;
#4525 = ORIENTED_EDGE ( 'NONE', *, *, #3112, .T. ) ;
#4526 = DIRECTION ( 'NONE',  ( 0.000000000000000000, 0.000000000000000000, 1.000000000000000000 ) ) ;
#4527 = EDGE_LOOP ( 'NONE', ( #2171, #2494, #2824, #568, #3840, #3293, #1753 ) ) ;
#4528 = ADVANCED_FACE ( 'NONE', ( #1402 ), #3265, .F. ) ;
#4529 = EDGE_CURVE ( 'NONE', #3494, #6, #2242, .T. ) ;
#4530 = DIRECTION ( 'NONE',  ( 0.000000000000000000, 0.000000000000000000, -1.000000000000000000 ) ) ;
#4531 = CARTESIAN_POINT ( 'NONE',  ( 1.700000000000000178, 20.00000000000000000, -7.699999999999993072 ) ) ;
#4532 = ORIENTED_EDGE ( 'NONE', *, *, #2502, .F. ) ;
#4533 = DIRECTION ( 'NONE',  ( 0.000000000000000000, 0.000000000000000000, 1.000000000000000000 ) ) ;
#4534 = ORIENTED_EDGE ( 'NONE', *, *, #2116, .F. ) ;
#4535 = VERTEX_POINT ( 'NONE', #4015 ) ;
#4536 = CARTESIAN_POINT ( 'NONE',  ( 55.50000000000001421, 6.000000000000000000, 5.000000000000000000 ) ) ;
#4537 = CARTESIAN_POINT ( 'NONE',  ( -44.50000000000001421, 1.799999999999999600, -29.00000000000000711 ) ) ;
#4538 = CARTESIAN_POINT ( 'NONE',  ( -1.700000000000000178, 17.00000000000000000, 7.300000000000003375 ) ) ;
#4539 = DIRECTION ( 'NONE',  ( 0.000000000000000000, 0.000000000000000000, -1.000000000000000000 ) ) ;
#4540 = DIRECTION ( 'NONE',  ( 0.000000000000000000, 0.000000000000000000, -1.000000000000000000 ) ) ;
#4541 = ADVANCED_FACE ( 'NONE', ( #2561 ), #330, .F. ) ;
#4542 = DIRECTION ( 'NONE',  ( -1.000000000000000000, 0.000000000000000000, -0.000000000000000000 ) ) ;
#4543 = VECTOR ( 'NONE', #37, 1000.000000000000000 ) ;
#4544 = FACE_OUTER_BOUND ( 'NONE', #285, .T. ) ;
#4545 = CARTESIAN_POINT ( 'NONE',  ( 8.000000000000000000, 15.00000000000000000, 18.70000000000000284 ) ) ;
#4546 = VECTOR ( 'NONE', #244, 1000.000000000000000 ) ;
#4547 = VERTEX_POINT ( 'NONE', #2945 ) ;
#4548 = CARTESIAN_POINT ( 'NONE',  ( 0.7000000000000061728, -8.450062914116743564E-16, -26.50000000000000711 ) ) ;
#4549 = VECTOR ( 'NONE', #559, 1000.000000000000000 ) ;
#4550 = ORIENTED_EDGE ( 'NONE', *, *, #2023, .F. ) ;
#4551 = CIRCLE ( 'NONE', #1526, 6.499999999999999112 ) ;
#4552 = VECTOR ( 'NONE', #4470, 1000.000000000000000 ) ;
#4553 = CIRCLE ( 'NONE', #447, 8.500000000000010658 ) ;
#4554 = AXIS2_PLACEMENT_3D ( 'NONE', #1357, #3886, #1335 ) ;
#4555 = EDGE_CURVE ( 'NONE', #792, #3310, #3946, .T. ) ;
#4556 = CARTESIAN_POINT ( 'NONE',  ( -42.00000000000001421, 15.00000000000000000, 26.50000000000001066 ) ) ;
#4557 = ORIENTED_EDGE ( 'NONE', *, *, #1259, .T. ) ;
#4558 = EDGE_CURVE ( 'NONE', #3822, #4502, #1845, .T. ) ;
#4559 = AXIS2_PLACEMENT_3D ( 'NONE', #4765, #1528, #3018 ) ;
#4560 = AXIS2_PLACEMENT_3D ( 'NONE', #2185, #2905, #3649 ) ;
#4561 = EDGE_LOOP ( 'NONE', ( #1902, #3658, #1570, #4740 ) ) ;
#4562 = AXIS2_PLACEMENT_3D ( 'NONE', #1067, #4044, #1115 ) ;
#4563 = DIRECTION ( 'NONE',  ( 0.000000000000000000, 0.000000000000000000, 1.000000000000000000 ) ) ;
#4564 = CARTESIAN_POINT ( 'NONE',  ( 0.000000000000000000, 11.50000000000000000, -3.999999999999995559 ) ) ;
#4565 = ADVANCED_FACE ( 'NONE', ( #283 ), #2891, .F. ) ;
#4566 = CARTESIAN_POINT ( 'NONE',  ( 1.700000000000000178, 17.00000000000000000, -7.699999999999993072 ) ) ;
#4567 = CIRCLE ( 'NONE', #3719, 5.499999999999994671 ) ;
#4568 = LINE ( 'NONE', #2989, #4169 ) ;
#4569 = CARTESIAN_POINT ( 'NONE',  ( 44.50000000000001421, 1.799999999999999600, -29.00000000000001776 ) ) ;
#4570 = AXIS2_PLACEMENT_3D ( 'NONE', #1694, #3546, #2813 ) ;
#4571 = DIRECTION ( 'NONE',  ( -0.000000000000000000, -1.000000000000000000, -0.000000000000000000 ) ) ;
#4572 = LINE ( 'NONE', #2737, #2063 ) ;
#4573 = DIRECTION ( 'NONE',  ( -1.632680918566404624E-15, 0.000000000000000000, -1.000000000000000000 ) ) ;
#4574 = AXIS2_PLACEMENT_3D ( 'NONE', #2348, #1607, #4187 ) ;
#4575 = VERTEX_POINT ( 'NONE', #2585 ) ;
#4576 = DIRECTION ( 'NONE',  ( 0.000000000000000000, 1.000000000000000000, 0.000000000000000000 ) ) ;
#4577 = VERTEX_POINT ( 'NONE', #3702 ) ;
#4578 = CARTESIAN_POINT ( 'NONE',  ( 42.00000000000000000, 9.694812602320000750, -3.390086098733247955 ) ) ;
#4579 = LINE ( 'NONE', #882, #2704 ) ;
#4580 = ORIENTED_EDGE ( 'NONE', *, *, #1861, .F. ) ;
#4581 = DIRECTION ( 'NONE',  ( -0.000000000000000000, -1.000000000000000000, -0.000000000000000000 ) ) ;
#4582 = ORIENTED_EDGE ( 'NONE', *, *, #1403, .F. ) ;
#4583 = EDGE_CURVE ( 'NONE', #1231, #2690, #2368, .T. ) ;
#4584 = ORIENTED_EDGE ( 'NONE', *, *, #3801, .T. ) ;
#4585 = EDGE_CURVE ( 'NONE', #1888, #3917, #3100, .T. ) ;
#4586 = CARTESIAN_POINT ( 'NONE',  ( 44.50000000000001421, 15.00000000000000000, 23.50000000000001421 ) ) ;
#4587 = CARTESIAN_POINT ( 'NONE',  ( 42.40248609824078585, 4.200000000000000178, -10.32298666518198793 ) ) ;
#4588 = EDGE_CURVE ( 'NONE', #3836, #1087, #1143, .T. ) ;
#4589 = PLANE ( 'NONE',  #1043 ) ;
#4590 = ADVANCED_FACE ( 'NONE', ( #3835 ), #1586, .F. ) ;
#4591 = CARTESIAN_POINT ( 'NONE',  ( -38.41227904007971006, 0.000000000000000000, -31.27808110350507320 ) ) ;
#4592 = CARTESIAN_POINT ( 'NONE',  ( 44.50000000000001421, 11.00000000000000000, 29.00000000000000711 ) ) ;
#4593 = CARTESIAN_POINT ( 'NONE',  ( 44.50000000000001421, -2.499999999999999112, 31.50000000000001421 ) ) ;
#4594 = DIRECTION ( 'NONE',  ( 0.000000000000000000, -0.000000000000000000, -1.000000000000000000 ) ) ;
#4595 = VERTEX_POINT ( 'NONE', #2689 ) ;
#4596 = FACE_OUTER_BOUND ( 'NONE', #2359, .T. ) ;
#4597 = LINE ( 'NONE', #1567, #1363 ) ;
#4598 = ORIENTED_EDGE ( 'NONE', *, *, #508, .F. ) ;
#4599 = VERTEX_POINT ( 'NONE', #811 ) ;
#4600 = PLANE ( 'NONE',  #749 ) ;
#4601 = EDGE_LOOP ( 'NONE', ( #3173, #1468, #1093, #2974 ) ) ;
#4602 = VERTEX_POINT ( 'NONE', #4208 ) ;
#4603 = EDGE_CURVE ( 'NONE', #2251, #3102, #4319, .T. ) ;
#4604 = ORIENTED_EDGE ( 'NONE', *, *, #3252, .F. ) ;
#4605 = LINE ( 'NONE', #2766, #1936 ) ;
#4606 = FACE_OUTER_BOUND ( 'NONE', #2425, .T. ) ;
#4607 = DIRECTION ( 'NONE',  ( 0.000000000000000000, -1.000000000000000000, 0.000000000000000000 ) ) ;
#4608 = EDGE_CURVE ( 'NONE', #3783, #3178, #4140, .T. ) ;
#4609 = CARTESIAN_POINT ( 'NONE',  ( -4.299999999999999822, 17.00000000000000000, 18.70000000000000284 ) ) ;
#4610 = DIRECTION ( 'NONE',  ( 0.000000000000000000, 0.000000000000000000, -1.000000000000000000 ) ) ;
#4611 = CARTESIAN_POINT ( 'NONE',  ( -44.50000000000001421, 39.04163056034264656, -29.00000000000000711 ) ) ;
#4612 = DIRECTION ( 'NONE',  ( 0.000000000000000000, -1.000000000000000000, 0.000000000000000000 ) ) ;
#4613 = ORIENTED_EDGE ( 'NONE', *, *, #4307, .F. ) ;
#4614 = VERTEX_POINT ( 'NONE', #3070 ) ;
#4615 = ORIENTED_EDGE ( 'NONE', *, *, #2732, .T. ) ;
#4616 = AXIS2_PLACEMENT_3D ( 'NONE', #4611, #4635, #3561 ) ;
#4617 = CIRCLE ( 'NONE', #2769, 43.50000000000000711 ) ;
#4618 = CARTESIAN_POINT ( 'NONE',  ( 0.7000000000000061728, 4.200000000000000178, -26.50000000000000711 ) ) ;
#4619 = VERTEX_POINT ( 'NONE', #4189 ) ;
#4620 = ORIENTED_EDGE ( 'NONE', *, *, #4585, .T. ) ;
#4621 = ORIENTED_EDGE ( 'NONE', *, *, #2953, .F. ) ;
#4622 = VECTOR ( 'NONE', #3394, 1000.000000000000000 ) ;
#4623 = VECTOR ( 'NONE', #2278, 1000.000000000000000 ) ;
#4624 = CIRCLE ( 'NONE', #536, 40.00000000000000000 ) ;
#4625 = FACE_OUTER_BOUND ( 'NONE', #182, .T. ) ;
#4626 = DIRECTION ( 'NONE',  ( -0.000000000000000000, 1.000000000000000000, -0.000000000000000000 ) ) ;
#4627 = VERTEX_POINT ( 'NONE', #3814 ) ;
#4628 = VECTOR ( 'NONE', #3335, 1000.000000000000000 ) ;
#4629 = AXIS2_PLACEMENT_3D ( 'NONE', #1601, #4183, #3828 ) ;
#4630 = EDGE_CURVE ( 'NONE', #1404, #792, #1175, .T. ) ;
#4631 = CYLINDRICAL_SURFACE ( 'NONE', #118, 40.00000000000000711 ) ;
#4632 = CARTESIAN_POINT ( 'NONE',  ( -4.299999999999999822, 20.00000000000000000, 18.70000000000000284 ) ) ;
#4633 = LINE ( 'NONE', #4313, #772 ) ;
#4634 = EDGE_CURVE ( 'NONE', #564, #4266, #2456, .T. ) ;
#4635 = DIRECTION ( 'NONE',  ( -0.000000000000000000, -1.000000000000000000, -0.000000000000000000 ) ) ;
#4636 = DIRECTION ( 'NONE',  ( 0.000000000000000000, 1.000000000000000000, 0.000000000000000000 ) ) ;
#4637 = VECTOR ( 'NONE', #3869, 1000.000000000000114 ) ;
#4638 = VERTEX_POINT ( 'NONE', #474 ) ;
#4639 = EDGE_CURVE ( 'NONE', #2607, #2900, #3311, .T. ) ;
#4640 = AXIS2_PLACEMENT_3D ( 'NONE', #3683, #3381, #4371 ) ;
#4641 = ORIENTED_EDGE ( 'NONE', *, *, #4700, .T. ) ;
#4642 = CARTESIAN_POINT ( 'NONE',  ( 45.67077626419153091, 1.800000000000000044, 20.58101651390110831 ) ) ;
#4643 = ORIENTED_EDGE ( 'NONE', *, *, #911, .T. ) ;
#4644 = ORIENTED_EDGE ( 'NONE', *, *, #1361, .T. ) ;
#4645 = EDGE_CURVE ( 'NONE', #1913, #1379, #2293, .T. ) ;
#4646 = VERTEX_POINT ( 'NONE', #3781 ) ;
#4647 = DIRECTION ( 'NONE',  ( -1.000000000000000000, 1.224646799147353454E-16, -0.000000000000000000 ) ) ;
#4648 = DIRECTION ( 'NONE',  ( 1.000000000000000000, 0.000000000000000000, -0.000000000000000000 ) ) ;
#4649 = DIRECTION ( 'NONE',  ( 0.000000000000000000, 0.000000000000000000, -1.000000000000000000 ) ) ;
#4650 = CARTESIAN_POINT ( 'NONE',  ( -85.50000000000001421, 0.000000000000000000, -3.091507183936761827 ) ) ;
#4651 = EDGE_LOOP ( 'NONE', ( #1650, #2005 ) ) ;
#4652 = DIRECTION ( 'NONE',  ( 0.000000000000000000, -1.000000000000000000, -0.000000000000000000 ) ) ;
#4653 = FACE_OUTER_BOUND ( 'NONE', #4561, .T. ) ;
#4654 = DIRECTION ( 'NONE',  ( 0.000000000000000000, -1.000000000000000000, 0.000000000000000000 ) ) ;
#4655 = LINE ( 'NONE', #2754, #3786 ) ;
#4656 = CARTESIAN_POINT ( 'NONE',  ( 44.50000000000001421, 15.00000000000000000, 29.00000000000000711 ) ) ;
#4657 = EDGE_CURVE ( 'NONE', #3846, #2257, #4763, .T. ) ;
#4658 = EDGE_CURVE ( 'NONE', #3902, #3883, #1994, .T. ) ;
#4659 = ORIENTED_EDGE ( 'NONE', *, *, #1371, .F. ) ;
#4660 = ORIENTED_EDGE ( 'NONE', *, *, #4747, .T. ) ;
#4661 = CARTESIAN_POINT ( 'NONE',  ( 42.00000000000000711, 15.00000000000000000, 30.00000000000001066 ) ) ;
#4662 = ORIENTED_EDGE ( 'NONE', *, *, #4396, .T. ) ;
#4663 = ADVANCED_FACE ( 'NONE', ( #512 ), #4118, .F. ) ;
#4664 = CARTESIAN_POINT ( 'NONE',  ( -42.00000000000002132, 0.000000000000000000, 23.00000000000000711 ) ) ;
#4665 = EDGE_LOOP ( 'NONE', ( #3889, #3568, #2024, #2164 ) ) ;
#4666 = EDGE_CURVE ( 'NONE', #3102, #799, #1611, .T. ) ;
#4667 = VERTEX_POINT ( 'NONE', #860 ) ;
#4668 = CARTESIAN_POINT ( 'NONE',  ( -44.50000000000001421, -2.499999999999999112, 29.00000000000000711 ) ) ;
#4669 = CARTESIAN_POINT ( 'NONE',  ( 38.50000000000001421, 0.000000000000000000, 26.50000000000002132 ) ) ;
#4670 = VERTEX_POINT ( 'NONE', #1194 ) ;
#4671 = CARTESIAN_POINT ( 'NONE',  ( 44.50000000000001421, -2.499999999999999112, 33.60000000000000142 ) ) ;
#4672 = DIRECTION ( 'NONE',  ( 0.000000000000000000, -1.000000000000000000, 0.000000000000000000 ) ) ;
#4673 = FACE_OUTER_BOUND ( 'NONE', #3176, .T. ) ;
#4674 = DIRECTION ( 'NONE',  ( 0.000000000000000000, -1.000000000000000000, 0.000000000000000000 ) ) ;
#4675 = CARTESIAN_POINT ( 'NONE',  ( 42.00000000000000711, 15.00000000000000000, 3.091507183936761827 ) ) ;
#4676 = LINE ( 'NONE', #3192, #1354 ) ;
#4677 = ADVANCED_FACE ( 'NONE', ( #835 ), #2350, .T. ) ;
#4678 = ORIENTED_EDGE ( 'NONE', *, *, #1571, .F. ) ;
#4679 = EDGE_CURVE ( 'NONE', #1360, #1576, #3698, .T. ) ;
#4680 = CARTESIAN_POINT ( 'NONE',  ( -44.50000000000001421, -2.499999999999999112, 31.50000000000001421 ) ) ;
#4681 = VERTEX_POINT ( 'NONE', #2738 ) ;
#4682 = ORIENTED_EDGE ( 'NONE', *, *, #2732, .F. ) ;
#4683 = ORIENTED_EDGE ( 'NONE', *, *, #818, .T. ) ;
#4684 = EDGE_CURVE ( 'NONE', #4595, #4614, #877, .T. ) ;
#4685 = AXIS2_PLACEMENT_3D ( 'NONE', #4438, #4079, #3748 ) ;
#4686 = AXIS2_PLACEMENT_3D ( 'NONE', #1792, #1304, #3912 ) ;
#4687 = CARTESIAN_POINT ( 'NONE',  ( -7.700000000000000178, 20.00000000000000000, 18.99999999999999645 ) ) ;
#4688 = ADVANCED_FACE ( 'NONE', ( #3916 ), #2488, .T. ) ;
#4689 = CARTESIAN_POINT ( 'NONE',  ( -44.50000000000001421, -2.499999999999999112, -29.00000000000000711 ) ) ;
#4690 = AXIS2_PLACEMENT_3D ( 'NONE', #2662, #1169, #72 ) ;
#4691 = AXIS2_PLACEMENT_3D ( 'NONE', #2019, #159, #2369 ) ;
#4692 = ORIENTED_EDGE ( 'NONE', *, *, #3529, .T. ) ;
#4693 = CIRCLE ( 'NONE', #1534, 4.599999999999999645 ) ;
#4694 = AXIS2_PLACEMENT_3D ( 'NONE', #1505, #2684, #488 ) ;
#4695 = CARTESIAN_POINT ( 'NONE',  ( -42.00000000000001421, 15.00000000000000000, -26.50000000000001066 ) ) ;
#4696 = DIRECTION ( 'NONE',  ( 0.000000000000000000, -1.000000000000000000, 0.000000000000000000 ) ) ;
#4697 = DIRECTION ( 'NONE',  ( -1.000000000000000000, 0.000000000000000000, 0.000000000000000000 ) ) ;
#4698 = DIRECTION ( 'NONE',  ( 0.000000000000000000, -1.000000000000000000, 0.000000000000000000 ) ) ;
#4699 = AXIS2_PLACEMENT_3D ( 'NONE', #1005, #2883, #4229 ) ;
#4700 = EDGE_CURVE ( 'NONE', #500, #3178, #4768, .T. ) ;
#4701 = CIRCLE ( 'NONE', #3170, 8.500000000000010658 ) ;
#4702 = DIRECTION ( 'NONE',  ( 0.000000000000000000, 0.000000000000000000, -1.000000000000000000 ) ) ;
#4703 = ORIENTED_EDGE ( 'NONE', *, *, #2956, .T. ) ;
#4704 = AXIS2_PLACEMENT_3D ( 'NONE', #1737, #2899, #2546 ) ;
#4705 = VERTEX_POINT ( 'NONE', #940 ) ;
#4706 = PLANE ( 'NONE',  #3088 ) ;
#4707 = ORIENTED_EDGE ( 'NONE', *, *, #2023, .T. ) ;
#4708 = ORIENTED_EDGE ( 'NONE', *, *, #588, .F. ) ;
#4709 = VECTOR ( 'NONE', #3298, 1000.000000000000000 ) ;
#4710 = ORIENTED_EDGE ( 'NONE', *, *, #1064, .F. ) ;
#4711 = DIRECTION ( 'NONE',  ( 0.000000000000000000, 1.000000000000000000, 0.000000000000000000 ) ) ;
#4712 = VECTOR ( 'NONE', #4287, 1000.000000000000000 ) ;
#4713 = VECTOR ( 'NONE', #1110, 1000.000000000000000 ) ;
#4714 = EDGE_CURVE ( 'NONE', #1338, #4162, #2022, .T. ) ;
#4715 = CARTESIAN_POINT ( 'NONE',  ( -15.19999999999999041, 0.000000000000000000, 30.20000000000000284 ) ) ;
#4716 = ADVANCED_FACE ( 'NONE', ( #539 ), #2802, .T. ) ;
#4717 = ORIENTED_EDGE ( 'NONE', *, *, #1228, .F. ) ;
#4718 = VECTOR ( 'NONE', #2730, 1000.000000000000000 ) ;
#4719 = CYLINDRICAL_SURFACE ( 'NONE', #4380, 4.599999999999999645 ) ;
#4720 = CARTESIAN_POINT ( 'NONE',  ( -51.68556701030929901, 15.00000000000000000, 24.45933631058685620 ) ) ;
#4721 = DIRECTION ( 'NONE',  ( 0.000000000000000000, 0.000000000000000000, 1.000000000000000000 ) ) ;
#4722 = DIRECTION ( 'NONE',  ( 0.000000000000000000, -1.000000000000000000, 0.000000000000000000 ) ) ;
#4723 = DIRECTION ( 'NONE',  ( -0.000000000000000000, -1.000000000000000000, -0.000000000000000000 ) ) ;
#4724 = DIRECTION ( 'NONE',  ( 0.000000000000000000, 1.000000000000000000, 0.000000000000000000 ) ) ;
#4725 = ADVANCED_FACE ( 'NONE', ( #1656 ), #3492, .F. ) ;
#4726 = FACE_BOUND ( 'NONE', #4348, .T. ) ;
#4727 = ORIENTED_EDGE ( 'NONE', *, *, #4273, .T. ) ;
#4728 = CARTESIAN_POINT ( 'NONE',  ( -44.50000000000001421, -2.499999999999999112, 29.00000000000000711 ) ) ;
#4729 = EDGE_LOOP ( 'NONE', ( #1040, #4755, #1820, #2927, #682, #3345, #1838 ) ) ;
#4730 = FACE_OUTER_BOUND ( 'NONE', #4601, .T. ) ;
#4731 = ORIENTED_EDGE ( 'NONE', *, *, #4431, .T. ) ;
#4732 = ORIENTED_EDGE ( 'NONE', *, *, #3670, .T. ) ;
#4733 = ORIENTED_EDGE ( 'NONE', *, *, #2449, .F. ) ;
#4734 = DIRECTION ( 'NONE',  ( 0.000000000000000000, -1.000000000000000000, 0.000000000000000000 ) ) ;
#4735 = EDGE_CURVE ( 'NONE', #1427, #4290, #3143, .T. ) ;
#4736 = LINE ( 'NONE', #2254, #1155 ) ;
#4737 = VERTEX_POINT ( 'NONE', #1677 ) ;
#4738 = DIRECTION ( 'NONE',  ( 0.000000000000000000, 0.000000000000000000, -1.000000000000000000 ) ) ;
#4739 = CARTESIAN_POINT ( 'NONE',  ( 44.50000000000001421, 11.50000000000000000, 20.49999999999999645 ) ) ;
#4740 = ORIENTED_EDGE ( 'NONE', *, *, #650, .T. ) ;
#4741 = DIRECTION ( 'NONE',  ( 0.000000000000000000, 0.000000000000000000, 1.000000000000000000 ) ) ;
#4742 = LINE ( 'NONE', #1054, #527 ) ;
#4743 = CARTESIAN_POINT ( 'NONE',  ( -4.000000000000000000, 17.00000000000000000, 7.300000000000004263 ) ) ;
#4744 = CARTESIAN_POINT ( 'NONE',  ( -1.700000000000000178, 15.00000000000000000, -7.699999999999993072 ) ) ;
#4745 = CARTESIAN_POINT ( 'NONE',  ( 6.000000000000000888, 20.00000000000000000, 12.00000000000000178 ) ) ;
#4746 = EDGE_CURVE ( 'NONE', #4646, #1830, #3477, .T. ) ;
#4747 = EDGE_CURVE ( 'NONE', #3111, #4619, #4676, .T. ) ;
#4748 = VERTEX_POINT ( 'NONE', #4227 ) ;
#4749 = CARTESIAN_POINT ( 'NONE',  ( 16.00000000000000000, -7.000000000000000000, 26.50000000000001066 ) ) ;
#4750 = DIRECTION ( 'NONE',  ( -0.000000000000000000, -1.000000000000000000, -0.000000000000000000 ) ) ;
#4751 = EDGE_LOOP ( 'NONE', ( #456, #2588, #1731, #1433, #4708, #3570, #839, #1893, #3427, #2541, #4072, #909, #2073, #1271, #1050, #630, #2199, #651 ) ) ;
#4752 = CARTESIAN_POINT ( 'NONE',  ( 45.50000000000001421, 15.00000000000000000, 26.50000000000001066 ) ) ;
#4753 = CARTESIAN_POINT ( 'NONE',  ( 4.299999999999999822, 17.00000000000000000, 0.000000000000000000 ) ) ;
#4754 = ORIENTED_EDGE ( 'NONE', *, *, #1710, .F. ) ;
#4755 = ORIENTED_EDGE ( 'NONE', *, *, #2211, .T. ) ;
#4756 = VERTEX_POINT ( 'NONE', #2065 ) ;
#4757 = CARTESIAN_POINT ( 'NONE',  ( -85.50000000000001421, 4.200000000000000178, -3.091507183936761827 ) ) ;
#4758 = DIRECTION ( 'NONE',  ( 0.000000000000000000, -0.000000000000000000, -1.000000000000000000 ) ) ;
#4759 = DIRECTION ( 'NONE',  ( 0.000000000000000000, -1.000000000000000000, 0.000000000000000000 ) ) ;
#4760 = VERTEX_POINT ( 'NONE', #2418 ) ;
#4761 = AXIS2_PLACEMENT_3D ( 'NONE', #2630, #2206, #746 ) ;
#4762 = FILL_AREA_STYLE_COLOUR ( '', #4298 ) ;
#4763 = CIRCLE ( 'NONE', #965, 5.499999999999994671 ) ;
#4764 = CYLINDRICAL_SURFACE ( 'NONE', #3028, 8.500000000000010658 ) ;
#4765 = CARTESIAN_POINT ( 'NONE',  ( -18.59150718393674495, 11.50000000000000000, -70.00000000000000000 ) ) ;
#4766 = FACE_OUTER_BOUND ( 'NONE', #2633, .T. ) ;
#4767 = LINE ( 'NONE', #2235, #4778 ) ;
#4768 = CIRCLE ( 'NONE', #1603, 5.499999999999994671 ) ;
#4769 = CIRCLE ( 'NONE', #1921, 1.000000000000002665 ) ;
#4770 = LINE ( 'NONE', #2940, #3478 ) ;
#4771 = CIRCLE ( 'NONE', #2398, 4.599999999999996092 ) ;
#4772 = CIRCLE ( 'NONE', #2843, 8.500000000000010658 ) ;
#4773 = ADVANCED_FACE ( 'NONE', ( #210 ), #3211, .T. ) ;
#4774 = ORIENTED_EDGE ( 'NONE', *, *, #3144, .T. ) ;
#4775 = EDGE_CURVE ( 'NONE', #1860, #4347, #2914, .T. ) ;
#4776 = CARTESIAN_POINT ( 'NONE',  ( -42.00000000000001421, 0.000000000000000000, 26.50000000000001066 ) ) ;
#4777 = CARTESIAN_POINT ( 'NONE',  ( 44.50000000000001421, 1.800000000000000044, -29.00000000000000711 ) ) ;
#4778 = VECTOR ( 'NONE', #1107, 1000.000000000000000 ) ;
#4779 = VERTEX_POINT ( 'NONE', #1329 ) ;
#4780 = CYLINDRICAL_SURFACE ( 'NONE', #450, 1.000000000000002665 ) ;
#4781 = VERTEX_POINT ( 'NONE', #4317 ) ;
#4782 = ORIENTED_EDGE ( 'NONE', *, *, #4645, .F. ) ;
#4783 = ORIENTED_EDGE ( 'NONE', *, *, #1917, .T. ) ;
#4784 = EDGE_LOOP ( 'NONE', ( #170, #3959, #483, #3349, #501 ) ) ;
#4785 = CARTESIAN_POINT ( 'NONE',  ( -7.700000000000000178, 20.00000000000000000, 18.70000000000000284 ) ) ;
#4786 = CARTESIAN_POINT ( 'NONE',  ( 42.00000000000001421, 1.799999999999999600, -26.50000000000001066 ) ) ;
#4787 = EDGE_CURVE ( 'NONE', #586, #3864, #3967, .T. ) ;
#4788 = ORIENTED_EDGE ( 'NONE', *, *, #4396, .F. ) ;
#4789 = CARTESIAN_POINT ( 'NONE',  ( 42.60667251374645303, 15.00000000000000000, 10.33115200650948928 ) ) ;
#4790 = ORIENTED_EDGE ( 'NONE', *, *, #3127, .F. ) ;
#4791 = VECTOR ( 'NONE', #1192, 1000.000000000000000 ) ;
#4792 = CIRCLE ( 'NONE', #1381, 40.00000000000000000 ) ;
#4793 = CARTESIAN_POINT ( 'NONE',  ( 46.77808110350506610, 1.799999999999999600, -22.91227904007969585 ) ) ;
#4794 = CARTESIAN_POINT ( 'NONE',  ( 15.20000000000000107, 0.000000000000000000, -26.50000000000000711 ) ) ;
#4795 = VECTOR ( 'NONE', #1897, 1000.000000000000000 ) ;
#4796 = CYLINDRICAL_SURFACE ( 'NONE', #4194, 5.499999999999994671 ) ;
#4797 = DIRECTION ( 'NONE',  ( -0.000000000000000000, 1.000000000000000000, -0.000000000000000000 ) ) ;
#4798 = CARTESIAN_POINT ( 'NONE',  ( 1.700000000000000178, 17.00000000000000000, 7.000000000000003553 ) ) ;
#4799 = CARTESIAN_POINT ( 'NONE',  ( 44.50000000000001421, 0.000000000000000000, 29.00000000000001776 ) ) ;
#4800 = CARTESIAN_POINT ( 'NONE',  ( -44.50000000000001421, 15.00000000000000000, 23.50000000000001421 ) ) ;
#4801 = VERTEX_POINT ( 'NONE', #4289 ) ;
#4802 = CARTESIAN_POINT ( 'NONE',  ( -44.50000000000001421, 0.000000000000000000, 24.40000000000000924 ) ) ;
#4803 = CARTESIAN_POINT ( 'NONE',  ( 42.00000000000002132, 9.694810037890277954, 3.390089358454916990 ) ) ;
#4804 = EDGE_CURVE ( 'NONE', #3680, #3502, #962, .T. ) ;
#4805 = ORIENTED_EDGE ( 'NONE', *, *, #114, .F. ) ;
#4806 = LINE ( 'NONE', #4753, #1616 ) ;
#4807 = ORIENTED_EDGE ( 'NONE', *, *, #2481, .F. ) ;
#4808 = VERTEX_POINT ( 'NONE', #3898 ) ;
#4809 = ORIENTED_EDGE ( 'NONE', *, *, #853, .F. ) ;
ENDSEC;
END-ISO-10303-21;
