ISO-10303-21;
HEADER;
FILE_DESCRIPTION (( 'STEP AP214' ),
    '1' );
FILE_NAME ('SkiSafe 01 - Front.STEP',
    '2026-05-26T12:37:11',
    ( '' ),
    ( '' ),
    'SwSTEP 2.0',
    'SolidWorks 2026',
    '' );
FILE_SCHEMA (( 'AUTOMOTIVE_DESIGN' ));
ENDSEC;

DATA;
#1 = FACE_OUTER_BOUND ( 'NONE', #5472, .T. ) ;
#2 = CARTESIAN_POINT ( 'NONE',  ( -44.50000000000001421, -2.999999999999999112, 29.00000000000000711 ) ) ;
#3 = DIRECTION ( 'NONE',  ( -0.000000000000000000, -1.000000000000000000, -0.000000000000000000 ) ) ;
#4 = VERTEX_POINT ( 'NONE', #3854 ) ;
#5 = ORIENTED_EDGE ( 'NONE', *, *, #416, .T. ) ;
#6 = COLOUR_RGB ( '',0.5019607843137254832, 0.5019607843137254832, 1.000000000000000000 ) ;
#7 = CARTESIAN_POINT ( 'NONE',  ( 39.95933631058686331, 15.00000000000000000, 36.18556701030929901 ) ) ;
#8 = VECTOR ( 'NONE', #5092, 1000.000000000000000 ) ;
#9 = FACE_OUTER_BOUND ( 'NONE', #572, .T. ) ;
#10 = SURFACE_STYLE_USAGE ( .BOTH. , #1491 ) ;
#11 = VERTEX_POINT ( 'NONE', #6540 ) ;
#12 = CARTESIAN_POINT ( 'NONE',  ( 6.500000000000001776, -39.31465829649864929, 21.50000000000000355 ) ) ;
#13 = ORIENTED_EDGE ( 'NONE', *, *, #1899, .T. ) ;
#14 = FILL_AREA_STYLE_COLOUR ( '', #2921 ) ;
#15 = DIRECTION ( 'NONE',  ( -0.000000000000000000, 1.000000000000000000, -0.000000000000000000 ) ) ;
#16 = CYLINDRICAL_SURFACE ( 'NONE', #5739, 43.50000000000000711 ) ;
#17 = CARTESIAN_POINT ( 'NONE',  ( -44.50000000000001421, -42.54163056034264656, -29.00000000000000711 ) ) ;
#18 = CARTESIAN_POINT ( 'NONE',  ( -14.99999999999998934, 4.000000000000000000, 26.50000000000001066 ) ) ;
#19 = DIRECTION ( 'NONE',  ( -0.000000000000000000, 1.000000000000000000, -0.000000000000000000 ) ) ;
#20 = ORIENTED_EDGE ( 'NONE', *, *, #1466, .F. ) ;
#21 = DIRECTION ( 'NONE',  ( 0.000000000000000000, -0.000000000000000000, 1.000000000000000000 ) ) ;
#22 = LINE ( 'NONE', #515, #4495 ) ;
#23 = CARTESIAN_POINT ( 'NONE',  ( 42.00000000000000711, 1.802094487897897279, 3.091507183936761827 ) ) ;
#24 =( NAMED_UNIT ( * ) SI_UNIT ( $, .STERADIAN. ) SOLID_ANGLE_UNIT ( ) );
#25 = SURFACE_STYLE_FILL_AREA ( #3210 ) ;
#26 = PLANE ( 'NONE',  #5895 ) ;
#27 = ORIENTED_EDGE ( 'NONE', *, *, #5554, .F. ) ;
#28 = EDGE_LOOP ( 'NONE', ( #6062, #1574, #779, #5747 ) ) ;
#29 = EDGE_CURVE ( 'NONE', #6163, #580, #1543, .T. ) ;
#30 = UNCERTAINTY_MEASURE_WITH_UNIT (LENGTH_MEASURE( 1.000000000000000082E-05 ), #3563, 'distance_accuracy_value', 'NONE');
#31 = PLANE ( 'NONE',  #4474 ) ;
#32 =( NAMED_UNIT ( * ) SI_UNIT ( $, .STERADIAN. ) SOLID_ANGLE_UNIT ( ) );
#33 = DIRECTION ( 'NONE',  ( 0.000000000000000000, 0.000000000000000000, 1.000000000000000000 ) ) ;
#34 = FILL_AREA_STYLE ('',( #3661 ) ) ;
#35 = AXIS2_PLACEMENT_3D ( 'NONE', #1029, #6731, #6178 ) ;
#36 = CARTESIAN_POINT ( 'NONE',  ( 85.50000000000001421, -22.00000000000000000, -3.091507183936761827 ) ) ;
#37 = VECTOR ( 'NONE', #541, 1000.000000000000000 ) ;
#38 = EDGE_LOOP ( 'NONE', ( #2126, #1598, #381, #6123 ) ) ;
#39 = ORIENTED_EDGE ( 'NONE', *, *, #6702, .F. ) ;
#40 = ADVANCED_FACE ( 'NONE', ( #2329 ), #3918, .F. ) ;
#41 = CARTESIAN_POINT ( 'NONE',  ( -14.99999999999998934, 4.000000000000000000, 30.00000000000000711 ) ) ;
#42 =( GEOMETRIC_REPRESENTATION_CONTEXT ( 3 ) GLOBAL_UNCERTAINTY_ASSIGNED_CONTEXT ( ( #3254 ) ) GLOBAL_UNIT_ASSIGNED_CONTEXT ( ( #6696, #4049, #2002 ) ) REPRESENTATION_CONTEXT ( 'NONE', 'WORKASPACE' ) );
#43 = EDGE_CURVE ( 'NONE', #2160, #3264, #1323, .T. ) ;
#44 = PRESENTATION_STYLE_ASSIGNMENT (( #6749 ) ) ;
#45 = FILL_AREA_STYLE_COLOUR ( '', #1468 ) ;
#46 = DIRECTION ( 'NONE',  ( 0.000000000000000000, -1.000000000000000000, 0.000000000000000000 ) ) ;
#47 = CARTESIAN_POINT ( 'NONE',  ( -9.999999999999992895, -6.999999999999999112, -30.00000000000000711 ) ) ;
#48 = ORIENTED_EDGE ( 'NONE', *, *, #2482, .F. ) ;
#49 = CYLINDRICAL_SURFACE ( 'NONE', #206, 2.500000000000005773 ) ;
#50 = AXIS2_PLACEMENT_3D ( 'NONE', #5748, #404, #1601 ) ;
#51 = CARTESIAN_POINT ( 'NONE',  ( -44.50000000000001421, 0.000000000000000000, 29.00000000000000711 ) ) ;
#52 = AXIS2_PLACEMENT_3D ( 'NONE', #6425, #1177, #3363 ) ;
#53 = ORIENTED_EDGE ( 'NONE', *, *, #6446, .F. ) ;
#54 = PRESENTATION_LAYER_ASSIGNMENT (  '', '', ( #3784 ) ) ;
#55 = DIRECTION ( 'NONE',  ( 0.000000000000000000, 1.000000000000000000, 0.000000000000000000 ) ) ;
#56 = DIRECTION ( 'NONE',  ( 0.000000000000000000, 0.000000000000000000, 1.000000000000000000 ) ) ;
#57 = DIRECTION ( 'NONE',  ( 0.000000000000000000, 0.000000000000000000, -1.000000000000000000 ) ) ;
#58 = EDGE_CURVE ( 'NONE', #3634, #6341, #2214, .T. ) ;
#59 = VERTEX_POINT ( 'NONE', #839 ) ;
#60 = DIRECTION ( 'NONE',  ( 0.000000000000000000, 0.000000000000000000, 1.000000000000000000 ) ) ;
#61 = LINE ( 'NONE', #3655, #3514 ) ;
#62 = CARTESIAN_POINT ( 'NONE',  ( 42.00000000000000711, 3.799999999999999378, -3.000000000000001332 ) ) ;
#63 = PRESENTATION_STYLE_ASSIGNMENT (( #3349 ) ) ;
#64 =( NAMED_UNIT ( * ) SI_UNIT ( $, .STERADIAN. ) SOLID_ANGLE_UNIT ( ) );
#65 = FILL_AREA_STYLE ('',( #2685 ) ) ;
#66 = ORIENTED_EDGE ( 'NONE', *, *, #6513, .T. ) ;
#67 = ORIENTED_EDGE ( 'NONE', *, *, #4102, .F. ) ;
#68 = VERTEX_POINT ( 'NONE', #5133 ) ;
#69 = VECTOR ( 'NONE', #485, 1000.000000000000000 ) ;
#70 = PRESENTATION_LAYER_ASSIGNMENT (  '', '', ( #2817 ) ) ;
#71 = PLANE ( 'NONE',  #5408 ) ;
#72 = CARTESIAN_POINT ( 'NONE',  ( 45.52883712426864093, 2.608916272512797008, -4.611670268787810834 ) ) ;
#73 = LINE ( 'NONE', #5251, #3173 ) ;
#74 = CARTESIAN_POINT ( 'NONE',  ( 12.00000000000000178, -39.31465829649864929, 21.50000000000000355 ) ) ;
#75 = SURFACE_SIDE_STYLE ('',( #6423 ) ) ;
#76 = EDGE_CURVE ( 'NONE', #6746, #5807, #3640, .T. ) ;
#77 = FILL_AREA_STYLE_COLOUR ( '', #6699 ) ;
#78 = VERTEX_POINT ( 'NONE', #1790 ) ;
#79 = SURFACE_STYLE_USAGE ( .BOTH. , #1738 ) ;
#80 =( NAMED_UNIT ( * ) PLANE_ANGLE_UNIT ( ) SI_UNIT ( $, .RADIAN. ) );
#81 = LINE ( 'NONE', #2150, #3324 ) ;
#82 = EDGE_LOOP ( 'NONE', ( #4214, #6817 ) ) ;
#83 = PRESENTATION_STYLE_ASSIGNMENT (( #606 ) ) ;
#84 = CARTESIAN_POINT ( 'NONE',  ( 42.57211781330949663, 0.000000000000000000, -10.12335836023587987 ) ) ;
#85 = PRESENTATION_LAYER_ASSIGNMENT (  '', '', ( #4248 ) ) ;
#86 = ORIENTED_EDGE ( 'NONE', *, *, #1281, .T. ) ;
#87 = CARTESIAN_POINT ( 'NONE',  ( 15.00000000000000178, 4.000000000000000000, -26.50000000000001421 ) ) ;
#88 =( NAMED_UNIT ( * ) PLANE_ANGLE_UNIT ( ) SI_UNIT ( $, .RADIAN. ) );
#89 = FILL_AREA_STYLE_COLOUR ( '', #6596 ) ;
#90 = LINE ( 'NONE', #5925, #2753 ) ;
#91 =( GEOMETRIC_REPRESENTATION_CONTEXT ( 3 ) GLOBAL_UNCERTAINTY_ASSIGNED_CONTEXT ( ( #2238 ) ) GLOBAL_UNIT_ASSIGNED_CONTEXT ( ( #2761, #1803, #1731 ) ) REPRESENTATION_CONTEXT ( 'NONE', 'WORKASPACE' ) );
#92 =( GEOMETRIC_REPRESENTATION_CONTEXT ( 3 ) GLOBAL_UNCERTAINTY_ASSIGNED_CONTEXT ( ( #3961 ) ) GLOBAL_UNIT_ASSIGNED_CONTEXT ( ( #1951, #1268, #4452 ) ) REPRESENTATION_CONTEXT ( 'NONE', 'WORKASPACE' ) );
#93 = ORIENTED_EDGE ( 'NONE', *, *, #5123, .T. ) ;
#94 = VECTOR ( 'NONE', #705, 1000.000000000000000 ) ;
#95 = AXIS2_PLACEMENT_3D ( 'NONE', #5931, #2849, #3350 ) ;
#96 = MECHANICAL_DESIGN_GEOMETRIC_PRESENTATION_REPRESENTATION (  '', ( #6386 ), #6598 ) ;
#97 = COLOUR_RGB ( '',0.5019607843137254832, 0.5019607843137254832, 1.000000000000000000 ) ;
#98 =( NAMED_UNIT ( * ) SI_UNIT ( $, .STERADIAN. ) SOLID_ANGLE_UNIT ( ) );
#99 = SURFACE_STYLE_USAGE ( .BOTH. , #6550 ) ;
#100 = DIRECTION ( 'NONE',  ( 0.000000000000000000, 1.000000000000000000, 0.000000000000000000 ) ) ;
#101 = DIRECTION ( 'NONE',  ( 0.000000000000000000, 1.000000000000000000, 0.000000000000000000 ) ) ;
#102 = FACE_BOUND ( 'NONE', #4426, .T. ) ;
#103 = MECHANICAL_DESIGN_GEOMETRIC_PRESENTATION_REPRESENTATION (  '', ( #759 ), #4936 ) ;
#104 = CARTESIAN_POINT ( 'NONE',  ( 42.03774201403206234, 3.174064771134685436, 4.903793167350142035 ) ) ;
#105 = ORIENTED_EDGE ( 'NONE', *, *, #2816, .T. ) ;
#106 = MECHANICAL_DESIGN_GEOMETRIC_PRESENTATION_REPRESENTATION (  '', ( #1756 ), #547 ) ;
#107 = STYLED_ITEM ( 'NONE', ( #760 ), #2965 ) ;
#108 = AXIS2_PLACEMENT_3D ( 'NONE', #3088, #2037, #2668 ) ;
#109 = SURFACE_SIDE_STYLE ('',( #2219 ) ) ;
#110 = LINE ( 'NONE', #3112, #6369 ) ;
#111 = FILL_AREA_STYLE_COLOUR ( '', #2415 ) ;
#112 =( NAMED_UNIT ( * ) PLANE_ANGLE_UNIT ( ) SI_UNIT ( $, .RADIAN. ) );
#113 = VERTEX_POINT ( 'NONE', #738 ) ;
#114 = VECTOR ( 'NONE', #2848, 1000.000000000000000 ) ;
#115 = ORIENTED_EDGE ( 'NONE', *, *, #6281, .T. ) ;
#116 = UNCERTAINTY_MEASURE_WITH_UNIT (LENGTH_MEASURE( 1.000000000000000082E-05 ), #6634, 'distance_accuracy_value', 'NONE');
#117 =( GEOMETRIC_REPRESENTATION_CONTEXT ( 3 ) GLOBAL_UNCERTAINTY_ASSIGNED_CONTEXT ( ( #4850 ) ) GLOBAL_UNIT_ASSIGNED_CONTEXT ( ( #5087, #6167, #4981 ) ) REPRESENTATION_CONTEXT ( 'NONE', 'WORKASPACE' ) );
#118 = COLOUR_RGB ( '',0.5019607843137254832, 0.5019607843137254832, 1.000000000000000000 ) ;
#119 = CIRCLE ( 'NONE', #4051, 40.00000000000000711 ) ;
#120 = AXIS2_PLACEMENT_3D ( 'NONE', #5711, #474, #5913 ) ;
#121 = CARTESIAN_POINT ( 'NONE',  ( 46.12432983716944790, 4.000000000000000000, 10.13115200650948999 ) ) ;
#122 = STYLED_ITEM ( 'NONE', ( #369 ), #780 ) ;
#123 =( NAMED_UNIT ( * ) SI_UNIT ( $, .STERADIAN. ) SOLID_ANGLE_UNIT ( ) );
#124 = COLOUR_RGB ( '',0.5019607843137254832, 0.5019607843137254832, 1.000000000000000000 ) ;
#125 =( NAMED_UNIT ( * ) SI_UNIT ( $, .STERADIAN. ) SOLID_ANGLE_UNIT ( ) );
#126 = AXIS2_PLACEMENT_3D ( 'NONE', #302, #4488, #1746 ) ;
#127 = DIRECTION ( 'NONE',  ( 0.000000000000000000, 0.000000000000000000, 1.000000000000000000 ) ) ;
#128 = VERTEX_POINT ( 'NONE', #4787 ) ;
#129 = DIRECTION ( 'NONE',  ( 0.000000000000000000, 1.000000000000000000, 0.000000000000000000 ) ) ;
#130 = DIRECTION ( 'NONE',  ( -0.000000000000000000, -0.000000000000000000, -1.000000000000000000 ) ) ;
#131 = ORIENTED_EDGE ( 'NONE', *, *, #2144, .F. ) ;
#132 = FILL_AREA_STYLE_COLOUR ( '', #266 ) ;
#133 = PRESENTATION_STYLE_ASSIGNMENT (( #3266 ) ) ;
#134 = FILL_AREA_STYLE_COLOUR ( '', #6401 ) ;
#135 = EDGE_CURVE ( 'NONE', #3385, #5661, #1620, .T. ) ;
#136 = UNCERTAINTY_MEASURE_WITH_UNIT (LENGTH_MEASURE( 1.000000000000000082E-05 ), #5443, 'distance_accuracy_value', 'NONE');
#137 =( LENGTH_UNIT ( ) NAMED_UNIT ( * ) SI_UNIT ( .MILLI., .METRE. ) );
#138 = ADVANCED_FACE ( 'NONE', ( #4178 ), #71, .F. ) ;
#139 = DIRECTION ( 'NONE',  ( -0.000000000000000000, 1.000000000000000000, -0.000000000000000000 ) ) ;
#140 = EDGE_CURVE ( 'NONE', #5262, #2686, #5730, .T. ) ;
#142 = DIRECTION ( 'NONE',  ( 1.000000000000000000, -1.927470528863119049E-16, 0.000000000000000000 ) ) ;
#141 = UNCERTAINTY_MEASURE_WITH_UNIT (LENGTH_MEASURE( 1.000000000000000082E-05 ), #4321, 'distance_accuracy_value', 'NONE');
#143 = DIRECTION ( 'NONE',  ( 1.000000000000000000, 0.000000000000000000, 0.000000000000000000 ) ) ;
#144 = VERTEX_POINT ( 'NONE', #4076 ) ;
#145 = ORIENTED_EDGE ( 'NONE', *, *, #460, .F. ) ;
#146 = CARTESIAN_POINT ( 'NONE',  ( 45.52589957828996603, 2.509713618511333788, -4.533373304990736763 ) ) ;
#147 = CARTESIAN_POINT ( 'NONE',  ( 42.00000000000001421, 1.802094487897897279, -3.091507183936754277 ) ) ;
#148 = FACE_OUTER_BOUND ( 'NONE', #4737, .T. ) ;
#149 = CARTESIAN_POINT ( 'NONE',  ( -15.50000000000001776, -15.00000000000000178, 24.60000000000001208 ) ) ;
#150 = CYLINDRICAL_SURFACE ( 'NONE', #52, 4.999999999999997335 ) ;
#151 = ORIENTED_EDGE ( 'NONE', *, *, #4411, .F. ) ;
#152 = ORIENTED_EDGE ( 'NONE', *, *, #6324, .T. ) ;
#153 = UNCERTAINTY_MEASURE_WITH_UNIT (LENGTH_MEASURE( 1.000000000000000082E-05 ), #3535, 'distance_accuracy_value', 'NONE');
#154 =( NAMED_UNIT ( * ) SI_UNIT ( $, .STERADIAN. ) SOLID_ANGLE_UNIT ( ) );
#155 = AXIS2_PLACEMENT_3D ( 'NONE', #643, #3194, #4273 ) ;
#156 =( NAMED_UNIT ( * ) PLANE_ANGLE_UNIT ( ) SI_UNIT ( $, .RADIAN. ) );
#157 = SURFACE_STYLE_USAGE ( .BOTH. , #3260 ) ;
#158 = ORIENTED_EDGE ( 'NONE', *, *, #5872, .T. ) ;
#159 = DIRECTION ( 'NONE',  ( -0.000000000000000000, 1.000000000000000000, -0.000000000000000000 ) ) ;
#160 = LINE ( 'NONE', #3262, #1860 ) ;
#161 = AXIS2_PLACEMENT_3D ( 'NONE', #5030, #1938, #833 ) ;
#162 = VERTEX_POINT ( 'NONE', #961 ) ;
#163 = DIRECTION ( 'NONE',  ( 0.000000000000000000, 1.000000000000000000, 0.000000000000000000 ) ) ;
#164 = FACE_OUTER_BOUND ( 'NONE', #4519, .T. ) ;
#165 = CARTESIAN_POINT ( 'NONE',  ( -3.500000000000016875, -15.00000000000000178, 20.00000000000001066 ) ) ;
#166 = EDGE_CURVE ( 'NONE', #4633, #6693, #3720, .T. ) ;
#167 = DIRECTION ( 'NONE',  ( 0.000000000000000000, 0.000000000000000000, -1.000000000000000000 ) ) ;
#168 = UNCERTAINTY_MEASURE_WITH_UNIT (LENGTH_MEASURE( 1.000000000000000082E-05 ), #2463, 'distance_accuracy_value', 'NONE');
#169 =( NAMED_UNIT ( * ) SI_UNIT ( $, .STERADIAN. ) SOLID_ANGLE_UNIT ( ) );
#170 = FACE_OUTER_BOUND ( 'NONE', #5779, .T. ) ;
#171 = DIRECTION ( 'NONE',  ( 0.000000000000000000, 0.000000000000000000, 1.000000000000000000 ) ) ;
#172 = DIRECTION ( 'NONE',  ( 0.000000000000000000, 0.000000000000000000, -1.000000000000000000 ) ) ;
#173 = LINE ( 'NONE', #5999, #6489 ) ;
#174 = DIRECTION ( 'NONE',  ( -1.000000000000000000, 0.000000000000000000, 0.000000000000000000 ) ) ;
#175 = FACE_OUTER_BOUND ( 'NONE', #5978, .T. ) ;
#176 = CARTESIAN_POINT ( 'NONE',  ( -3.500000000000016875, -15.00000000000000178, 20.00000000000001066 ) ) ;
#177 = EDGE_CURVE ( 'NONE', #3840, #5379, #3197, .T. ) ;
#178 = ORIENTED_EDGE ( 'NONE', *, *, #3209, .F. ) ;
#179 = VERTEX_POINT ( 'NONE', #6242 ) ;
#180 = EDGE_CURVE ( 'NONE', #6323, #3658, #4682, .T. ) ;
#181 = CARTESIAN_POINT ( 'NONE',  ( 0.000000000000000000, -22.00000000000000000, 0.000000000000000000 ) ) ;
#182 = DIRECTION ( 'NONE',  ( -0.000000000000000000, -1.000000000000000000, -0.000000000000000000 ) ) ;
#183 =( GEOMETRIC_REPRESENTATION_CONTEXT ( 3 ) GLOBAL_UNCERTAINTY_ASSIGNED_CONTEXT ( ( #2103 ) ) GLOBAL_UNIT_ASSIGNED_CONTEXT ( ( #2641, #5264, #4237 ) ) REPRESENTATION_CONTEXT ( 'NONE', 'WORKASPACE' ) );
#184 = B_SPLINE_CURVE_WITH_KNOTS ( 'NONE', 3,
 ( #627, #3808, #1174, #2280, #663, #3843, #2689, #4361, #1243, #146, #72, #3358, #6455, #5455, #4914, #6526 ),
 .UNSPECIFIED., .F., .F.,
 ( 4, 2, 2, 2, 2, 2, 2, 4 ),
 ( 0.000000000000000000, 0.0003791985538783449600, 0.0007583971077566899199, 0.001137595661635034446, 0.001516794215513378973, 0.001895992769391723065, 0.002275191323270067591, 0.003033588431026757078 ),
 .UNSPECIFIED. ) ;
#185 = FACE_OUTER_BOUND ( 'NONE', #1807, .T. ) ;
#186 = ORIENTED_EDGE ( 'NONE', *, *, #6252, .T. ) ;
#187 = EDGE_LOOP ( 'NONE', ( #948, #2451 ) ) ;
#188 = CIRCLE ( 'NONE', #4114, 2.600000000000001421 ) ;
#189 = UNCERTAINTY_MEASURE_WITH_UNIT (LENGTH_MEASURE( 1.000000000000000082E-05 ), #838, 'distance_accuracy_value', 'NONE');
#190 = MECHANICAL_DESIGN_GEOMETRIC_PRESENTATION_REPRESENTATION (  '', ( #841 ), #625 ) ;
#191 = CARTESIAN_POINT ( 'NONE',  ( -45.50000000000001421, 11.00000000000000000, -2.500000000000000000 ) ) ;
#192 = EDGE_CURVE ( 'NONE', #728, #6694, #6766, .T. ) ;
#193 = COLOUR_RGB ( '',0.5019607843137254832, 0.5019607843137254832, 1.000000000000000000 ) ;
#194 = CARTESIAN_POINT ( 'NONE',  ( 39.95933631058686331, 0.000000000000000000, -36.18556701030929901 ) ) ;
#195 = CARTESIAN_POINT ( 'NONE',  ( 44.50000000000001421, -18.50000000000000000, -20.49999999999999645 ) ) ;
#196 = ORIENTED_EDGE ( 'NONE', *, *, #5412, .T. ) ;
#197 = AXIS2_PLACEMENT_3D ( 'NONE', #5230, #5781, #509 ) ;
#198 = FILL_AREA_STYLE ('',( #2236 ) ) ;
#199 = PRESENTATION_STYLE_ASSIGNMENT (( #4899 ) ) ;
#200 = EDGE_LOOP ( 'NONE', ( #242, #6095, #5705, #6278 ) ) ;
#201 = DIRECTION ( 'NONE',  ( 0.000000000000000000, 0.000000000000000000, 1.000000000000000000 ) ) ;
#202 = PLANE ( 'NONE',  #5056 ) ;
#203 = CARTESIAN_POINT ( 'NONE',  ( -14.99999999999999467, 4.000000000000000000, -29.99999999999999289 ) ) ;
#204 =( GEOMETRIC_REPRESENTATION_CONTEXT ( 3 ) GLOBAL_UNCERTAINTY_ASSIGNED_CONTEXT ( ( #3406 ) ) GLOBAL_UNIT_ASSIGNED_CONTEXT ( ( #6285, #3659, #3217 ) ) REPRESENTATION_CONTEXT ( 'NONE', 'WORKASPACE' ) );
#205 = CARTESIAN_POINT ( 'NONE',  ( 44.50000000000001421, -22.00000000000000000, -37.50000000000002132 ) ) ;
#206 = AXIS2_PLACEMENT_3D ( 'NONE', #6568, #159, #2735 ) ;
#207 = CARTESIAN_POINT ( 'NONE',  ( 42.04188619865061582, 3.800000000000014477, -5.000000000000000888 ) ) ;
#208 = VECTOR ( 'NONE', #1464, 1000.000000000000000 ) ;
#209 = ORIENTED_EDGE ( 'NONE', *, *, #1896, .F. ) ;
#210 =( GEOMETRIC_REPRESENTATION_CONTEXT ( 3 ) GLOBAL_UNCERTAINTY_ASSIGNED_CONTEXT ( ( #3859 ) ) GLOBAL_UNIT_ASSIGNED_CONTEXT ( ( #5762, #628, #1031 ) ) REPRESENTATION_CONTEXT ( 'NONE', 'WORKASPACE' ) );
#211 = AXIS2_PLACEMENT_3D ( 'NONE', #2464, #4979, #6073 ) ;
#212 = PRESENTATION_STYLE_ASSIGNMENT (( #4326 ) ) ;
#213 = AXIS2_PLACEMENT_3D ( 'NONE', #1160, #2918, #3569 ) ;
#214 = FILL_AREA_STYLE ('',( #2859 ) ) ;
#215 = ORIENTED_EDGE ( 'NONE', *, *, #3384, .F. ) ;
#216 = VERTEX_POINT ( 'NONE', #6839 ) ;
#217 = COLOUR_RGB ( '',0.5019607843137254832, 0.5019607843137254832, 1.000000000000000000 ) ;
#218 = EDGE_CURVE ( 'NONE', #1663, #4333, #2422, .T. ) ;
#219 = PRESENTATION_LAYER_ASSIGNMENT (  '', '', ( #2529 ) ) ;
#220 = ADVANCED_FACE ( 'NONE', ( #6317 ), #4757, .F. ) ;
#221 = AXIS2_PLACEMENT_3D ( 'NONE', #5371, #6521, #171 ) ;
#222 = DIRECTION ( 'NONE',  ( 0.000000000000000000, 0.000000000000000000, -1.000000000000000000 ) ) ;
#223 = SURFACE_STYLE_FILL_AREA ( #5884 ) ;
#224 = CARTESIAN_POINT ( 'NONE',  ( 45.51704118813576372, 2.244510959416226470, 4.263572394888107908 ) ) ;
#225 = ORIENTED_EDGE ( 'NONE', *, *, #1115, .F. ) ;
#226 = AXIS2_PLACEMENT_3D ( 'NONE', #2548, #6198, #2503 ) ;
#227 = CARTESIAN_POINT ( 'NONE',  ( 44.50000000000001421, -2.999999999999998224, 29.00000000000000711 ) ) ;
#228 = MECHANICAL_DESIGN_GEOMETRIC_PRESENTATION_REPRESENTATION (  '', ( #565 ), #2758 ) ;
#229 = CIRCLE ( 'NONE', #6399, 2.600000000000001421 ) ;
#230 = LINE ( 'NONE', #297, #1088 ) ;
#231 = DIRECTION ( 'NONE',  ( 0.000000000000000000, 0.000000000000000000, 1.000000000000000000 ) ) ;
#232 = CYLINDRICAL_SURFACE ( 'NONE', #2091, 43.50000000000001421 ) ;
#233 = EDGE_LOOP ( 'NONE', ( #4796, #5095, #487, #6514 ) ) ;
#234 = UNCERTAINTY_MEASURE_WITH_UNIT (LENGTH_MEASURE( 1.000000000000000082E-05 ), #4192, 'distance_accuracy_value', 'NONE');
#235 = SURFACE_STYLE_USAGE ( .BOTH. , #2883 ) ;
#236 = SURFACE_SIDE_STYLE ('',( #6549 ) ) ;
#237 = PRESENTATION_STYLE_ASSIGNMENT (( #99 ) ) ;
#238 =( LENGTH_UNIT ( ) NAMED_UNIT ( * ) SI_UNIT ( .MILLI., .METRE. ) );
#239 = CARTESIAN_POINT ( 'NONE',  ( -36.08101651390111186, -9.250000000000001776, -30.17077626419151670 ) ) ;
#240 = FILL_AREA_STYLE ('',( #6482 ) ) ;
#241 = FILL_AREA_STYLE_COLOUR ( '', #6008 ) ;
#242 = ORIENTED_EDGE ( 'NONE', *, *, #4917, .F. ) ;
#243 = SURFACE_STYLE_FILL_AREA ( #5385 ) ;
#244 = FILL_AREA_STYLE ('',( #5025 ) ) ;
#245 = DIRECTION ( 'NONE',  ( -0.000000000000000000, -1.000000000000000000, -0.000000000000000000 ) ) ;
#246 = EDGE_CURVE ( 'NONE', #5536, #1637, #5345, .T. ) ;
#247 = CARTESIAN_POINT ( 'NONE',  ( 6.500000000000002665, -18.50000000000000000, 26.50000000000001066 ) ) ;
#248 = ORIENTED_EDGE ( 'NONE', *, *, #348, .F. ) ;
#249 = ORIENTED_EDGE ( 'NONE', *, *, #1393, .T. ) ;
#250 = UNCERTAINTY_MEASURE_WITH_UNIT (LENGTH_MEASURE( 1.000000000000000082E-05 ), #3834, 'distance_accuracy_value', 'NONE');
#251 =( NAMED_UNIT ( * ) PLANE_ANGLE_UNIT ( ) SI_UNIT ( $, .RADIAN. ) );
#252 = SURFACE_STYLE_USAGE ( .BOTH. , #2289 ) ;
#253 = EDGE_CURVE ( 'NONE', #78, #508, #1667, .T. ) ;
#254 = CARTESIAN_POINT ( 'NONE',  ( 45.54272409425626478, 3.297361574338143697, 4.939932430496581262 ) ) ;
#255 = ORIENTED_EDGE ( 'NONE', *, *, #6459, .F. ) ;
#256 = CARTESIAN_POINT ( 'NONE',  ( -44.50000000000001421, 15.00000000000000000, -29.00000000000000711 ) ) ;
#257 = EDGE_CURVE ( 'NONE', #4776, #4338, #3020, .T. ) ;
#258 = ORIENTED_EDGE ( 'NONE', *, *, #1303, .T. ) ;
#259 = AXIS2_PLACEMENT_3D ( 'NONE', #6393, #1557, #3220 ) ;
#260 = EDGE_CURVE ( 'NONE', #433, #395, #6118, .T. ) ;
#261 = CARTESIAN_POINT ( 'NONE',  ( -0.9999999999999941158, -9.000000000000001776, -26.50000000000000711 ) ) ;
#262 = DIRECTION ( 'NONE',  ( -0.000000000000000000, -1.000000000000000000, -0.000000000000000000 ) ) ;
#263 = DIRECTION ( 'NONE',  ( -1.000000000000000000, 0.000000000000000000, 0.000000000000000000 ) ) ;
#264 = CARTESIAN_POINT ( 'NONE',  ( -45.50000000000001421, -22.00000000000000000, 30.00000000000001066 ) ) ;
#265 = EDGE_CURVE ( 'NONE', #1691, #5871, #909, .T. ) ;
#266 = COLOUR_RGB ( '',0.5019607843137254832, 0.5019607843137254832, 1.000000000000000000 ) ;
#267 = EDGE_LOOP ( 'NONE', ( #4789, #3276, #505, #6813, #5878, #822 ) ) ;
#268 = DIRECTION ( 'NONE',  ( -0.000000000000000000, -0.000000000000000000, 1.000000000000000000 ) ) ;
#269 = DIRECTION ( 'NONE',  ( 0.000000000000000000, -1.000000000000000000, 0.000000000000000000 ) ) ;
#270 = SURFACE_STYLE_FILL_AREA ( #2886 ) ;
#271 =( GEOMETRIC_REPRESENTATION_CONTEXT ( 3 ) GLOBAL_UNCERTAINTY_ASSIGNED_CONTEXT ( ( #2743 ) ) GLOBAL_UNIT_ASSIGNED_CONTEXT ( ( #272, #5617, #2367 ) ) REPRESENTATION_CONTEXT ( 'NONE', 'WORKASPACE' ) );
#272 =( LENGTH_UNIT ( ) NAMED_UNIT ( * ) SI_UNIT ( .MILLI., .METRE. ) );
#273 = DIRECTION ( 'NONE',  ( 0.000000000000000000, -0.000000000000000000, 1.000000000000000000 ) ) ;
#274 = CARTESIAN_POINT ( 'NONE',  ( 0.000000000000000000, 0.000000000000000000, 24.30000000000000782 ) ) ;
#275 = ADVANCED_FACE ( 'NONE', ( #1386 ), #6152, .T. ) ;
#276 = SURFACE_SIDE_STYLE ('',( #6554 ) ) ;
#277 = ORIENTED_EDGE ( 'NONE', *, *, #2148, .T. ) ;
#278 = VECTOR ( 'NONE', #4647, 1000.000000000000000 ) ;
#279 = COLOUR_RGB ( '',0.5019607843137254832, 0.5019607843137254832, 1.000000000000000000 ) ;
#280 = DIRECTION ( 'NONE',  ( -0.000000000000000000, 0.000000000000000000, 1.000000000000000000 ) ) ;
#281 = CARTESIAN_POINT ( 'NONE',  ( -15.50000000000001776, -15.00000000000000178, 22.60000000000001208 ) ) ;
#282 = DIRECTION ( 'NONE',  ( 0.000000000000000000, 1.000000000000000000, 0.000000000000000000 ) ) ;
#283 = LINE ( 'NONE', #5026, #2510 ) ;
#284 = ORIENTED_EDGE ( 'NONE', *, *, #4185, .T. ) ;
#285 = EDGE_LOOP ( 'NONE', ( #2916, #1020, #3244, #3715, #3193, #6756, #6096, #284, #6018, #5776 ) ) ;
#286 = FILL_AREA_STYLE_COLOUR ( '', #6210 ) ;
#287 = DIRECTION ( 'NONE',  ( 0.9999975931331908097, 0.000000000000000000, -0.002194020926397173468 ) ) ;
#288 = CARTESIAN_POINT ( 'NONE',  ( 18.59150718393674495, -22.00000000000000000, 30.00000000000001066 ) ) ;
#289 = CARTESIAN_POINT ( 'NONE',  ( 12.00000000000000178, -39.31465829649864929, 23.00000000000001066 ) ) ;
#290 = EDGE_LOOP ( 'NONE', ( #2333, #3019 ) ) ;
#291 = CIRCLE ( 'NONE', #6673, 4.999999999999993783 ) ;
#292 = DIRECTION ( 'NONE',  ( 0.000000000000000000, -1.000000000000000000, 0.000000000000000000 ) ) ;
#293 = FILL_AREA_STYLE_COLOUR ( '', #3311 ) ;
#294 = MECHANICAL_DESIGN_GEOMETRIC_PRESENTATION_REPRESENTATION (  '', ( #5356 ), #6017 ) ;
#295 = ADVANCED_FACE ( 'NONE', ( #3499 ), #2488, .F. ) ;
#296 = MECHANICAL_DESIGN_GEOMETRIC_PRESENTATION_REPRESENTATION (  '', ( #2161 ), #731 ) ;
#297 = CARTESIAN_POINT ( 'NONE',  ( -15.50000000000001776, -11.99999999999999822, 22.60000000000001208 ) ) ;
#298 = SURFACE_STYLE_FILL_AREA ( #5540 ) ;
#299 = CARTESIAN_POINT ( 'NONE',  ( 44.50000000000001421, -18.50000000000000000, 29.00000000000000711 ) ) ;
#300 = ORIENTED_EDGE ( 'NONE', *, *, #2268, .T. ) ;
#301 = CIRCLE ( 'NONE', #2049, 8.500000000000010658 ) ;
#302 = CARTESIAN_POINT ( 'NONE',  ( -15.50000000000001776, -22.00000000000000000, 20.00000000000001066 ) ) ;
#303 = DIRECTION ( 'NONE',  ( -0.000000000000000000, 1.000000000000000000, -0.000000000000000000 ) ) ;
#304 = DIRECTION ( 'NONE',  ( 0.000000000000000000, 1.000000000000000000, 0.000000000000000000 ) ) ;
#305 = SURFACE_SIDE_STYLE ('',( #4425 ) ) ;
#306 = CARTESIAN_POINT ( 'NONE',  ( -51.68556701030929901, 15.00000000000000000, -24.45933631058685620 ) ) ;
#307 = ORIENTED_EDGE ( 'NONE', *, *, #2721, .F. ) ;
#308 = PRESENTATION_LAYER_ASSIGNMENT (  '', '', ( #2725 ) ) ;
#309 =( NAMED_UNIT ( * ) SI_UNIT ( $, .STERADIAN. ) SOLID_ANGLE_UNIT ( ) );
#310 = DIRECTION ( 'NONE',  ( 0.000000000000000000, 0.000000000000000000, -1.000000000000000000 ) ) ;
#311 = STYLED_ITEM ( 'NONE', ( #3793 ), #848 ) ;
#312 =( NAMED_UNIT ( * ) SI_UNIT ( $, .STERADIAN. ) SOLID_ANGLE_UNIT ( ) );
#313 = CYLINDRICAL_SURFACE ( 'NONE', #5636, 1.750000000000005107 ) ;
#314 = VECTOR ( 'NONE', #2929, 1000.000000000000000 ) ;
#315 = ORIENTED_EDGE ( 'NONE', *, *, #3612, .F. ) ;
#316 = VERTEX_POINT ( 'NONE', #3915 ) ;
#317 = PRESENTATION_LAYER_ASSIGNMENT (  '', '', ( #1641 ) ) ;
#318 = STYLED_ITEM ( 'NONE', ( #5016 ), #3292 ) ;
#319 = AXIS2_PLACEMENT_3D ( 'NONE', #51, #1122, #2768 ) ;
#320 = CIRCLE ( 'NONE', #4139, 4.600000000000001421 ) ;
#321 =( NAMED_UNIT ( * ) PLANE_ANGLE_UNIT ( ) SI_UNIT ( $, .RADIAN. ) );
#322 = DIRECTION ( 'NONE',  ( 0.000000000000000000, 1.000000000000000000, 0.000000000000000000 ) ) ;
#323 =( GEOMETRIC_REPRESENTATION_CONTEXT ( 3 ) GLOBAL_UNCERTAINTY_ASSIGNED_CONTEXT ( ( #4527 ) ) GLOBAL_UNIT_ASSIGNED_CONTEXT ( ( #3665, #5293, #4833 ) ) REPRESENTATION_CONTEXT ( 'NONE', 'WORKASPACE' ) );
#324 =( NAMED_UNIT ( * ) PLANE_ANGLE_UNIT ( ) SI_UNIT ( $, .RADIAN. ) );
#325 = CARTESIAN_POINT ( 'NONE',  ( -44.50000000000001421, -22.00000000000000355, -29.00000000000000711 ) ) ;
#326 = ORIENTED_EDGE ( 'NONE', *, *, #3503, .T. ) ;
#327 = VECTOR ( 'NONE', #1037, 1000.000000000000000 ) ;
#328 = SURFACE_SIDE_STYLE ('',( #5036 ) ) ;
#329 = AXIS2_PLACEMENT_3D ( 'NONE', #5591, #1344, #3454 ) ;
#330 = SURFACE_STYLE_FILL_AREA ( #3567 ) ;
#331 = AXIS2_PLACEMENT_3D ( 'NONE', #2207, #5995, #1267 ) ;
#332 = LINE ( 'NONE', #6574, #3925 ) ;
#333 = CIRCLE ( 'NONE', #4274, 43.50000000000000711 ) ;
#334 = CARTESIAN_POINT ( 'NONE',  ( 42.00000000000000711, 1.800000000000000044, -2.999999999999986677 ) ) ;
#335 = CARTESIAN_POINT ( 'NONE',  ( -9.999999999999992895, -6.999999999999999112, -20.00000000000000355 ) ) ;
#336 = CARTESIAN_POINT ( 'NONE',  ( 45.50000000000001421, 1.800000000000000044, 2.999999999999984901 ) ) ;
#337 = VERTEX_POINT ( 'NONE', #2914 ) ;
#338 = EDGE_CURVE ( 'NONE', #2875, #435, #5000, .T. ) ;
#339 = UNCERTAINTY_MEASURE_WITH_UNIT (LENGTH_MEASURE( 1.000000000000000082E-05 ), #4586, 'distance_accuracy_value', 'NONE');
#340 = CARTESIAN_POINT ( 'NONE',  ( -44.50000000000001421, 0.000000000000000000, -29.00000000000000711 ) ) ;
#341 = MECHANICAL_DESIGN_GEOMETRIC_PRESENTATION_REPRESENTATION (  '', ( #6075 ), #5063 ) ;
#342 = PRESENTATION_LAYER_ASSIGNMENT (  '', '', ( #3319 ) ) ;
#343 = CIRCLE ( 'NONE', #4399, 2.500000000000005773 ) ;
#344 = DIRECTION ( 'NONE',  ( 1.000000000000000000, 0.000000000000000000, 0.000000000000000000 ) ) ;
#345 =( LENGTH_UNIT ( ) NAMED_UNIT ( * ) SI_UNIT ( .MILLI., .METRE. ) );
#346 = AXIS2_PLACEMENT_3D ( 'NONE', #3942, #5553, #1771 ) ;
#347 = DIRECTION ( 'NONE',  ( 0.000000000000000000, 0.000000000000000000, -1.000000000000000000 ) ) ;
#348 = EDGE_CURVE ( 'NONE', #5152, #3264, #3954, .T. ) ;
#349 = VECTOR ( 'NONE', #1074, 1000.000000000000000 ) ;
#350 = AXIS2_PLACEMENT_3D ( 'NONE', #4551, #5604, #1427 ) ;
#351 = ORIENTED_EDGE ( 'NONE', *, *, #1782, .T. ) ;
#352 = VECTOR ( 'NONE', #2936, 1000.000000000000000 ) ;
#353 = EDGE_CURVE ( 'NONE', #2818, #6088, #4186, .T. ) ;
#354 = EDGE_CURVE ( 'NONE', #584, #6593, #3269, .T. ) ;
#355 =( LENGTH_UNIT ( ) NAMED_UNIT ( * ) SI_UNIT ( .MILLI., .METRE. ) );
#356 = CARTESIAN_POINT ( 'NONE',  ( 42.57211781330950373, 4.000000000000000000, -10.12335836023591007 ) ) ;
#357 = CARTESIAN_POINT ( 'NONE',  ( 44.50000000000001421, -6.000000000000001776, 31.50000000000001421 ) ) ;
#358 = FILL_AREA_STYLE ('',( #861 ) ) ;
#359 = VERTEX_POINT ( 'NONE', #6774 ) ;
#360 = EDGE_LOOP ( 'NONE', ( #2233, #300, #4770, #4183, #4989, #1179, #6709, #3212, #777, #5033, #105, #5844, #5985, #3571, #3868, #3188, #700, #258 ) ) ;
#361 = PRESENTATION_STYLE_ASSIGNMENT (( #5531 ) ) ;
#362 = DIRECTION ( 'NONE',  ( 1.734723475976807094E-15, 0.000000000000000000, -1.000000000000000000 ) ) ;
#363 = FILL_AREA_STYLE_COLOUR ( '', #711 ) ;
#364 = EDGE_CURVE ( 'NONE', #3365, #5594, #3083, .T. ) ;
#365 = ORIENTED_EDGE ( 'NONE', *, *, #6608, .F. ) ;
#366 = DIRECTION ( 'NONE',  ( 1.000000000000000000, 0.000000000000000000, -9.770517606630112126E-16 ) ) ;
#367 = CARTESIAN_POINT ( 'NONE',  ( 44.50000000000001421, -2.999999999999998224, 34.00000000000000000 ) ) ;
#368 = EDGE_LOOP ( 'NONE', ( #6124, #1973, #3926, #3132, #2243, #4113 ) ) ;
#369 = PRESENTATION_STYLE_ASSIGNMENT (( #2990 ) ) ;
#370 = SURFACE_STYLE_FILL_AREA ( #5577 ) ;
#371 = SURFACE_SIDE_STYLE ('',( #2345 ) ) ;
#372 = EDGE_LOOP ( 'NONE', ( #5255, #2285 ) ) ;
#373 = DIRECTION ( 'NONE',  ( 0.000000000000000000, 0.000000000000000000, 1.000000000000000000 ) ) ;
#374 = EDGE_CURVE ( 'NONE', #621, #5669, #5186, .T. ) ;
#375 = SURFACE_STYLE_USAGE ( .BOTH. , #5545 ) ;
#376 =( LENGTH_UNIT ( ) NAMED_UNIT ( * ) SI_UNIT ( .MILLI., .METRE. ) );
#377 = FILL_AREA_STYLE_COLOUR ( '', #3176 ) ;
#378 = PRESENTATION_LAYER_ASSIGNMENT (  '', '', ( #4543 ) ) ;
#379 = LINE ( 'NONE', #4534, #6504 ) ;
#380 = DIRECTION ( 'NONE',  ( 0.000000000000000000, -1.000000000000000000, 0.000000000000000000 ) ) ;
#381 = ORIENTED_EDGE ( 'NONE', *, *, #3612, .T. ) ;
#382 = PRESENTATION_LAYER_ASSIGNMENT (  '', '', ( #4657 ) ) ;
#383 = LINE ( 'NONE', #2934, #5820 ) ;
#384 = ADVANCED_FACE ( 'NONE', ( #2699, #6219 ), #3153, .T. ) ;
#385 = SURFACE_STYLE_FILL_AREA ( #358 ) ;
#386 = CARTESIAN_POINT ( 'NONE',  ( -85.50000000000001421, 4.000000000000000000, 3.091507183936761827 ) ) ;
#387 = ORIENTED_EDGE ( 'NONE', *, *, #1013, .T. ) ;
#388 = VERTEX_POINT ( 'NONE', #2593 ) ;
#389 =( LENGTH_UNIT ( ) NAMED_UNIT ( * ) SI_UNIT ( .MILLI., .METRE. ) );
#390 = PRESENTATION_LAYER_ASSIGNMENT (  '', '', ( #1368 ) ) ;
#391 = SURFACE_STYLE_FILL_AREA ( #3977 ) ;
#392 = DIRECTION ( 'NONE',  ( 0.000000000000000000, 0.000000000000000000, 1.000000000000000000 ) ) ;
#393 = LINE ( 'NONE', #3632, #1581 ) ;
#394 = EDGE_CURVE ( 'NONE', #1382, #5523, #1522, .T. ) ;
#395 = VERTEX_POINT ( 'NONE', #5740 ) ;
#396 = EDGE_CURVE ( 'NONE', #5492, #6217, #5357, .T. ) ;
#397 = FILL_AREA_STYLE_COLOUR ( '', #3729 ) ;
#398 = CIRCLE ( 'NONE', #4224, 40.00000000000000000 ) ;
#399 =( NAMED_UNIT ( * ) SI_UNIT ( $, .STERADIAN. ) SOLID_ANGLE_UNIT ( ) );
#400 = EDGE_LOOP ( 'NONE', ( #1678, #6743, #3741, #5753 ) ) ;
#401 = DIRECTION ( 'NONE',  ( 0.000000000000000000, 1.000000000000000000, 0.000000000000000000 ) ) ;
#402 =( GEOMETRIC_REPRESENTATION_CONTEXT ( 3 ) GLOBAL_UNCERTAINTY_ASSIGNED_CONTEXT ( ( #6440 ) ) GLOBAL_UNIT_ASSIGNED_CONTEXT ( ( #3557, #2051, #4172 ) ) REPRESENTATION_CONTEXT ( 'NONE', 'WORKASPACE' ) );
#403 = ORIENTED_EDGE ( 'NONE', *, *, #4935, .F. ) ;
#404 = DIRECTION ( 'NONE',  ( -0.000000000000000000, -1.000000000000000000, -0.000000000000000000 ) ) ;
#405 =( NAMED_UNIT ( * ) PLANE_ANGLE_UNIT ( ) SI_UNIT ( $, .RADIAN. ) );
#406 = DIRECTION ( 'NONE',  ( 0.000000000000000000, 0.000000000000000000, -1.000000000000000000 ) ) ;
#407 = CARTESIAN_POINT ( 'NONE',  ( 51.68556701030929901, 0.000000000000000000, 24.45933631058685620 ) ) ;
#408 = FACE_OUTER_BOUND ( 'NONE', #1828, .T. ) ;
#409 = DIRECTION ( 'NONE',  ( 0.000000000000000000, 0.000000000000000000, 1.000000000000000000 ) ) ;
#410 = VECTOR ( 'NONE', #4595, 1000.000000000000000 ) ;
#411 = EDGE_LOOP ( 'NONE', ( #5192, #2133, #3377, #1105 ) ) ;
#412 = DIRECTION ( 'NONE',  ( 0.000000000000000000, -1.024628711853730936E-16, 1.000000000000000000 ) ) ;
#413 = DIRECTION ( 'NONE',  ( 0.000000000000000000, 0.000000000000000000, -1.000000000000000000 ) ) ;
#414 =( NAMED_UNIT ( * ) PLANE_ANGLE_UNIT ( ) SI_UNIT ( $, .RADIAN. ) );
#415 = ORIENTED_EDGE ( 'NONE', *, *, #768, .F. ) ;
#416 = EDGE_CURVE ( 'NONE', #5162, #2461, #2035, .T. ) ;
#417 =( GEOMETRIC_REPRESENTATION_CONTEXT ( 3 ) GLOBAL_UNCERTAINTY_ASSIGNED_CONTEXT ( ( #3366 ) ) GLOBAL_UNIT_ASSIGNED_CONTEXT ( ( #1460, #2495, #6781 ) ) REPRESENTATION_CONTEXT ( 'NONE', 'WORKASPACE' ) );
#418 =( NAMED_UNIT ( * ) SI_UNIT ( $, .STERADIAN. ) SOLID_ANGLE_UNIT ( ) );
#419 =( NAMED_UNIT ( * ) PLANE_ANGLE_UNIT ( ) SI_UNIT ( $, .RADIAN. ) );
#420 = DIRECTION ( 'NONE',  ( 0.002194020926397173468, -0.000000000000000000, 0.9999975931331908097 ) ) ;
#421 = CARTESIAN_POINT ( 'NONE',  ( 19.47968733486688464, -7.433109373686194843, 30.00984264699494375 ) ) ;
#422 = CARTESIAN_POINT ( 'NONE',  ( 16.00000000000000000, -7.000000000000000000, 28.00000000000001066 ) ) ;
#423 = CYLINDRICAL_SURFACE ( 'NONE', #1213, 1.750000000000005107 ) ;
#424 = STYLED_ITEM ( 'NONE', ( #2553 ), #3122 ) ;
#425 = LINE ( 'NONE', #4762, #4343 ) ;
#426 = ORIENTED_EDGE ( 'NONE', *, *, #4411, .T. ) ;
#427 = VECTOR ( 'NONE', #1741, 1000.000000000000000 ) ;
#428 = EDGE_CURVE ( 'NONE', #2875, #3164, #4118, .T. ) ;
#429 = CARTESIAN_POINT ( 'NONE',  ( -0.9999999999999940048, -7.000000000000000000, -20.00000000000000355 ) ) ;
#430 = EDGE_CURVE ( 'NONE', #580, #6163, #188, .T. ) ;
#431 = DIRECTION ( 'NONE',  ( 1.000000000000000000, 0.000000000000000000, 0.000000000000000000 ) ) ;
#432 = FILL_AREA_STYLE ('',( #5145 ) ) ;
#433 = VERTEX_POINT ( 'NONE', #573 ) ;
#434 = FILL_AREA_STYLE_COLOUR ( '', #5933 ) ;
#435 = VERTEX_POINT ( 'NONE', #4764 ) ;
#436 = SURFACE_SIDE_STYLE ('',( #1083 ) ) ;
#437 = COLOUR_RGB ( '',0.5019607843137254832, 0.5019607843137254832, 1.000000000000000000 ) ;
#438 = DIRECTION ( 'NONE',  ( 0.000000000000000000, 1.000000000000000000, 0.000000000000000000 ) ) ;
#439 = PRESENTATION_LAYER_ASSIGNMENT (  '', '', ( #3738 ) ) ;
#440 =( NAMED_UNIT ( * ) SI_UNIT ( $, .STERADIAN. ) SOLID_ANGLE_UNIT ( ) );
#441 = CARTESIAN_POINT ( 'NONE',  ( -27.50000000000001776, -15.00000000000000178, 20.00000000000001066 ) ) ;
#442 = LINE ( 'NONE', #892, #3721 ) ;
#443 = PLANE ( 'NONE',  #226 ) ;
#444 = PRESENTATION_LAYER_ASSIGNMENT (  '', '', ( #3636 ) ) ;
#445 = VERTEX_POINT ( 'NONE', #41 ) ;
#446 = AXIS2_PLACEMENT_3D ( 'NONE', #3895, #3965, #5620 ) ;
#447 = COLOUR_RGB ( '',0.5019607843137254832, 0.5019607843137254832, 1.000000000000000000 ) ;
#448 = PRESENTATION_LAYER_ASSIGNMENT (  '', '', ( #4848 ) ) ;
#449 = LINE ( 'NONE', #479, #5127 ) ;
#450 = CYLINDRICAL_SURFACE ( 'NONE', #4133, 43.50000000000000711 ) ;
#451 = FILL_AREA_STYLE ('',( #1472 ) ) ;
#452 = SURFACE_SIDE_STYLE ('',( #385 ) ) ;
#453 = SURFACE_STYLE_FILL_AREA ( #3586 ) ;
#454 = VECTOR ( 'NONE', #5013, 1000.000000000000000 ) ;
#455 = LINE ( 'NONE', #3009, #278 ) ;
#456 = ORIENTED_EDGE ( 'NONE', *, *, #4584, .T. ) ;
#457 = COLOUR_RGB ( '',0.5019607843137254832, 0.5019607843137254832, 1.000000000000000000 ) ;
#458 = ORIENTED_EDGE ( 'NONE', *, *, #2411, .T. ) ;
#459 =( NAMED_UNIT ( * ) PLANE_ANGLE_UNIT ( ) SI_UNIT ( $, .RADIAN. ) );
#460 = EDGE_CURVE ( 'NONE', #3108, #632, #2146, .T. ) ;
#461 = VERTEX_POINT ( 'NONE', #1629 ) ;
#462 = DIRECTION ( 'NONE',  ( -0.000000000000000000, -1.000000000000000000, -0.000000000000000000 ) ) ;
#463 = ADVANCED_FACE ( 'NONE', ( #5846 ), #5183, .F. ) ;
#464 = CARTESIAN_POINT ( 'NONE',  ( -44.50000000000001421, -22.00000000000000355, 31.50000000000001421 ) ) ;
#465 = DIRECTION ( 'NONE',  ( 0.000000000000000000, 0.000000000000000000, -1.000000000000000000 ) ) ;
#466 =( NAMED_UNIT ( * ) PLANE_ANGLE_UNIT ( ) SI_UNIT ( $, .RADIAN. ) );
#467 = DIRECTION ( 'NONE',  ( 0.000000000000000000, 0.000000000000000000, -1.000000000000000000 ) ) ;
#468 = EDGE_LOOP ( 'NONE', ( #3497, #1461 ) ) ;
#469 = DIRECTION ( 'NONE',  ( -0.000000000000000000, 1.000000000000000000, -0.000000000000000000 ) ) ;
#470 = CARTESIAN_POINT ( 'NONE',  ( 9.500000000000001776, -13.49999999999999822, 28.00000000000001066 ) ) ;
#471 = EDGE_CURVE ( 'NONE', #956, #2193, #4568, .T. ) ;
#472 = VERTEX_POINT ( 'NONE', #3633 ) ;
#473 =( NAMED_UNIT ( * ) SI_UNIT ( $, .STERADIAN. ) SOLID_ANGLE_UNIT ( ) );
#474 = DIRECTION ( 'NONE',  ( 0.000000000000000000, 1.000000000000000000, 0.000000000000000000 ) ) ;
#475 =( NAMED_UNIT ( * ) PLANE_ANGLE_UNIT ( ) SI_UNIT ( $, .RADIAN. ) );
#476 = FILL_AREA_STYLE_COLOUR ( '', #1645 ) ;
#477 = CARTESIAN_POINT ( 'NONE',  ( 44.50000000000001421, 0.000000000000000000, -29.00000000000000711 ) ) ;
#478 = EDGE_LOOP ( 'NONE', ( #6255, #5259, #249, #5208 ) ) ;
#479 = CARTESIAN_POINT ( 'NONE',  ( -44.50000000000001421, -42.54163056034264656, -20.49999999999999645 ) ) ;
#480 = CARTESIAN_POINT ( 'NONE',  ( 22.50000000000000000, -39.31465829649864929, 26.50000000000001066 ) ) ;
#482 = EDGE_CURVE ( 'NONE', #873, #1994, #425, .T. ) ;
#481 = PRESENTATION_LAYER_ASSIGNMENT (  '', '', ( #4980 ) ) ;
#483 = DIRECTION ( 'NONE',  ( 0.000000000000000000, 0.000000000000000000, 1.000000000000000000 ) ) ;
#484 = PRESENTATION_STYLE_ASSIGNMENT (( #4073 ) ) ;
#485 = DIRECTION ( 'NONE',  ( 0.000000000000000000, 1.000000000000000000, 0.000000000000000000 ) ) ;
#486 = VERTEX_POINT ( 'NONE', #6246 ) ;
#487 = ORIENTED_EDGE ( 'NONE', *, *, #1861, .F. ) ;
#488 = AXIS2_PLACEMENT_3D ( 'NONE', #1650, #2048, #4170 ) ;
#489 = AXIS2_PLACEMENT_3D ( 'NONE', #6407, #4236, #5858 ) ;
#490 = SURFACE_STYLE_FILL_AREA ( #5283 ) ;
#491 = FACE_OUTER_BOUND ( 'NONE', #4524, .T. ) ;
#492 = DIRECTION ( 'NONE',  ( 0.000000000000000000, -0.000000000000000000, -1.000000000000000000 ) ) ;
#493 = SURFACE_SIDE_STYLE ('',( #2692 ) ) ;
#494 = VECTOR ( 'NONE', #2564, 1000.000000000000000 ) ;
#495 = MECHANICAL_DESIGN_GEOMETRIC_PRESENTATION_REPRESENTATION (  '', ( #4550 ), #2143 ) ;
#496 = ORIENTED_EDGE ( 'NONE', *, *, #2610, .F. ) ;
#497 = UNCERTAINTY_MEASURE_WITH_UNIT (LENGTH_MEASURE( 1.000000000000000082E-05 ), #3239, 'distance_accuracy_value', 'NONE');
#498 = MECHANICAL_DESIGN_GEOMETRIC_PRESENTATION_REPRESENTATION (  '', ( #3784 ), #2250 ) ;
#499 = CARTESIAN_POINT ( 'NONE',  ( 44.50000000000001421, -6.000000000000000000, 29.00000000000000711 ) ) ;
#500 = CARTESIAN_POINT ( 'NONE',  ( -18.59150718393674495, -22.00000000000000000, 70.00000000000000000 ) ) ;
#501 = LINE ( 'NONE', #1946, #5943 ) ;
#502 = FILL_AREA_STYLE ('',( #5144 ) ) ;
#503 = MECHANICAL_DESIGN_GEOMETRIC_PRESENTATION_REPRESENTATION (  '', ( #4657 ), #1146 ) ;
#504 = DIRECTION ( 'NONE',  ( 0.000000000000000000, -1.000000000000000000, 0.000000000000000000 ) ) ;
#505 = ORIENTED_EDGE ( 'NONE', *, *, #2575, .T. ) ;
#506 = CARTESIAN_POINT ( 'NONE',  ( -44.50000000000001421, 0.000000000000000000, -37.50000000000002132 ) ) ;
#507 = EDGE_CURVE ( 'NONE', #4203, #2834, #5697, .T. ) ;
#508 = VERTEX_POINT ( 'NONE', #1624 ) ;
#509 = DIRECTION ( 'NONE',  ( 0.000000000000000000, 0.000000000000000000, 1.000000000000000000 ) ) ;
#510 = CARTESIAN_POINT ( 'NONE',  ( -0.9999999999999940048, -7.000000000000000000, -30.00000000000000711 ) ) ;
#511 = FACE_OUTER_BOUND ( 'NONE', #1808, .T. ) ;
#512 =( GEOMETRIC_REPRESENTATION_CONTEXT ( 3 ) GLOBAL_UNCERTAINTY_ASSIGNED_CONTEXT ( ( #6533 ) ) GLOBAL_UNIT_ASSIGNED_CONTEXT ( ( #5218, #4655, #3081 ) ) REPRESENTATION_CONTEXT ( 'NONE', 'WORKASPACE' ) );
#513 = EDGE_LOOP ( 'NONE', ( #2756, #2989, #6085, #6084, #5857, #1591, #2801, #5203, #6681, #920, #2437, #5870 ) ) ;
#514 = PRESENTATION_LAYER_ASSIGNMENT (  '', '', ( #2711 ) ) ;
#515 = CARTESIAN_POINT ( 'NONE',  ( -42.57339518699360070, 4.000000000000000000, 10.13115200650950065 ) ) ;
#516 = EDGE_CURVE ( 'NONE', #632, #4753, #624, .T. ) ;
#517 = STYLED_ITEM ( 'NONE', ( #5179 ), #563 ) ;
#518 = CARTESIAN_POINT ( 'NONE',  ( 44.50000000000001421, 0.000000000000000000, 24.00000000000001066 ) ) ;
#519 = CARTESIAN_POINT ( 'NONE',  ( 42.03389322611450751, 2.937613392918442035, 4.809008754735620172 ) ) ;
#520 = EDGE_LOOP ( 'NONE', ( #4841, #4448, #1740, #1726 ) ) ;
#521 = ORIENTED_EDGE ( 'NONE', *, *, #1515, .F. ) ;
#522 = COLOUR_RGB ( '',0.5019607843137254832, 0.5019607843137254832, 1.000000000000000000 ) ;
#523 = UNCERTAINTY_MEASURE_WITH_UNIT (LENGTH_MEASURE( 1.000000000000000082E-05 ), #3822, 'distance_accuracy_value', 'NONE');
#524 = SURFACE_STYLE_FILL_AREA ( #3591 ) ;
#525 = PRODUCT_DEFINITION_SHAPE ( 'NONE', 'NONE',  #1692 ) ;
#526 = UNCERTAINTY_MEASURE_WITH_UNIT (LENGTH_MEASURE( 1.000000000000000082E-05 ), #6193, 'distance_accuracy_value', 'NONE');
#527 = CARTESIAN_POINT ( 'NONE',  ( 25.50000000000000000, 0.000000000000000000, 21.50000000000000355 ) ) ;
#528 = PRESENTATION_STYLE_ASSIGNMENT (( #5253 ) ) ;
#529 = ORIENTED_EDGE ( 'NONE', *, *, #5469, .F. ) ;
#530 = ORIENTED_EDGE ( 'NONE', *, *, #6370, .F. ) ;
#531 = CIRCLE ( 'NONE', #3174, 40.00000000000000711 ) ;
#532 = AXIS2_PLACEMENT_3D ( 'NONE', #3644, #4162, #3547 ) ;
#533 = DIRECTION ( 'NONE',  ( 1.000000000000000000, 2.167851070390029859E-16, 0.000000000000000000 ) ) ;
#534 = CARTESIAN_POINT ( 'NONE',  ( 85.50000000000001421, 4.000000000000000000, 4.999999999999999112 ) ) ;
#535 = ORIENTED_EDGE ( 'NONE', *, *, #1728, .F. ) ;
#536 = AXIS2_PLACEMENT_3D ( 'NONE', #6553, #2964, #347 ) ;
#537 = LINE ( 'NONE', #2152, #1296 ) ;
#538 = FACE_OUTER_BOUND ( 'NONE', #865, .T. ) ;
#539 = MECHANICAL_DESIGN_GEOMETRIC_PRESENTATION_REPRESENTATION (  '', ( #1641 ), #1197 ) ;
#540 = MECHANICAL_DESIGN_GEOMETRIC_PRESENTATION_REPRESENTATION (  '', ( #318 ), #4249 ) ;
#541 = DIRECTION ( 'NONE',  ( 0.000000000000000000, 1.000000000000000000, -0.000000000000000000 ) ) ;
#542 = ORIENTED_EDGE ( 'NONE', *, *, #6154, .T. ) ;
#543 =( GEOMETRIC_REPRESENTATION_CONTEXT ( 3 ) GLOBAL_UNCERTAINTY_ASSIGNED_CONTEXT ( ( #4786 ) ) GLOBAL_UNIT_ASSIGNED_CONTEXT ( ( #6786, #6822, #2017 ) ) REPRESENTATION_CONTEXT ( 'NONE', 'WORKASPACE' ) );
#544 = FILL_AREA_STYLE ('',( #14 ) ) ;
#545 = SURFACE_STYLE_USAGE ( .BOTH. , #5116 ) ;
#546 = FILL_AREA_STYLE ('',( #4094 ) ) ;
#547 =( GEOMETRIC_REPRESENTATION_CONTEXT ( 3 ) GLOBAL_UNCERTAINTY_ASSIGNED_CONTEXT ( ( #339 ) ) GLOBAL_UNIT_ASSIGNED_CONTEXT ( ( #4586, #4056, #3597 ) ) REPRESENTATION_CONTEXT ( 'NONE', 'WORKASPACE' ) );
#548 =( NAMED_UNIT ( * ) PLANE_ANGLE_UNIT ( ) SI_UNIT ( $, .RADIAN. ) );
#549 = EDGE_CURVE ( 'NONE', #2695, #5910, #1383, .T. ) ;
#550 = CARTESIAN_POINT ( 'NONE',  ( -39.95933631058686331, 0.000000000000000000, 36.18556701030929901 ) ) ;
#551 = CIRCLE ( 'NONE', #6162, 4.999999999999993783 ) ;
#552 = ORIENTED_EDGE ( 'NONE', *, *, #1551, .T. ) ;
#553 = COLOUR_RGB ( '',0.5019607843137254832, 0.5019607843137254832, 1.000000000000000000 ) ;
#554 = PRESENTATION_LAYER_ASSIGNMENT (  '', '', ( #983 ) ) ;
#555 = CARTESIAN_POINT ( 'NONE',  ( -85.50000000000001421, 4.000000000000000000, 3.091507183936761827 ) ) ;
#556 = DIRECTION ( 'NONE',  ( 0.000000000000000000, 0.000000000000000000, 1.000000000000000000 ) ) ;
#557 = EDGE_CURVE ( 'NONE', #144, #4485, #1050, .T. ) ;
#558 = DIRECTION ( 'NONE',  ( -1.000000000000000000, 0.000000000000000000, 0.000000000000000000 ) ) ;
#559 = FACE_BOUND ( 'NONE', #5934, .T. ) ;
#560 = COLOUR_RGB ( '',0.5019607843137254832, 0.5019607843137254832, 1.000000000000000000 ) ;
#561 = PRESENTATION_STYLE_ASSIGNMENT (( #2364 ) ) ;
#562 = ORIENTED_EDGE ( 'NONE', *, *, #1865, .F. ) ;
#563 = ADVANCED_FACE ( 'NONE', ( #2526 ), #4624, .F. ) ;
#564 = ADVANCED_FACE ( 'NONE', ( #3116 ), #3593, .F. ) ;
#565 = STYLED_ITEM ( 'NONE', ( #2237 ), #4086 ) ;
#566 = SURFACE_STYLE_USAGE ( .BOTH. , #6345 ) ;
#567 = MECHANICAL_DESIGN_GEOMETRIC_PRESENTATION_REPRESENTATION (  '', ( #2649 ), #1000 ) ;
#568 = SURFACE_SIDE_STYLE ('',( #3628 ) ) ;
#569 = FILL_AREA_STYLE_COLOUR ( '', #457 ) ;
#570 =( NAMED_UNIT ( * ) PLANE_ANGLE_UNIT ( ) SI_UNIT ( $, .RADIAN. ) );
#571 = DIRECTION ( 'NONE',  ( 0.000000000000000000, 1.000000000000000000, 0.000000000000000000 ) ) ;
#572 = EDGE_LOOP ( 'NONE', ( #2862, #5277, #215, #605 ) ) ;
#573 = CARTESIAN_POINT ( 'NONE',  ( -15.50000000000001776, -15.00000000000000178, 15.40000000000000924 ) ) ;
#574 = CIRCLE ( 'NONE', #1227, 8.500000000000010658 ) ;
#575 = ADVANCED_FACE ( 'NONE', ( #5390 ), #150, .F. ) ;
#576 = FILL_AREA_STYLE ('',( #1072 ) ) ;
#577 = LINE ( 'NONE', #4631, #4380 ) ;
#578 = ORIENTED_EDGE ( 'NONE', *, *, #3807, .T. ) ;
#579 = CARTESIAN_POINT ( 'NONE',  ( 44.50000000000001421, -19.99999999999999645, 26.50000000000000711 ) ) ;
#580 = VERTEX_POINT ( 'NONE', #3725 ) ;
#581 = CARTESIAN_POINT ( 'NONE',  ( -42.57211781330950373, 0.000000000000000000, -10.12335836023588165 ) ) ;
#582 = LINE ( 'NONE', #1750, #2073 ) ;
#583 = PLANE ( 'NONE',  #3516 ) ;
#584 = VERTEX_POINT ( 'NONE', #4916 ) ;
#585 = CARTESIAN_POINT ( 'NONE',  ( 12.49999999999999467, -7.000000000000000000, 40.00000000000000711 ) ) ;
#586 = ADVANCED_FACE ( 'NONE', ( #185 ), #2251, .F. ) ;
#587 = DIRECTION ( 'NONE',  ( 1.000000000000000000, 0.000000000000000000, -0.000000000000000000 ) ) ;
#588 = FACE_OUTER_BOUND ( 'NONE', #3295, .T. ) ;
#589 = LINE ( 'NONE', #4854, #1256 ) ;
#590 = CARTESIAN_POINT ( 'NONE',  ( 44.50000000000001421, -18.50000000000000000, -27.25000000000000355 ) ) ;
#591 = CARTESIAN_POINT ( 'NONE',  ( 44.50000000000001421, -2.999999999999999112, 29.00000000000000711 ) ) ;
#592 = CARTESIAN_POINT ( 'NONE',  ( -44.50000000000001421, 15.00000000000000000, -29.00000000000000711 ) ) ;
#593 = ORIENTED_EDGE ( 'NONE', *, *, #2411, .F. ) ;
#594 = ORIENTED_EDGE ( 'NONE', *, *, #6627, .T. ) ;
#595 = UNCERTAINTY_MEASURE_WITH_UNIT (LENGTH_MEASURE( 1.000000000000000082E-05 ), #5533, 'distance_accuracy_value', 'NONE');
#596 = CARTESIAN_POINT ( 'NONE',  ( 45.67077626419152381, -9.250000000000001776, -20.58101651390110831 ) ) ;
#597 = FILL_AREA_STYLE_COLOUR ( '', #4590 ) ;
#598 = CARTESIAN_POINT ( 'NONE',  ( 85.50000000000001421, 15.00000000000000000, 3.091507183936761827 ) ) ;
#599 = FACE_OUTER_BOUND ( 'NONE', #6532, .T. ) ;
#600 = EDGE_LOOP ( 'NONE', ( #5044, #4466, #1902, #3823 ) ) ;
#601 = ORIENTED_EDGE ( 'NONE', *, *, #3522, .T. ) ;
#602 = MECHANICAL_DESIGN_GEOMETRIC_PRESENTATION_REPRESENTATION (  '', ( #818 ), #5334 ) ;
#603 =( NAMED_UNIT ( * ) SI_UNIT ( $, .STERADIAN. ) SOLID_ANGLE_UNIT ( ) );
#604 =( NAMED_UNIT ( * ) SI_UNIT ( $, .STERADIAN. ) SOLID_ANGLE_UNIT ( ) );
#605 = ORIENTED_EDGE ( 'NONE', *, *, #2816, .F. ) ;
#606 = SURFACE_STYLE_USAGE ( .BOTH. , #1639 ) ;
#607 = MECHANICAL_DESIGN_GEOMETRIC_PRESENTATION_REPRESENTATION (  '', ( #3774 ), #5330 ) ;
#608 = LINE ( 'NONE', #1157, #960 ) ;
#609 = ORIENTED_EDGE ( 'NONE', *, *, #6541, .T. ) ;
#610 = PLANE ( 'NONE',  #1148 ) ;
#611 = SURFACE_SIDE_STYLE ('',( #3196 ) ) ;
#612 = CIRCLE ( 'NONE', #3250, 4.599999999999999645 ) ;
#613 = SURFACE_STYLE_FILL_AREA ( #3199 ) ;
#614 = DIRECTION ( 'NONE',  ( -0.000000000000000000, -1.000000000000000000, -0.000000000000000000 ) ) ;
#615 = SURFACE_SIDE_STYLE ('',( #2776 ) ) ;
#616 = SURFACE_SIDE_STYLE ('',( #3205 ) ) ;
#617 = FACE_OUTER_BOUND ( 'NONE', #6010, .T. ) ;
#618 = SURFACE_STYLE_USAGE ( .BOTH. , #5336 ) ;
#619 = DIRECTION ( 'NONE',  ( -0.000000000000000000, 1.000000000000000000, -0.000000000000000000 ) ) ;
#620 = CYLINDRICAL_SURFACE ( 'NONE', #3684, 8.500000000000010658 ) ;
#621 = VERTEX_POINT ( 'NONE', #5459 ) ;
#622 = ORIENTED_EDGE ( 'NONE', *, *, #2469, .T. ) ;
#623 = COLOUR_RGB ( '',0.5019607843137254832, 0.5019607843137254832, 1.000000000000000000 ) ;
#624 = CIRCLE ( 'NONE', #2041, 43.50000000000000711 ) ;
#625 =( GEOMETRIC_REPRESENTATION_CONTEXT ( 3 ) GLOBAL_UNCERTAINTY_ASSIGNED_CONTEXT ( ( #3342 ) ) GLOBAL_UNIT_ASSIGNED_CONTEXT ( ( #1470, #3582, #3165 ) ) REPRESENTATION_CONTEXT ( 'NONE', 'WORKASPACE' ) );
#626 = DIRECTION ( 'NONE',  ( -0.000000000000000000, 1.000000000000000000, -0.000000000000000000 ) ) ;
#627 = CARTESIAN_POINT ( 'NONE',  ( 45.50000000000002132, 1.802094487897897279, -3.091507183936754721 ) ) ;
#628 =( NAMED_UNIT ( * ) PLANE_ANGLE_UNIT ( ) SI_UNIT ( $, .RADIAN. ) );
#629 = PRESENTATION_STYLE_ASSIGNMENT (( #5907 ) ) ;
#630 = SURFACE_STYLE_FILL_AREA ( #2176 ) ;
#631 = ORIENTED_EDGE ( 'NONE', *, *, #2570, .T. ) ;
#632 = VERTEX_POINT ( 'NONE', #727 ) ;
#633 = CARTESIAN_POINT ( 'NONE',  ( -14.99999999999999467, 0.000000000000000000, -29.99999999999999289 ) ) ;
#634 = ADVANCED_FACE ( 'NONE', ( #599 ), #2694, .T. ) ;
#635 = CARTESIAN_POINT ( 'NONE',  ( 6.500000000000005329, 15.00000000000000000, 26.50000000000001066 ) ) ;
#636 = DIRECTION ( 'NONE',  ( 0.000000000000000000, -0.000000000000000000, 1.000000000000000000 ) ) ;
#637 = VERTEX_POINT ( 'NONE', #4962 ) ;
#638 = DIRECTION ( 'NONE',  ( 0.000000000000000000, 0.000000000000000000, 1.000000000000000000 ) ) ;
#639 = EDGE_CURVE ( 'NONE', #78, #445, #3425, .T. ) ;
#640 = EDGE_CURVE ( 'NONE', #2202, #3393, #2899, .T. ) ;
#641 = ORIENTED_EDGE ( 'NONE', *, *, #3121, .T. ) ;
#642 = STYLED_ITEM ( 'NONE', ( #2568 ), #976 ) ;
#643 = CARTESIAN_POINT ( 'NONE',  ( 85.50000000000001421, 0.000000000000000000, 3.091507183936761827 ) ) ;
#644 = LINE ( 'NONE', #1680, #3265 ) ;
#645 = CIRCLE ( 'NONE', #6151, 40.00000000000000000 ) ;
#646 = DIRECTION ( 'NONE',  ( 0.000000000000000000, 1.024628711853730936E-16, -1.000000000000000000 ) ) ;
#647 = CARTESIAN_POINT ( 'NONE',  ( -18.59150718393674850, 15.00000000000000000, 26.50000000000001066 ) ) ;
#648 =( GEOMETRIC_REPRESENTATION_CONTEXT ( 3 ) GLOBAL_UNCERTAINTY_ASSIGNED_CONTEXT ( ( #497 ) ) GLOBAL_UNIT_ASSIGNED_CONTEXT ( ( #3239, #3272, #3208 ) ) REPRESENTATION_CONTEXT ( 'NONE', 'WORKASPACE' ) );
#649 = AXIS2_PLACEMENT_3D ( 'NONE', #5808, #3338, #4838 ) ;
#650 = STYLED_ITEM ( 'NONE', ( #4169 ), #6035 ) ;
#651 = MECHANICAL_DESIGN_GEOMETRIC_PRESENTATION_REPRESENTATION (  '', ( #975 ), #3518 ) ;
#652 = CARTESIAN_POINT ( 'NONE',  ( 44.50000000000001421, -19.99999999999999645, 29.00000000000000711 ) ) ;
#653 = CARTESIAN_POINT ( 'NONE',  ( 20.00000000000000000, -13.49999999999999822, 24.30000000000000782 ) ) ;
#654 = CARTESIAN_POINT ( 'NONE',  ( 1.000000000000005995, -7.000000000000000000, -30.00000000000000711 ) ) ;
#655 = CARTESIAN_POINT ( 'NONE',  ( -15.50000000000001776, -22.00000000000000000, 22.60000000000001208 ) ) ;
#656 = CARTESIAN_POINT ( 'NONE',  ( 6.500000000000002665, 0.000000000000000000, 30.00000000000001066 ) ) ;
#657 = AXIS2_PLACEMENT_3D ( 'NONE', #2149, #5851, #4661 ) ;
#658 = DIRECTION ( 'NONE',  ( 0.000000000000000000, 0.000000000000000000, -1.000000000000000000 ) ) ;
#659 = EDGE_LOOP ( 'NONE', ( #152, #4306, #3861, #4082 ) ) ;
#660 = ORIENTED_EDGE ( 'NONE', *, *, #177, .T. ) ;
#661 = VECTOR ( 'NONE', #3316, 1000.000000000000000 ) ;
#662 = AXIS2_PLACEMENT_3D ( 'NONE', #4569, #5062, #3485 ) ;
#663 = CARTESIAN_POINT ( 'NONE',  ( 45.50465097219373689, 1.926842986731156948, -3.712394422180031572 ) ) ;
#664 = CARTESIAN_POINT ( 'NONE',  ( 9.500000000000001776, -13.49999999999999822, 26.50000000000001066 ) ) ;
#665 = SURFACE_SIDE_STYLE ('',( #1669 ) ) ;
#666 = VECTOR ( 'NONE', #2931, 1000.000000000000000 ) ;
#667 = FILL_AREA_STYLE ('',( #3147 ) ) ;
#668 = CARTESIAN_POINT ( 'NONE',  ( 44.50000000000001421, -18.50000000000000000, 31.50000000000001421 ) ) ;
#669 = VERTEX_POINT ( 'NONE', #1932 ) ;
#670 = EDGE_LOOP ( 'NONE', ( #4964, #660, #3445, #6675 ) ) ;
#671 = UNCERTAINTY_MEASURE_WITH_UNIT (LENGTH_MEASURE( 1.000000000000000082E-05 ), #5841, 'distance_accuracy_value', 'NONE');
#672 = AXIS2_PLACEMENT_3D ( 'NONE', #2300, #2708, #2742 ) ;
#673 = STYLED_ITEM ( 'NONE', ( #5793 ), #138 ) ;
#674 = AXIS2_PLACEMENT_3D ( 'NONE', #340, #3407, #4528 ) ;
#675 = EDGE_CURVE ( 'NONE', #1998, #6420, #531, .T. ) ;
#676 = PRESENTATION_LAYER_ASSIGNMENT (  '', '', ( #3643 ) ) ;
#677 = FACE_OUTER_BOUND ( 'NONE', #1041, .T. ) ;
#678 = VECTOR ( 'NONE', #366, 1000.000000000000000 ) ;
#679 = CARTESIAN_POINT ( 'NONE',  ( 25.50000000000000000, -18.50000000000000000, 21.50000000000000355 ) ) ;
#680 = ORIENTED_EDGE ( 'NONE', *, *, #4799, .T. ) ;
#681 = CIRCLE ( 'NONE', #4958, 8.500000000000010658 ) ;
#682 = DIRECTION ( 'NONE',  ( 8.932828933765625795E-15, 0.000000000000000000, -1.000000000000000000 ) ) ;
#683 = VERTEX_POINT ( 'NONE', #2938 ) ;
#684 = EDGE_CURVE ( 'NONE', #1926, #508, #283, .T. ) ;
#685 = CARTESIAN_POINT ( 'NONE',  ( 44.50000000000001421, -22.00000000000000355, -31.50000000000001421 ) ) ;
#686 = DIRECTION ( 'NONE',  ( -0.000000000000000000, 1.000000000000000000, -0.000000000000000000 ) ) ;
#687 = SURFACE_SIDE_STYLE ('',( #4310 ) ) ;
#688 = FILL_AREA_STYLE ('',( #5862 ) ) ;
#689 = CARTESIAN_POINT ( 'NONE',  ( 39.95933631058686331, -22.00000000000000000, 36.18556701030929901 ) ) ;
#690 = EDGE_CURVE ( 'NONE', #5028, #359, #3010, .T. ) ;
#691 = CARTESIAN_POINT ( 'NONE',  ( 19.50000000000000355, 9.004083487752723158, 40.00000000000000711 ) ) ;
#692 = FILL_AREA_STYLE_COLOUR ( '', #437 ) ;
#693 = DIRECTION ( 'NONE',  ( -0.000000000000000000, -0.000000000000000000, -1.000000000000000000 ) ) ;
#694 = ORIENTED_EDGE ( 'NONE', *, *, #2482, .T. ) ;
#695 = ORIENTED_EDGE ( 'NONE', *, *, #885, .T. ) ;
#696 = ADVANCED_FACE ( 'NONE', ( #1871 ), #2343, .T. ) ;
#697 = CARTESIAN_POINT ( 'NONE',  ( 42.00427657603578524, 1.926839015633480923, -3.712384093601706958 ) ) ;
#698 = FILL_AREA_STYLE ('',( #3360 ) ) ;
#699 = ORIENTED_EDGE ( 'NONE', *, *, #1151, .F. ) ;
#700 = ORIENTED_EDGE ( 'NONE', *, *, #1040, .T. ) ;
#701 = DIRECTION ( 'NONE',  ( 0.000000000000000000, 0.000000000000000000, -1.000000000000000000 ) ) ;
#702 = CARTESIAN_POINT ( 'NONE',  ( -42.00000000000000711, 15.00000000000000000, 30.00000000000001066 ) ) ;
#703 = CARTESIAN_POINT ( 'NONE',  ( -85.50000000000001421, 4.000000000000000000, -2.499999999999999556 ) ) ;
#704 = EDGE_LOOP ( 'NONE', ( #5675, #4696, #4324, #4440 ) ) ;
#705 = DIRECTION ( 'NONE',  ( -0.000000000000000000, -0.000000000000000000, -1.000000000000000000 ) ) ;
#706 = VECTOR ( 'NONE', #1993, 1000.000000000000000 ) ;
#707 = PRESENTATION_LAYER_ASSIGNMENT (  '', '', ( #6655 ) ) ;
#708 = ORIENTED_EDGE ( 'NONE', *, *, #5894, .F. ) ;
#709 = CARTESIAN_POINT ( 'NONE',  ( -44.50000000000001421, -22.00000000000000355, -26.50000000000000711 ) ) ;
#710 = PRESENTATION_STYLE_ASSIGNMENT (( #1259 ) ) ;
#711 = COLOUR_RGB ( '',0.5019607843137254832, 0.5019607843137254832, 1.000000000000000000 ) ;
#712 = DIRECTION ( 'NONE',  ( 1.000000000000000000, 0.000000000000000000, 0.000000000000000000 ) ) ;
#713 = VERTEX_POINT ( 'NONE', #4465 ) ;
#714 = UNCERTAINTY_MEASURE_WITH_UNIT (LENGTH_MEASURE( 1.000000000000000082E-05 ), #6787, 'distance_accuracy_value', 'NONE');
#715 =( GEOMETRIC_REPRESENTATION_CONTEXT ( 3 ) GLOBAL_UNCERTAINTY_ASSIGNED_CONTEXT ( ( #3875 ) ) GLOBAL_UNIT_ASSIGNED_CONTEXT ( ( #3149, #2625, #5797 ) ) REPRESENTATION_CONTEXT ( 'NONE', 'WORKASPACE' ) );
#716 = EDGE_CURVE ( 'NONE', #2409, #3385, #799, .T. ) ;
#717 = CARTESIAN_POINT ( 'NONE',  ( -44.50000000000001421, -2.999999999999999112, -29.00000000000000711 ) ) ;
#718 = LINE ( 'NONE', #5417, #3531 ) ;
#719 = LINE ( 'NONE', #2749, #3572 ) ;
#720 = SURFACE_SIDE_STYLE ('',( #1723 ) ) ;
#721 = ORIENTED_EDGE ( 'NONE', *, *, #2148, .F. ) ;
#722 = EDGE_LOOP ( 'NONE', ( #1432, #3685, #4106, #3012 ) ) ;
#723 = EDGE_CURVE ( 'NONE', #3172, #2826, #3169, .T. ) ;
#724 = PRESENTATION_STYLE_ASSIGNMENT (( #2246 ) ) ;
#725 = CARTESIAN_POINT ( 'NONE',  ( 42.04188619865061582, 3.800000000000014477, -5.000000000000000888 ) ) ;
#726 = FACE_OUTER_BOUND ( 'NONE', #1030, .T. ) ;
#727 = CARTESIAN_POINT ( 'NONE',  ( 42.00000000000000711, -18.50000000000000355, 3.091507183936761827 ) ) ;
#728 = VERTEX_POINT ( 'NONE', #247 ) ;
#729 = ORIENTED_EDGE ( 'NONE', *, *, #6370, .T. ) ;
#730 = VECTOR ( 'NONE', #6326, 1000.000000000000000 ) ;
#731 =( GEOMETRIC_REPRESENTATION_CONTEXT ( 3 ) GLOBAL_UNCERTAINTY_ASSIGNED_CONTEXT ( ( #5962 ) ) GLOBAL_UNIT_ASSIGNED_CONTEXT ( ( #1365, #2005, #6080 ) ) REPRESENTATION_CONTEXT ( 'NONE', 'WORKASPACE' ) );
#732 = CARTESIAN_POINT ( 'NONE',  ( -3.500000000000016875, -15.00000000000000178, 20.00000000000001066 ) ) ;
#733 =( LENGTH_UNIT ( ) NAMED_UNIT ( * ) SI_UNIT ( .MILLI., .METRE. ) );
#734 = DIRECTION ( 'NONE',  ( 0.000000000000000000, -1.000000000000000000, 0.000000000000000000 ) ) ;
#735 = MECHANICAL_DESIGN_GEOMETRIC_PRESENTATION_REPRESENTATION (  '', ( #5475 ), #5022 ) ;
#736 = DIRECTION ( 'NONE',  ( 0.000000000000000000, 0.000000000000000000, -1.000000000000000000 ) ) ;
#737 = ORIENTED_EDGE ( 'NONE', *, *, #3832, .F. ) ;
#738 = CARTESIAN_POINT ( 'NONE',  ( -44.50000000000001421, -18.50000000000000000, -30.75000000000001421 ) ) ;
#739 = SURFACE_SIDE_STYLE ('',( #2388 ) ) ;
#740 = SURFACE_STYLE_USAGE ( .BOTH. , #687 ) ;
#741 = PRESENTATION_STYLE_ASSIGNMENT (( #5043 ) ) ;
#742 = VECTOR ( 'NONE', #3669, 1000.000000000000000 ) ;
#743 =( NAMED_UNIT ( * ) PLANE_ANGLE_UNIT ( ) SI_UNIT ( $, .RADIAN. ) );
#744 = CYLINDRICAL_SURFACE ( 'NONE', #1944, 2.500000000000005773 ) ;
#745 = ADVANCED_FACE ( 'NONE', ( #4431 ), #6761, .F. ) ;
#746 = DIRECTION ( 'NONE',  ( -0.000000000000000000, 1.000000000000000000, -0.000000000000000000 ) ) ;
#747 = SURFACE_SIDE_STYLE ('',( #3893 ) ) ;
#748 = MECHANICAL_DESIGN_GEOMETRIC_PRESENTATION_REPRESENTATION (  '', ( #4248 ), #3717 ) ;
#749 = PRESENTATION_STYLE_ASSIGNMENT (( #1722 ) ) ;
#750 = STYLED_ITEM ( 'NONE', ( #1339 ), #3332 ) ;
#751 = STYLED_ITEM ( 'NONE', ( #4388 ), #1232 ) ;
#752 = FILL_AREA_STYLE_COLOUR ( '', #5220 ) ;
#753 = VECTOR ( 'NONE', #6481, 1000.000000000000000 ) ;
#754 = ORIENTED_EDGE ( 'NONE', *, *, #5469, .T. ) ;
#755 = COLOUR_RGB ( '',0.5019607843137254832, 0.5019607843137254832, 1.000000000000000000 ) ;
#756 = EDGE_CURVE ( 'NONE', #1676, #1242, #2026, .T. ) ;
#757 = SURFACE_STYLE_FILL_AREA ( #6005 ) ;
#758 = FACE_BOUND ( 'NONE', #6453, .T. ) ;
#759 = STYLED_ITEM ( 'NONE', ( #1980 ), #6161 ) ;
#760 = PRESENTATION_STYLE_ASSIGNMENT (( #2173 ) ) ;
#761 = CARTESIAN_POINT ( 'NONE',  ( 85.50000000000001421, 4.000000000000000000, -3.091507183936761827 ) ) ;
#762 = MECHANICAL_DESIGN_GEOMETRIC_PRESENTATION_REPRESENTATION (  '', ( #5831 ), #4259 ) ;
#763 = DIRECTION ( 'NONE',  ( 0.000000000000000000, -0.000000000000000000, 1.000000000000000000 ) ) ;
#764 = ORIENTED_EDGE ( 'NONE', *, *, #4904, .F. ) ;
#765 = ORIENTED_EDGE ( 'NONE', *, *, #4576, .F. ) ;
#766 = EDGE_CURVE ( 'NONE', #829, #1872, #1025, .T. ) ;
#767 = MECHANICAL_DESIGN_GEOMETRIC_PRESENTATION_REPRESENTATION (  '', ( #6712 ), #2365 ) ;
#768 = EDGE_CURVE ( 'NONE', #2826, #3172, #3355, .T. ) ;
#769 = MECHANICAL_DESIGN_GEOMETRIC_PRESENTATION_REPRESENTATION (  '', ( #4837 ), #982 ) ;
#770 = COLOUR_RGB ( '',0.5019607843137254832, 0.5019607843137254832, 1.000000000000000000 ) ;
#771 = VECTOR ( 'NONE', #6704, 1000.000000000000000 ) ;
#772 = CYLINDRICAL_SURFACE ( 'NONE', #3946, 4.600000000000001421 ) ;
#773 = PRESENTATION_LAYER_ASSIGNMENT (  '', '', ( #4726 ) ) ;
#774 = PLANE ( 'NONE',  #3189 ) ;
#775 = CARTESIAN_POINT ( 'NONE',  ( -46.12293727264081866, 0.000000000000000000, -10.12335836023587987 ) ) ;
#776 = DIRECTION ( 'NONE',  ( -0.000000000000000000, 1.000000000000000000, -0.000000000000000000 ) ) ;
#777 = ORIENTED_EDGE ( 'NONE', *, *, #5194, .T. ) ;
#778 = MECHANICAL_DESIGN_GEOMETRIC_PRESENTATION_REPRESENTATION (  '', ( #2858 ), #4045 ) ;
#779 = ORIENTED_EDGE ( 'NONE', *, *, #260, .T. ) ;
#780 = ADVANCED_FACE ( 'NONE', ( #3267 ), #1451, .T. ) ;
#781 = STYLED_ITEM ( 'NONE', ( #4632 ), #4188 ) ;
#782 =( GEOMETRIC_REPRESENTATION_CONTEXT ( 3 ) GLOBAL_UNCERTAINTY_ASSIGNED_CONTEXT ( ( #3776 ) ) GLOBAL_UNIT_ASSIGNED_CONTEXT ( ( #3992, #4421, #2884 ) ) REPRESENTATION_CONTEXT ( 'NONE', 'WORKASPACE' ) );
#783 = CARTESIAN_POINT ( 'NONE',  ( -11.99999999999999289, 4.000000000000000000, -30.00000000000000711 ) ) ;
#784 =( NAMED_UNIT ( * ) SI_UNIT ( $, .STERADIAN. ) SOLID_ANGLE_UNIT ( ) );
#785 = SURFACE_STYLE_FILL_AREA ( #3886 ) ;
#786 = AXIS2_PLACEMENT_3D ( 'NONE', #761, #1345, #2342 ) ;
#787 = UNCERTAINTY_MEASURE_WITH_UNIT (LENGTH_MEASURE( 1.000000000000000082E-05 ), #3271, 'distance_accuracy_value', 'NONE');
#788 = CARTESIAN_POINT ( 'NONE',  ( 55.50000000000001421, 1.800000000000000044, -2.999999999999986677 ) ) ;
#789 = DIRECTION ( 'NONE',  ( 0.000000000000000000, 0.000000000000000000, 1.000000000000000000 ) ) ;
#790 = CARTESIAN_POINT ( 'NONE',  ( -44.50000000000001421, -42.54163056034263946, -29.00000000000000711 ) ) ;
#791 = CARTESIAN_POINT ( 'NONE',  ( 19.50000000000000355, -7.000000000000000000, 28.00000000000001066 ) ) ;
#792 = FILL_AREA_STYLE ('',( #5055 ) ) ;
#793 = LINE ( 'NONE', #4954, #2145 ) ;
#794 = VERTEX_POINT ( 'NONE', #6711 ) ;
#795 = CARTESIAN_POINT ( 'NONE',  ( 0.000000000000000000, -18.50000000000000000, 0.000000000000000000 ) ) ;
#796 = PRESENTATION_STYLE_ASSIGNMENT (( #5526 ) ) ;
#797 = CARTESIAN_POINT ( 'NONE',  ( -42.00000000000000711, -18.50000000000000355, -3.091507183936765379 ) ) ;
#798 = CARTESIAN_POINT ( 'NONE',  ( -27.50000000000001776, -18.50000000000000000, 24.60000000000001208 ) ) ;
#799 = LINE ( 'NONE', #2475, #6144 ) ;
#800 = EDGE_LOOP ( 'NONE', ( #4587, #3670, #6225, #2932, #255, #4612 ) ) ;
#801 = ORIENTED_EDGE ( 'NONE', *, *, #6790, .T. ) ;
#802 = EDGE_CURVE ( 'NONE', #1933, #6791, #5701, .T. ) ;
#803 =( LENGTH_UNIT ( ) NAMED_UNIT ( * ) SI_UNIT ( .MILLI., .METRE. ) );
#804 = PRESENTATION_STYLE_ASSIGNMENT (( #3950 ) ) ;
#805 = FACE_OUTER_BOUND ( 'NONE', #1457, .T. ) ;
#806 = VERTEX_POINT ( 'NONE', #4797 ) ;
#807 = DIRECTION ( 'NONE',  ( -0.000000000000000000, -0.000000000000000000, -1.000000000000000000 ) ) ;
#808 = ORIENTED_EDGE ( 'NONE', *, *, #1652, .T. ) ;
#809 = EDGE_CURVE ( 'NONE', #4776, #5089, #6779, .T. ) ;
#810 = VECTOR ( 'NONE', #6038, 1000.000000000000000 ) ;
#811 = FILL_AREA_STYLE_COLOUR ( '', #97 ) ;
#812 = DIRECTION ( 'NONE',  ( 0.000000000000000000, 0.000000000000000000, 1.000000000000000000 ) ) ;
#813 = ORIENTED_EDGE ( 'NONE', *, *, #1890, .F. ) ;
#814 = PRESENTATION_LAYER_ASSIGNMENT (  '', '', ( #1363 ) ) ;
#815 = UNCERTAINTY_MEASURE_WITH_UNIT (LENGTH_MEASURE( 1.000000000000000082E-05 ), #6642, 'distance_accuracy_value', 'NONE');
#816 = LINE ( 'NONE', #2925, #454 ) ;
#817 =( NAMED_UNIT ( * ) PLANE_ANGLE_UNIT ( ) SI_UNIT ( $, .RADIAN. ) );
#818 = STYLED_ITEM ( 'NONE', ( #1563 ), #1611 ) ;
#819 = FILL_AREA_STYLE ('',( #6522 ) ) ;
#820 = CARTESIAN_POINT ( 'NONE',  ( -45.50000000000001421, 4.000000000000000000, 3.091507183936761827 ) ) ;
#821 = PRESENTATION_STYLE_ASSIGNMENT (( #3451 ) ) ;
#822 = ORIENTED_EDGE ( 'NONE', *, *, #6752, .T. ) ;
#823 = MECHANICAL_DESIGN_GEOMETRIC_PRESENTATION_REPRESENTATION (  '', ( #1368 ), #5558 ) ;
#824 = CARTESIAN_POINT ( 'NONE',  ( 55.50000000000001421, 1.800000000000000044, 2.999999999999984901 ) ) ;
#825 = FILL_AREA_STYLE ('',( #1898 ) ) ;
#826 = DIRECTION ( 'NONE',  ( -0.000000000000000000, -1.000000000000000000, -0.000000000000000000 ) ) ;
#827 = AXIS2_PLACEMENT_3D ( 'NONE', #5120, #4030, #5681 ) ;
#828 = CARTESIAN_POINT ( 'NONE',  ( 18.59150718393674495, 0.000000000000000000, -70.00000000000000000 ) ) ;
#829 = VERTEX_POINT ( 'NONE', #506 ) ;
#830 = ORIENTED_EDGE ( 'NONE', *, *, #4061, .F. ) ;
#831 = SURFACE_STYLE_USAGE ( .BOTH. , #1835 ) ;
#832 = EDGE_CURVE ( 'NONE', #3786, #6799, #537, .T. ) ;
#833 = DIRECTION ( 'NONE',  ( 0.000000000000000000, 0.000000000000000000, -1.000000000000000000 ) ) ;
#834 = CARTESIAN_POINT ( 'NONE',  ( -27.50000000000001776, -11.99999999999999822, 20.00000000000001066 ) ) ;
#835 = ORIENTED_EDGE ( 'NONE', *, *, #846, .F. ) ;
#836 =( GEOMETRIC_REPRESENTATION_CONTEXT ( 3 ) GLOBAL_UNCERTAINTY_ASSIGNED_CONTEXT ( ( #1112 ) ) GLOBAL_UNIT_ASSIGNED_CONTEXT ( ( #2943, #1585, #1032 ) ) REPRESENTATION_CONTEXT ( 'NONE', 'WORKASPACE' ) );
#837 = FILL_AREA_STYLE ('',( #3465 ) ) ;
#838 =( LENGTH_UNIT ( ) NAMED_UNIT ( * ) SI_UNIT ( .MILLI., .METRE. ) );
#839 = CARTESIAN_POINT ( 'NONE',  ( 18.59150718393674495, -22.00000000000000000, -30.00000000000000711 ) ) ;
#840 = ADVANCED_FACE ( 'NONE', ( #5298 ), #49, .F. ) ;
#841 = STYLED_ITEM ( 'NONE', ( #1448 ), #2358 ) ;
#842 = DIRECTION ( 'NONE',  ( -0.000000000000000000, -0.000000000000000000, 1.000000000000000000 ) ) ;
#843 = CARTESIAN_POINT ( 'NONE',  ( -44.50000000000001421, -22.00000000000000000, -29.00000000000000711 ) ) ;
#844 = DIRECTION ( 'NONE',  ( 0.000000000000000000, 0.000000000000000000, -1.000000000000000000 ) ) ;
#845 = EDGE_LOOP ( 'NONE', ( #115, #1321 ) ) ;
#846 = EDGE_CURVE ( 'NONE', #5401, #6577, #1628, .T. ) ;
#847 = SURFACE_STYLE_USAGE ( .BOTH. , #6126 ) ;
#848 = ADVANCED_FACE ( 'NONE', ( #4304 ), #2259, .F. ) ;
#849 = AXIS2_PLACEMENT_3D ( 'NONE', #3891, #3478, #2847 ) ;
#850 =( LENGTH_UNIT ( ) NAMED_UNIT ( * ) SI_UNIT ( .MILLI., .METRE. ) );
#851 = DIRECTION ( 'NONE',  ( -1.000000000000000000, 0.000000000000000000, 0.000000000000000000 ) ) ;
#852 = CARTESIAN_POINT ( 'NONE',  ( 44.50000000000001421, -2.999999999999998224, -34.00000000000000000 ) ) ;
#853 = CARTESIAN_POINT ( 'NONE',  ( 45.50000000000001421, 3.799999999999999378, -3.000000000000001332 ) ) ;
#854 = ORIENTED_EDGE ( 'NONE', *, *, #1809, .F. ) ;
#855 = VECTOR ( 'NONE', #6502, 1000.000000000000000 ) ;
#856 = SURFACE_SIDE_STYLE ('',( #1369 ) ) ;
#857 = CARTESIAN_POINT ( 'NONE',  ( 0.000000000000000000, 4.000000000000000000, 0.000000000000000000 ) ) ;
#858 = EDGE_CURVE ( 'NONE', #3881, #2599, #1568, .T. ) ;
#859 = VECTOR ( 'NONE', #4589, 1000.000000000000000 ) ;
#860 = LINE ( 'NONE', #4001, #6499 ) ;
#861 = FILL_AREA_STYLE_COLOUR ( '', #4629 ) ;
#862 =( GEOMETRIC_REPRESENTATION_CONTEXT ( 3 ) GLOBAL_UNCERTAINTY_ASSIGNED_CONTEXT ( ( #3215 ) ) GLOBAL_UNIT_ASSIGNED_CONTEXT ( ( #5788, #5338, #24 ) ) REPRESENTATION_CONTEXT ( 'NONE', 'WORKASPACE' ) );
#863 = SURFACE_SIDE_STYLE ('',( #5593 ) ) ;
#864 = ORIENTED_EDGE ( 'NONE', *, *, #5150, .F. ) ;
#865 = EDGE_LOOP ( 'NONE', ( #5291, #2497, #5947, #2142 ) ) ;
#866 = COLOUR_RGB ( '',0.5019607843137254832, 0.5019607843137254832, 1.000000000000000000 ) ;
#867 = PRESENTATION_LAYER_ASSIGNMENT (  '', '', ( #4713 ) ) ;
#868 = SURFACE_STYLE_FILL_AREA ( #4991 ) ;
#869 = VECTOR ( 'NONE', #3637, 1000.000000000000000 ) ;
#870 = VECTOR ( 'NONE', #4128, 1000.000000000000000 ) ;
#871 = DIRECTION ( 'NONE',  ( 0.000000000000000000, 1.000000000000000000, 0.000000000000000000 ) ) ;
#872 = FILL_AREA_STYLE_COLOUR ( '', #5394 ) ;
#873 = VERTEX_POINT ( 'NONE', #5647 ) ;
#874 = COLOUR_RGB ( '',0.5019607843137254832, 0.5019607843137254832, 1.000000000000000000 ) ;
#875 = PRESENTATION_LAYER_ASSIGNMENT (  '', '', ( #3190 ) ) ;
#876 = EDGE_CURVE ( 'NONE', #5536, #4203, #3398, .T. ) ;
#877 = FACE_OUTER_BOUND ( 'NONE', #4725, .T. ) ;
#878 = DIRECTION ( 'NONE',  ( -0.000000000000000000, 1.000000000000000000, -0.000000000000000000 ) ) ;
#879 = MECHANICAL_DESIGN_GEOMETRIC_PRESENTATION_REPRESENTATION (  '', ( #6398 ), #117 ) ;
#880 = CARTESIAN_POINT ( 'NONE',  ( -45.50000000000001421, 4.000000000000000000, 2.499999999999998668 ) ) ;
#881 = FILL_AREA_STYLE_COLOUR ( '', #3638 ) ;
#882 = EDGE_LOOP ( 'NONE', ( #2102, #3560 ) ) ;
#883 = ORIENTED_EDGE ( 'NONE', *, *, #1046, .T. ) ;
#884 = PRESENTATION_LAYER_ASSIGNMENT (  '', '', ( #4279 ) ) ;
#885 = EDGE_CURVE ( 'NONE', #3416, #6248, #984, .T. ) ;
#886 = COLOUR_RGB ( '',0.5019607843137254832, 0.5019607843137254832, 1.000000000000000000 ) ;
#887 = COLOUR_RGB ( '',0.5019607843137254832, 0.5019607843137254832, 1.000000000000000000 ) ;
#888 =( LENGTH_UNIT ( ) NAMED_UNIT ( * ) SI_UNIT ( .MILLI., .METRE. ) );
#889 = CARTESIAN_POINT ( 'NONE',  ( -3.500000000000016875, -11.99999999999999822, 20.00000000000001066 ) ) ;
#890 = CIRCLE ( 'NONE', #4738, 2.000000000000000444 ) ;
#891 = SURFACE_STYLE_FILL_AREA ( #4531 ) ;
#892 = CARTESIAN_POINT ( 'NONE',  ( 45.54555525137367766, 15.00000000000000000, -5.000000000000000000 ) ) ;
#893 =( NAMED_UNIT ( * ) PLANE_ANGLE_UNIT ( ) SI_UNIT ( $, .RADIAN. ) );
#894 = EDGE_LOOP ( 'NONE', ( #2455, #5244, #4963, #5075 ) ) ;
#895 = MECHANICAL_DESIGN_GEOMETRIC_PRESENTATION_REPRESENTATION (  '', ( #4743 ), #5071 ) ;
#896 = EDGE_CURVE ( 'NONE', #6419, #6268, #5193, .T. ) ;
#897 = DIRECTION ( 'NONE',  ( 0.000000000000000000, 0.000000000000000000, -1.000000000000000000 ) ) ;
#898 = LINE ( 'NONE', #4037, #3630 ) ;
#899 = CYLINDRICAL_SURFACE ( 'NONE', #1223, 4.600000000000001421 ) ;
#900 = DIRECTION ( 'NONE',  ( 0.000000000000000000, 0.000000000000000000, 1.000000000000000000 ) ) ;
#901 = ORIENTED_EDGE ( 'NONE', *, *, #6241, .T. ) ;
#902 = ORIENTED_EDGE ( 'NONE', *, *, #6241, .F. ) ;
#903 = EDGE_CURVE ( 'NONE', #4741, #6248, #2835, .T. ) ;
#904 = CARTESIAN_POINT ( 'NONE',  ( -27.50000000000001776, -11.99999999999999822, 22.60000000000000853 ) ) ;
#905 = CARTESIAN_POINT ( 'NONE',  ( 42.57339518699360070, 4.000000000000000000, 10.13115200650950065 ) ) ;
#906 = LINE ( 'NONE', #1379, #4622 ) ;
#907 = DIRECTION ( 'NONE',  ( 0.000000000000000000, 0.000000000000000000, 1.000000000000000000 ) ) ;
#908 = ORIENTED_EDGE ( 'NONE', *, *, #166, .T. ) ;
#909 = LINE ( 'NONE', #1842, #771 ) ;
#910 = LINE ( 'NONE', #2007, #869 ) ;
#911 = DIRECTION ( 'NONE',  ( 0.000000000000000000, -0.000000000000000000, 1.000000000000000000 ) ) ;
#912 = CARTESIAN_POINT ( 'NONE',  ( -18.59150718393674495, 15.00000000000000000, -70.00000000000000000 ) ) ;
#913 = VERTEX_POINT ( 'NONE', #5147 ) ;
#914 = SURFACE_SIDE_STYLE ('',( #4695 ) ) ;
#915 = ORIENTED_EDGE ( 'NONE', *, *, #516, .T. ) ;
#916 = FILL_AREA_STYLE ('',( #1950 ) ) ;
#917 = SURFACE_STYLE_USAGE ( .BOTH. , #2500 ) ;
#918 = SURFACE_SIDE_STYLE ('',( #2546 ) ) ;
#919 = FILL_AREA_STYLE_COLOUR ( '', #3790 ) ;
#920 = ORIENTED_EDGE ( 'NONE', *, *, #5772, .F. ) ;
#921 = CARTESIAN_POINT ( 'NONE',  ( 55.50000000000001421, 12.26513208105595076, -5.000000000000000000 ) ) ;
#922 = EDGE_CURVE ( 'NONE', #4408, #4115, #6677, .T. ) ;
#923 = PRESENTATION_STYLE_ASSIGNMENT (( #5628 ) ) ;
#924 = ORIENTED_EDGE ( 'NONE', *, *, #5449, .T. ) ;
#925 = VECTOR ( 'NONE', #6288, 1000.000000000000000 ) ;
#926 = ORIENTED_EDGE ( 'NONE', *, *, #5772, .T. ) ;
#927 = LINE ( 'NONE', #6664, #1026 ) ;
#928 = MECHANICAL_DESIGN_GEOMETRIC_PRESENTATION_REPRESENTATION (  '', ( #4212 ), #1480 ) ;
#929 = SURFACE_STYLE_FILL_AREA ( #5664 ) ;
#930 = FILL_AREA_STYLE_COLOUR ( '', #6464 ) ;
#931 = VERTEX_POINT ( 'NONE', #4635 ) ;
#932 =( NAMED_UNIT ( * ) SI_UNIT ( $, .STERADIAN. ) SOLID_ANGLE_UNIT ( ) );
#933 = CARTESIAN_POINT ( 'NONE',  ( -3.500000000000016875, -15.00000000000000178, 17.40000000000000924 ) ) ;
#934 = CARTESIAN_POINT ( 'NONE',  ( -3.500000000000016875, -22.00000000000000000, 17.40000000000000924 ) ) ;
#935 = ORIENTED_EDGE ( 'NONE', *, *, #5436, .T. ) ;
#936 = CYLINDRICAL_SURFACE ( 'NONE', #1071, 8.500000000000010658 ) ;
#937 = AXIS2_PLACEMENT_3D ( 'NONE', #499, #3635, #2630 ) ;
#938 = STYLED_ITEM ( 'NONE', ( #2446 ), #2354 ) ;
#939 = ORIENTED_EDGE ( 'NONE', *, *, #1485, .F. ) ;
#940 = FACE_OUTER_BOUND ( 'NONE', #6397, .T. ) ;
#941 = SURFACE_STYLE_USAGE ( .BOTH. , #6717 ) ;
#942 = DIRECTION ( 'NONE',  ( -0.000000000000000000, -1.000000000000000000, -0.000000000000000000 ) ) ;
#943 = CARTESIAN_POINT ( 'NONE',  ( -9.999999999999992895, -9.000000000000000000, -26.50000000000000711 ) ) ;
#944 = CARTESIAN_POINT ( 'NONE',  ( 44.50000000000001421, -6.000000000000000000, 29.00000000000000711 ) ) ;
#945 = SURFACE_SIDE_STYLE ('',( #2020 ) ) ;
#946 = CARTESIAN_POINT ( 'NONE',  ( -18.59150718393674850, -18.50000000000000355, 26.50000000000001066 ) ) ;
#947 =( GEOMETRIC_REPRESENTATION_CONTEXT ( 3 ) GLOBAL_UNCERTAINTY_ASSIGNED_CONTEXT ( ( #4724 ) ) GLOBAL_UNIT_ASSIGNED_CONTEXT ( ( #3312, #2162, #98 ) ) REPRESENTATION_CONTEXT ( 'NONE', 'WORKASPACE' ) );
#948 = ORIENTED_EDGE ( 'NONE', *, *, #1180, .T. ) ;
#949 = ADVANCED_FACE ( 'NONE', ( #538 ), #1019, .T. ) ;
#950 = DIRECTION ( 'NONE',  ( 0.000000000000000000, -0.000000000000000000, 1.000000000000000000 ) ) ;
#951 = DIRECTION ( 'NONE',  ( 0.000000000000000000, 1.000000000000000000, 0.000000000000000000 ) ) ;
#952 = SURFACE_STYLE_USAGE ( .BOTH. , #6794 ) ;
#953 =( LENGTH_UNIT ( ) NAMED_UNIT ( * ) SI_UNIT ( .MILLI., .METRE. ) );
#954 = CARTESIAN_POINT ( 'NONE',  ( -44.50000000000001421, -42.54163056034264656, -29.00000000000000711 ) ) ;
#955 =( NAMED_UNIT ( * ) PLANE_ANGLE_UNIT ( ) SI_UNIT ( $, .RADIAN. ) );
#956 = VERTEX_POINT ( 'NONE', #2638 ) ;
#957 = EDGE_CURVE ( 'NONE', #4894, #4, #3094, .T. ) ;
#958 = EDGE_CURVE ( 'NONE', #2611, #388, #5142, .T. ) ;
#959 = COLOUR_RGB ( '',0.5019607843137254832, 0.5019607843137254832, 1.000000000000000000 ) ;
#960 = VECTOR ( 'NONE', #2117, 1000.000000000000000 ) ;
#961 = CARTESIAN_POINT ( 'NONE',  ( 44.50000000000001421, -6.000000000000000000, -30.75000000000001421 ) ) ;
#962 = CIRCLE ( 'NONE', #4813, 8.500000000000010658 ) ;
#963 = CARTESIAN_POINT ( 'NONE',  ( 44.50000000000001421, -2.999999999999998224, -29.00000000000000711 ) ) ;
#964 =( LENGTH_UNIT ( ) NAMED_UNIT ( * ) SI_UNIT ( .MILLI., .METRE. ) );
#965 = FILL_AREA_STYLE_COLOUR ( '', #3129 ) ;
#966 = EDGE_CURVE ( 'NONE', #2586, #179, #3573, .T. ) ;
#967 = AXIS2_PLACEMENT_3D ( 'NONE', #691, #6381, #5337 ) ;
#968 = DIRECTION ( 'NONE',  ( 1.000000000000000000, 0.000000000000000000, 0.000000000000000000 ) ) ;
#969 = EDGE_LOOP ( 'NONE', ( #6200, #4290, #3125, #1116 ) ) ;
#970 = CIRCLE ( 'NONE', #649, 4.999999999999993783 ) ;
#971 = UNCERTAINTY_MEASURE_WITH_UNIT (LENGTH_MEASURE( 1.000000000000000082E-05 ), #6601, 'distance_accuracy_value', 'NONE');
#972 = AXIS2_PLACEMENT_3D ( 'NONE', #2309, #4908, #6523 ) ;
#973 = CARTESIAN_POINT ( 'NONE',  ( -44.50000000000001421, 0.000000000000000000, -29.00000000000000711 ) ) ;
#974 = STYLED_ITEM ( 'NONE', ( #4552 ), #3623 ) ;
#975 = STYLED_ITEM ( 'NONE', ( #5605 ), #3561 ) ;
#976 = ADVANCED_FACE ( 'NONE', ( #5113 ), #936, .T. ) ;
#977 = MECHANICAL_DESIGN_GEOMETRIC_PRESENTATION_REPRESENTATION (  '', ( #4713 ), #543 ) ;
#978 = PRESENTATION_STYLE_ASSIGNMENT (( #1428 ) ) ;
#979 = DIRECTION ( 'NONE',  ( 0.000000000000000000, 0.000000000000000000, -1.000000000000000000 ) ) ;
#980 = CARTESIAN_POINT ( 'NONE',  ( 25.50000000000000355, -13.50000000000000000, 49.64688270438849571 ) ) ;
#981 = VERTEX_POINT ( 'NONE', #4270 ) ;
#982 =( GEOMETRIC_REPRESENTATION_CONTEXT ( 3 ) GLOBAL_UNCERTAINTY_ASSIGNED_CONTEXT ( ( #1520 ) ) GLOBAL_UNIT_ASSIGNED_CONTEXT ( ( #3683, #2684, #5339 ) ) REPRESENTATION_CONTEXT ( 'NONE', 'WORKASPACE' ) );
#983 = STYLED_ITEM ( 'NONE', ( #2973 ), #3027 ) ;
#984 = LINE ( 'NONE', #4088, #5034 ) ;
#985 = EDGE_CURVE ( 'NONE', #3181, #3473, #608, .T. ) ;
#986 = STYLED_ITEM ( 'NONE', ( #1153 ), #6353 ) ;
#987 = ORIENTED_EDGE ( 'NONE', *, *, #5563, .T. ) ;
#988 = DIRECTION ( 'NONE',  ( 0.000000000000000000, 0.000000000000000000, 1.000000000000000000 ) ) ;
#989 = DIRECTION ( 'NONE',  ( 0.000000000000000000, 0.000000000000000000, 1.000000000000000000 ) ) ;
#990 = PRESENTATION_STYLE_ASSIGNMENT (( #5159 ) ) ;
#991 = AXIS2_PLACEMENT_3D ( 'NONE', #6477, #3836, #3380 ) ;
#992 = DIRECTION ( 'NONE',  ( -0.000000000000000000, 1.000000000000000000, -0.000000000000000000 ) ) ;
#993 = ORIENTED_EDGE ( 'NONE', *, *, #3167, .T. ) ;
#994 = MECHANICAL_DESIGN_GEOMETRIC_PRESENTATION_REPRESENTATION (  '', ( #3319 ), #2428 ) ;
#995 = AXIS2_PLACEMENT_3D ( 'NONE', #6516, #3234, #201 ) ;
#996 = COLOUR_RGB ( '',0.5019607843137254832, 0.5019607843137254832, 1.000000000000000000 ) ;
#997 = SURFACE_STYLE_USAGE ( .BOTH. , #3136 ) ;
#998 = AXIS2_PLACEMENT_3D ( 'NONE', #4973, #1293, #2953 ) ;
#999 = PRESENTATION_STYLE_ASSIGNMENT (( #3752 ) ) ;
#1000 =( GEOMETRIC_REPRESENTATION_CONTEXT ( 3 ) GLOBAL_UNCERTAINTY_ASSIGNED_CONTEXT ( ( #6412 ) ) GLOBAL_UNIT_ASSIGNED_CONTEXT ( ( #5994, #743, #6519 ) ) REPRESENTATION_CONTEXT ( 'NONE', 'WORKASPACE' ) );
#1001 = DIRECTION ( 'NONE',  ( 0.000000000000000000, 0.000000000000000000, 1.000000000000000000 ) ) ;
#1002 = SURFACE_STYLE_FILL_AREA ( #6692 ) ;
#1003 = MECHANICAL_DESIGN_GEOMETRIC_PRESENTATION_REPRESENTATION (  '', ( #2545 ), #4514 ) ;
#1004 = ORIENTED_EDGE ( 'NONE', *, *, #1270, .F. ) ;
#1005 = UNCERTAINTY_MEASURE_WITH_UNIT (LENGTH_MEASURE( 1.000000000000000082E-05 ), #2158, 'distance_accuracy_value', 'NONE');
#1006 = DIRECTION ( 'NONE',  ( 0.000000000000000000, 1.000000000000000000, 0.000000000000000000 ) ) ;
#1007 = SURFACE_STYLE_FILL_AREA ( #6422 ) ;
#1008 = DIRECTION ( 'NONE',  ( 0.000000000000000000, 1.000000000000000000, 0.000000000000000000 ) ) ;
#1009 = SURFACE_STYLE_USAGE ( .BOTH. , #6147 ) ;
#1010 = CARTESIAN_POINT ( 'NONE',  ( 9.500000000000001776, -39.31465829649864929, 24.30000000000000782 ) ) ;
#1011 = CARTESIAN_POINT ( 'NONE',  ( 44.50000000000001421, -42.54163056034263946, 29.00000000000000711 ) ) ;
#1012 = ORIENTED_EDGE ( 'NONE', *, *, #6332, .T. ) ;
#1013 = EDGE_CURVE ( 'NONE', #6248, #4741, #4021, .T. ) ;
#1014 = CARTESIAN_POINT ( 'NONE',  ( -18.59150718393674495, -22.00000000000000000, 30.00000000000001066 ) ) ;
#1015 = CARTESIAN_POINT ( 'NONE',  ( -44.50000000000001421, 0.000000000000000000, 34.00000000000000000 ) ) ;
#1016 = SURFACE_SIDE_STYLE ('',( #6224 ) ) ;
#1017 = EDGE_LOOP ( 'NONE', ( #1548, #601 ) ) ;
#1018 = CARTESIAN_POINT ( 'NONE',  ( -44.50000000000001421, -18.50000000000000000, 29.00000000000000711 ) ) ;
#1019 = CYLINDRICAL_SURFACE ( 'NONE', #3508, 4.599999999999999645 ) ;
#1020 = ORIENTED_EDGE ( 'NONE', *, *, #5866, .F. ) ;
#1021 = SURFACE_STYLE_USAGE ( .BOTH. , #436 ) ;
#1022 = CARTESIAN_POINT ( 'NONE',  ( -42.00000000000000711, -18.50000000000000355, 3.091507183936761827 ) ) ;
#1023 =( LENGTH_UNIT ( ) NAMED_UNIT ( * ) SI_UNIT ( .MILLI., .METRE. ) );
#1024 = EDGE_LOOP ( 'NONE', ( #5195, #1361 ) ) ;
#1025 = CIRCLE ( 'NONE', #4873, 8.500000000000010658 ) ;
#1026 = VECTOR ( 'NONE', #2942, 1000.000000000000000 ) ;
#1027 = FILL_AREA_STYLE_COLOUR ( '', #2205 ) ;
#1028 = DIRECTION ( 'NONE',  ( -1.000000000000000000, 0.000000000000000000, 0.000000000000000000 ) ) ;
#1029 = CARTESIAN_POINT ( 'NONE',  ( 44.50000000000001421, -18.50000000000000000, -29.00000000000000711 ) ) ;
#1030 = EDGE_LOOP ( 'NONE', ( #6602, #3517, #4889, #4184 ) ) ;
#1031 =( NAMED_UNIT ( * ) SI_UNIT ( $, .STERADIAN. ) SOLID_ANGLE_UNIT ( ) );
#1032 =( NAMED_UNIT ( * ) SI_UNIT ( $, .STERADIAN. ) SOLID_ANGLE_UNIT ( ) );
#1033 =( LENGTH_UNIT ( ) NAMED_UNIT ( * ) SI_UNIT ( .MILLI., .METRE. ) );
#1034 = ORIENTED_EDGE ( 'NONE', *, *, #5181, .F. ) ;
#1035 = VECTOR ( 'NONE', #6690, 1000.000000000000000 ) ;
#1036 = EDGE_CURVE ( 'NONE', #829, #3036, #6435, .T. ) ;
#1037 = DIRECTION ( 'NONE',  ( 0.000000000000000000, 1.000000000000000000, 0.000000000000000000 ) ) ;
#1038 = VERTEX_POINT ( 'NONE', #5957 ) ;
#1039 = DIRECTION ( 'NONE',  ( 0.000000000000000000, 1.000000000000000000, 0.000000000000000000 ) ) ;
#1040 = EDGE_CURVE ( 'NONE', #2202, #2461, #3919, .T. ) ;
#1041 = EDGE_LOOP ( 'NONE', ( #535, #6170, #4912, #641, #307, #4680, #2392, #1279 ) ) ;
#1042 = VECTOR ( 'NONE', #322, 1000.000000000000000 ) ;
#1043 = DIRECTION ( 'NONE',  ( 1.000000000000000000, 0.000000000000000000, 0.000000000000000000 ) ) ;
#1044 = PLANE ( 'NONE',  #2535 ) ;
#1045 = DIRECTION ( 'NONE',  ( 0.000000000000000000, -1.000000000000000000, 0.000000000000000000 ) ) ;
#1046 = EDGE_CURVE ( 'NONE', #1833, #3600, #5404, .T. ) ;
#1047 = PRESENTATION_STYLE_ASSIGNMENT (( #5751 ) ) ;
#1048 = EDGE_CURVE ( 'NONE', #1423, #6268, #970, .T. ) ;
#1049 = EDGE_CURVE ( 'NONE', #5379, #3840, #5151, .T. ) ;
#1050 = CIRCLE ( 'NONE', #1387, 4.600000000000001421 ) ;
#1051 = ORIENTED_EDGE ( 'NONE', *, *, #364, .F. ) ;
#1052 = CARTESIAN_POINT ( 'NONE',  ( -44.50000000000001421, -22.00000000000000355, 31.50000000000001421 ) ) ;
#1053 = DIRECTION ( 'NONE',  ( -0.000000000000000000, -1.000000000000000000, -0.000000000000000000 ) ) ;
#1054 = SURFACE_STYLE_FILL_AREA ( #3615 ) ;
#1055 = VECTOR ( 'NONE', #269, 1000.000000000000000 ) ;
#1056 = DIRECTION ( 'NONE',  ( -0.000000000000000000, 0.000000000000000000, 1.000000000000000000 ) ) ;
#1057 = CARTESIAN_POINT ( 'NONE',  ( 42.01058037264325407, 2.097038405620853307, 4.056448461974560438 ) ) ;
#1058 = VERTEX_POINT ( 'NONE', #4739 ) ;
#1059 = UNCERTAINTY_MEASURE_WITH_UNIT (LENGTH_MEASURE( 1.000000000000000082E-05 ), #6365, 'distance_accuracy_value', 'NONE');
#1060 = AXIS2_PLACEMENT_3D ( 'NONE', #3056, #2604, #373 ) ;
#1061 = UNCERTAINTY_MEASURE_WITH_UNIT (LENGTH_MEASURE( 1.000000000000000082E-05 ), #4289, 'distance_accuracy_value', 'NONE');
#1062 = EDGE_CURVE ( 'NONE', #3538, #2825, #4869, .T. ) ;
#1063 = SURFACE_STYLE_FILL_AREA ( #3533 ) ;
#1064 = CYLINDRICAL_SURFACE ( 'NONE', #1630, 8.500000000000010658 ) ;
#1065 = SURFACE_STYLE_USAGE ( .BOTH. , #6767 ) ;
#1066 = FILL_AREA_STYLE ('',( #569 ) ) ;
#1067 = CYLINDRICAL_SURFACE ( 'NONE', #4204, 1.750000000000005107 ) ;
#1068 = ORIENTED_EDGE ( 'NONE', *, *, #802, .F. ) ;
#1069 = DIRECTION ( 'NONE',  ( 0.000000000000000000, 0.000000000000000000, 1.000000000000000000 ) ) ;
#1070 = STYLED_ITEM ( 'NONE', ( #2062 ), #4630 ) ;
#1071 = AXIS2_PLACEMENT_3D ( 'NONE', #6360, #1188, #2672 ) ;
#1072 = FILL_AREA_STYLE_COLOUR ( '', #5279 ) ;
#1073 = DIRECTION ( 'NONE',  ( -0.000000000000000000, -0.000000000000000000, -1.000000000000000000 ) ) ;
#1074 = DIRECTION ( 'NONE',  ( -0.000000000000000000, -1.000000000000000000, -0.000000000000000000 ) ) ;
#1075 = ORIENTED_EDGE ( 'NONE', *, *, #1798, .T. ) ;
#1076 = DIRECTION ( 'NONE',  ( 0.000000000000000000, 0.000000000000000000, 1.000000000000000000 ) ) ;
#1077 = EDGE_CURVE ( 'NONE', #931, #4298, #6259, .T. ) ;
#1078 = DIRECTION ( 'NONE',  ( 0.000000000000000000, 0.000000000000000000, 1.000000000000000000 ) ) ;
#1079 = MECHANICAL_DESIGN_GEOMETRIC_PRESENTATION_REPRESENTATION (  '', ( #4707 ), #91 ) ;
#1080 =( GEOMETRIC_REPRESENTATION_CONTEXT ( 3 ) GLOBAL_UNCERTAINTY_ASSIGNED_CONTEXT ( ( #6294 ) ) GLOBAL_UNIT_ASSIGNED_CONTEXT ( ( #238, #4492, #5618 ) ) REPRESENTATION_CONTEXT ( 'NONE', 'WORKASPACE' ) );
#1081 = ORIENTED_EDGE ( 'NONE', *, *, #5290, .F. ) ;
#1082 = AXIS2_PLACEMENT_3D ( 'NONE', #2355, #2987, #812 ) ;
#1083 = SURFACE_STYLE_FILL_AREA ( #3703 ) ;
#1084 = SURFACE_STYLE_USAGE ( .BOTH. , #2156 ) ;
#1085 = DIRECTION ( 'NONE',  ( -0.000000000000000000, 1.000000000000000000, -0.000000000000000000 ) ) ;
#1086 = AXIS2_PLACEMENT_3D ( 'NONE', #5804, #2184, #6465 ) ;
#1087 = DIRECTION ( 'NONE',  ( 1.000000000000000000, 0.000000000000000000, 0.000000000000000000 ) ) ;
#1088 = VECTOR ( 'NONE', #3400, 1000.000000000000000 ) ;
#1089 = DIRECTION ( 'NONE',  ( -1.000000000000000000, 0.000000000000000000, 0.000000000000000000 ) ) ;
#1090 = MECHANICAL_DESIGN_GEOMETRIC_PRESENTATION_REPRESENTATION (  '', ( #986 ), #2632 ) ;
#1091 = EDGE_CURVE ( 'NONE', #2100, #5465, #1517, .T. ) ;
#1092 = ORIENTED_EDGE ( 'NONE', *, *, #756, .T. ) ;
#1093 = VECTOR ( 'NONE', #558, 1000.000000000000000 ) ;
#1094 = MECHANICAL_DESIGN_GEOMETRIC_PRESENTATION_REPRESENTATION (  '', ( #983 ), #2313 ) ;
#1095 = CARTESIAN_POINT ( 'NONE',  ( 44.50000000000001421, -6.000000000000001776, -29.00000000000000711 ) ) ;
#1096 = PRESENTATION_STYLE_ASSIGNMENT (( #5823 ) ) ;
#1097 =( GEOMETRIC_REPRESENTATION_CONTEXT ( 3 ) GLOBAL_UNCERTAINTY_ASSIGNED_CONTEXT ( ( #5473 ) ) GLOBAL_UNIT_ASSIGNED_CONTEXT ( ( #2336, #2241, #2778 ) ) REPRESENTATION_CONTEXT ( 'NONE', 'WORKASPACE' ) );
#1098 = CARTESIAN_POINT ( 'NONE',  ( 36.08101651390111186, 0.000000000000000000, -30.17077626419151670 ) ) ;
#1099 =( LENGTH_UNIT ( ) NAMED_UNIT ( * ) SI_UNIT ( .MILLI., .METRE. ) );
#1100 = CARTESIAN_POINT ( 'NONE',  ( -44.50000000000001421, -2.999999999999998224, -29.00000000000000711 ) ) ;
#1101 = CARTESIAN_POINT ( 'NONE',  ( 42.02659948360425091, 2.612196871449099955, 4.614051684330783054 ) ) ;
#1102 = COLOUR_RGB ( '',0.5019607843137254832, 0.5019607843137254832, 1.000000000000000000 ) ;
#1103 = VECTOR ( 'NONE', #6282, 1000.000000000000000 ) ;
#1104 = EDGE_LOOP ( 'NONE', ( #6555, #6184, #1617, #2286, #3426, #5640, #2387, #2892 ) ) ;
#1105 = ORIENTED_EDGE ( 'NONE', *, *, #966, .F. ) ;
#1106 = VECTOR ( 'NONE', #5951, 1000.000000000000000 ) ;
#1107 = COLOUR_RGB ( '',0.5019607843137254832, 0.5019607843137254832, 1.000000000000000000 ) ;
#1108 = DIRECTION ( 'NONE',  ( -0.000000000000000000, -1.000000000000000000, -0.000000000000000000 ) ) ;
#1109 = PLANE ( 'NONE',  #5599 ) ;
#1110 =( NAMED_UNIT ( * ) SI_UNIT ( $, .STERADIAN. ) SOLID_ANGLE_UNIT ( ) );
#1111 = SURFACE_STYLE_USAGE ( .BOTH. , #4219 ) ;
#1112 = UNCERTAINTY_MEASURE_WITH_UNIT (LENGTH_MEASURE( 1.000000000000000082E-05 ), #2943, 'distance_accuracy_value', 'NONE');
#1113 =( NAMED_UNIT ( * ) SI_UNIT ( $, .STERADIAN. ) SOLID_ANGLE_UNIT ( ) );
#1114 = CIRCLE ( 'NONE', #4851, 43.50000000000001421 ) ;
#1115 = EDGE_CURVE ( 'NONE', #981, #3658, #3191, .T. ) ;
#1116 = ORIENTED_EDGE ( 'NONE', *, *, #6279, .F. ) ;
#1117 = VERTEX_POINT ( 'NONE', #579 ) ;
#1118 = CARTESIAN_POINT ( 'NONE',  ( -44.50000000000001421, -18.50000000000000000, 29.00000000000000711 ) ) ;
#1119 = CARTESIAN_POINT ( 'NONE',  ( 44.50000000000001421, -2.999999999999998224, 29.00000000000000711 ) ) ;
#1120 =( LENGTH_UNIT ( ) NAMED_UNIT ( * ) SI_UNIT ( .MILLI., .METRE. ) );
#1121 = ORIENTED_EDGE ( 'NONE', *, *, #5535, .T. ) ;
#1122 = DIRECTION ( 'NONE',  ( 0.000000000000000000, 1.000000000000000000, 0.000000000000000000 ) ) ;
#1123 = VERTEX_POINT ( 'NONE', #5435 ) ;
#1124 = DIRECTION ( 'NONE',  ( 0.000000000000000000, 1.000000000000000000, 0.000000000000000000 ) ) ;
#1125 = DIRECTION ( 'NONE',  ( -0.000000000000000000, -1.000000000000000000, -0.000000000000000000 ) ) ;
#1126 = CARTESIAN_POINT ( 'NONE',  ( 25.50000000000000000, 0.000000000000000000, 30.00000000000000711 ) ) ;
#1127 = PRESENTATION_STYLE_ASSIGNMENT (( #5860 ) ) ;
#1128 =( NAMED_UNIT ( * ) PLANE_ANGLE_UNIT ( ) SI_UNIT ( $, .RADIAN. ) );
#1129 = SHAPE_DEFINITION_REPRESENTATION ( #525, #3811 ) ;
#1130 = CARTESIAN_POINT ( 'NONE',  ( 22.50000000000000000, -39.31465829649864929, 24.30000000000000782 ) ) ;
#1131 = CARTESIAN_POINT ( 'NONE',  ( 85.50000000000001421, 4.000000000000000000, 3.091507183936761827 ) ) ;
#1132 = FILL_AREA_STYLE ('',( #4906 ) ) ;
#1133 = SURFACE_SIDE_STYLE ('',( #4879 ) ) ;
#1134 = CARTESIAN_POINT ( 'NONE',  ( -18.59150718393674850, -22.00000000000000000, 30.00000000000001066 ) ) ;
#1135 = SURFACE_SIDE_STYLE ('',( #4910 ) ) ;
#1136 = CARTESIAN_POINT ( 'NONE',  ( 22.50000000000000000, -13.50000000000000000, 28.00000000000001066 ) ) ;
#1137 = EDGE_LOOP ( 'NONE', ( #924, #5948, #5529, #1949 ) ) ;
#1138 = EDGE_LOOP ( 'NONE', ( #1558, #4983, #2371, #2912 ) ) ;
#1139 = UNCERTAINTY_MEASURE_WITH_UNIT (LENGTH_MEASURE( 1.000000000000000082E-05 ), #4780, 'distance_accuracy_value', 'NONE');
#1140 = AXIS2_PLACEMENT_3D ( 'NONE', #5489, #1311, #2897 ) ;
#1141 = EDGE_CURVE ( 'NONE', #6268, #1423, #4818, .T. ) ;
#1142 =( NAMED_UNIT ( * ) SI_UNIT ( $, .STERADIAN. ) SOLID_ANGLE_UNIT ( ) );
#1143 = CARTESIAN_POINT ( 'NONE',  ( -44.50000000000001421, -18.50000000000000000, -29.00000000000000711 ) ) ;
#1144 =( LENGTH_UNIT ( ) NAMED_UNIT ( * ) SI_UNIT ( .MILLI., .METRE. ) );
#1145 = CARTESIAN_POINT ( 'NONE',  ( 42.04188619865061582, 15.00000000000000000, -5.000000000000000000 ) ) ;
#1146 =( GEOMETRIC_REPRESENTATION_CONTEXT ( 3 ) GLOBAL_UNCERTAINTY_ASSIGNED_CONTEXT ( ( #5868 ) ) GLOBAL_UNIT_ASSIGNED_CONTEXT ( ( #3554, #4563, #5088 ) ) REPRESENTATION_CONTEXT ( 'NONE', 'WORKASPACE' ) );
#1147 = EDGE_CURVE ( 'NONE', #3600, #3277, #160, .T. ) ;
#1148 = AXIS2_PLACEMENT_3D ( 'NONE', #4342, #1124, #2234 ) ;
#1149 = ORIENTED_EDGE ( 'NONE', *, *, #6670, .F. ) ;
#1150 = ORIENTED_EDGE ( 'NONE', *, *, #3975, .F. ) ;
#1151 = EDGE_CURVE ( 'NONE', #2193, #3118, #2703, .T. ) ;
#1152 = FILL_AREA_STYLE_COLOUR ( '', #5178 ) ;
#1153 = PRESENTATION_STYLE_ASSIGNMENT (( #2799 ) ) ;
#1154 = DIRECTION ( 'NONE',  ( 0.000000000000000000, 0.000000000000000000, 1.000000000000000000 ) ) ;
#1155 = ORIENTED_EDGE ( 'NONE', *, *, #3506, .T. ) ;
#1156 = CIRCLE ( 'NONE', #6220, 8.500000000000010658 ) ;
#1157 = CARTESIAN_POINT ( 'NONE',  ( -11.99999999999999289, -6.999999999999999112, -20.00000000000000355 ) ) ;
#1158 = ORIENTED_EDGE ( 'NONE', *, *, #690, .T. ) ;
#1159 = FACE_OUTER_BOUND ( 'NONE', #969, .T. ) ;
#1160 = CARTESIAN_POINT ( 'NONE',  ( 45.50000000000001421, 15.00000000000000000, -26.50000000000000711 ) ) ;
#1161 = LINE ( 'NONE', #647, #3095 ) ;
#1162 = ORIENTED_EDGE ( 'NONE', *, *, #1048, .T. ) ;
#1163 = UNCERTAINTY_MEASURE_WITH_UNIT (LENGTH_MEASURE( 1.000000000000000082E-05 ), #4055, 'distance_accuracy_value', 'NONE');
#1164 = SURFACE_SIDE_STYLE ('',( #2127 ) ) ;
#1165 = DIRECTION ( 'NONE',  ( -0.000000000000000000, 1.000000000000000000, -0.000000000000000000 ) ) ;
#1166 = FILL_AREA_STYLE ('',( #3381 ) ) ;
#1167 = CARTESIAN_POINT ( 'NONE',  ( 42.03928337464625997, 3.297370397271865095, 4.939934590481320775 ) ) ;
#1168 = AXIS2_PLACEMENT_3D ( 'NONE', #5859, #1043, #5890 ) ;
#1169 = ORIENTED_EDGE ( 'NONE', *, *, #5194, .F. ) ;
#1170 = ORIENTED_EDGE ( 'NONE', *, *, #2779, .F. ) ;
#1171 = EDGE_CURVE ( 'NONE', #4364, #2968, #6469, .T. ) ;
#1172 = VECTOR ( 'NONE', #6352, 1000.000000000000000 ) ;
#1173 = PRESENTATION_LAYER_ASSIGNMENT (  '', '', ( #841 ) ) ;
#1174 = CARTESIAN_POINT ( 'NONE',  ( 45.50061462206381435, 1.825935518250270118, -3.345039934326195397 ) ) ;
#1175 = CARTESIAN_POINT ( 'NONE',  ( 42.03388019044283652, 2.937040233506848619, -4.808672084278631687 ) ) ;
#1176 = CARTESIAN_POINT ( 'NONE',  ( 42.04188619865061582, 3.800000000000014477, 4.999999999999999112 ) ) ;
#1177 = DIRECTION ( 'NONE',  ( -0.000000000000000000, 1.000000000000000000, -0.000000000000000000 ) ) ;
#1178 = EDGE_LOOP ( 'NONE', ( #2852, #6438, #5975, #3792 ) ) ;
#1179 = ORIENTED_EDGE ( 'NONE', *, *, #2328, .T. ) ;
#1180 = EDGE_CURVE ( 'NONE', #486, #873, #1200, .T. ) ;
#1181 =( GEOMETRIC_REPRESENTATION_CONTEXT ( 3 ) GLOBAL_UNCERTAINTY_ASSIGNED_CONTEXT ( ( #4144 ) ) GLOBAL_UNIT_ASSIGNED_CONTEXT ( ( #137, #5308, #3709 ) ) REPRESENTATION_CONTEXT ( 'NONE', 'WORKASPACE' ) );
#1182 = UNCERTAINTY_MEASURE_WITH_UNIT (LENGTH_MEASURE( 1.000000000000000082E-05 ), #1033, 'distance_accuracy_value', 'NONE');
#1183 = CARTESIAN_POINT ( 'NONE',  ( 44.50000000000001421, -6.000000000000000000, 29.00000000000000711 ) ) ;
#1184 = DIRECTION ( 'NONE',  ( 0.000000000000000000, 0.000000000000000000, 1.000000000000000000 ) ) ;
#1185 = SURFACE_STYLE_USAGE ( .BOTH. , #1674 ) ;
#1186 = DIRECTION ( 'NONE',  ( -1.000000000000000000, 0.000000000000000000, 0.000000000000000000 ) ) ;
#1187 = ORIENTED_EDGE ( 'NONE', *, *, #6004, .F. ) ;
#1188 = DIRECTION ( 'NONE',  ( 0.000000000000000000, -1.000000000000000000, 0.000000000000000000 ) ) ;
#1189 = ADVANCED_FACE ( 'NONE', ( #4930 ), #2913, .T. ) ;
#1190 = AXIS2_PLACEMENT_3D ( 'NONE', #6390, #2997, #5874 ) ;
#1191 = ORIENTED_EDGE ( 'NONE', *, *, #180, .F. ) ;
#1192 = FILL_AREA_STYLE ('',( #132 ) ) ;
#1193 = VECTOR ( 'NONE', #851, 1000.000000000000000 ) ;
#1194 = CARTESIAN_POINT ( 'NONE',  ( -44.50000000000001421, -2.999999999999999112, 29.00000000000000711 ) ) ;
#1195 = SURFACE_STYLE_FILL_AREA ( #3198 ) ;
#1196 = DIRECTION ( 'NONE',  ( 1.000000000000000000, 0.000000000000000000, -9.770517606630112126E-16 ) ) ;
#1197 =( GEOMETRIC_REPRESENTATION_CONTEXT ( 3 ) GLOBAL_UNCERTAINTY_ASSIGNED_CONTEXT ( ( #1199 ) ) GLOBAL_UNIT_ASSIGNED_CONTEXT ( ( #4206, #2163, #6234 ) ) REPRESENTATION_CONTEXT ( 'NONE', 'WORKASPACE' ) );
#1198 = STYLED_ITEM ( 'NONE', ( #6394 ), #634 ) ;
#1199 = UNCERTAINTY_MEASURE_WITH_UNIT (LENGTH_MEASURE( 1.000000000000000082E-05 ), #4206, 'distance_accuracy_value', 'NONE');
#1200 = CIRCLE ( 'NONE', #2511, 4.599999999999999645 ) ;
#1201 = COLOUR_RGB ( '',0.5019607843137254832, 0.5019607843137254832, 1.000000000000000000 ) ;
#1202 = MECHANICAL_DESIGN_GEOMETRIC_PRESENTATION_REPRESENTATION (  '', ( #2305 ), #323 ) ;
#1203 = MECHANICAL_DESIGN_GEOMETRIC_PRESENTATION_REPRESENTATION (  '', ( #2845 ), #5280 ) ;
#1204 = DIRECTION ( 'NONE',  ( -0.000000000000000000, -1.000000000000000000, -0.000000000000000000 ) ) ;
#1205 = LINE ( 'NONE', #2269, #1532 ) ;
#1206 = CARTESIAN_POINT ( 'NONE',  ( 44.50000000000001421, 0.000000000000000000, 29.00000000000000711 ) ) ;
#1207 = CARTESIAN_POINT ( 'NONE',  ( -85.50000000000001421, 4.000000000000000000, 3.091507183936761827 ) ) ;
#1208 = CARTESIAN_POINT ( 'NONE',  ( 18.59150718393674495, -18.50000000000000355, 70.00000000000000000 ) ) ;
#1209 = VECTOR ( 'NONE', #3186, 1000.000000000000000 ) ;
#1210 =( LENGTH_UNIT ( ) NAMED_UNIT ( * ) SI_UNIT ( .MILLI., .METRE. ) );
#1211 = VERTEX_POINT ( 'NONE', #6605 ) ;
#1212 = VERTEX_POINT ( 'NONE', #3953 ) ;
#1213 = AXIS2_PLACEMENT_3D ( 'NONE', #6183, #5639, #907 ) ;
#1214 = PRESENTATION_LAYER_ASSIGNMENT (  '', '', ( #5727 ) ) ;
#1215 = FACE_BOUND ( 'NONE', #6676, .T. ) ;
#1216 = SURFACE_STYLE_FILL_AREA ( #698 ) ;
#1217 = SURFACE_SIDE_STYLE ('',( #3455 ) ) ;
#1218 = PRESENTATION_STYLE_ASSIGNMENT (( #5946 ) ) ;
#1219 = ORIENTED_EDGE ( 'NONE', *, *, #1036, .T. ) ;
#1220 = ORIENTED_EDGE ( 'NONE', *, *, #6174, .F. ) ;
#1221 = UNCERTAINTY_MEASURE_WITH_UNIT (LENGTH_MEASURE( 1.000000000000000082E-05 ), #4583, 'distance_accuracy_value', 'NONE');
#1222 = VECTOR ( 'NONE', #6409, 1000.000000000000000 ) ;
#1223 = AXIS2_PLACEMENT_3D ( 'NONE', #6205, #4002, #5169 ) ;
#1224 = SURFACE_SIDE_STYLE ('',( #3765 ) ) ;
#1225 = MECHANICAL_DESIGN_GEOMETRIC_PRESENTATION_REPRESENTATION (  '', ( #5182 ), #2984 ) ;
#1226 = ORIENTED_EDGE ( 'NONE', *, *, #2687, .F. ) ;
#1227 = AXIS2_PLACEMENT_3D ( 'NONE', #4750, #2211, #6382 ) ;
#1228 = DIRECTION ( 'NONE',  ( 0.000000000000000000, -1.000000000000000000, 0.000000000000000000 ) ) ;
#1229 = DIRECTION ( 'NONE',  ( 0.000000000000000000, 0.000000000000000000, 1.000000000000000000 ) ) ;
#1230 = SURFACE_STYLE_USAGE ( .BOTH. , #5438 ) ;
#1231 = PLANE ( 'NONE',  #998 ) ;
#1232 = ADVANCED_FACE ( 'NONE', ( #6089 ), #1354, .F. ) ;
#1233 = VERTEX_POINT ( 'NONE', #4240 ) ;
#1234 = PRESENTATION_STYLE_ASSIGNMENT (( #3708 ) ) ;
#1235 = DIRECTION ( 'NONE',  ( 0.000000000000000000, 1.000000000000000000, 0.000000000000000000 ) ) ;
#1236 =( NAMED_UNIT ( * ) SI_UNIT ( $, .STERADIAN. ) SOLID_ANGLE_UNIT ( ) );
#1237 = DIRECTION ( 'NONE',  ( 0.000000000000000000, 0.000000000000000000, -1.000000000000000000 ) ) ;
#1238 = DIRECTION ( 'NONE',  ( -0.000000000000000000, 1.000000000000000000, -0.000000000000000000 ) ) ;
#1240 = DIRECTION ( 'NONE',  ( 0.000000000000000000, 0.000000000000000000, -1.000000000000000000 ) ) ;
#1239 = UNCERTAINTY_MEASURE_WITH_UNIT (LENGTH_MEASURE( 1.000000000000000082E-05 ), #1801, 'distance_accuracy_value', 'NONE');
#1241 = ORIENTED_EDGE ( 'NONE', *, *, #2053, .T. ) ;
#1242 = VERTEX_POINT ( 'NONE', #1716 ) ;
#1243 = CARTESIAN_POINT ( 'NONE',  ( 45.51996453716932223, 2.326421404952053962, -4.358174791008078586 ) ) ;
#1244 = CARTESIAN_POINT ( 'NONE',  ( 42.00820452154236762, 2.032341933360154673, -3.944250035537601562 ) ) ;
#1245 = PLANE ( 'NONE',  #3927 ) ;
#1246 = DIRECTION ( 'NONE',  ( -0.000000000000000000, 1.000000000000000000, -0.000000000000000000 ) ) ;
#1247 = ORIENTED_EDGE ( 'NONE', *, *, #4756, .T. ) ;
#1248 = ORIENTED_EDGE ( 'NONE', *, *, #4014, .F. ) ;
#1249 = MANIFOLD_SOLID_BREP ( 'Move Face1', #6620 ) ;
#1250 = COLOUR_RGB ( '',0.5019607843137254832, 0.5019607843137254832, 1.000000000000000000 ) ;
#1251 = DIRECTION ( 'NONE',  ( 1.000000000000000000, -0.000000000000000000, 0.000000000000000000 ) ) ;
#1252 = CARTESIAN_POINT ( 'NONE',  ( 45.54555525137367766, 3.800000000000014477, 4.999999999999999112 ) ) ;
#1253 = ORIENTED_EDGE ( 'NONE', *, *, #6752, .F. ) ;
#1254 = SURFACE_STYLE_USAGE ( .BOTH. , #2802 ) ;
#1255 = EDGE_CURVE ( 'NONE', #4298, #3024, #5818, .T. ) ;
#1256 = VECTOR ( 'NONE', #2164, 1000.000000000000000 ) ;
#1257 = ORIENTED_EDGE ( 'NONE', *, *, #430, .F. ) ;
#1258 = LINE ( 'NONE', #1329, #4034 ) ;
#1259 = SURFACE_STYLE_USAGE ( .BOTH. , #5439 ) ;
#1260 = AXIS2_PLACEMENT_3D ( 'NONE', #4809, #2838, #231 ) ;
#1261 = EDGE_LOOP ( 'NONE', ( #4341, #1219, #3735, #4716 ) ) ;
#1262 = UNCERTAINTY_MEASURE_WITH_UNIT (LENGTH_MEASURE( 1.000000000000000082E-05 ), #4537, 'distance_accuracy_value', 'NONE');
#1263 = MECHANICAL_DESIGN_GEOMETRIC_PRESENTATION_REPRESENTATION (  '', ( #4207 ), #715 ) ;
#1264 = ADVANCED_FACE ( 'NONE', ( #4314 ), #3309, .T. ) ;
#1265 = CARTESIAN_POINT ( 'NONE',  ( -15.50000000000001776, -15.00000000000000178, 20.00000000000001066 ) ) ;
#1266 = DIRECTION ( 'NONE',  ( -0.000000000000000000, -1.000000000000000000, 0.000000000000000000 ) ) ;
#1267 = DIRECTION ( 'NONE',  ( 0.000000000000000000, -0.000000000000000000, -1.000000000000000000 ) ) ;
#1268 =( NAMED_UNIT ( * ) PLANE_ANGLE_UNIT ( ) SI_UNIT ( $, .RADIAN. ) );
#1269 = DIRECTION ( 'NONE',  ( -0.000000000000000000, 1.000000000000000000, -0.000000000000000000 ) ) ;
#1270 = EDGE_CURVE ( 'NONE', #4408, #6188, #1792, .T. ) ;
#1271 = SURFACE_STYLE_USAGE ( .BOTH. , #5973 ) ;
#1272 = DIRECTION ( 'NONE',  ( 0.000000000000000000, 0.000000000000000000, -1.000000000000000000 ) ) ;
#1273 = ORIENTED_EDGE ( 'NONE', *, *, #2577, .T. ) ;
#1274 = CYLINDRICAL_SURFACE ( 'NONE', #3736, 43.50000000000001421 ) ;
#1275 = DIRECTION ( 'NONE',  ( 0.000000000000000000, 1.000000000000000000, 0.000000000000000000 ) ) ;
#1276 = COLOUR_RGB ( '',0.5019607843137254832, 0.5019607843137254832, 1.000000000000000000 ) ;
#1277 = CARTESIAN_POINT ( 'NONE',  ( -44.50000000000001421, -42.54163056034263946, -30.75000000000001421 ) ) ;
#1278 = DIRECTION ( 'NONE',  ( 0.000000000000000000, 0.000000000000000000, -1.000000000000000000 ) ) ;
#1279 = ORIENTED_EDGE ( 'NONE', *, *, #5584, .F. ) ;
#1280 = ORIENTED_EDGE ( 'NONE', *, *, #2528, .F. ) ;
#1281 = EDGE_CURVE ( 'NONE', #1382, #6733, #5543, .T. ) ;
#1282 = STYLED_ITEM ( 'NONE', ( #3224 ), #463 ) ;
#1283 = CIRCLE ( 'NONE', #1729, 4.999999999999997335 ) ;
#1284 = DIRECTION ( 'NONE',  ( 0.000000000000000000, 0.000000000000000000, 1.000000000000000000 ) ) ;
#1285 = FILL_AREA_STYLE_COLOUR ( '', #3526 ) ;
#1286 =( NAMED_UNIT ( * ) SI_UNIT ( $, .STERADIAN. ) SOLID_ANGLE_UNIT ( ) );
#1287 = PRESENTATION_LAYER_ASSIGNMENT (  '', '', ( #3159 ) ) ;
#1288 = CARTESIAN_POINT ( 'NONE',  ( 45.50000000000001421, 1.800000000000000044, -2.999999999999986677 ) ) ;
#1289 = ORIENTED_EDGE ( 'NONE', *, *, #4010, .T. ) ;
#1290 =( NAMED_UNIT ( * ) PLANE_ANGLE_UNIT ( ) SI_UNIT ( $, .RADIAN. ) );
#1291 = CARTESIAN_POINT ( 'NONE',  ( -14.99999999999998579, 0.000000000000000000, 30.00000000000001066 ) ) ;
#1292 = ADVANCED_FACE ( 'NONE', ( #6064 ), #2395, .T. ) ;
#1293 = DIRECTION ( 'NONE',  ( 0.000000000000000000, 0.000000000000000000, 1.000000000000000000 ) ) ;
#1294 = ORIENTED_EDGE ( 'NONE', *, *, #2698, .T. ) ;
#1295 = SURFACE_STYLE_FILL_AREA ( #2923 ) ;
#1296 = VECTOR ( 'NONE', #469, 1000.000000000000000 ) ;
#1297 = CARTESIAN_POINT ( 'NONE',  ( -44.50000000000001421, -18.50000000000000000, -26.50000000000000711 ) ) ;
#1298 = DIRECTION ( 'NONE',  ( 0.000000000000000000, -1.000000000000000000, 0.000000000000000000 ) ) ;
#1299 = DIRECTION ( 'NONE',  ( 0.000000000000000000, 0.000000000000000000, 1.000000000000000000 ) ) ;
#1300 = LINE ( 'NONE', #6030, #1747 ) ;
#1301 = PLANE ( 'NONE',  #2978 ) ;
#1302 = DIRECTION ( 'NONE',  ( 0.000000000000000000, -0.000000000000000000, 1.000000000000000000 ) ) ;
#1303 = EDGE_CURVE ( 'NONE', #2461, #5146, #1324, .T. ) ;
#1304 = MECHANICAL_DESIGN_GEOMETRIC_PRESENTATION_REPRESENTATION (  '', ( #3920 ), #4822 ) ;
#1305 = EDGE_LOOP ( 'NONE', ( #6538, #6531, #993, #6351, #6314, #3998 ) ) ;
#1306 =( GEOMETRIC_REPRESENTATION_CONTEXT ( 3 ) GLOBAL_UNCERTAINTY_ASSIGNED_CONTEXT ( ( #6515 ) ) GLOBAL_UNIT_ASSIGNED_CONTEXT ( ( #3871, #3583, #6726 ) ) REPRESENTATION_CONTEXT ( 'NONE', 'WORKASPACE' ) );
#1307 = VECTOR ( 'NONE', #2434, 1000.000000000000000 ) ;
#1308 = DIRECTION ( 'NONE',  ( -0.000000000000000000, -1.000000000000000000, -0.000000000000000000 ) ) ;
#1309 = VECTOR ( 'NONE', #55, 1000.000000000000000 ) ;
#1310 = SURFACE_SIDE_STYLE ('',( #3902 ) ) ;
#1311 = DIRECTION ( 'NONE',  ( 0.000000000000000000, -1.000000000000000000, 0.000000000000000000 ) ) ;
#1312 = AXIS2_PLACEMENT_3D ( 'NONE', #4336, #533, #1595 ) ;
#1313 = DIRECTION ( 'NONE',  ( 0.000000000000000000, 0.000000000000000000, -1.000000000000000000 ) ) ;
#1314 = ORIENTED_EDGE ( 'NONE', *, *, #4636, .F. ) ;
#1315 = EDGE_LOOP ( 'NONE', ( #4672, #1493, #4131, #1580 ) ) ;
#1316 =( GEOMETRIC_REPRESENTATION_CONTEXT ( 3 ) GLOBAL_UNCERTAINTY_ASSIGNED_CONTEXT ( ( #2957 ) ) GLOBAL_UNIT_ASSIGNED_CONTEXT ( ( #1099, #1502, #2024 ) ) REPRESENTATION_CONTEXT ( 'NONE', 'WORKASPACE' ) );
#1317 = CARTESIAN_POINT ( 'NONE',  ( 51.68556701030929901, -22.00000000000000000, 24.45933631058685620 ) ) ;
#1318 = PRESENTATION_STYLE_ASSIGNMENT (( #5559 ) ) ;
#1319 = PRESENTATION_LAYER_ASSIGNMENT (  '', '', ( #4271 ) ) ;
#1320 = CARTESIAN_POINT ( 'NONE',  ( 45.50000000000003553, 1.813827608714747797, 3.347680150316570735 ) ) ;
#1321 = ORIENTED_EDGE ( 'NONE', *, *, #1788, .T. ) ;
#1322 =( GEOMETRIC_REPRESENTATION_CONTEXT ( 3 ) GLOBAL_UNCERTAINTY_ASSIGNED_CONTEXT ( ( #4975 ) ) GLOBAL_UNIT_ASSIGNED_CONTEXT ( ( #3351, #5481, #5451 ) ) REPRESENTATION_CONTEXT ( 'NONE', 'WORKASPACE' ) );
#1323 = CIRCLE ( 'NONE', #4507, 2.500000000000005773 ) ;
#1324 = CIRCLE ( 'NONE', #6621, 40.00000000000000711 ) ;
#1325 = CARTESIAN_POINT ( 'NONE',  ( 45.50000000000001421, 15.00000000000000000, -30.00000000000000711 ) ) ;
#1326 = CIRCLE ( 'NONE', #2981, 1.750000000000005107 ) ;
#1327 = SURFACE_STYLE_FILL_AREA ( #2518 ) ;
#1328 = PRESENTATION_LAYER_ASSIGNMENT (  '', '', ( #5182 ) ) ;
#1329 = CARTESIAN_POINT ( 'NONE',  ( -3.500000000000016875, -15.00000000000000178, 15.40000000000000924 ) ) ;
#1330 = DIRECTION ( 'NONE',  ( 0.000000000000000000, 0.000000000000000000, 1.000000000000000000 ) ) ;
#1331 =( NAMED_UNIT ( * ) SI_UNIT ( $, .STERADIAN. ) SOLID_ANGLE_UNIT ( ) );
#1332 = CIRCLE ( 'NONE', #6732, 4.999999999999997335 ) ;
#1333 = ORIENTED_EDGE ( 'NONE', *, *, #5960, .F. ) ;
#1334 = ORIENTED_EDGE ( 'NONE', *, *, #3807, .F. ) ;
#1335 = CARTESIAN_POINT ( 'NONE',  ( -42.00000000000000711, 15.00000000000000000, 3.091507183936761827 ) ) ;
#1336 = DIRECTION ( 'NONE',  ( -0.000000000000000000, -1.000000000000000000, -0.000000000000000000 ) ) ;
#1337 = DIRECTION ( 'NONE',  ( -1.000000000000000000, 0.000000000000000000, 0.000000000000000000 ) ) ;
#1338 = DIRECTION ( 'NONE',  ( 0.000000000000000000, 0.000000000000000000, -1.000000000000000000 ) ) ;
#1339 = PRESENTATION_STYLE_ASSIGNMENT (( #2996 ) ) ;
#1340 = CARTESIAN_POINT ( 'NONE',  ( 45.50000000000001421, 0.000000000000000000, -30.00000000000000711 ) ) ;
#1341 = CARTESIAN_POINT ( 'NONE',  ( 45.67077626419153091, 0.000000000000000000, 20.58101651390111542 ) ) ;
#1342 = FILL_AREA_STYLE ('',( #6556 ) ) ;
#1343 = FACE_OUTER_BOUND ( 'NONE', #411, .T. ) ;
#1344 = DIRECTION ( 'NONE',  ( -0.000000000000000000, -1.000000000000000000, -0.000000000000000000 ) ) ;
#1345 = DIRECTION ( 'NONE',  ( -0.000000000000000000, -1.000000000000000000, -0.000000000000000000 ) ) ;
#1346 = DIRECTION ( 'NONE',  ( -0.000000000000000000, 1.000000000000000000, -0.000000000000000000 ) ) ;
#1347 = ORIENTED_EDGE ( 'NONE', *, *, #4885, .F. ) ;
#1348 = ORIENTED_EDGE ( 'NONE', *, *, #1048, .F. ) ;
#1349 = EDGE_CURVE ( 'NONE', #6188, #3231, #4483, .T. ) ;
#1350 = CARTESIAN_POINT ( 'NONE',  ( -44.50000000000001421, -2.999999999999998224, 29.00000000000000711 ) ) ;
#1351 = EDGE_CURVE ( 'NONE', #913, #5465, #3090, .T. ) ;
#1352 = ADVANCED_FACE ( 'NONE', ( #3962 ), #1044, .T. ) ;
#1353 = ORIENTED_EDGE ( 'NONE', *, *, #3115, .T. ) ;
#1354 = CYLINDRICAL_SURFACE ( 'NONE', #995, 4.999999999999997335 ) ;
#1355 = EDGE_LOOP ( 'NONE', ( #2737, #2767, #5460, #2418 ) ) ;
#1356 = MECHANICAL_DESIGN_GEOMETRIC_PRESENTATION_REPRESENTATION (  '', ( #2357 ), #2569 ) ;
#1357 = DIRECTION ( 'NONE',  ( -0.000000000000000000, -1.000000000000000000, -0.000000000000000000 ) ) ;
#1358 = SURFACE_SIDE_STYLE ('',( #2389 ) ) ;
#1359 = PRESENTATION_STYLE_ASSIGNMENT (( #2212 ) ) ;
#1360 =( LENGTH_UNIT ( ) NAMED_UNIT ( * ) SI_UNIT ( .MILLI., .METRE. ) );
#1361 = ORIENTED_EDGE ( 'NONE', *, *, #4542, .T. ) ;
#1362 = UNCERTAINTY_MEASURE_WITH_UNIT (LENGTH_MEASURE( 1.000000000000000082E-05 ), #1583, 'distance_accuracy_value', 'NONE');
#1363 = STYLED_ITEM ( 'NONE', ( #3976 ), #2153 ) ;
#1364 = UNCERTAINTY_MEASURE_WITH_UNIT (LENGTH_MEASURE( 1.000000000000000082E-05 ), #6473, 'distance_accuracy_value', 'NONE');
#1365 =( LENGTH_UNIT ( ) NAMED_UNIT ( * ) SI_UNIT ( .MILLI., .METRE. ) );
#1366 = CARTESIAN_POINT ( 'NONE',  ( 44.50000000000001421, -18.50000000000000000, 29.00000000000000711 ) ) ;
#1367 = ORIENTED_EDGE ( 'NONE', *, *, #3410, .T. ) ;
#1368 = STYLED_ITEM ( 'NONE', ( #4004 ), #6454 ) ;
#1369 = SURFACE_STYLE_FILL_AREA ( #1342 ) ;
#1370 = CARTESIAN_POINT ( 'NONE',  ( 42.57211781330951084, 0.000000000000000000, -10.12335836023591007 ) ) ;
#1371 = LINE ( 'NONE', #3486, #5970 ) ;
#1372 = AXIS2_PLACEMENT_3D ( 'NONE', #4496, #4099, #1498 ) ;
#1373 = EDGE_CURVE ( 'NONE', #6577, #5401, #229, .T. ) ;
#1374 = DIRECTION ( 'NONE',  ( 0.000000000000000000, 1.000000000000000000, 0.000000000000000000 ) ) ;
#1375 = ORIENTED_EDGE ( 'NONE', *, *, #4582, .T. ) ;
#1376 = ORIENTED_EDGE ( 'NONE', *, *, #5996, .F. ) ;
#1377 = DIRECTION ( 'NONE',  ( 0.000000000000000000, 0.000000000000000000, -1.000000000000000000 ) ) ;
#1378 = PLANE ( 'NONE',  #1602 ) ;
#1379 = CARTESIAN_POINT ( 'NONE',  ( -11.99999999999999289, -6.999999999999999112, -30.00000000000000711 ) ) ;
#1380 = EDGE_CURVE ( 'NONE', #5910, #6395, #6785, .T. ) ;
#1381 = DIRECTION ( 'NONE',  ( 0.000000000000000000, -1.000000000000000000, 0.000000000000000000 ) ) ;
#1382 = VERTEX_POINT ( 'NONE', #1022 ) ;
#1383 = CIRCLE ( 'NONE', #6127, 2.599999999999998312 ) ;
#1384 = EDGE_CURVE ( 'NONE', #1211, #4763, #2605, .T. ) ;
#1385 = PRESENTATION_LAYER_ASSIGNMENT (  '', '', ( #2161 ) ) ;
#1386 = FACE_OUTER_BOUND ( 'NONE', #5471, .T. ) ;
#1387 = AXIS2_PLACEMENT_3D ( 'NONE', #2141, #2109, #968 ) ;
#1388 = VECTOR ( 'NONE', #438, 1000.000000000000000 ) ;
#1389 = LINE ( 'NONE', #1911, #3647 ) ;
#1390 = CARTESIAN_POINT ( 'NONE',  ( -45.50000000000001421, 4.000000000000000000, -3.091507183936761827 ) ) ;
#1391 = DIRECTION ( 'NONE',  ( -0.000000000000000000, 1.000000000000000000, -0.000000000000000000 ) ) ;
#1392 = ORIENTED_EDGE ( 'NONE', *, *, #5397, .F. ) ;
#1393 = EDGE_CURVE ( 'NONE', #5807, #6746, #1544, .T. ) ;
#1394 = VERTEX_POINT ( 'NONE', #1748 ) ;
#1395 =( NAMED_UNIT ( * ) SI_UNIT ( $, .STERADIAN. ) SOLID_ANGLE_UNIT ( ) );
#1396 = MECHANICAL_DESIGN_GEOMETRIC_PRESENTATION_REPRESENTATION (  '', ( #3159 ), #4909 ) ;
#1397 = DIRECTION ( 'NONE',  ( 0.000000000000000000, -0.000000000000000000, 1.000000000000000000 ) ) ;
#1398 = FILL_AREA_STYLE ('',( #6129 ) ) ;
#1399 =( NAMED_UNIT ( * ) PLANE_ANGLE_UNIT ( ) SI_UNIT ( $, .RADIAN. ) );
#1400 =( NAMED_UNIT ( * ) PLANE_ANGLE_UNIT ( ) SI_UNIT ( $, .RADIAN. ) );
#1401 = CARTESIAN_POINT ( 'NONE',  ( -36.08101651390111186, -18.50000000000000000, -30.17077626419151670 ) ) ;
#1402 = EDGE_CURVE ( 'NONE', #337, #4997, #343, .T. ) ;
#1403 = FACE_OUTER_BOUND ( 'NONE', #3025, .T. ) ;
#1404 = ORIENTED_EDGE ( 'NONE', *, *, #4418, .F. ) ;
#1405 = VECTOR ( 'NONE', #5905, 1000.000000000000000 ) ;
#1406 = FACE_BOUND ( 'NONE', #1477, .T. ) ;
#1407 = CARTESIAN_POINT ( 'NONE',  ( -44.50000000000001421, -22.00000000000000000, 29.00000000000000711 ) ) ;
#1408 = PRESENTATION_LAYER_ASSIGNMENT (  '', '', ( #4585 ) ) ;
#1409 = CARTESIAN_POINT ( 'NONE',  ( 0.000000000000000000, 0.000000000000000000, 0.000000000000000000 ) ) ;
#1410 = DIRECTION ( 'NONE',  ( -0.000000000000000000, -0.000000000000000000, -1.000000000000000000 ) ) ;
#1411 = CIRCLE ( 'NONE', #972, 2.500000000000005773 ) ;
#1412 = CYLINDRICAL_SURFACE ( 'NONE', #1821, 2.500000000000005773 ) ;
#1413 = ORIENTED_EDGE ( 'NONE', *, *, #4149, .F. ) ;
#1414 = ORIENTED_EDGE ( 'NONE', *, *, #374, .T. ) ;
#1415 = COLOUR_RGB ( '',0.5019607843137254832, 0.5019607843137254832, 1.000000000000000000 ) ;
#1416 = MECHANICAL_DESIGN_GEOMETRIC_PRESENTATION_REPRESENTATION (  '', ( #4372 ), #1080 ) ;
#1417 = CIRCLE ( 'NONE', #5275, 4.600000000000001421 ) ;
#1418 = FILL_AREA_STYLE_COLOUR ( '', #1576 ) ;
#1419 = CARTESIAN_POINT ( 'NONE',  ( 44.50000000000001421, -18.50000000000000000, -30.75000000000001421 ) ) ;
#1420 = VECTOR ( 'NONE', #2879, 1000.000000000000000 ) ;
#1421 = MECHANICAL_DESIGN_GEOMETRIC_PRESENTATION_REPRESENTATION (  '', ( #2969 ), #1969 ) ;
#1422 =( NAMED_UNIT ( * ) SI_UNIT ( $, .STERADIAN. ) SOLID_ANGLE_UNIT ( ) );
#1423 = VERTEX_POINT ( 'NONE', #2707 ) ;
#1424 = AXIS2_PLACEMENT_3D ( 'NONE', #1527, #3050, #979 ) ;
#1425 = DIRECTION ( 'NONE',  ( -0.000000000000000000, 0.000000000000000000, -1.000000000000000000 ) ) ;
#1426 = MECHANICAL_DESIGN_GEOMETRIC_PRESENTATION_REPRESENTATION (  '', ( #5727 ), #1097 ) ;
#1427 = DIRECTION ( 'NONE',  ( 0.000000000000000000, 0.000000000000000000, -1.000000000000000000 ) ) ;
#1428 = SURFACE_STYLE_USAGE ( .BOTH. , #2595 ) ;
#1429 =( NAMED_UNIT ( * ) PLANE_ANGLE_UNIT ( ) SI_UNIT ( $, .RADIAN. ) );
#1430 = MECHANICAL_DESIGN_GEOMETRIC_PRESENTATION_REPRESENTATION (  '', ( #3418 ), #4154 ) ;
#1431 = DIRECTION ( 'NONE',  ( -0.000000000000000000, -1.000000000000000000, -0.000000000000000000 ) ) ;
#1432 = ORIENTED_EDGE ( 'NONE', *, *, #2514, .T. ) ;
#1433 = MECHANICAL_DESIGN_GEOMETRIC_PRESENTATION_REPRESENTATION (  '', ( #3643 ), #1540 ) ;
#1434 = SURFACE_STYLE_FILL_AREA ( #6160 ) ;
#1435 = EDGE_CURVE ( 'NONE', #3907, #5342, #3828, .T. ) ;
#1436 = CIRCLE ( 'NONE', #2218, 2.600000000000001421 ) ;
#1437 =( GEOMETRIC_REPRESENTATION_CONTEXT ( 3 ) GLOBAL_UNCERTAINTY_ASSIGNED_CONTEXT ( ( #1717 ) ) GLOBAL_UNIT_ASSIGNED_CONTEXT ( ( #6545, #5010, #1395 ) ) REPRESENTATION_CONTEXT ( 'NONE', 'WORKASPACE' ) );
#1438 = ORIENTED_EDGE ( 'NONE', *, *, #3706, .T. ) ;
#1439 = FILL_AREA_STYLE ('',( #1535 ) ) ;
#1440 =( NAMED_UNIT ( * ) SI_UNIT ( $, .STERADIAN. ) SOLID_ANGLE_UNIT ( ) );
#1441 = CIRCLE ( 'NONE', #4283, 43.50000000000000711 ) ;
#1442 = DIRECTION ( 'NONE',  ( 0.000000000000000000, 0.000000000000000000, 1.000000000000000000 ) ) ;
#1443 = SURFACE_STYLE_USAGE ( .BOTH. , #6166 ) ;
#1444 = EDGE_CURVE ( 'NONE', #3770, #6778, #119, .T. ) ;
#1445 = DIRECTION ( 'NONE',  ( 0.000000000000000000, -1.000000000000000000, 0.000000000000000000 ) ) ;
#1446 = EDGE_LOOP ( 'NONE', ( #4767, #939, #1725, #4890 ) ) ;
#1447 = VECTOR ( 'NONE', #1028, 1000.000000000000000 ) ;
#1448 = PRESENTATION_STYLE_ASSIGNMENT (( #5271 ) ) ;
#1449 =( NAMED_UNIT ( * ) SI_UNIT ( $, .STERADIAN. ) SOLID_ANGLE_UNIT ( ) );
#1450 = CARTESIAN_POINT ( 'NONE',  ( 18.59150718393674495, 15.00000000000000000, -70.00000000000000000 ) ) ;
#1451 = CYLINDRICAL_SURFACE ( 'NONE', #2059, 4.600000000000001421 ) ;
#1452 = ORIENTED_EDGE ( 'NONE', *, *, #6332, .F. ) ;
#1453 = CARTESIAN_POINT ( 'NONE',  ( -0.9999999999999941158, -9.000000000000001776, -30.00000000000000711 ) ) ;
#1454 = PRESENTATION_STYLE_ASSIGNMENT (( #1009 ) ) ;
#1455 = DIRECTION ( 'NONE',  ( 1.000000000000000000, 0.000000000000000000, 0.000000000000000000 ) ) ;
#1456 = PRESENTATION_STYLE_ASSIGNMENT (( #6339 ) ) ;
#1457 = EDGE_LOOP ( 'NONE', ( #5979, #1736, #225, #6713 ) ) ;
#1458 = ORIENTED_EDGE ( 'NONE', *, *, #5137, .F. ) ;
#1459 = ADVANCED_FACE ( 'NONE', ( #3704 ), #16, .T. ) ;
#1460 =( LENGTH_UNIT ( ) NAMED_UNIT ( * ) SI_UNIT ( .MILLI., .METRE. ) );
#1461 = ORIENTED_EDGE ( 'NONE', *, *, #1890, .T. ) ;
#1462 = PRESENTATION_STYLE_ASSIGNMENT (( #5196 ) ) ;
#1463 = CARTESIAN_POINT ( 'NONE',  ( -27.50000000000001776, -22.00000000000000000, 22.60000000000000853 ) ) ;
#1464 = DIRECTION ( 'NONE',  ( 0.000000000000000000, 1.000000000000000000, 0.000000000000000000 ) ) ;
#1465 =( GEOMETRIC_REPRESENTATION_CONTEXT ( 3 ) GLOBAL_UNCERTAINTY_ASSIGNED_CONTEXT ( ( #6615 ) ) GLOBAL_UNIT_ASSIGNED_CONTEXT ( ( #3742, #1713, #6472 ) ) REPRESENTATION_CONTEXT ( 'NONE', 'WORKASPACE' ) );
#1466 = EDGE_CURVE ( 'NONE', #1506, #5083, #1852, .T. ) ;
#1467 = ORIENTED_EDGE ( 'NONE', *, *, #4502, .F. ) ;
#1468 = COLOUR_RGB ( '',0.5019607843137254832, 0.5019607843137254832, 1.000000000000000000 ) ;
#1469 = ADVANCED_FACE ( 'NONE', ( #4976, #4946 ), #5515, .T. ) ;
#1470 =( LENGTH_UNIT ( ) NAMED_UNIT ( * ) SI_UNIT ( .MILLI., .METRE. ) );
#1471 = CARTESIAN_POINT ( 'NONE',  ( -85.50000000000001421, -18.50000000000000355, 3.091507183936761827 ) ) ;
#1472 = FILL_AREA_STYLE_COLOUR ( '', #5149 ) ;
#1473 = CARTESIAN_POINT ( 'NONE',  ( 36.08101651390111897, -18.50000000000000000, -30.17077626419152381 ) ) ;
#1474 = CYLINDRICAL_SURFACE ( 'NONE', #3251, 2.000000000000000000 ) ;
#1475 = CARTESIAN_POINT ( 'NONE',  ( 19.50000000000000355, 0.000000000000000000, 30.01031832080728989 ) ) ;
#1476 = ORIENTED_EDGE ( 'NONE', *, *, #6789, .F. ) ;
#1477 = EDGE_LOOP ( 'NONE', ( #3668, #2445 ) ) ;
#1478 = EDGE_CURVE ( 'NONE', #2193, #5080, #4450, .T. ) ;
#1479 = DIRECTION ( 'NONE',  ( -0.000000000000000000, -1.000000000000000000, -0.000000000000000000 ) ) ;
#1480 =( GEOMETRIC_REPRESENTATION_CONTEXT ( 3 ) GLOBAL_UNCERTAINTY_ASSIGNED_CONTEXT ( ( #1061 ) ) GLOBAL_UNIT_ASSIGNED_CONTEXT ( ( #4289, #5313, #3275 ) ) REPRESENTATION_CONTEXT ( 'NONE', 'WORKASPACE' ) );
#1481 =( LENGTH_UNIT ( ) NAMED_UNIT ( * ) SI_UNIT ( .MILLI., .METRE. ) );
#1482 = CARTESIAN_POINT ( 'NONE',  ( 18.73727972395719732, -9.191879762304910884, 30.00000000000001776 ) ) ;
#1483 = DIRECTION ( 'NONE',  ( -1.000000000000000000, 0.000000000000000000, 0.000000000000000000 ) ) ;
#1484 = SURFACE_SIDE_STYLE ('',( #5312 ) ) ;
#1485 = EDGE_CURVE ( 'NONE', #445, #3530, #5444, .T. ) ;
#1486 = VERTEX_POINT ( 'NONE', #2306 ) ;
#1487 = SURFACE_STYLE_USAGE ( .BOTH. , #5326 ) ;
#1488 = LINE ( 'NONE', #1945, #678 ) ;
#1489 =( NAMED_UNIT ( * ) SI_UNIT ( $, .STERADIAN. ) SOLID_ANGLE_UNIT ( ) );
#1490 = CIRCLE ( 'NONE', #4339, 2.500000000000002220 ) ;
#1491 = SURFACE_SIDE_STYLE ('',( #6300 ) ) ;
#1492 = EDGE_LOOP ( 'NONE', ( #765, #6247, #3261, #3814 ) ) ;
#1493 = ORIENTED_EDGE ( 'NONE', *, *, #3438, .F. ) ;
#1494 = DIRECTION ( 'NONE',  ( 0.000000000000000000, -0.000000000000000000, -1.000000000000000000 ) ) ;
#1495 = DIRECTION ( 'NONE',  ( 0.000000000000000000, 1.000000000000000000, 0.000000000000000000 ) ) ;
#1496 = DIRECTION ( 'NONE',  ( 0.000000000000000000, 0.000000000000000000, -1.000000000000000000 ) ) ;
#1497 = DIRECTION ( 'NONE',  ( 0.000000000000000000, 0.000000000000000000, 1.000000000000000000 ) ) ;
#1498 = DIRECTION ( 'NONE',  ( 0.000000000000000000, 0.000000000000000000, 1.000000000000000000 ) ) ;
#1499 = VERTEX_POINT ( 'NONE', #2399 ) ;
#1500 = SURFACE_STYLE_FILL_AREA ( #5754 ) ;
#1501 = EDGE_CURVE ( 'NONE', #6806, #2004, #6629, .T. ) ;
#1502 =( NAMED_UNIT ( * ) PLANE_ANGLE_UNIT ( ) SI_UNIT ( $, .RADIAN. ) );
#1503 = FILL_AREA_STYLE ('',( #6728 ) ) ;
#1504 = DIRECTION ( 'NONE',  ( -1.000000000000000000, -0.000000000000000000, 4.885417284221725125E-16 ) ) ;
#1505 = DIRECTION ( 'NONE',  ( 0.000000000000000000, -0.000000000000000000, -1.000000000000000000 ) ) ;
#1506 = VERTEX_POINT ( 'NONE', #5544 ) ;
#1507 = ORIENTED_EDGE ( 'NONE', *, *, #140, .T. ) ;
#1508 = AXIS2_PLACEMENT_3D ( 'NONE', #6604, #6738, #3126 ) ;
#1509 = PLANE ( 'NONE',  #6052 ) ;
#1510 = DIRECTION ( 'NONE',  ( 0.000000000000000000, 1.000000000000000000, 0.000000000000000000 ) ) ;
#1511 = DIRECTION ( 'NONE',  ( -1.000000000000000000, 0.000000000000000000, 2.312964634635743450E-16 ) ) ;
#1512 = AXIS2_PLACEMENT_3D ( 'NONE', #857, #1867, #3521 ) ;
#1513 = VECTOR ( 'NONE', #2512, 1000.000000000000000 ) ;
#1514 = DIRECTION ( 'NONE',  ( 0.000000000000000000, 0.000000000000000000, 1.000000000000000000 ) ) ;
#1515 = EDGE_CURVE ( 'NONE', #806, #4, #816, .T. ) ;
#1516 = ORIENTED_EDGE ( 'NONE', *, *, #1685, .F. ) ;
#1517 = CIRCLE ( 'NONE', #5494, 43.50000000000000711 ) ;
#1518 = EDGE_LOOP ( 'NONE', ( #6050, #4141, #2900, #6687 ) ) ;
#1519 = FILL_AREA_STYLE_COLOUR ( '', #2594 ) ;
#1520 = UNCERTAINTY_MEASURE_WITH_UNIT (LENGTH_MEASURE( 1.000000000000000082E-05 ), #3683, 'distance_accuracy_value', 'NONE');
#1521 = PRESENTATION_LAYER_ASSIGNMENT (  '', '', ( #5040 ) ) ;
#1522 = LINE ( 'NONE', #4155, #2487 ) ;
#1523 = CIRCLE ( 'NONE', #5609, 43.50000000000000711 ) ;
#1524 = LINE ( 'NONE', #464, #494 ) ;
#1525 =( GEOMETRIC_REPRESENTATION_CONTEXT ( 3 ) GLOBAL_UNCERTAINTY_ASSIGNED_CONTEXT ( ( #5281 ) ) GLOBAL_UNIT_ASSIGNED_CONTEXT ( ( #4191, #466, #1489 ) ) REPRESENTATION_CONTEXT ( 'NONE', 'WORKASPACE' ) );
#1526 =( NAMED_UNIT ( * ) SI_UNIT ( $, .STERADIAN. ) SOLID_ANGLE_UNIT ( ) );
#1527 = CARTESIAN_POINT ( 'NONE',  ( 44.50000000000001421, -19.99999999999999645, -29.00000000000000711 ) ) ;
#1528 = PRESENTATION_STYLE_ASSIGNMENT (( #2565 ) ) ;
#1529 = ORIENTED_EDGE ( 'NONE', *, *, #2385, .T. ) ;
#1530 = PRESENTATION_LAYER_ASSIGNMENT (  '', '', ( #4938 ) ) ;
#1531 = CARTESIAN_POINT ( 'NONE',  ( -44.50000000000001421, -6.000000000000000000, -29.00000000000000711 ) ) ;
#1532 = VECTOR ( 'NONE', #746, 1000.000000000000000 ) ;
#1533 = EDGE_LOOP ( 'NONE', ( #2295, #4018, #4836, #2920 ) ) ;
#1534 = SURFACE_SIDE_STYLE ('',( #2083 ) ) ;
#1535 = FILL_AREA_STYLE_COLOUR ( '', #4234 ) ;
#1536 =( GEOMETRIC_REPRESENTATION_CONTEXT ( 3 ) GLOBAL_UNCERTAINTY_ASSIGNED_CONTEXT ( ( #3818 ) ) GLOBAL_UNIT_ASSIGNED_CONTEXT ( ( #3216, #1553, #4819 ) ) REPRESENTATION_CONTEXT ( 'NONE', 'WORKASPACE' ) );
#1537 = CARTESIAN_POINT ( 'NONE',  ( -27.50000000000001776, -11.99999999999999822, 17.40000000000001279 ) ) ;
#1538 = DIRECTION ( 'NONE',  ( -0.000000000000000000, 1.000000000000000000, -0.000000000000000000 ) ) ;
#1539 = CARTESIAN_POINT ( 'NONE',  ( 12.49999999999999289, 4.000000000000000000, 30.00000000000001066 ) ) ;
#1540 =( GEOMETRIC_REPRESENTATION_CONTEXT ( 3 ) GLOBAL_UNCERTAINTY_ASSIGNED_CONTEXT ( ( #3756 ) ) GLOBAL_UNIT_ASSIGNED_CONTEXT ( ( #6354, #4091, #154 ) ) REPRESENTATION_CONTEXT ( 'NONE', 'WORKASPACE' ) );
#1541 = APPLICATION_PROTOCOL_DEFINITION ( 'draft international standard', 'automotive_design', 1998, #6757 ) ;
#1542 = ORIENTED_EDGE ( 'NONE', *, *, #3785, .F. ) ;
#1543 = CIRCLE ( 'NONE', #3089, 2.600000000000001421 ) ;
#1544 = CIRCLE ( 'NONE', #6284, 1.750000000000005107 ) ;
#1545 = AXIS2_PLACEMENT_3D ( 'NONE', #980, #3667, #1981 ) ;
#1546 = CARTESIAN_POINT ( 'NONE',  ( 22.50000000000000000, 0.000000000000000000, 24.30000000000000782 ) ) ;
#1547 = CARTESIAN_POINT ( 'NONE',  ( 42.01838420794479134, 2.327262769142513843, 4.359087420110785871 ) ) ;
#1548 = ORIENTED_EDGE ( 'NONE', *, *, #5742, .T. ) ;
#1549 = AXIS2_PLACEMENT_3D ( 'NONE', #5795, #3722, #6287 ) ;
#1550 = ORIENTED_EDGE ( 'NONE', *, *, #5325, .F. ) ;
#1551 = EDGE_CURVE ( 'NONE', #2244, #5799, #5185, .T. ) ;
#1552 = UNCERTAINTY_MEASURE_WITH_UNIT (LENGTH_MEASURE( 1.000000000000000082E-05 ), #1702, 'distance_accuracy_value', 'NONE');
#1553 =( NAMED_UNIT ( * ) PLANE_ANGLE_UNIT ( ) SI_UNIT ( $, .RADIAN. ) );
#1554 = CARTESIAN_POINT ( 'NONE',  ( -15.50000000000001776, -15.00000000000000178, 20.00000000000001066 ) ) ;
#1555 = LINE ( 'NONE', #3690, #5503 ) ;
#1556 = CARTESIAN_POINT ( 'NONE',  ( 18.59150718393674495, 0.000000000000000000, -70.00000000000000000 ) ) ;
#1557 = DIRECTION ( 'NONE',  ( 0.000000000000000000, 1.000000000000000000, 0.000000000000000000 ) ) ;
#1558 = ORIENTED_EDGE ( 'NONE', *, *, #6627, .F. ) ;
#1559 = EDGE_CURVE ( 'NONE', #3416, #113, #2220, .T. ) ;
#1560 = CARTESIAN_POINT ( 'NONE',  ( 42.57339518699360070, 4.000000000000000000, 10.13115200650950065 ) ) ;
#1561 = EDGE_CURVE ( 'NONE', #5152, #6460, #2760, .T. ) ;
#1562 = EDGE_CURVE ( 'NONE', #2794, #1242, #1389, .T. ) ;
#1563 = PRESENTATION_STYLE_ASSIGNMENT (( #4733 ) ) ;
#1564 = CARTESIAN_POINT ( 'NONE',  ( 44.50000000000001421, -6.000000000000001776, -26.50000000000000711 ) ) ;
#1565 = CARTESIAN_POINT ( 'NONE',  ( 12.00000000000000178, -13.49999999999999822, 21.50000000000000355 ) ) ;
#1566 = FILL_AREA_STYLE_COLOUR ( '', #4313 ) ;
#1567 = ORIENTED_EDGE ( 'NONE', *, *, #5904, .F. ) ;
#1568 = LINE ( 'NONE', #2601, #2619 ) ;
#1569 = ORIENTED_EDGE ( 'NONE', *, *, #766, .T. ) ;
#1570 =( NAMED_UNIT ( * ) SI_UNIT ( $, .STERADIAN. ) SOLID_ANGLE_UNIT ( ) );
#1571 = PRESENTATION_STYLE_ASSIGNMENT (( #2088 ) ) ;
#1572 = DIRECTION ( 'NONE',  ( 0.000000000000000000, 0.000000000000000000, -1.000000000000000000 ) ) ;
#1573 = EDGE_CURVE ( 'NONE', #6088, #3699, #1488, .T. ) ;
#1574 = ORIENTED_EDGE ( 'NONE', *, *, #6092, .F. ) ;
#1575 = FILL_AREA_STYLE_COLOUR ( '', #3939 ) ;
#1576 = COLOUR_RGB ( '',0.5019607843137254832, 0.5019607843137254832, 1.000000000000000000 ) ;
#1577 = DIRECTION ( 'NONE',  ( 0.000000000000000000, 0.000000000000000000, 1.000000000000000000 ) ) ;
#1578 = FILL_AREA_STYLE ('',( #2654 ) ) ;
#1579 = SURFACE_STYLE_FILL_AREA ( #2099 ) ;
#1580 = ORIENTED_EDGE ( 'NONE', *, *, #5770, .T. ) ;
#1581 = VECTOR ( 'NONE', #1511, 1000.000000000000000 ) ;
#1582 = SURFACE_SIDE_STYLE ('',( #524 ) ) ;
#1583 =( LENGTH_UNIT ( ) NAMED_UNIT ( * ) SI_UNIT ( .MILLI., .METRE. ) );
#1584 = CARTESIAN_POINT ( 'NONE',  ( 85.50000000000001421, -18.50000000000000355, -3.091507183936761827 ) ) ;
#1585 =( NAMED_UNIT ( * ) PLANE_ANGLE_UNIT ( ) SI_UNIT ( $, .RADIAN. ) );
#1586 = DIRECTION ( 'NONE',  ( 0.000000000000000000, 1.000000000000000000, 0.000000000000000000 ) ) ;
#1587 = ADVANCED_FACE ( 'NONE', ( #877 ), #5743, .F. ) ;
#1588 =( LENGTH_UNIT ( ) NAMED_UNIT ( * ) SI_UNIT ( .MILLI., .METRE. ) );
#1589 = SURFACE_SIDE_STYLE ('',( #6291 ) ) ;
#1590 = EDGE_LOOP ( 'NONE', ( #2134, #6614 ) ) ;
#1591 = ORIENTED_EDGE ( 'NONE', *, *, #2991, .T. ) ;
#1592 = CIRCLE ( 'NONE', #2919, 4.600000000000001421 ) ;
#1593 = SURFACE_STYLE_FILL_AREA ( #5769 ) ;
#1594 = EDGE_CURVE ( 'NONE', #5379, #4997, #1524, .T. ) ;
#1595 = DIRECTION ( 'NONE',  ( -2.167851070390029859E-16, 1.000000000000000000, 0.000000000000000000 ) ) ;
#1596 = DIRECTION ( 'NONE',  ( -0.000000000000000000, -1.000000000000000000, -0.000000000000000000 ) ) ;
#1597 = CARTESIAN_POINT ( 'NONE',  ( 45.54555525137367766, 3.800000000000014477, -5.000000000000000888 ) ) ;
#1598 = ORIENTED_EDGE ( 'NONE', *, *, #6281, .F. ) ;
#1599 = DIRECTION ( 'NONE',  ( 0.000000000000000000, -1.000000000000000000, 0.000000000000000000 ) ) ;
#1600 = ORIENTED_EDGE ( 'NONE', *, *, #3855, .F. ) ;
#1601 = DIRECTION ( 'NONE',  ( 0.000000000000000000, 0.000000000000000000, -1.000000000000000000 ) ) ;
#1602 = AXIS2_PLACEMENT_3D ( 'NONE', #3492, #420, #287 ) ;
#1603 = CARTESIAN_POINT ( 'NONE',  ( 44.50000000000001421, -22.00000000000000355, 29.00000000000000711 ) ) ;
#1604 = FILL_AREA_STYLE ('',( #2122 ) ) ;
#1605 = CARTESIAN_POINT ( 'NONE',  ( 9.500000000000001776, -13.49999999999999822, 28.00000000000001066 ) ) ;
#1606 =( NAMED_UNIT ( * ) PLANE_ANGLE_UNIT ( ) SI_UNIT ( $, .RADIAN. ) );
#1607 = AXIS2_PLACEMENT_3D ( 'NONE', #973, #4731, #4656 ) ;
#1608 = EDGE_LOOP ( 'NONE', ( #6350, #4222, #3983, #3428 ) ) ;
#1609 = DIRECTION ( 'NONE',  ( 0.000000000000000000, 0.000000000000000000, 1.000000000000000000 ) ) ;
#1610 = SURFACE_SIDE_STYLE ('',( #6338 ) ) ;
#1611 = ADVANCED_FACE ( 'NONE', ( #4659 ), #6776, .F. ) ;
#1612 = CARTESIAN_POINT ( 'NONE',  ( -42.00000000000000711, 15.00000000000000355, 2.499999999999998668 ) ) ;
#1613 = DIRECTION ( 'NONE',  ( -0.000000000000000000, -1.000000000000000000, 0.000000000000000000 ) ) ;
#1614 = CIRCLE ( 'NONE', #4800, 2.500000000000005773 ) ;
#1615 = SURFACE_STYLE_USAGE ( .BOTH. , #1484 ) ;
#1616 = SURFACE_SIDE_STYLE ('',( #1579 ) ) ;
#1617 = ORIENTED_EDGE ( 'NONE', *, *, #4014, .T. ) ;
#1618 = EDGE_LOOP ( 'NONE', ( #3243, #458, #695, #387 ) ) ;
#1619 = UNCERTAINTY_MEASURE_WITH_UNIT (LENGTH_MEASURE( 1.000000000000000082E-05 ), #5658, 'distance_accuracy_value', 'NONE');
#1620 = LINE ( 'NONE', #5249, #2860 ) ;
#1621 = DIRECTION ( 'NONE',  ( 0.000000000000000000, -1.000000000000000000, 0.000000000000000000 ) ) ;
#1622 = CYLINDRICAL_SURFACE ( 'NONE', #1936, 43.50000000000000711 ) ;
#1623 = DIRECTION ( 'NONE',  ( 0.000000000000000000, 1.000000000000000000, 0.000000000000000000 ) ) ;
#1624 = CARTESIAN_POINT ( 'NONE',  ( -14.99999999999998579, 0.000000000000000000, 26.50000000000001066 ) ) ;
#1625 = ORIENTED_EDGE ( 'NONE', *, *, #1141, .T. ) ;
#1626 = EDGE_LOOP ( 'NONE', ( #3967, #4942, #926, #6325 ) ) ;
#1627 = MECHANICAL_DESIGN_GEOMETRIC_PRESENTATION_REPRESENTATION (  '', ( #3815 ), #3278 ) ;
#1628 = CIRCLE ( 'NONE', #2958, 2.600000000000001421 ) ;
#1629 = CARTESIAN_POINT ( 'NONE',  ( -45.50000000000001421, -22.00000000000000000, -3.091507183936765379 ) ) ;
#1630 = AXIS2_PLACEMENT_3D ( 'NONE', #1668, #4179, #6347 ) ;
#1631 = MECHANICAL_DESIGN_GEOMETRIC_PRESENTATION_REPRESENTATION (  '', ( #750 ), #92 ) ;
#1632 = FACE_BOUND ( 'NONE', #82, .T. ) ;
#1633 = VECTOR ( 'NONE', #4988, 1000.000000000000000 ) ;
#1634 = MECHANICAL_DESIGN_GEOMETRIC_PRESENTATION_REPRESENTATION (  '', ( #751 ), #3424 ) ;
#1635 = FACE_OUTER_BOUND ( 'NONE', #3109, .T. ) ;
#1636 = CARTESIAN_POINT ( 'NONE',  ( 44.50000000000001421, -18.50000000000000000, -26.50000000000000711 ) ) ;
#1637 = VERTEX_POINT ( 'NONE', #1098 ) ;
#1638 =( GEOMETRIC_REPRESENTATION_CONTEXT ( 3 ) GLOBAL_UNCERTAINTY_ASSIGNED_CONTEXT ( ( #5209 ) ) GLOBAL_UNIT_ASSIGNED_CONTEXT ( ( #5971, #5375, #4319 ) ) REPRESENTATION_CONTEXT ( 'NONE', 'WORKASPACE' ) );
#1639 = SURFACE_SIDE_STYLE ('',( #2081 ) ) ;
#1640 = DIRECTION ( 'NONE',  ( 0.000000000000000000, 0.000000000000000000, 1.000000000000000000 ) ) ;
#1641 = STYLED_ITEM ( 'NONE', ( #2096 ), #4831 ) ;
#1642 = AXIS2_PLACEMENT_3D ( 'NONE', #5892, #646, #4897 ) ;
#1643 = EDGE_CURVE ( 'NONE', #6179, #5608, #589, .T. ) ;
#1644 = ORIENTED_EDGE ( 'NONE', *, *, #639, .T. ) ;
#1645 = COLOUR_RGB ( '',0.5019607843137254832, 0.5019607843137254832, 1.000000000000000000 ) ;
#1646 = DIRECTION ( 'NONE',  ( -1.000000000000000000, 0.000000000000000000, 0.000000000000000000 ) ) ;
#1647 = FILL_AREA_STYLE ('',( #4773 ) ) ;
#1648 = AXIS2_PLACEMENT_3D ( 'NONE', #963, #1008, #6286 ) ;
#1649 =( LENGTH_UNIT ( ) NAMED_UNIT ( * ) SI_UNIT ( .MILLI., .METRE. ) );
#1650 = CARTESIAN_POINT ( 'NONE',  ( 0.000000000000000000, 0.000000000000000000, 0.000000000000000000 ) ) ;
#1651 = ORIENTED_EDGE ( 'NONE', *, *, #2363, .T. ) ;
#1652 = EDGE_CURVE ( 'NONE', #1506, #632, #5898, .T. ) ;
#1653 = STYLED_ITEM ( 'NONE', ( #3104 ), #3085 ) ;
#1654 = SURFACE_STYLE_USAGE ( .BOTH. , #1164 ) ;
#1655 = FILL_AREA_STYLE_COLOUR ( '', #3917 ) ;
#1656 = FACE_OUTER_BOUND ( 'NONE', #5065, .T. ) ;
#1657 = EDGE_CURVE ( 'NONE', #2339, #3945, #2023, .T. ) ;
#1658 = CARTESIAN_POINT ( 'NONE',  ( 45.50000000000001421, 3.799999999999999822, 2.999999999999999556 ) ) ;
#1659 = CARTESIAN_POINT ( 'NONE',  ( 45.50000000000002132, 1.802094487897897501, 3.091507183936769376 ) ) ;
#1660 = AXIS2_PLACEMENT_3D ( 'NONE', #1800, #6001, #4810 ) ;
#1661 = MECHANICAL_DESIGN_GEOMETRIC_PRESENTATION_REPRESENTATION (  '', ( #673 ), #4843 ) ;
#1662 = PRESENTATION_LAYER_ASSIGNMENT (  '', '', ( #2323 ) ) ;
#1663 = VERTEX_POINT ( 'NONE', #2270 ) ;
#1664 = ORIENTED_EDGE ( 'NONE', *, *, #1373, .F. ) ;
#1665 = CIRCLE ( 'NONE', #2537, 4.999999999999993783 ) ;
#1666 = CIRCLE ( 'NONE', #5850, 1.750000000000005107 ) ;
#1667 = LINE ( 'NONE', #5038, #5059 ) ;
#1668 = CARTESIAN_POINT ( 'NONE',  ( 44.50000000000001421, -42.54163056034264656, -29.00000000000000711 ) ) ;
#1669 = SURFACE_STYLE_FILL_AREA ( #2316 ) ;
#1670 = ORIENTED_EDGE ( 'NONE', *, *, #5996, .T. ) ;
#1671 = EDGE_LOOP ( 'NONE', ( #3151, #5528, #5352, #1334, #4291, #3464, #3787, #1375 ) ) ;
#1672 = PLANE ( 'NONE',  #120 ) ;
#1673 = FILL_AREA_STYLE_COLOUR ( '', #1968 ) ;
#1674 = SURFACE_SIDE_STYLE ('',( #6501 ) ) ;
#1675 = DIRECTION ( 'NONE',  ( 0.000000000000000000, 1.000000000000000000, 0.000000000000000000 ) ) ;
#1676 = VERTEX_POINT ( 'NONE', #653 ) ;
#1677 = CARTESIAN_POINT ( 'NONE',  ( -44.50000000000001421, -6.000000000000001776, 29.00000000000000711 ) ) ;
#1678 = ORIENTED_EDGE ( 'NONE', *, *, #4720, .T. ) ;
#1679 = LINE ( 'NONE', #6364, #6765 ) ;
#1680 = CARTESIAN_POINT ( 'NONE',  ( -42.00000000000000711, 4.000000000000000000, -3.091507183936765379 ) ) ;
#1681 = CARTESIAN_POINT ( 'NONE',  ( -18.59150718393674495, 0.000000000000000000, -70.00000000000000000 ) ) ;
#1682 = PLANE ( 'NONE',  #1642 ) ;
#1683 = EDGE_CURVE ( 'NONE', #5083, #6188, #4663, .T. ) ;
#1684 = PLANE ( 'NONE',  #6628 ) ;
#1685 = EDGE_CURVE ( 'NONE', #6179, #3937, #4353, .T. ) ;
#1686 = DIRECTION ( 'NONE',  ( -0.000000000000000000, -0.000000000000000000, -1.000000000000000000 ) ) ;
#1687 = EDGE_CURVE ( 'NONE', #1676, #5600, #719, .T. ) ;
#1688 = CARTESIAN_POINT ( 'NONE',  ( -42.00000000000000711, 4.000000000000000000, 2.499999999999999112 ) ) ;
#1689 = SURFACE_STYLE_USAGE ( .BOTH. , #1616 ) ;
#1690 = ORIENTED_EDGE ( 'NONE', *, *, #260, .F. ) ;
#1691 = VERTEX_POINT ( 'NONE', #3750 ) ;
#1692 = PRODUCT_DEFINITION ( 'UNKNOWN', '', #3461, #5450 ) ;
#1693 = ADVANCED_FACE ( 'NONE', ( #5372 ), #2811, .F. ) ;
#1694 = FACE_OUTER_BOUND ( 'NONE', #2178, .T. ) ;
#1695 = FILL_AREA_STYLE_COLOUR ( '', #4487 ) ;
#1696 = DIRECTION ( 'NONE',  ( 1.000000000000000000, 0.000000000000000000, -0.000000000000000000 ) ) ;
#1697 = AXIS2_PLACEMENT_3D ( 'NONE', #853, #6626, #1894 ) ;
#1698 =( NAMED_UNIT ( * ) SI_UNIT ( $, .STERADIAN. ) SOLID_ANGLE_UNIT ( ) );
#1699 = ORIENTED_EDGE ( 'NONE', *, *, #1978, .T. ) ;
#1700 = EDGE_LOOP ( 'NONE', ( #4644, #3847, #4365, #3481 ) ) ;
#1701 = AXIS2_PLACEMENT_3D ( 'NONE', #62, #5447, #5864 ) ;
#1702 =( LENGTH_UNIT ( ) NAMED_UNIT ( * ) SI_UNIT ( .MILLI., .METRE. ) );
#1703 = ADVANCED_FACE ( 'NONE', ( #4949 ), #1795, .F. ) ;
#1704 = PLANE ( 'NONE',  #2129 ) ;
#1705 =( NAMED_UNIT ( * ) PLANE_ANGLE_UNIT ( ) SI_UNIT ( $, .RADIAN. ) );
#1706 = PLANE ( 'NONE',  #3139 ) ;
#1707 = FACE_BOUND ( 'NONE', #2462, .T. ) ;
#1708 = ORIENTED_EDGE ( 'NONE', *, *, #6324, .F. ) ;
#1709 = SURFACE_STYLE_FILL_AREA ( #3337 ) ;
#1710 = AXIS2_PLACEMENT_3D ( 'NONE', #2, #2223, #4147 ) ;
#1711 = CARTESIAN_POINT ( 'NONE',  ( -11.99999999999999289, 4.000000000000000000, 0.000000000000000000 ) ) ;
#1712 = ORIENTED_EDGE ( 'NONE', *, *, #3706, .F. ) ;
#1713 =( NAMED_UNIT ( * ) PLANE_ANGLE_UNIT ( ) SI_UNIT ( $, .RADIAN. ) );
#1714 =( LENGTH_UNIT ( ) NAMED_UNIT ( * ) SI_UNIT ( .MILLI., .METRE. ) );
#1715 = SURFACE_STYLE_FILL_AREA ( #6444 ) ;
#1716 = CARTESIAN_POINT ( 'NONE',  ( 20.00000000000000000, 0.000000000000000000, 24.30000000000000782 ) ) ;
#1717 = UNCERTAINTY_MEASURE_WITH_UNIT (LENGTH_MEASURE( 1.000000000000000082E-05 ), #6545, 'distance_accuracy_value', 'NONE');
#1718 = CARTESIAN_POINT ( 'NONE',  ( -44.50000000000001421, -2.999999999999998224, 29.00000000000000711 ) ) ;
#1719 = CARTESIAN_POINT ( 'NONE',  ( 9.500000000000001776, -13.49999999999999822, 28.00000000000001066 ) ) ;
#1720 = DIRECTION ( 'NONE',  ( 0.000000000000000000, 0.000000000000000000, -1.000000000000000000 ) ) ;
#1721 = DIRECTION ( 'NONE',  ( -0.000000000000000000, -1.000000000000000000, -0.000000000000000000 ) ) ;
#1722 = SURFACE_STYLE_USAGE ( .BOTH. , #2813 ) ;
#1723 = SURFACE_STYLE_FILL_AREA ( #65 ) ;
#1724 = PRESENTATION_LAYER_ASSIGNMENT (  '', '', ( #6569 ) ) ;
#1725 = ORIENTED_EDGE ( 'NONE', *, *, #639, .F. ) ;
#1726 = ORIENTED_EDGE ( 'NONE', *, *, #2385, .F. ) ;
#1727 = VECTOR ( 'NONE', #3664, 1000.000000000000000 ) ;
#1728 = EDGE_CURVE ( 'NONE', #2586, #2359, #5998, .T. ) ;
#1729 = AXIS2_PLACEMENT_3D ( 'NONE', #6725, #1995, #4069 ) ;
#1730 =( LENGTH_UNIT ( ) NAMED_UNIT ( * ) SI_UNIT ( .MILLI., .METRE. ) );
#1731 =( NAMED_UNIT ( * ) SI_UNIT ( $, .STERADIAN. ) SOLID_ANGLE_UNIT ( ) );
#1732 =( NAMED_UNIT ( * ) PLANE_ANGLE_UNIT ( ) SI_UNIT ( $, .RADIAN. ) );
#1733 = CARTESIAN_POINT ( 'NONE',  ( 0.000000000000000000, -18.50000000000000000, 0.000000000000000000 ) ) ;
#1734 =( NAMED_UNIT ( * ) PLANE_ANGLE_UNIT ( ) SI_UNIT ( $, .RADIAN. ) );
#1735 = EDGE_LOOP ( 'NONE', ( #5655, #883, #2377, #2673 ) ) ;
#1736 = ORIENTED_EDGE ( 'NONE', *, *, #180, .T. ) ;
#1737 = MECHANICAL_DESIGN_GEOMETRIC_PRESENTATION_REPRESENTATION (  '', ( #5589 ), #1181 ) ;
#1738 = SURFACE_SIDE_STYLE ('',( #4335 ) ) ;
#1739 = ADVANCED_FACE ( 'NONE', ( #1824 ), #3495, .F. ) ;
#1740 = ORIENTED_EDGE ( 'NONE', *, *, #43, .F. ) ;
#1741 = DIRECTION ( 'NONE',  ( -0.9999975931331908097, -0.000000000000000000, 0.002194020926397173468 ) ) ;
#1742 = VECTOR ( 'NONE', #776, 1000.000000000000000 ) ;
#1743 = EDGE_LOOP ( 'NONE', ( #4526, #594, #6385, #1347 ) ) ;
#1744 = MECHANICAL_DESIGN_GEOMETRIC_PRESENTATION_REPRESENTATION (  '', ( #6701 ), #5486 ) ;
#1745 = LINE ( 'NONE', #87, #6543 ) ;
#1746 = DIRECTION ( 'NONE',  ( 0.000000000000000000, 0.000000000000000000, -1.000000000000000000 ) ) ;
#1747 = VECTOR ( 'NONE', #174, 1000.000000000000000 ) ;
#1748 = CARTESIAN_POINT ( 'NONE',  ( -36.08101651390111897, 0.000000000000000000, 30.17077626419152736 ) ) ;
#1749 = UNCERTAINTY_MEASURE_WITH_UNIT (LENGTH_MEASURE( 1.000000000000000082E-05 ), #4959, 'distance_accuracy_value', 'NONE');
#1750 = CARTESIAN_POINT ( 'NONE',  ( 19.50000000000000355, 15.00000000000000000, 30.01031832080728989 ) ) ;
#1751 = PRESENTATION_LAYER_ASSIGNMENT (  '', '', ( #2963 ) ) ;
#1752 =( GEOMETRIC_REPRESENTATION_CONTEXT ( 3 ) GLOBAL_UNCERTAINTY_ASSIGNED_CONTEXT ( ( #2562 ) ) GLOBAL_UNIT_ASSIGNED_CONTEXT ( ( #5721, #4244, #1796 ) ) REPRESENTATION_CONTEXT ( 'NONE', 'WORKASPACE' ) );
#1753 = UNCERTAINTY_MEASURE_WITH_UNIT (LENGTH_MEASURE( 1.000000000000000082E-05 ), #5224, 'distance_accuracy_value', 'NONE');
#1754 =( NAMED_UNIT ( * ) PLANE_ANGLE_UNIT ( ) SI_UNIT ( $, .RADIAN. ) );
#1755 =( GEOMETRIC_REPRESENTATION_CONTEXT ( 3 ) GLOBAL_UNCERTAINTY_ASSIGNED_CONTEXT ( ( #5832 ) ) GLOBAL_UNIT_ASSIGNED_CONTEXT ( ( #4095, #4898, #3305 ) ) REPRESENTATION_CONTEXT ( 'NONE', 'WORKASPACE' ) );
#1756 = STYLED_ITEM ( 'NONE', ( #978 ), #3663 ) ;
#1757 =( GEOMETRIC_REPRESENTATION_CONTEXT ( 3 ) GLOBAL_UNCERTAINTY_ASSIGNED_CONTEXT ( ( #1364 ) ) GLOBAL_UNIT_ASSIGNED_CONTEXT ( ( #6473, #88, #4871 ) ) REPRESENTATION_CONTEXT ( 'NONE', 'WORKASPACE' ) );
#1758 = CARTESIAN_POINT ( 'NONE',  ( 44.50000000000001421, -2.999999999999999112, 29.00000000000000711 ) ) ;
#1759 = CARTESIAN_POINT ( 'NONE',  ( 85.50000000000001421, 15.00000000000000000, 3.091507183936761827 ) ) ;
#1760 = LINE ( 'NONE', #3837, #6816 ) ;
#1761 = CARTESIAN_POINT ( 'NONE',  ( -85.50000000000001421, 0.000000000000000000, 3.091507183936761827 ) ) ;
#1762 = SURFACE_STYLE_FILL_AREA ( #240 ) ;
#1763 = DIRECTION ( 'NONE',  ( -0.000000000000000000, 1.000000000000000000, -0.000000000000000000 ) ) ;
#1764 = ORIENTED_EDGE ( 'NONE', *, *, #1435, .T. ) ;
#1765 = ORIENTED_EDGE ( 'NONE', *, *, #1652, .F. ) ;
#1766 =( GEOMETRIC_REPRESENTATION_CONTEXT ( 3 ) GLOBAL_UNCERTAINTY_ASSIGNED_CONTEXT ( ( #787 ) ) GLOBAL_UNIT_ASSIGNED_CONTEXT ( ( #3271, #4392, #1236 ) ) REPRESENTATION_CONTEXT ( 'NONE', 'WORKASPACE' ) );
#1767 = SURFACE_STYLE_FILL_AREA ( #3325 ) ;
#1768 = CARTESIAN_POINT ( 'NONE',  ( 42.02651554202303430, 2.608920458391176922, -4.611673415072806037 ) ) ;
#1769 = CYLINDRICAL_SURFACE ( 'NONE', #2080, 1.750000000000005107 ) ;
#1770 = COLOUR_RGB ( '',0.5019607843137254832, 0.5019607843137254832, 1.000000000000000000 ) ;
#1771 = DIRECTION ( 'NONE',  ( 0.000000000000000000, -0.000000000000000000, 1.000000000000000000 ) ) ;
#1772 = PRESENTATION_LAYER_ASSIGNMENT (  '', '', ( #4730 ) ) ;
#1773 = DIRECTION ( 'NONE',  ( 0.000000000000000000, 0.000000000000000000, -1.000000000000000000 ) ) ;
#1774 = EDGE_CURVE ( 'NONE', #395, #6040, #3467, .T. ) ;
#1775 = FILL_AREA_STYLE_COLOUR ( '', #4098 ) ;
#1776 = VERTEX_POINT ( 'NONE', #3016 ) ;
#1777 = COLOUR_RGB ( '',0.5019607843137254832, 0.5019607843137254832, 1.000000000000000000 ) ;
#1778 = ORIENTED_EDGE ( 'NONE', *, *, #1788, .F. ) ;
#1779 = AXIS2_PLACEMENT_3D ( 'NONE', #1820, #5474, #6579 ) ;
#1780 =( NAMED_UNIT ( * ) SI_UNIT ( $, .STERADIAN. ) SOLID_ANGLE_UNIT ( ) );
#1781 = SURFACE_STYLE_FILL_AREA ( #2946 ) ;
#1782 = EDGE_CURVE ( 'NONE', #216, #2556, #393, .T. ) ;
#1783 = DIRECTION ( 'NONE',  ( 0.000000000000000000, 0.000000000000000000, 1.000000000000000000 ) ) ;
#1784 = LINE ( 'NONE', #6537, #855 ) ;
#1785 = ORIENTED_EDGE ( 'NONE', *, *, #5958, .F. ) ;
#1786 = CIRCLE ( 'NONE', #6518, 43.50000000000000711 ) ;
#1787 = CARTESIAN_POINT ( 'NONE',  ( -27.50000000000001776, -15.00000000000000178, 20.00000000000001066 ) ) ;
#1788 = EDGE_CURVE ( 'NONE', #316, #3405, #2792, .T. ) ;
#1789 = ADVANCED_FACE ( 'NONE', ( #5696 ), #6182, .F. ) ;
#1790 = CARTESIAN_POINT ( 'NONE',  ( -14.99999999999998934, 4.000000000000000000, 26.50000000000001066 ) ) ;
#1791 = LINE ( 'NONE', #1390, #3404 ) ;
#1792 = LINE ( 'NONE', #788, #2867 ) ;
#1793 = DIRECTION ( 'NONE',  ( 1.000000000000000000, 0.000000000000000000, -1.156482317317871478E-16 ) ) ;
#1794 = LINE ( 'NONE', #6447, #114 ) ;
#1795 = CYLINDRICAL_SURFACE ( 'NONE', #2135, 2.500000000000002220 ) ;
#1796 =( NAMED_UNIT ( * ) SI_UNIT ( $, .STERADIAN. ) SOLID_ANGLE_UNIT ( ) );
#1797 = CARTESIAN_POINT ( 'NONE',  ( 44.50000000000001421, 0.000000000000000000, -29.00000000000000711 ) ) ;
#1798 = EDGE_CURVE ( 'NONE', #2550, #6791, #1906, .T. ) ;
#1800 = CARTESIAN_POINT ( 'NONE',  ( -15.50000000000001776, -18.50000000000000000, 20.00000000000001066 ) ) ;
#1799 = UNCERTAINTY_MEASURE_WITH_UNIT (LENGTH_MEASURE( 1.000000000000000082E-05 ), #4201, 'distance_accuracy_value', 'NONE');
#1801 =( LENGTH_UNIT ( ) NAMED_UNIT ( * ) SI_UNIT ( .MILLI., .METRE. ) );
#1802 = ORIENTED_EDGE ( 'NONE', *, *, #5234, .F. ) ;
#1803 =( NAMED_UNIT ( * ) PLANE_ANGLE_UNIT ( ) SI_UNIT ( $, .RADIAN. ) );
#1804 = CARTESIAN_POINT ( 'NONE',  ( -44.50000000000001421, 0.000000000000000000, -29.00000000000000711 ) ) ;
#1805 = CARTESIAN_POINT ( 'NONE',  ( -44.50000000000001421, -6.000000000000001776, 31.50000000000001421 ) ) ;
#1806 =( NAMED_UNIT ( * ) PLANE_ANGLE_UNIT ( ) SI_UNIT ( $, .RADIAN. ) );
#1807 = EDGE_LOOP ( 'NONE', ( #1778, #5454, #4101, #315 ) ) ;
#1808 = EDGE_LOOP ( 'NONE', ( #1600, #4918, #6525, #5662 ) ) ;
#1809 = EDGE_CURVE ( 'NONE', #5767, #3024, #6660, .T. ) ;
#1810 = FACE_OUTER_BOUND ( 'NONE', #3302, .T. ) ;
#1811 = CARTESIAN_POINT ( 'NONE',  ( -44.50000000000001421, -2.999999999999998224, 34.00000000000000000 ) ) ;
#1812 = LINE ( 'NONE', #3370, #6698 ) ;
#1813 = EDGE_LOOP ( 'NONE', ( #158, #3827 ) ) ;
#1814 =( GEOMETRIC_REPRESENTATION_CONTEXT ( 3 ) GLOBAL_UNCERTAINTY_ASSIGNED_CONTEXT ( ( #3789 ) ) GLOBAL_UNIT_ASSIGNED_CONTEXT ( ( #376, #1399, #4559 ) ) REPRESENTATION_CONTEXT ( 'NONE', 'WORKASPACE' ) );
#1815 = FILL_AREA_STYLE_COLOUR ( '', #118 ) ;
#1816 = ADVANCED_FACE ( 'NONE', ( #3043, #5136 ), #6769, .F. ) ;
#1817 = DIRECTION ( 'NONE',  ( 0.000000000000000000, 0.000000000000000000, -1.000000000000000000 ) ) ;
#1818 = CIRCLE ( 'NONE', #1140, 8.500000000000010658 ) ;
#1819 = UNCERTAINTY_MEASURE_WITH_UNIT (LENGTH_MEASURE( 1.000000000000000082E-05 ), #1120, 'distance_accuracy_value', 'NONE');
#1820 = CARTESIAN_POINT ( 'NONE',  ( 85.50000000000001421, 15.00000000000000000, -3.091507183936761827 ) ) ;
#1821 = AXIS2_PLACEMENT_3D ( 'NONE', #6206, #4610, #900 ) ;
#1822 = ORIENTED_EDGE ( 'NONE', *, *, #4322, .T. ) ;
#1823 = CARTESIAN_POINT ( 'NONE',  ( 18.59150718393674495, 15.00000000000000000, 70.00000000000000000 ) ) ;
#1824 = FACE_OUTER_BOUND ( 'NONE', #368, .T. ) ;
#1825 = DIRECTION ( 'NONE',  ( 1.000000000000000000, 0.000000000000000000, -0.000000000000000000 ) ) ;
#1826 = PLANE ( 'NONE',  #95 ) ;
#1827 = SURFACE_STYLE_USAGE ( .BOTH. , #276 ) ;
#1828 = EDGE_LOOP ( 'NONE', ( #2039, #5130, #3353, #4042 ) ) ;
#1829 = DIRECTION ( 'NONE',  ( 0.000000000000000000, -0.000000000000000000, 1.000000000000000000 ) ) ;
#1830 = DIRECTION ( 'NONE',  ( 0.000000000000000000, 0.000000000000000000, -1.000000000000000000 ) ) ;
#1831 = CARTESIAN_POINT ( 'NONE',  ( 44.50000000000001421, -18.50000000000000000, -29.00000000000000711 ) ) ;
#1832 = ORIENTED_EDGE ( 'NONE', *, *, #2314, .T. ) ;
#1833 = VERTEX_POINT ( 'NONE', #6321 ) ;
#1834 =( GEOMETRIC_REPRESENTATION_CONTEXT ( 3 ) GLOBAL_UNCERTAINTY_ASSIGNED_CONTEXT ( ( #1749 ) ) GLOBAL_UNIT_ASSIGNED_CONTEXT ( ( #4959, #4427, #5719 ) ) REPRESENTATION_CONTEXT ( 'NONE', 'WORKASPACE' ) );
#1835 = SURFACE_SIDE_STYLE ('',( #6180 ) ) ;
#1836 = FILL_AREA_STYLE_COLOUR ( '', #3482 ) ;
#1837 = CARTESIAN_POINT ( 'NONE',  ( -44.50000000000001421, -19.99999999999999645, 26.50000000000000711 ) ) ;
#1838 =( NAMED_UNIT ( * ) SI_UNIT ( $, .STERADIAN. ) SOLID_ANGLE_UNIT ( ) );
#1839 = AXIS2_PLACEMENT_3D ( 'NONE', #717, #3270, #1609 ) ;
#1840 = CARTESIAN_POINT ( 'NONE',  ( 45.51999363167539059, 2.327264388437333409, 4.359088851671770293 ) ) ;
#1841 = ORIENTED_EDGE ( 'NONE', *, *, #1351, .F. ) ;
#1842 = CARTESIAN_POINT ( 'NONE',  ( -45.50000000000001421, 3.000000000000000000, -2.499999999999999112 ) ) ;
#1843 = FILL_AREA_STYLE ('',( #4445 ) ) ;
#1844 = CARTESIAN_POINT ( 'NONE',  ( -44.50000000000001421, -18.50000000000000000, -29.00000000000000711 ) ) ;
#1845 = CARTESIAN_POINT ( 'NONE',  ( -51.68556701030929901, -22.00000000000000000, -24.45933631058685620 ) ) ;
#1846 = ORIENTED_EDGE ( 'NONE', *, *, #3539, .T. ) ;
#1847 = ORIENTED_EDGE ( 'NONE', *, *, #1147, .F. ) ;
#1848 = UNCERTAINTY_MEASURE_WITH_UNIT (LENGTH_MEASURE( 1.000000000000000082E-05 ), #3390, 'distance_accuracy_value', 'NONE');
#1849 = DIRECTION ( 'NONE',  ( 0.000000000000000000, 0.000000000000000000, 1.000000000000000000 ) ) ;
#1850 = COLOUR_RGB ( '',0.5019607843137254832, 0.5019607843137254832, 1.000000000000000000 ) ;
#1851 = AXIS2_PLACEMENT_3D ( 'NONE', #3273, #4880, #5899 ) ;
#1852 = LINE ( 'NONE', #6128, #5415 ) ;
#1853 = CARTESIAN_POINT ( 'NONE',  ( -9.999999999999992895, -6.999999999999999112, -26.50000000000000711 ) ) ;
#1854 = DIRECTION ( 'NONE',  ( -0.000000000000000000, -1.000000000000000000, -0.000000000000000000 ) ) ;
#1855 = FILL_AREA_STYLE_COLOUR ( '', #5997 ) ;
#1856 = AXIS2_PLACEMENT_3D ( 'NONE', #1131, #2128, #556 ) ;
#1857 = LINE ( 'NONE', #6000, #5601 ) ;
#1858 = STYLED_ITEM ( 'NONE', ( #63 ), #3135 ) ;
#1859 = DIRECTION ( 'NONE',  ( 0.000000000000000000, 0.000000000000000000, 1.000000000000000000 ) ) ;
#1860 = VECTOR ( 'NONE', #5329, 1000.000000000000000 ) ;
#1861 = EDGE_CURVE ( 'NONE', #4997, #337, #2261, .T. ) ;
#1862 = COLOUR_RGB ( '',0.5019607843137254832, 0.5019607843137254832, 1.000000000000000000 ) ;
#1863 = EDGE_LOOP ( 'NONE', ( #248, #4414, #1529, #813 ) ) ;
#1864 = EDGE_CURVE ( 'NONE', #2090, #1872, #3876, .T. ) ;
#1865 = EDGE_CURVE ( 'NONE', #6645, #6342, #5875, .T. ) ;
#1866 = FACE_OUTER_BOUND ( 'NONE', #4171, .T. ) ;
#1867 = DIRECTION ( 'NONE',  ( 0.000000000000000000, -1.000000000000000000, 0.000000000000000000 ) ) ;
#1868 = CARTESIAN_POINT ( 'NONE',  ( -45.67077626419153091, 0.000000000000000000, -20.58101651390110831 ) ) ;
#1869 = MECHANICAL_DESIGN_GEOMETRIC_PRESENTATION_REPRESENTATION (  '', ( #4938 ), #3417 ) ;
#1870 = VECTOR ( 'NONE', #4505, 1000.000000000000000 ) ;
#1871 = FACE_OUTER_BOUND ( 'NONE', #5428, .T. ) ;
#1872 = VERTEX_POINT ( 'NONE', #5796 ) ;
#1873 = ORIENTED_EDGE ( 'NONE', *, *, #896, .T. ) ;
#1874 = AXIS2_PLACEMENT_3D ( 'NONE', #1844, #262, #1330 ) ;
#1875 = CARTESIAN_POINT ( 'NONE',  ( 85.50000000000001421, 0.000000000000000000, 3.091507183936761827 ) ) ;
#1876 = FILL_AREA_STYLE_COLOUR ( '', #6173 ) ;
#1877 = VECTOR ( 'NONE', #4352, 1000.000000000000000 ) ;
#1878 = ORIENTED_EDGE ( 'NONE', *, *, #1782, .F. ) ;
#1879 = VECTOR ( 'NONE', #3607, 1000.000000000000000 ) ;
#1880 = COLOUR_RGB ( '',0.5019607843137254832, 0.5019607843137254832, 1.000000000000000000 ) ;
#1881 = CARTESIAN_POINT ( 'NONE',  ( -46.12432983716945500, 4.000000000000000000, 10.13115200650949888 ) ) ;
#1882 = MECHANICAL_DESIGN_GEOMETRIC_PRESENTATION_REPRESENTATION (  '', ( #4848 ), #5411 ) ;
#1883 = DIRECTION ( 'NONE',  ( -0.000000000000000000, -1.000000000000000000, -0.000000000000000000 ) ) ;
#1884 = CIRCLE ( 'NONE', #672, 4.999999999999997335 ) ;
#1885 = VECTOR ( 'NONE', #3378, 1000.000000000000000 ) ;
#1886 = CARTESIAN_POINT ( 'NONE',  ( -3.500000000000016875, -11.99999999999999822, 17.40000000000000924 ) ) ;
#1887 = ORIENTED_EDGE ( 'NONE', *, *, #756, .F. ) ;
#1888 = ORIENTED_EDGE ( 'NONE', *, *, #4720, .F. ) ;
#1889 = DIRECTION ( 'NONE',  ( 0.000000000000000000, 0.000000000000000000, 1.000000000000000000 ) ) ;
#1890 = EDGE_CURVE ( 'NONE', #3264, #2160, #6758, .T. ) ;
#1891 = PRESENTATION_STYLE_ASSIGNMENT (( #375 ) ) ;
#1892 = FACE_OUTER_BOUND ( 'NONE', #5217, .T. ) ;
#1893 = DIRECTION ( 'NONE',  ( -0.000000000000000000, 1.000000000000000000, -0.000000000000000000 ) ) ;
#1894 = DIRECTION ( 'NONE',  ( 0.000000000000000000, 0.000000000000000000, -1.000000000000000000 ) ) ;
#1895 = ORIENTED_EDGE ( 'NONE', *, *, #3548, .F. ) ;
#1896 = EDGE_CURVE ( 'NONE', #3365, #3530, #3249, .T. ) ;
#1897 = DIRECTION ( 'NONE',  ( 0.000000000000000000, 0.000000000000000000, 1.000000000000000000 ) ) ;
#1898 = FILL_AREA_STYLE_COLOUR ( '', #4815 ) ;
#1899 = EDGE_CURVE ( 'NONE', #4882, #359, #5840, .T. ) ;
#1900 = DIRECTION ( 'NONE',  ( 0.000000000000000000, 1.000000000000000000, 0.000000000000000000 ) ) ;
#1901 = CARTESIAN_POINT ( 'NONE',  ( 51.68556701030929901, 15.00000000000000000, 24.45933631058685620 ) ) ;
#1902 = ORIENTED_EDGE ( 'NONE', *, *, #5824, .F. ) ;
#1903 = ORIENTED_EDGE ( 'NONE', *, *, #6446, .T. ) ;
#1904 = FACE_OUTER_BOUND ( 'NONE', #5368, .T. ) ;
#1905 = CARTESIAN_POINT ( 'NONE',  ( 19.50000000000000711, -7.216879606480418374, 30.01031832080728634 ) ) ;
#1906 = LINE ( 'NONE', #2032, #3679 ) ;
#1907 = DIRECTION ( 'NONE',  ( -1.000000000000000000, 0.000000000000000000, 0.000000000000000000 ) ) ;
#1908 = EDGE_LOOP ( 'NONE', ( #39, #4432, #3691, #4223 ) ) ;
#1910 = ADVANCED_FACE ( 'NONE', ( #2663 ), #1067, .F. ) ;
#1909 =( GEOMETRIC_REPRESENTATION_CONTEXT ( 3 ) GLOBAL_UNCERTAINTY_ASSIGNED_CONTEXT ( ( #3444 ) ) GLOBAL_UNIT_ASSIGNED_CONTEXT ( ( #803, #321, #1937 ) ) REPRESENTATION_CONTEXT ( 'NONE', 'WORKASPACE' ) );
#1911 = CARTESIAN_POINT ( 'NONE',  ( 20.00000000000000000, 0.000000000000000000, 23.00000000000001066 ) ) ;
#1912 =( NAMED_UNIT ( * ) PLANE_ANGLE_UNIT ( ) SI_UNIT ( $, .RADIAN. ) );
#1913 = DIRECTION ( 'NONE',  ( 1.000000000000000000, -0.000000000000000000, -0.000000000000000000 ) ) ;
#1914 = ORIENTED_EDGE ( 'NONE', *, *, #4227, .T. ) ;
#1915 =( GEOMETRIC_REPRESENTATION_CONTEXT ( 3 ) GLOBAL_UNCERTAINTY_ASSIGNED_CONTEXT ( ( #141 ) ) GLOBAL_UNIT_ASSIGNED_CONTEXT ( ( #4321, #2407, #5715 ) ) REPRESENTATION_CONTEXT ( 'NONE', 'WORKASPACE' ) );
#1916 = VECTOR ( 'NONE', #6072, 1000.000000000000000 ) ;
#1917 = ORIENTED_EDGE ( 'NONE', *, *, #3246, .T. ) ;
#1918 = UNCERTAINTY_MEASURE_WITH_UNIT (LENGTH_MEASURE( 1.000000000000000082E-05 ), #6196, 'distance_accuracy_value', 'NONE');
#1919 = FILL_AREA_STYLE_COLOUR ( '', #2433 ) ;
#1920 = CARTESIAN_POINT ( 'NONE',  ( 44.50000000000001421, -18.50000000000000000, -29.00000000000000711 ) ) ;
#1921 = STYLED_ITEM ( 'NONE', ( #2175 ), #1816 ) ;
#1922 = SURFACE_SIDE_STYLE ('',( #6552 ) ) ;
#1923 = CARTESIAN_POINT ( 'NONE',  ( 44.50000000000001421, 0.000000000000000000, -29.00000000000000711 ) ) ;
#1924 = PRESENTATION_STYLE_ASSIGNMENT (( #2405 ) ) ;
#1925 = CARTESIAN_POINT ( 'NONE',  ( -44.50000000000001421, -19.99999999999999645, 29.00000000000000711 ) ) ;
#1926 = VERTEX_POINT ( 'NONE', #4464 ) ;
#1927 = PRESENTATION_LAYER_ASSIGNMENT (  '', '', ( #4212 ) ) ;
#1928 = CARTESIAN_POINT ( 'NONE',  ( -3.500000000000016431, -11.99999999999999822, 22.60000000000001208 ) ) ;
#1929 = CARTESIAN_POINT ( 'NONE',  ( 44.50000000000001421, -2.999999999999998224, 34.00000000000000000 ) ) ;
#1930 =( NAMED_UNIT ( * ) SI_UNIT ( $, .STERADIAN. ) SOLID_ANGLE_UNIT ( ) );
#1931 = LINE ( 'NONE', #775, #5458 ) ;
#1932 = CARTESIAN_POINT ( 'NONE',  ( -51.68556701030929901, -22.00000000000000000, 24.45933631058685620 ) ) ;
#1933 = VERTEX_POINT ( 'NONE', #4363 ) ;
#1934 = ORIENTED_EDGE ( 'NONE', *, *, #1384, .T. ) ;
#1935 = EDGE_CURVE ( 'NONE', #3884, #956, #1156, .T. ) ;
#1936 = AXIS2_PLACEMENT_3D ( 'NONE', #2662, #3218, #5212 ) ;
#1937 =( NAMED_UNIT ( * ) SI_UNIT ( $, .STERADIAN. ) SOLID_ANGLE_UNIT ( ) );
#1938 = DIRECTION ( 'NONE',  ( -0.000000000000000000, 1.000000000000000000, -0.000000000000000000 ) ) ;
#1939 = FACE_OUTER_BOUND ( 'NONE', #6304, .T. ) ;
#1940 = ORIENTED_EDGE ( 'NONE', *, *, #4497, .F. ) ;
#1941 = AXIS2_PLACEMENT_3D ( 'NONE', #1118, #2666, #1069 ) ;
#1942 = VECTOR ( 'NONE', #5238, 1000.000000000000000 ) ;
#1943 = DIRECTION ( 'NONE',  ( -0.000000000000000000, -1.000000000000000000, -0.000000000000000000 ) ) ;
#1944 = AXIS2_PLACEMENT_3D ( 'NONE', #4977, #2307, #789 ) ;
#1945 = CARTESIAN_POINT ( 'NONE',  ( 42.57339518699360070, 0.000000000000000000, 10.13115200650950065 ) ) ;
#1946 = CARTESIAN_POINT ( 'NONE',  ( -35.50000000000001421, 3.000000000000000000, 2.499999999999999112 ) ) ;
#1947 = VERTEX_POINT ( 'NONE', #3845 ) ;
#1948 = COLOUR_RGB ( '',0.5019607843137254832, 0.5019607843137254832, 1.000000000000000000 ) ;
#1949 = ORIENTED_EDGE ( 'NONE', *, *, #3421, .T. ) ;
#1950 = FILL_AREA_STYLE_COLOUR ( '', #1948 ) ;
#1951 =( LENGTH_UNIT ( ) NAMED_UNIT ( * ) SI_UNIT ( .MILLI., .METRE. ) );
#1952 = LINE ( 'NONE', #5547, #6256 ) ;
#1953 = SURFACE_SIDE_STYLE ('',( #4562 ) ) ;
#1954 = ORIENTED_EDGE ( 'NONE', *, *, #1935, .F. ) ;
#1955 = MECHANICAL_DESIGN_GEOMETRIC_PRESENTATION_REPRESENTATION (  '', ( #3542 ), #5813 ) ;
#1956 = SURFACE_STYLE_FILL_AREA ( #4673 ) ;
#1957 =( NAMED_UNIT ( * ) PLANE_ANGLE_UNIT ( ) SI_UNIT ( $, .RADIAN. ) );
#1958 = PRESENTATION_LAYER_ASSIGNMENT (  '', '', ( #311 ) ) ;
#1959 =( NAMED_UNIT ( * ) SI_UNIT ( $, .STERADIAN. ) SOLID_ANGLE_UNIT ( ) );
#1960 = PRESENTATION_STYLE_ASSIGNMENT (( #6689 ) ) ;
#1961 = FACE_OUTER_BOUND ( 'NONE', #5001, .T. ) ;
#1962 = CIRCLE ( 'NONE', #2188, 2.500000000000005773 ) ;
#1963 = VERTEX_POINT ( 'NONE', #5977 ) ;
#1964 = CIRCLE ( 'NONE', #1856, 43.50000000000001421 ) ;
#1965 = CIRCLE ( 'NONE', #4924, 43.50000000000001421 ) ;
#1966 = DIRECTION ( 'NONE',  ( -0.000000000000000000, -1.000000000000000000, -0.000000000000000000 ) ) ;
#1967 = DIRECTION ( 'NONE',  ( -0.000000000000000000, 1.000000000000000000, -0.000000000000000000 ) ) ;
#1968 = COLOUR_RGB ( '',0.5019607843137254832, 0.5019607843137254832, 1.000000000000000000 ) ;
#1969 =( GEOMETRIC_REPRESENTATION_CONTEXT ( 3 ) GLOBAL_UNCERTAINTY_ASSIGNED_CONTEXT ( ( #1918 ) ) GLOBAL_UNIT_ASSIGNED_CONTEXT ( ( #6196, #475, #2123 ) ) REPRESENTATION_CONTEXT ( 'NONE', 'WORKASPACE' ) );
#1970 = LINE ( 'NONE', #4048, #3427 ) ;
#1971 = EDGE_CURVE ( 'NONE', #4298, #4043, #3904, .T. ) ;
#1972 =( NAMED_UNIT ( * ) PLANE_ANGLE_UNIT ( ) SI_UNIT ( $, .RADIAN. ) );
#1973 = ORIENTED_EDGE ( 'NONE', *, *, #6829, .T. ) ;
#1974 = MECHANICAL_DESIGN_GEOMETRIC_PRESENTATION_REPRESENTATION (  '', ( #2529 ), #2636 ) ;
#1975 = SURFACE_SIDE_STYLE ('',( #2950 ) ) ;
#1976 = B_SPLINE_CURVE_WITH_KNOTS ( 'NONE', 3,
 ( #2001, #1482, #4684, #5734, #4579, #3114, #5213, #421, #1905, #6695 ),
 .UNSPECIFIED., .F., .F.,
 ( 4, 2, 2, 2, 4 ),
 ( 0.000000000000000000, 0.0006414022918732333826, 0.001282804583746466765, 0.001924206875619700148, 0.002565609167492935699 ),
 .UNSPECIFIED. ) ;
#1977 = COLOUR_RGB ( '',0.5019607843137254832, 0.5019607843137254832, 1.000000000000000000 ) ;
#1978 = EDGE_CURVE ( 'NONE', #113, #4741, #6007, .T. ) ;
#1979 = AXIS2_PLACEMENT_3D ( 'NONE', #4601, #3201, #3130 ) ;
#1980 = PRESENTATION_STYLE_ASSIGNMENT (( #5642 ) ) ;
#1981 = DIRECTION ( 'NONE',  ( 0.000000000000000000, -0.000000000000000000, 1.000000000000000000 ) ) ;
#1982 = ORIENTED_EDGE ( 'NONE', *, *, #6578, .F. ) ;
#1983 = AXIS2_PLACEMENT_3D ( 'NONE', #732, #4409, #3395 ) ;
#1984 = DIRECTION ( 'NONE',  ( -0.000000000000000000, -1.000000000000000000, -0.000000000000000000 ) ) ;
#1985 = EDGE_CURVE ( 'NONE', #3762, #3884, #1818, .T. ) ;
#1986 = VECTOR ( 'NONE', #1817, 1000.000000000000000 ) ;
#1987 = VERTEX_POINT ( 'NONE', #1176 ) ;
#1988 = CARTESIAN_POINT ( 'NONE',  ( 44.50000000000001421, -22.00000000000000355, -29.00000000000000711 ) ) ;
#1989 = FILL_AREA_STYLE ('',( #6194 ) ) ;
#1990 = AXIS2_PLACEMENT_3D ( 'NONE', #4430, #826, #4987 ) ;
#1991 = PRESENTATION_STYLE_ASSIGNMENT (( #4599 ) ) ;
#1992 = LINE ( 'NONE', #5266, #1879 ) ;
#1993 = DIRECTION ( 'NONE',  ( 0.000000000000000000, 1.000000000000000000, 0.000000000000000000 ) ) ;
#1994 = VERTEX_POINT ( 'NONE', #798 ) ;
#1995 = DIRECTION ( 'NONE',  ( 0.000000000000000000, 1.000000000000000000, 0.000000000000000000 ) ) ;
#1996 =( NAMED_UNIT ( * ) SI_UNIT ( $, .STERADIAN. ) SOLID_ANGLE_UNIT ( ) );
#1997 = DIRECTION ( 'NONE',  ( 1.000000000000000000, 0.000000000000000000, 0.000000000000000000 ) ) ;
#1998 = VERTEX_POINT ( 'NONE', #3282 ) ;
#1999 = CARTESIAN_POINT ( 'NONE',  ( -44.50000000000001421, -2.999999999999998224, 29.00000000000000711 ) ) ;
#2000 =( NAMED_UNIT ( * ) SI_UNIT ( $, .STERADIAN. ) SOLID_ANGLE_UNIT ( ) );
#2001 = CARTESIAN_POINT ( 'NONE',  ( 18.59150718393674495, -9.352464774572464279, 30.00000000000001066 ) ) ;
#2002 =( NAMED_UNIT ( * ) SI_UNIT ( $, .STERADIAN. ) SOLID_ANGLE_UNIT ( ) );
#2003 = DIRECTION ( 'NONE',  ( 0.000000000000000000, 1.000000000000000000, 0.000000000000000000 ) ) ;
#2004 = VERTEX_POINT ( 'NONE', #668 ) ;
#2005 =( NAMED_UNIT ( * ) PLANE_ANGLE_UNIT ( ) SI_UNIT ( $, .RADIAN. ) );
#2006 = DIRECTION ( 'NONE',  ( -1.000000000000000000, 0.000000000000000000, 0.000000000000000000 ) ) ;
#2007 = CARTESIAN_POINT ( 'NONE',  ( -45.50000000000001421, 11.00000000000000000, 2.500000000000000000 ) ) ;
#2008 = SURFACE_SIDE_STYLE ('',( #4765 ) ) ;
#2009 = EDGE_LOOP ( 'NONE', ( #1785, #3707 ) ) ;
#2010 = SURFACE_STYLE_USAGE ( .BOTH. , #2538 ) ;
#2011 = CIRCLE ( 'NONE', #1260, 1.750000000000005107 ) ;
#2012 = ADVANCED_FACE ( 'NONE', ( #1961 ), #1474, .F. ) ;
#2013 = ORIENTED_EDGE ( 'NONE', *, *, #5960, .T. ) ;
#2014 = SURFACE_STYLE_FILL_AREA ( #1439 ) ;
#2015 = CARTESIAN_POINT ( 'NONE',  ( -46.12293727264081866, 4.000000000000000000, -10.12335836023587987 ) ) ;
#2016 = PRESENTATION_STYLE_ASSIGNMENT (( #3673 ) ) ;
#2017 =( NAMED_UNIT ( * ) SI_UNIT ( $, .STERADIAN. ) SOLID_ANGLE_UNIT ( ) );
#2018 = CIRCLE ( 'NONE', #5887, 40.00000000000000000 ) ;
#2019 = STYLED_ITEM ( 'NONE', ( #361 ), #2208 ) ;
#2020 = SURFACE_STYLE_FILL_AREA ( #6336 ) ;
#2021 = PLANE ( 'NONE',  #3978 ) ;
#2022 = ORIENTED_EDGE ( 'NONE', *, *, #4405, .T. ) ;
#2023 = CIRCLE ( 'NONE', #4877, 8.500000000000010658 ) ;
#2024 =( NAMED_UNIT ( * ) SI_UNIT ( $, .STERADIAN. ) SOLID_ANGLE_UNIT ( ) );
#2025 =( NAMED_UNIT ( * ) PLANE_ANGLE_UNIT ( ) SI_UNIT ( $, .RADIAN. ) );
#2026 = LINE ( 'NONE', #2201, #69 ) ;
#2027 = ORIENTED_EDGE ( 'NONE', *, *, #5534, .F. ) ;
#2028 = MECHANICAL_DESIGN_GEOMETRIC_PRESENTATION_REPRESENTATION (  '', ( #5104 ), #3458 ) ;
#2029 = ORIENTED_EDGE ( 'NONE', *, *, #460, .T. ) ;
#2030 = SURFACE_STYLE_USAGE ( .BOTH. , #5731 ) ;
#2031 =( NAMED_UNIT ( * ) PLANE_ANGLE_UNIT ( ) SI_UNIT ( $, .RADIAN. ) );
#2032 = CARTESIAN_POINT ( 'NONE',  ( -45.67077626419152381, -9.250000000000001776, 20.58101651390110831 ) ) ;
#2033 = FILL_AREA_STYLE ('',( #6770 ) ) ;
#2034 = ORIENTED_EDGE ( 'NONE', *, *, #896, .F. ) ;
#2035 = LINE ( 'NONE', #7, #3383 ) ;
#2036 =( NAMED_UNIT ( * ) PLANE_ANGLE_UNIT ( ) SI_UNIT ( $, .RADIAN. ) );
#2037 = DIRECTION ( 'NONE',  ( 0.000000000000000000, -1.000000000000000000, 0.000000000000000000 ) ) ;
#2038 = VECTOR ( 'NONE', #2520, 1000.000000000000000 ) ;
#2039 = ORIENTED_EDGE ( 'NONE', *, *, #1270, .T. ) ;
#2040 = DIRECTION ( 'NONE',  ( 0.000000000000000000, 1.000000000000000000, 0.000000000000000000 ) ) ;
#2041 = AXIS2_PLACEMENT_3D ( 'NONE', #5735, #571, #6349 ) ;
#2042 = CIRCLE ( 'NONE', #2379, 4.999999999999993783 ) ;
#2043 = ORIENTED_EDGE ( 'NONE', *, *, #5442, .F. ) ;
#2044 = DIRECTION ( 'NONE',  ( 1.000000000000000000, -0.000000000000000000, -7.304098846218136639E-16 ) ) ;
#2045 = CARTESIAN_POINT ( 'NONE',  ( 85.50000000000001421, -22.00000000000000000, 3.091507183936761827 ) ) ;
#2046 = SURFACE_SIDE_STYLE ('',( #4671 ) ) ;
#2047 = SURFACE_STYLE_FILL_AREA ( #6753 ) ;
#2048 = DIRECTION ( 'NONE',  ( 0.000000000000000000, 0.000000000000000000, 1.000000000000000000 ) ) ;
#2049 = AXIS2_PLACEMENT_3D ( 'NONE', #1920, #6027, #1889 ) ;
#2050 = EDGE_LOOP ( 'NONE', ( #5966, #1257 ) ) ;
#2051 =( NAMED_UNIT ( * ) PLANE_ANGLE_UNIT ( ) SI_UNIT ( $, .RADIAN. ) );
#2052 = PLANE ( 'NONE',  #6376 ) ;
#2053 = EDGE_CURVE ( 'NONE', #162, #794, #2011, .T. ) ;
#2054 = DIRECTION ( 'NONE',  ( 0.000000000000000000, 1.000000000000000000, 0.000000000000000000 ) ) ;
#2055 = ORIENTED_EDGE ( 'NONE', *, *, #6487, .T. ) ;
#2056 = ADVANCED_FACE ( 'NONE', ( #6222 ), #4126, .F. ) ;
#2057 = PRESENTATION_LAYER_ASSIGNMENT (  '', '', ( #4366 ) ) ;
#2058 = ADVANCED_FACE ( 'NONE', ( #2120 ), #6714, .F. ) ;
#2059 = AXIS2_PLACEMENT_3D ( 'NONE', #4525, #2494, #4588 ) ;
#2060 =( LENGTH_UNIT ( ) NAMED_UNIT ( * ) SI_UNIT ( .MILLI., .METRE. ) );
#2061 = SURFACE_SIDE_STYLE ('',( #6243 ) ) ;
#2062 = PRESENTATION_STYLE_ASSIGNMENT (( #2172 ) ) ;
#2063 = AXIS2_PLACEMENT_3D ( 'NONE', #1366, #304, #409 ) ;
#2064 = PLANE ( 'NONE',  #1549 ) ;
#2065 = CIRCLE ( 'NONE', #3820, 8.500000000000010658 ) ;
#2066 = AXIS2_PLACEMENT_3D ( 'NONE', #4532, #2403, #1825 ) ;
#2067 =( LENGTH_UNIT ( ) NAMED_UNIT ( * ) SI_UNIT ( .MILLI., .METRE. ) );
#2068 = ORIENTED_EDGE ( 'NONE', *, *, #6745, .T. ) ;
#2069 =( GEOMETRIC_REPRESENTATION_CONTEXT ( 3 ) GLOBAL_UNCERTAINTY_ASSIGNED_CONTEXT ( ( #2865 ) ) GLOBAL_UNIT_ASSIGNED_CONTEXT ( ( #2351, #5537, #6539 ) ) REPRESENTATION_CONTEXT ( 'NONE', 'WORKASPACE' ) );
#2070 = UNCERTAINTY_MEASURE_WITH_UNIT (LENGTH_MEASURE( 1.000000000000000082E-05 ), #5240, 'distance_accuracy_value', 'NONE');
#2071 = STYLED_ITEM ( 'NONE', ( #3885 ), #6079 ) ;
#2072 = AXIS2_PLACEMENT_3D ( 'NONE', #2952, #878, #6121 ) ;
#2073 = VECTOR ( 'NONE', #1085, 1000.000000000000000 ) ;
#2074 = ADVANCED_FACE ( 'NONE', ( #940 ), #3161, .F. ) ;
#2075 = AXIS2_PLACEMENT_3D ( 'NONE', #5079, #5671, #911 ) ;
#2076 = PRESENTATION_STYLE_ASSIGNMENT (( #3049 ) ) ;
#2077 = CARTESIAN_POINT ( 'NONE',  ( 85.50000000000001421, 4.000000000000000000, 3.091507183936761827 ) ) ;
#2078 = ORIENTED_EDGE ( 'NONE', *, *, #257, .F. ) ;
#2079 =( GEOMETRIC_REPRESENTATION_CONTEXT ( 3 ) GLOBAL_UNCERTAINTY_ASSIGNED_CONTEXT ( ( #4689 ) ) GLOBAL_UNIT_ASSIGNED_CONTEXT ( ( #5421, #3274, #5869 ) ) REPRESENTATION_CONTEXT ( 'NONE', 'WORKASPACE' ) );
#2080 = AXIS2_PLACEMENT_3D ( 'NONE', #4294, #5348, #2788 ) ;
#2081 = SURFACE_STYLE_FILL_AREA ( #4268 ) ;
#2082 = EDGE_LOOP ( 'NONE', ( #2493, #1651, #2321, #764 ) ) ;
#2083 = SURFACE_STYLE_FILL_AREA ( #4090 ) ;
#2084 = AXIS2_PLACEMENT_3D ( 'NONE', #5018, #4494, #4029 ) ;
#2085 = DIRECTION ( 'NONE',  ( 1.000000000000000000, 0.000000000000000000, 0.000000000000000000 ) ) ;
#2086 = PRESENTATION_STYLE_ASSIGNMENT (( #6820 ) ) ;
#2087 = DIRECTION ( 'NONE',  ( -0.000000000000000000, 0.000000000000000000, -1.000000000000000000 ) ) ;
#2088 = SURFACE_STYLE_USAGE ( .BOTH. , #6823 ) ;
#2089 =( GEOMETRIC_REPRESENTATION_CONTEXT ( 3 ) GLOBAL_UNCERTAINTY_ASSIGNED_CONTEXT ( ( #30 ) ) GLOBAL_UNIT_ASSIGNED_CONTEXT ( ( #3563, #2559, #1422 ) ) REPRESENTATION_CONTEXT ( 'NONE', 'WORKASPACE' ) );
#2090 = VERTEX_POINT ( 'NONE', #5332 ) ;
#2091 = AXIS2_PLACEMENT_3D ( 'NONE', #912, #504, #6329 ) ;
#2092 = VECTOR ( 'NONE', #5304, 1000.000000000000000 ) ;
#2093 = EDGE_CURVE ( 'NONE', #6468, #2830, #1679, .T. ) ;
#2094 = MECHANICAL_DESIGN_GEOMETRIC_PRESENTATION_REPRESENTATION (  '', ( #2436 ), #3649 ) ;
#2095 = DIRECTION ( 'NONE',  ( 0.000000000000000000, 1.000000000000000000, 0.000000000000000000 ) ) ;
#2096 = PRESENTATION_STYLE_ASSIGNMENT (( #3749 ) ) ;
#2097 = CARTESIAN_POINT ( 'NONE',  ( -85.50000000000001421, 4.000000000000000000, -3.091507183936761827 ) ) ;
#2098 = CARTESIAN_POINT ( 'NONE',  ( -15.50000000000001776, -15.00000000000000178, 24.60000000000001208 ) ) ;
#2099 = FILL_AREA_STYLE ('',( #6418 ) ) ;
#2100 = VERTEX_POINT ( 'NONE', #581 ) ;
#2101 = PRESENTATION_LAYER_ASSIGNMENT (  '', '', ( #4743 ) ) ;
#2102 = ORIENTED_EDGE ( 'NONE', *, *, #3301, .T. ) ;
#2103 = UNCERTAINTY_MEASURE_WITH_UNIT (LENGTH_MEASURE( 1.000000000000000082E-05 ), #2641, 'distance_accuracy_value', 'NONE');
#2104 = EDGE_CURVE ( 'NONE', #4115, #3231, #2705, .T. ) ;
#2105 = UNCERTAINTY_MEASURE_WITH_UNIT (LENGTH_MEASURE( 1.000000000000000082E-05 ), #4105, 'distance_accuracy_value', 'NONE');
#2106 = FILL_AREA_STYLE ('',( #4077 ) ) ;
#2107 =( LENGTH_UNIT ( ) NAMED_UNIT ( * ) SI_UNIT ( .MILLI., .METRE. ) );
#2108 = DIRECTION ( 'NONE',  ( -0.000000000000000000, 1.000000000000000000, -0.000000000000000000 ) ) ;
#2109 = DIRECTION ( 'NONE',  ( 0.000000000000000000, 1.000000000000000000, 0.000000000000000000 ) ) ;
#2110 = ORIENTED_EDGE ( 'NONE', *, *, #2181, .T. ) ;
#2111 = ORIENTED_EDGE ( 'NONE', *, *, #6584, .F. ) ;
#2112 = SURFACE_SIDE_STYLE ('',( #4728 ) ) ;
#2113 = CARTESIAN_POINT ( 'NONE',  ( -46.12432983716945500, 4.000000000000000000, 10.13115200650949888 ) ) ;
#2114 = ADVANCED_FACE ( 'NONE', ( #2194 ), #610, .T. ) ;
#2115 = FILL_AREA_STYLE ('',( #1673 ) ) ;
#2116 = ORIENTED_EDGE ( 'NONE', *, *, #2496, .F. ) ;
#2117 = DIRECTION ( 'NONE',  ( -0.000000000000000000, -0.000000000000000000, -1.000000000000000000 ) ) ;
#2118 = EDGE_CURVE ( 'NONE', #6468, #1833, #1745, .T. ) ;
#2119 = ORIENTED_EDGE ( 'NONE', *, *, #4913, .T. ) ;
#2120 = FACE_OUTER_BOUND ( 'NONE', #3755, .T. ) ;
#2121 = DIRECTION ( 'NONE',  ( 0.000000000000000000, 0.000000000000000000, 1.000000000000000000 ) ) ;
#2122 = FILL_AREA_STYLE_COLOUR ( '', #887 ) ;
#2123 =( NAMED_UNIT ( * ) SI_UNIT ( $, .STERADIAN. ) SOLID_ANGLE_UNIT ( ) );
#2124 = DIRECTION ( 'NONE',  ( 0.000000000000000000, 0.000000000000000000, -1.000000000000000000 ) ) ;
#2125 = DIRECTION ( 'NONE',  ( 0.000000000000000000, -1.000000000000000000, 0.000000000000000000 ) ) ;
#2126 = ORIENTED_EDGE ( 'NONE', *, *, #3257, .F. ) ;
#2127 = SURFACE_STYLE_FILL_AREA ( #2746 ) ;
#2128 = DIRECTION ( 'NONE',  ( 0.000000000000000000, 1.000000000000000000, 0.000000000000000000 ) ) ;
#2129 = AXIS2_PLACEMENT_3D ( 'NONE', #4865, #4560, #273 ) ;
#2130 = DIRECTION ( 'NONE',  ( 0.000000000000000000, 0.000000000000000000, 1.000000000000000000 ) ) ;
#2131 = FACE_OUTER_BOUND ( 'NONE', #520, .T. ) ;
#2132 = PRESENTATION_STYLE_ASSIGNMENT (( #1689 ) ) ;
#2133 = ORIENTED_EDGE ( 'NONE', *, *, #5181, .T. ) ;
#2134 = ORIENTED_EDGE ( 'NONE', *, *, #5235, .T. ) ;
#2135 = AXIS2_PLACEMENT_3D ( 'NONE', #3864, #303, #2337 ) ;
#2136 = DIRECTION ( 'NONE',  ( 0.000000000000000000, 0.000000000000000000, 1.000000000000000000 ) ) ;
#2137 = DIRECTION ( 'NONE',  ( 0.000000000000000000, 1.000000000000000000, 0.000000000000000000 ) ) ;
#2138 = DIRECTION ( 'NONE',  ( -0.000000000000000000, 1.000000000000000000, -0.000000000000000000 ) ) ;
#2139 = CARTESIAN_POINT ( 'NONE',  ( -44.50000000000001421, -18.50000000000000000, 29.00000000000000711 ) ) ;
#2140 =( GEOMETRIC_REPRESENTATION_CONTEXT ( 3 ) GLOBAL_UNCERTAINTY_ASSIGNED_CONTEXT ( ( #4828 ) ) GLOBAL_UNIT_ASSIGNED_CONTEXT ( ( #5005, #5572, #5607 ) ) REPRESENTATION_CONTEXT ( 'NONE', 'WORKASPACE' ) );
#2141 = CARTESIAN_POINT ( 'NONE',  ( -3.500000000000016875, -18.50000000000000000, 20.00000000000001066 ) ) ;
#2142 = ORIENTED_EDGE ( 'NONE', *, *, #6578, .T. ) ;
#2143 =( GEOMETRIC_REPRESENTATION_CONTEXT ( 3 ) GLOBAL_UNCERTAINTY_ASSIGNED_CONTEXT ( ( #3287 ) ) GLOBAL_UNIT_ASSIGNED_CONTEXT ( ( #2225, #1734, #1698 ) ) REPRESENTATION_CONTEXT ( 'NONE', 'WORKASPACE' ) );
#2144 = EDGE_CURVE ( 'NONE', #6088, #3945, #3869, .T. ) ;
#2145 = VECTOR ( 'NONE', #1763, 1000.000000000000000 ) ;
#2146 = LINE ( 'NONE', #4225, #1172 ) ;
#2147 = CYLINDRICAL_SURFACE ( 'NONE', #1086, 40.00000000000000000 ) ;
#2148 = EDGE_CURVE ( 'NONE', #4919, #4746, #4307, .T. ) ;
#2149 = CARTESIAN_POINT ( 'NONE',  ( -44.50000000000001421, -18.50000000000000000, 29.00000000000000711 ) ) ;
#2150 = CARTESIAN_POINT ( 'NONE',  ( 12.00000000000000178, -13.49999999999999822, 23.00000000000001066 ) ) ;
#2151 = ORIENTED_EDGE ( 'NONE', *, *, #29, .T. ) ;
#2152 = CARTESIAN_POINT ( 'NONE',  ( -39.95933631058686331, 15.00000000000000000, 36.18556701030929901 ) ) ;
#2153 = ADVANCED_FACE ( 'NONE', ( #2155 ), #5596, .T. ) ;
#2154 = ORIENTED_EDGE ( 'NONE', *, *, #640, .T. ) ;
#2155 = FACE_OUTER_BOUND ( 'NONE', #4511, .T. ) ;
#2156 = SURFACE_SIDE_STYLE ('',( #2675 ) ) ;
#2157 = CARTESIAN_POINT ( 'NONE',  ( -44.50000000000001421, -6.000000000000000000, 29.00000000000000711 ) ) ;
#2158 =( LENGTH_UNIT ( ) NAMED_UNIT ( * ) SI_UNIT ( .MILLI., .METRE. ) );
#2159 = SURFACE_STYLE_FILL_AREA ( #4385 ) ;
#2160 = VERTEX_POINT ( 'NONE', #3491 ) ;
#2161 = STYLED_ITEM ( 'NONE', ( #561 ), #2287 ) ;
#2162 =( NAMED_UNIT ( * ) PLANE_ANGLE_UNIT ( ) SI_UNIT ( $, .RADIAN. ) );
#2163 =( NAMED_UNIT ( * ) PLANE_ANGLE_UNIT ( ) SI_UNIT ( $, .RADIAN. ) );
#2164 = DIRECTION ( 'NONE',  ( 1.000000000000000000, 0.000000000000000000, -0.000000000000000000 ) ) ;
#2165 = CARTESIAN_POINT ( 'NONE',  ( -9.999999999999992895, -9.000000000000000000, -30.00000000000000711 ) ) ;
#2166 = CARTESIAN_POINT ( 'NONE',  ( 42.04134487007499388, 3.545647087756318871, 4.987784527789097311 ) ) ;
#2167 = ORIENTED_EDGE ( 'NONE', *, *, #2779, .T. ) ;
#2168 = ORIENTED_EDGE ( 'NONE', *, *, #2698, .F. ) ;
#2169 = UNCERTAINTY_MEASURE_WITH_UNIT (LENGTH_MEASURE( 1.000000000000000082E-05 ), #2435, 'distance_accuracy_value', 'NONE');
#2170 = CARTESIAN_POINT ( 'NONE',  ( -44.50000000000001421, -22.00000000000000355, 29.00000000000000711 ) ) ;
#2171 = FILL_AREA_STYLE_COLOUR ( '', #959 ) ;
#2172 = SURFACE_STYLE_USAGE ( .BOTH. , #2690 ) ;
#2173 = SURFACE_STYLE_USAGE ( .BOTH. , #3328 ) ;
#2174 = FACE_BOUND ( 'NONE', #3549, .T. ) ;
#2175 = PRESENTATION_STYLE_ASSIGNMENT (( #3723 ) ) ;
#2176 = FILL_AREA_STYLE ('',( #77 ) ) ;
#2177 = VERTEX_POINT ( 'NONE', #2423 ) ;
#2178 = EDGE_LOOP ( 'NONE', ( #6653, #854, #1567, #2110, #2982, #5575, #3873, #403 ) ) ;
#2179 = CIRCLE ( 'NONE', #3505, 4.600000000000001421 ) ;
#2180 = PRESENTATION_LAYER_ASSIGNMENT (  '', '', ( #642 ) ) ;
#2181 = EDGE_CURVE ( 'NONE', #3490, #6426, #927, .T. ) ;
#2182 = CARTESIAN_POINT ( 'NONE',  ( 42.00000000000001421, 1.802094487897897279, -3.091507183936754277 ) ) ;
#2183 = VECTOR ( 'NONE', #4340, 1000.000000000000000 ) ;
#2184 = DIRECTION ( 'NONE',  ( 0.000000000000000000, -1.000000000000000000, 0.000000000000000000 ) ) ;
#2185 =( NAMED_UNIT ( * ) SI_UNIT ( $, .STERADIAN. ) SOLID_ANGLE_UNIT ( ) );
#2186 = CARTESIAN_POINT ( 'NONE',  ( 46.12432983716944790, 4.000000000000000000, 10.13115200650948999 ) ) ;
#2187 = ORIENTED_EDGE ( 'NONE', *, *, #3705, .F. ) ;
#2188 = AXIS2_PLACEMENT_3D ( 'NONE', #591, #5241, #2614 ) ;
#2189 =( NAMED_UNIT ( * ) SI_UNIT ( $, .STERADIAN. ) SOLID_ANGLE_UNIT ( ) );
#2190 = VECTOR ( 'NONE', #2971, 1000.000000000000000 ) ;
#2191 = STYLED_ITEM ( 'NONE', ( #3304 ), #3459 ) ;
#2192 = EDGE_CURVE ( 'NONE', #2695, #3345, #2903, .T. ) ;
#2193 = VERTEX_POINT ( 'NONE', #3040 ) ;
#2194 = FACE_OUTER_BOUND ( 'NONE', #659, .T. ) ;
#2195 = PRESENTATION_STYLE_ASSIGNMENT (( #4802 ) ) ;
#2196 = DIRECTION ( 'NONE',  ( 0.000000000000000000, 1.000000000000000000, 0.000000000000000000 ) ) ;
#2197 = STYLED_ITEM ( 'NONE', ( #5983 ), #3783 ) ;
#2198 = DIRECTION ( 'NONE',  ( 0.000000000000000000, 1.000000000000000000, 0.000000000000000000 ) ) ;
#2199 = STYLED_ITEM ( 'NONE', ( #629 ), #2951 ) ;
#2200 = CARTESIAN_POINT ( 'NONE',  ( 6.500000000000002665, -39.31465829649864929, 30.00000000000001066 ) ) ;
#2201 = CARTESIAN_POINT ( 'NONE',  ( 20.00000000000000000, -39.31465829649864929, 24.30000000000000782 ) ) ;
#2202 = VERTEX_POINT ( 'NONE', #1317 ) ;
#2203 = CIRCLE ( 'NONE', #5833, 8.500000000000010658 ) ;
#2204 = PRESENTATION_LAYER_ASSIGNMENT (  '', '', ( #4266 ) ) ;
#2205 = COLOUR_RGB ( '',0.5019607843137254832, 0.5019607843137254832, 1.000000000000000000 ) ;
#2206 = DIRECTION ( 'NONE',  ( 0.000000000000000000, 1.000000000000000000, 0.000000000000000000 ) ) ;
#2207 = CARTESIAN_POINT ( 'NONE',  ( -58.34927731208833279, 0.000000000000000000, -37.51000000000001933 ) ) ;
#2208 = ADVANCED_FACE ( 'NONE', ( #2519 ), #4047, .F. ) ;
#2209 = STYLED_ITEM ( 'NONE', ( #5015 ), #5008 ) ;
#2210 = CARTESIAN_POINT ( 'NONE',  ( 44.50000000000001421, -22.00000000000000355, -29.00000000000000711 ) ) ;
#2211 = DIRECTION ( 'NONE',  ( -0.000000000000000000, 1.000000000000000000, -0.000000000000000000 ) ) ;
#2212 = SURFACE_STYLE_USAGE ( .BOTH. , #4646 ) ;
#2213 = CARTESIAN_POINT ( 'NONE',  ( 42.00000000000000711, 1.802094487897897279, 3.091507183936761827 ) ) ;
#2214 = CIRCLE ( 'NONE', #2534, 4.999999999999993783 ) ;
#2215 = ORIENTED_EDGE ( 'NONE', *, *, #6720, .F. ) ;
#2216 = ORIENTED_EDGE ( 'NONE', *, *, #1501, .T. ) ;
#2217 = PRESENTATION_LAYER_ASSIGNMENT (  '', '', ( #3746 ) ) ;
#2218 = AXIS2_PLACEMENT_3D ( 'NONE', #4775, #4346, #56 ) ;
#2219 = SURFACE_STYLE_FILL_AREA ( #4292 ) ;
#2220 = CIRCLE ( 'NONE', #5522, 1.750000000000005107 ) ;
#2221 = FACE_OUTER_BOUND ( 'NONE', #4784, .T. ) ;
#2222 = DIRECTION ( 'NONE',  ( 0.000000000000000000, -1.084202172485504434E-16, 1.000000000000000000 ) ) ;
#2223 = DIRECTION ( 'NONE',  ( -0.000000000000000000, -1.000000000000000000, -0.000000000000000000 ) ) ;
#2224 = VECTOR ( 'NONE', #1830, 1000.000000000000000 ) ;
#2225 =( LENGTH_UNIT ( ) NAMED_UNIT ( * ) SI_UNIT ( .MILLI., .METRE. ) );
#2226 = ORIENTED_EDGE ( 'NONE', *, *, #4065, .F. ) ;
#2227 = UNCERTAINTY_MEASURE_WITH_UNIT (LENGTH_MEASURE( 1.000000000000000082E-05 ), #6192, 'distance_accuracy_value', 'NONE');
#2228 = CARTESIAN_POINT ( 'NONE',  ( -27.50000000000001776, -11.99999999999999822, 20.00000000000001066 ) ) ;
#2229 = CARTESIAN_POINT ( 'NONE',  ( 45.54555525137366345, 4.000000000000000000, 4.999999999999999112 ) ) ;
#2230 = LINE ( 'NONE', #3335, #5148 ) ;
#2231 = ORIENTED_EDGE ( 'NONE', *, *, #5764, .F. ) ;
#2232 = CARTESIAN_POINT ( 'NONE',  ( -85.50000000000001421, 0.000000000000000000, -3.091507183936761827 ) ) ;
#2233 = ORIENTED_EDGE ( 'NONE', *, *, #3817, .T. ) ;
#2234 = DIRECTION ( 'NONE',  ( 0.000000000000000000, -0.000000000000000000, 1.000000000000000000 ) ) ;
#2235 =( NAMED_UNIT ( * ) SI_UNIT ( $, .STERADIAN. ) SOLID_ANGLE_UNIT ( ) );
#2236 = FILL_AREA_STYLE_COLOUR ( '', #3622 ) ;
#2237 = PRESENTATION_STYLE_ASSIGNMENT (( #4847 ) ) ;
#2238 = UNCERTAINTY_MEASURE_WITH_UNIT (LENGTH_MEASURE( 1.000000000000000082E-05 ), #2761, 'distance_accuracy_value', 'NONE');
#2239 = ADVANCED_FACE ( 'NONE', ( #1904 ), #6145, .F. ) ;
#2240 = DIRECTION ( 'NONE',  ( 0.000000000000000000, 0.000000000000000000, -1.000000000000000000 ) ) ;
#2241 =( NAMED_UNIT ( * ) PLANE_ANGLE_UNIT ( ) SI_UNIT ( $, .RADIAN. ) );
#2242 = CARTESIAN_POINT ( 'NONE',  ( -11.99999999999999289, -6.999999999999999112, -26.50000000000000711 ) ) ;
#2243 = ORIENTED_EDGE ( 'NONE', *, *, #4497, .T. ) ;
#2244 = VERTEX_POINT ( 'NONE', #5250 ) ;
#2245 = ADVANCED_FACE ( 'NONE', ( #5694 ), #1704, .T. ) ;
#2246 = SURFACE_STYLE_USAGE ( .BOTH. , #2759 ) ;
#2247 = FACE_OUTER_BOUND ( 'NONE', #360, .T. ) ;
#2248 = FILL_AREA_STYLE ('',( #1695 ) ) ;
#2249 = LINE ( 'NONE', #4328, #3541 ) ;
#2250 =( GEOMETRIC_REPRESENTATION_CONTEXT ( 3 ) GLOBAL_UNCERTAINTY_ASSIGNED_CONTEXT ( ( #1239 ) ) GLOBAL_UNIT_ASSIGNED_CONTEXT ( ( #1801, #2274, #4397 ) ) REPRESENTATION_CONTEXT ( 'NONE', 'WORKASPACE' ) );
#2251 = CYLINDRICAL_SURFACE ( 'NONE', #4817, 2.500000000000002220 ) ;
#2252 = ORIENTED_EDGE ( 'NONE', *, *, #3200, .T. ) ;
#2253 = ORIENTED_EDGE ( 'NONE', *, *, #5584, .T. ) ;
#2254 = UNCERTAINTY_MEASURE_WITH_UNIT (LENGTH_MEASURE( 1.000000000000000082E-05 ), #2067, 'distance_accuracy_value', 'NONE');
#2255 = AXIS2_PLACEMENT_3D ( 'NONE', #2524, #1483, #4516 ) ;
#2256 = PLANE ( 'NONE',  #1312 ) ;
#2257 =( NAMED_UNIT ( * ) PLANE_ANGLE_UNIT ( ) SI_UNIT ( $, .RADIAN. ) );
#2258 = EDGE_LOOP ( 'NONE', ( #2378, #5936, #3321, #20, #808, #145 ) ) ;
#2259 = CYLINDRICAL_SURFACE ( 'NONE', #1508, 40.00000000000000000 ) ;
#2260 = AXIS2_PLACEMENT_3D ( 'NONE', #3879, #5499, #1997 ) ;
#2261 = CIRCLE ( 'NONE', #1710, 2.500000000000005773 ) ;
#2262 = CARTESIAN_POINT ( 'NONE',  ( -0.9999999999999941158, -9.000000000000001776, -20.00000000000000355 ) ) ;
#2263 = ORIENTED_EDGE ( 'NONE', *, *, #5449, .F. ) ;
#2264 = CARTESIAN_POINT ( 'NONE',  ( 1.000000000000005995, 4.000000000000000000, 0.000000000000000000 ) ) ;
#2265 = DIRECTION ( 'NONE',  ( 1.000000000000000000, 0.000000000000000000, 0.000000000000000000 ) ) ;
#2266 = SURFACE_SIDE_STYLE ('',( #3347 ) ) ;
#2267 = FILL_AREA_STYLE ('',( #3206 ) ) ;
#2268 = EDGE_CURVE ( 'NONE', #5594, #3786, #5551, .T. ) ;
#2269 = CARTESIAN_POINT ( 'NONE',  ( -45.67077626419152381, -9.250000000000001776, -20.58101651390110831 ) ) ;
#2270 = CARTESIAN_POINT ( 'NONE',  ( 44.50000000000001421, -18.50000000000000000, -31.50000000000001421 ) ) ;
#2271 = DIRECTION ( 'NONE',  ( -1.000000000000000000, 1.927470528863119049E-16, 0.000000000000000000 ) ) ;
#2272 = CARTESIAN_POINT ( 'NONE',  ( -44.50000000000001421, -6.000000000000000000, 27.25000000000000355 ) ) ;
#2273 = PLANE ( 'NONE',  #2084 ) ;
#2274 =( NAMED_UNIT ( * ) PLANE_ANGLE_UNIT ( ) SI_UNIT ( $, .RADIAN. ) );
#2275 = VECTOR ( 'NONE', #462, 1000.000000000000000 ) ;
#2276 = EDGE_LOOP ( 'NONE', ( #6110, #3727, #4376, #2793 ) ) ;
#2277 = ORIENTED_EDGE ( 'NONE', *, *, #1141, .F. ) ;
#2278 = EDGE_CURVE ( 'NONE', #2635, #2686, #2893, .T. ) ;
#2279 = CIRCLE ( 'NONE', #5920, 2.000000000000000000 ) ;
#2280 = CARTESIAN_POINT ( 'NONE',  ( 45.50292828161007463, 1.885096466988677610, -3.590870200337108020 ) ) ;
#2281 = FILL_AREA_STYLE ('',( #3809 ) ) ;
#2282 = DIRECTION ( 'NONE',  ( 0.000000000000000000, 1.000000000000000000, 0.000000000000000000 ) ) ;
#2283 = DIRECTION ( 'NONE',  ( 0.000000000000000000, 0.000000000000000000, 1.000000000000000000 ) ) ;
#2284 = EDGE_CURVE ( 'NONE', #4790, #3150, #3463, .T. ) ;
#2285 = ORIENTED_EDGE ( 'NONE', *, *, #354, .F. ) ;
#2286 = ORIENTED_EDGE ( 'NONE', *, *, #4642, .T. ) ;
#2287 = ADVANCED_FACE ( 'NONE', ( #408 ), #2894, .T. ) ;
#2288 = DIRECTION ( 'NONE',  ( -0.000000000000000000, -1.000000000000000000, -0.000000000000000000 ) ) ;
#2289 = SURFACE_SIDE_STYLE ('',( #5432 ) ) ;
#2290 = CARTESIAN_POINT ( 'NONE',  ( 44.50000000000001421, -42.54163056034263946, 29.00000000000000711 ) ) ;
#2291 = DIRECTION ( 'NONE',  ( -0.000000000000000000, -1.000000000000000000, -0.000000000000000000 ) ) ;
#2292 = ORIENTED_EDGE ( 'NONE', *, *, #5247, .T. ) ;
#2293 =( LENGTH_UNIT ( ) NAMED_UNIT ( * ) SI_UNIT ( .MILLI., .METRE. ) );
#2294 = CIRCLE ( 'NONE', #5930, 2.500000000000002220 ) ;
#2295 = ORIENTED_EDGE ( 'NONE', *, *, #5861, .F. ) ;
#2296 = EDGE_CURVE ( 'NONE', #3840, #337, #2372, .T. ) ;
#2297 = AXIS2_PLACEMENT_3D ( 'NONE', #6449, #4395, #2751 ) ;
#2298 = FACE_OUTER_BOUND ( 'NONE', #800, .T. ) ;
#2299 = FACE_BOUND ( 'NONE', #4272, .T. ) ;
#2300 = CARTESIAN_POINT ( 'NONE',  ( -44.50000000000001421, -2.999999999999998224, -29.00000000000000711 ) ) ;
#2301 = AXIS2_PLACEMENT_3D ( 'NONE', #5125, #5090, #310 ) ;
#2302 = VERTEX_POINT ( 'NONE', #2933 ) ;
#2303 = UNCERTAINTY_MEASURE_WITH_UNIT (LENGTH_MEASURE( 1.000000000000000082E-05 ), #4135, 'distance_accuracy_value', 'NONE');
#2304 = MECHANICAL_DESIGN_GEOMETRIC_PRESENTATION_REPRESENTATION (  '', ( #5941 ), #3182 ) ;
#2305 = STYLED_ITEM ( 'NONE', ( #2076 ), #3695 ) ;
#2306 = CARTESIAN_POINT ( 'NONE',  ( 44.50000000000001421, -6.000000000000000000, 30.75000000000001421 ) ) ;
#2307 = DIRECTION ( 'NONE',  ( -0.000000000000000000, 1.000000000000000000, -0.000000000000000000 ) ) ;
#2308 = FACE_OUTER_BOUND ( 'NONE', #3437, .T. ) ;
#2309 = CARTESIAN_POINT ( 'NONE',  ( -44.50000000000001421, -19.99999999999999645, -29.00000000000000711 ) ) ;
#2310 = CARTESIAN_POINT ( 'NONE',  ( -44.50000000000001421, -22.00000000000000355, 29.00000000000000711 ) ) ;
#2311 = VECTOR ( 'NONE', #734, 1000.000000000000000 ) ;
#2312 = ORIENTED_EDGE ( 'NONE', *, *, #4913, .F. ) ;
#2313 =( GEOMETRIC_REPRESENTATION_CONTEXT ( 3 ) GLOBAL_UNCERTAINTY_ASSIGNED_CONTEXT ( ( #3119 ) ) GLOBAL_UNIT_ASSIGNED_CONTEXT ( ( #2448, #2472, #312 ) ) REPRESENTATION_CONTEXT ( 'NONE', 'WORKASPACE' ) );
#2314 = EDGE_CURVE ( 'NONE', #1123, #580, #5624, .T. ) ;
#2315 = DIRECTION ( 'NONE',  ( 0.000000000000000000, 1.000000000000000000, 0.000000000000000000 ) ) ;
#2316 = FILL_AREA_STYLE ('',( #111 ) ) ;
#2317 =( LENGTH_UNIT ( ) NAMED_UNIT ( * ) SI_UNIT ( .MILLI., .METRE. ) );
#2318 = COLOUR_RGB ( '',0.5019607843137254832, 0.5019607843137254832, 1.000000000000000000 ) ;
#2319 =( NAMED_UNIT ( * ) SI_UNIT ( $, .STERADIAN. ) SOLID_ANGLE_UNIT ( ) );
#2320 = VERTEX_POINT ( 'NONE', #4566 ) ;
#2321 = ORIENTED_EDGE ( 'NONE', *, *, #1351, .T. ) ;
#2322 = ADVANCED_FACE ( 'NONE', ( #1866 ), #3940, .T. ) ;
#2323 = STYLED_ITEM ( 'NONE', ( #3775 ), #1264 ) ;
#2324 = SURFACE_STYLE_FILL_AREA ( #6116 ) ;
#2325 = CARTESIAN_POINT ( 'NONE',  ( 45.67077626419152381, -9.250000000000001776, 20.58101651390110831 ) ) ;
#2326 = ORIENTED_EDGE ( 'NONE', *, *, #5787, .T. ) ;
#2327 = DIRECTION ( 'NONE',  ( 0.000000000000000000, 0.000000000000000000, 1.000000000000000000 ) ) ;
#2328 = EDGE_CURVE ( 'NONE', #461, #4176, #5248, .T. ) ;
#2329 = FACE_OUTER_BOUND ( 'NONE', #2976, .T. ) ;
#2330 = FACE_OUTER_BOUND ( 'NONE', #513, .T. ) ;
#2331 = SURFACE_STYLE_USAGE ( .BOTH. , #2881 ) ;
#2332 = EDGE_CURVE ( 'NONE', #5146, #931, #6139, .T. ) ;
#2333 = ORIENTED_EDGE ( 'NONE', *, *, #396, .F. ) ;
#2334 = DIRECTION ( 'NONE',  ( 0.000000000000000000, 0.000000000000000000, -1.000000000000000000 ) ) ;
#2335 = LINE ( 'NONE', #2960, #1055 ) ;
#2336 =( LENGTH_UNIT ( ) NAMED_UNIT ( * ) SI_UNIT ( .MILLI., .METRE. ) );
#2337 = DIRECTION ( 'NONE',  ( 0.000000000000000000, 0.000000000000000000, 1.000000000000000000 ) ) ;
#2338 = FILL_AREA_STYLE ('',( #3411 ) ) ;
#2339 = VERTEX_POINT ( 'NONE', #6105 ) ;
#2340 = SURFACE_SIDE_STYLE ('',( #243 ) ) ;
#2341 = SURFACE_SIDE_STYLE ('',( #6658 ) ) ;
#2342 = DIRECTION ( 'NONE',  ( 0.000000000000000000, 0.000000000000000000, 1.000000000000000000 ) ) ;
#2343 = PLANE ( 'NONE',  #4360 ) ;
#2344 = ORIENTED_EDGE ( 'NONE', *, *, #2731, .T. ) ;
#2345 = SURFACE_STYLE_FILL_AREA ( #2904 ) ;
#2346 = CIRCLE ( 'NONE', #6103, 8.500000000000010658 ) ;
#2347 = SURFACE_STYLE_USAGE ( .BOTH. , #3334 ) ;
#2348 = CYLINDRICAL_SURFACE ( 'NONE', #5231, 8.500000000000010658 ) ;
#2349 = DIRECTION ( 'NONE',  ( 0.000000000000000000, 0.000000000000000000, -1.000000000000000000 ) ) ;
#2350 = ORIENTED_EDGE ( 'NONE', *, *, #1683, .T. ) ;
#2351 =( LENGTH_UNIT ( ) NAMED_UNIT ( * ) SI_UNIT ( .MILLI., .METRE. ) );
#2352 = VECTOR ( 'NONE', #6478, 1000.000000000000000 ) ;
#2353 = ORIENTED_EDGE ( 'NONE', *, *, #2278, .T. ) ;
#2354 = ADVANCED_FACE ( 'NONE', ( #3900, #1406 ), #5484, .T. ) ;
#2355 = CARTESIAN_POINT ( 'NONE',  ( -44.50000000000001421, -6.000000000000001776, -29.00000000000000711 ) ) ;
#2356 = FILL_AREA_STYLE_COLOUR ( '', #886 ) ;
#2357 = STYLED_ITEM ( 'NONE', ( #528 ), #1910 ) ;
#2358 = ADVANCED_FACE ( 'NONE', ( #6201 ), #5204, .T. ) ;
#2359 = VERTEX_POINT ( 'NONE', #6233 ) ;
#2360 = UNCERTAINTY_MEASURE_WITH_UNIT (LENGTH_MEASURE( 1.000000000000000082E-05 ), #3933, 'distance_accuracy_value', 'NONE');
#2361 = PRESENTATION_LAYER_ASSIGNMENT (  '', '', ( #4207 ) ) ;
#2362 =( NAMED_UNIT ( * ) PLANE_ANGLE_UNIT ( ) SI_UNIT ( $, .RADIAN. ) );
#2363 = EDGE_CURVE ( 'NONE', #5993, #913, #449, .T. ) ;
#2364 = SURFACE_STYLE_USAGE ( .BOTH. , #371 ) ;
#2365 =( GEOMETRIC_REPRESENTATION_CONTEXT ( 3 ) GLOBAL_UNCERTAINTY_ASSIGNED_CONTEXT ( ( #4721 ) ) GLOBAL_UNIT_ASSIGNED_CONTEXT ( ( #4866, #156, #2185 ) ) REPRESENTATION_CONTEXT ( 'NONE', 'WORKASPACE' ) );
#2366 = DIRECTION ( 'NONE',  ( 0.000000000000000000, 1.000000000000000000, 0.000000000000000000 ) ) ;
#2367 =( NAMED_UNIT ( * ) SI_UNIT ( $, .STERADIAN. ) SOLID_ANGLE_UNIT ( ) );
#2368 = FILL_AREA_STYLE ('',( #6649 ) ) ;
#2369 = CARTESIAN_POINT ( 'NONE',  ( 42.57211781330950373, 4.000000000000000000, -10.12335836023591007 ) ) ;
#2370 = CARTESIAN_POINT ( 'NONE',  ( -18.59150718393674495, 15.00000000000000000, -70.00000000000000000 ) ) ;
#2371 = ORIENTED_EDGE ( 'NONE', *, *, #4885, .T. ) ;
#2372 = LINE ( 'NONE', #4460, #5587 ) ;
#2373 = CARTESIAN_POINT ( 'NONE',  ( 44.50000000000001421, 0.000000000000000000, -29.00000000000000711 ) ) ;
#2374 =( GEOMETRIC_REPRESENTATION_CONTEXT ( 3 ) GLOBAL_UNCERTAINTY_ASSIGNED_CONTEXT ( ( #1059 ) ) GLOBAL_UNIT_ASSIGNED_CONTEXT ( ( #6365, #251, #4435 ) ) REPRESENTATION_CONTEXT ( 'NONE', 'WORKASPACE' ) );
#2375 = CARTESIAN_POINT ( 'NONE',  ( -44.50000000000001421, -42.54163056034263946, 29.00000000000000711 ) ) ;
#2376 = SURFACE_STYLE_USAGE ( .BOTH. , #863 ) ;
#2377 = ORIENTED_EDGE ( 'NONE', *, *, #1147, .T. ) ;
#2378 = ORIENTED_EDGE ( 'NONE', *, *, #6829, .F. ) ;
#2379 = AXIS2_PLACEMENT_3D ( 'NONE', #1718, #2206, #60 ) ;
#2380 = DIRECTION ( 'NONE',  ( 0.000000000000000000, 0.000000000000000000, 1.000000000000000000 ) ) ;
#2381 = LINE ( 'NONE', #3848, #1106 ) ;
#2382 = FACE_OUTER_BOUND ( 'NONE', #1178, .T. ) ;
#2383 = VECTOR ( 'NONE', #2044, 1000.000000000000000 ) ;
#2384 = ORIENTED_EDGE ( 'NONE', *, *, #1861, .T. ) ;
#2385 = EDGE_CURVE ( 'NONE', #6460, #2160, #2551, .T. ) ;
#2386 = DIRECTION ( 'NONE',  ( -0.000000000000000000, -1.000000000000000000, -0.000000000000000000 ) ) ;
#2387 = ORIENTED_EDGE ( 'NONE', *, *, #5442, .T. ) ;
#2388 = SURFACE_STYLE_FILL_AREA ( #3375 ) ;
#2389 = SURFACE_STYLE_FILL_AREA ( #3957 ) ;
#2390 = CARTESIAN_POINT ( 'NONE',  ( -18.59150718393674495, 0.000000000000000000, 70.00000000000000000 ) ) ;
#2391 = ORIENTED_EDGE ( 'NONE', *, *, #3002, .T. ) ;
#2392 = ORIENTED_EDGE ( 'NONE', *, *, #394, .T. ) ;
#2393 = UNCERTAINTY_MEASURE_WITH_UNIT (LENGTH_MEASURE( 1.000000000000000082E-05 ), #850, 'distance_accuracy_value', 'NONE');
#2394 = ADVANCED_FACE ( 'NONE', ( #4103 ), #2580, .T. ) ;
#2395 = CYLINDRICAL_SURFACE ( 'NONE', #1779, 43.50000000000000711 ) ;
#2396 = VECTOR ( 'NONE', #3758, 1000.000000000000000 ) ;
#2397 = EDGE_CURVE ( 'NONE', #1212, #472, #1283, .T. ) ;
#2398 = AXIS2_PLACEMENT_3D ( 'NONE', #1208, #2781, #4453 ) ;
#2399 = CARTESIAN_POINT ( 'NONE',  ( 44.50000000000001421, -19.99999999999999645, 31.50000000000001421 ) ) ;
#2400 = CYLINDRICAL_SURFACE ( 'NONE', #4356, 2.500000000000002220 ) ;
#2401 = CYLINDRICAL_SURFACE ( 'NONE', #6396, 2.599999999999998312 ) ;
#2402 = SURFACE_STYLE_FILL_AREA ( #3930 ) ;
#2403 = DIRECTION ( 'NONE',  ( 0.000000000000000000, 0.000000000000000000, 1.000000000000000000 ) ) ;
#2404 = DIRECTION ( 'NONE',  ( 0.000000000000000000, 0.000000000000000000, 1.000000000000000000 ) ) ;
#2405 = SURFACE_STYLE_USAGE ( .BOTH. , #305 ) ;
#2406 = AXIS2_PLACEMENT_3D ( 'NONE', #4305, #130, #3769 ) ;
#2407 =( NAMED_UNIT ( * ) PLANE_ANGLE_UNIT ( ) SI_UNIT ( $, .RADIAN. ) );
#2408 =( GEOMETRIC_REPRESENTATION_CONTEXT ( 3 ) GLOBAL_UNCERTAINTY_ASSIGNED_CONTEXT ( ( #1005 ) ) GLOBAL_UNIT_ASSIGNED_CONTEXT ( ( #2158, #548, #6265 ) ) REPRESENTATION_CONTEXT ( 'NONE', 'WORKASPACE' ) );
#2409 = VERTEX_POINT ( 'NONE', #5684 ) ;
#2410 = AXIS2_PLACEMENT_3D ( 'NONE', #3986, #4971, #6610 ) ;
#2411 = EDGE_CURVE ( 'NONE', #113, #3416, #3897, .T. ) ;
#2412 = FILL_AREA_STYLE ('',( #5061 ) ) ;
#2413 = DIRECTION ( 'NONE',  ( -1.000000000000000000, 0.000000000000000000, 0.000000000000000000 ) ) ;
#2414 =( NAMED_UNIT ( * ) PLANE_ANGLE_UNIT ( ) SI_UNIT ( $, .RADIAN. ) );
#2415 = COLOUR_RGB ( '',0.5019607843137254832, 0.5019607843137254832, 1.000000000000000000 ) ;
#2416 = DIRECTION ( 'NONE',  ( 1.000000000000000000, 0.000000000000000000, -0.000000000000000000 ) ) ;
#2417 = EDGE_LOOP ( 'NONE', ( #6561, #4581, #5745, #3102 ) ) ;
#2418 = ORIENTED_EDGE ( 'NONE', *, *, #1501, .F. ) ;
#2419 = EDGE_CURVE ( 'NONE', #2320, #6419, #2042, .T. ) ;
#2420 = MECHANICAL_DESIGN_GEOMETRIC_PRESENTATION_REPRESENTATION (  '', ( #6828 ), #4839 ) ;
#2421 = MECHANICAL_DESIGN_GEOMETRIC_PRESENTATION_REPRESENTATION (  '', ( #6275 ), #6171 ) ;
#2422 = CIRCLE ( 'NONE', #2745, 2.500000000000002220 ) ;
#2423 = CARTESIAN_POINT ( 'NONE',  ( -14.99999999999999289, 0.000000000000000000, -30.00000000000000711 ) ) ;
#2424 = CARTESIAN_POINT ( 'NONE',  ( -44.50000000000001421, -22.00000000000000355, -29.00000000000000711 ) ) ;
#2425 = DIRECTION ( 'NONE',  ( 0.000000000000000000, -0.000000000000000000, -1.000000000000000000 ) ) ;
#2426 =( GEOMETRIC_REPRESENTATION_CONTEXT ( 3 ) GLOBAL_UNCERTAINTY_ASSIGNED_CONTEXT ( ( #2587 ) ) GLOBAL_UNIT_ASSIGNED_CONTEXT ( ( #4515, #3433, #2907 ) ) REPRESENTATION_CONTEXT ( 'NONE', 'WORKASPACE' ) );
#2427 =( GEOMETRIC_REPRESENTATION_CONTEXT ( 3 ) GLOBAL_UNCERTAINTY_ASSIGNED_CONTEXT ( ( #5413 ) ) GLOBAL_UNIT_ASSIGNED_CONTEXT ( ( #4447, #6059, #1331 ) ) REPRESENTATION_CONTEXT ( 'NONE', 'WORKASPACE' ) );
#2428 =( GEOMETRIC_REPRESENTATION_CONTEXT ( 3 ) GLOBAL_UNCERTAINTY_ASSIGNED_CONTEXT ( ( #5980 ) ) GLOBAL_UNIT_ASSIGNED_CONTEXT ( ( #5466, #1290, #418 ) ) REPRESENTATION_CONTEXT ( 'NONE', 'WORKASPACE' ) );
#2429 = VECTOR ( 'NONE', #2240, 1000.000000000000000 ) ;
#2430 = SURFACE_STYLE_USAGE ( .BOTH. , #328 ) ;
#2431 = PRESENTATION_LAYER_ASSIGNMENT (  '', '', ( #5066 ) ) ;
#2432 = EDGE_CURVE ( 'NONE', #1211, #3642, #4688, .T. ) ;
#2433 = COLOUR_RGB ( '',0.5019607843137254832, 0.5019607843137254832, 1.000000000000000000 ) ;
#2434 = DIRECTION ( 'NONE',  ( -0.000000000000000000, -1.000000000000000000, -0.000000000000000000 ) ) ;
#2435 =( LENGTH_UNIT ( ) NAMED_UNIT ( * ) SI_UNIT ( .MILLI., .METRE. ) );
#2436 = STYLED_ITEM ( 'NONE', ( #3872 ), #5482 ) ;
#2437 = ORIENTED_EDGE ( 'NONE', *, *, #6780, .F. ) ;
#2438 = CARTESIAN_POINT ( 'NONE',  ( 18.59150718393674495, -22.00000000000000000, 70.00000000000000000 ) ) ;
#2439 = PRESENTATION_STYLE_ASSIGNMENT (( #6070 ) ) ;
#2440 = FILL_AREA_STYLE_COLOUR ( '', #3245 ) ;
#2441 = CARTESIAN_POINT ( 'NONE',  ( 44.50000000000001421, -19.99999999999999645, 29.00000000000000711 ) ) ;
#2442 = CARTESIAN_POINT ( 'NONE',  ( 36.08101651390111186, -9.250000000000001776, 30.17077626419151670 ) ) ;
#2443 = PRESENTATION_STYLE_ASSIGNMENT (( #6651 ) ) ;
#2444 = ADVANCED_FACE ( 'NONE', ( #4284 ), #5822, .T. ) ;
#2445 = ORIENTED_EDGE ( 'NONE', *, *, #5678, .T. ) ;
#2446 = PRESENTATION_STYLE_ASSIGNMENT (( #5590 ) ) ;
#2447 = SURFACE_STYLE_USAGE ( .BOTH. , #4070 ) ;
#2448 =( LENGTH_UNIT ( ) NAMED_UNIT ( * ) SI_UNIT ( .MILLI., .METRE. ) );
#2449 = DIRECTION ( 'NONE',  ( -0.000000000000000000, 1.000000000000000000, -0.000000000000000000 ) ) ;
#2450 = ORIENTED_EDGE ( 'NONE', *, *, #265, .F. ) ;
#2451 = ORIENTED_EDGE ( 'NONE', *, *, #5668, .T. ) ;
#2452 = EDGE_CURVE ( 'NONE', #5112, #1058, #1614, .T. ) ;
#2453 = CARTESIAN_POINT ( 'NONE',  ( -36.08101651390111186, 0.000000000000000000, -30.17077626419150960 ) ) ;
#2454 = SURFACE_SIDE_STYLE ('',( #6149 ) ) ;
#2455 = ORIENTED_EDGE ( 'NONE', *, *, #4755, .F. ) ;
#2456 =( NAMED_UNIT ( * ) PLANE_ANGLE_UNIT ( ) SI_UNIT ( $, .RADIAN. ) );
#2457 = PRESENTATION_LAYER_ASSIGNMENT (  '', '', ( #6650 ) ) ;
#2458 = SURFACE_SIDE_STYLE ('',( #6120 ) ) ;
#2459 = FILL_AREA_STYLE ('',( #397 ) ) ;
#2460 = CIRCLE ( 'NONE', #5566, 2.600000000000001421 ) ;
#2461 = VERTEX_POINT ( 'NONE', #689 ) ;
#2462 = EDGE_LOOP ( 'NONE', ( #4540, #3874 ) ) ;
#2463 =( LENGTH_UNIT ( ) NAMED_UNIT ( * ) SI_UNIT ( .MILLI., .METRE. ) );
#2464 = CARTESIAN_POINT ( 'NONE',  ( 44.50000000000001421, -2.999999999999998224, 29.00000000000000711 ) ) ;
#2465 = CYLINDRICAL_SURFACE ( 'NONE', #2629, 8.500000000000010658 ) ;
#2466 = SURFACE_STYLE_USAGE ( .BOTH. , #2504 ) ;
#2467 = ORIENTED_EDGE ( 'NONE', *, *, #640, .F. ) ;
#2468 = CIRCLE ( 'NONE', #2260, 4.600000000000001421 ) ;
#2469 = EDGE_CURVE ( 'NONE', #5129, #6826, #4691, .T. ) ;
#2470 = DIRECTION ( 'NONE',  ( -0.000000000000000000, 1.000000000000000000, -0.000000000000000000 ) ) ;
#2471 = DIRECTION ( 'NONE',  ( 0.000000000000000000, -1.000000000000000000, 0.000000000000000000 ) ) ;
#2472 =( NAMED_UNIT ( * ) PLANE_ANGLE_UNIT ( ) SI_UNIT ( $, .RADIAN. ) );
#2473 = CARTESIAN_POINT ( 'NONE',  ( -0.9999999999999940048, -7.000000000000000000, -26.50000000000000711 ) ) ;
#2474 = FACE_OUTER_BOUND ( 'NONE', #600, .T. ) ;
#2475 = CARTESIAN_POINT ( 'NONE',  ( 22.50000000000000000, -13.49999999999999822, 26.50000000000001066 ) ) ;
#2476 = ORIENTED_EDGE ( 'NONE', *, *, #3000, .F. ) ;
#2477 = ORIENTED_EDGE ( 'NONE', *, *, #4285, .F. ) ;
#2478 = ADVANCED_FACE ( 'NONE', ( #170, #6413 ), #3348, .T. ) ;
#2479 = PRESENTATION_LAYER_ASSIGNMENT (  '', '', ( #2809 ) ) ;
#2480 = FACE_OUTER_BOUND ( 'NONE', #2258, .T. ) ;
#2481 = FACE_OUTER_BOUND ( 'NONE', #882, .T. ) ;
#2482 = EDGE_CURVE ( 'NONE', #445, #4043, #2679, .T. ) ;
#2483 = CARTESIAN_POINT ( 'NONE',  ( -44.50000000000001421, -6.000000000000001776, 26.50000000000000711 ) ) ;
#2484 = ADVANCED_FACE ( 'NONE', ( #2926 ), #744, .F. ) ;
#2485 = VERTEX_POINT ( 'NONE', #5581 ) ;
#2486 = EDGE_CURVE ( 'NONE', #3277, #6468, #3409, .T. ) ;
#2487 = VECTOR ( 'NONE', #6296, 1000.000000000000000 ) ;
#2488 = CYLINDRICAL_SURFACE ( 'NONE', #4686, 2.000000000000000444 ) ;
#2489 = AXIS2_PLACEMENT_3D ( 'NONE', #1130, #2712, #587 ) ;
#2490 = FILL_AREA_STYLE_COLOUR ( '', #4513 ) ;
#2491 = DIRECTION ( 'NONE',  ( 0.000000000000000000, 0.000000000000000000, -1.000000000000000000 ) ) ;
#2492 =( LENGTH_UNIT ( ) NAMED_UNIT ( * ) SI_UNIT ( .MILLI., .METRE. ) );
#2493 = ORIENTED_EDGE ( 'NONE', *, *, #6670, .T. ) ;
#2494 = DIRECTION ( 'NONE',  ( -0.000000000000000000, -1.000000000000000000, -0.000000000000000000 ) ) ;
#2495 =( NAMED_UNIT ( * ) PLANE_ANGLE_UNIT ( ) SI_UNIT ( $, .RADIAN. ) );
#2496 = EDGE_CURVE ( 'NONE', #4203, #5441, #301, .T. ) ;
#2497 = ORIENTED_EDGE ( 'NONE', *, *, #1180, .F. ) ;
#2498 =( LENGTH_UNIT ( ) NAMED_UNIT ( * ) SI_UNIT ( .MILLI., .METRE. ) );
#2499 = FACE_OUTER_BOUND ( 'NONE', #5453, .T. ) ;
#2500 = SURFACE_SIDE_STYLE ('',( #270 ) ) ;
#2501 = CARTESIAN_POINT ( 'NONE',  ( 44.50000000000001421, -19.99999999999999645, -26.50000000000000711 ) ) ;
#2502 = FILL_AREA_STYLE ('',( #377 ) ) ;
#2503 = DIRECTION ( 'NONE',  ( 0.000000000000000000, -0.000000000000000000, 1.000000000000000000 ) ) ;
#2504 = SURFACE_SIDE_STYLE ('',( #3608 ) ) ;
#2505 = AXIS2_PLACEMENT_3D ( 'NONE', #1831, #5490, #2861 ) ;
#2506 = AXIS2_PLACEMENT_3D ( 'NONE', #3601, #1039, #5226 ) ;
#2507 = EDGE_LOOP ( 'NONE', ( #4482, #699, #5180, #3489, #2022, #4231, #529, #1333 ) ) ;
#2508 = FILL_AREA_STYLE_COLOUR ( '', #6573 ) ;
#2509 = CARTESIAN_POINT ( 'NONE',  ( 45.67077626419153091, -18.50000000000000000, 20.58101651390110831 ) ) ;
#2510 = VECTOR ( 'NONE', #2416, 1000.000000000000000 ) ;
#2511 = AXIS2_PLACEMENT_3D ( 'NONE', #1787, #3882, #4377 ) ;
#2512 = DIRECTION ( 'NONE',  ( 0.000000000000000000, 1.000000000000000000, 1.084202172485504434E-16 ) ) ;
#2513 = AXIS2_PLACEMENT_3D ( 'NONE', #1100, #4138, #3137 ) ;
#2514 = EDGE_CURVE ( 'NONE', #2550, #1394, #3803, .T. ) ;
#2515 = ORIENTED_EDGE ( 'NONE', *, *, #1036, .F. ) ;
#2516 = AXIS2_PLACEMENT_3D ( 'NONE', #6441, #3745, #3798 ) ;
#2517 = PRESENTATION_LAYER_ASSIGNMENT (  '', '', ( #650 ) ) ;
#2518 = FILL_AREA_STYLE ('',( #1815 ) ) ;
#2519 = FACE_OUTER_BOUND ( 'NONE', #6503, .T. ) ;
#2520 = DIRECTION ( 'NONE',  ( -0.000000000000000000, 1.000000000000000000, -0.000000000000000000 ) ) ;
#2521 = AXIS2_PLACEMENT_3D ( 'NONE', #2701, #46, #3258 ) ;
#2522 = MECHANICAL_DESIGN_GEOMETRIC_PRESENTATION_REPRESENTATION (  '', ( #4611 ), #1316 ) ;
#2523 = SURFACE_SIDE_STYLE ('',( #3592 ) ) ;
#2524 = CARTESIAN_POINT ( 'NONE',  ( 55.50000000000001421, 3.799999999999999822, 2.999999999999999556 ) ) ;
#2525 = LINE ( 'NONE', #2165, #4039 ) ;
#2526 = FACE_OUTER_BOUND ( 'NONE', #6427, .T. ) ;
#2527 = ORIENTED_EDGE ( 'NONE', *, *, #1657, .F. ) ;
#2528 = EDGE_CURVE ( 'NONE', #3336, #3181, #2279, .T. ) ;
#2529 = STYLED_ITEM ( 'NONE', ( #6535 ), #3788 ) ;
#2530 = AXIS2_PLACEMENT_3D ( 'NONE', #2170, #626, #3247 ) ;
#2531 =( NAMED_UNIT ( * ) PLANE_ANGLE_UNIT ( ) SI_UNIT ( $, .RADIAN. ) );
#2532 = FACE_OUTER_BOUND ( 'NONE', #1700, .T. ) ;
#2533 = CARTESIAN_POINT ( 'NONE',  ( -44.50000000000001421, 0.000000000000000000, -34.00000000000000000 ) ) ;
#2534 = AXIS2_PLACEMENT_3D ( 'NONE', #227, #6091, #5961 ) ;
#2535 = AXIS2_PLACEMENT_3D ( 'NONE', #3551, #3672, #406 ) ;
#2536 = ORIENTED_EDGE ( 'NONE', *, *, #265, .T. ) ;
#2537 = AXIS2_PLACEMENT_3D ( 'NONE', #6213, #871, #392 ) ;
#2538 = SURFACE_SIDE_STYLE ('',( #1434 ) ) ;
#2539 = AXIS2_PLACEMENT_3D ( 'NONE', #2200, #5410, #5366 ) ;
#2540 = PRESENTATION_LAYER_ASSIGNMENT (  '', '', ( #3948 ) ) ;
#2541 = ORIENTED_EDGE ( 'NONE', *, *, #2284, .F. ) ;
#2542 = SURFACE_STYLE_FILL_AREA ( #544 ) ;
#2543 = DIRECTION ( 'NONE',  ( 0.000000000000000000, 0.000000000000000000, 1.000000000000000000 ) ) ;
#2544 = CYLINDRICAL_SURFACE ( 'NONE', #6837, 4.600000000000001421 ) ;
#2545 = STYLED_ITEM ( 'NONE', ( #923 ), #5530 ) ;
#2546 = SURFACE_STYLE_FILL_AREA ( #3552 ) ;
#2547 = CARTESIAN_POINT ( 'NONE',  ( 44.50000000000001421, -2.999999999999998224, 29.00000000000000711 ) ) ;
#2548 = CARTESIAN_POINT ( 'NONE',  ( 85.50000000000001421, 4.000000000000000000, 3.091507183936761827 ) ) ;
#2549 = CARTESIAN_POINT ( 'NONE',  ( 1.000000000000006439, -7.000000000000000000, -26.50000000000000711 ) ) ;
#2550 = VERTEX_POINT ( 'NONE', #5516 ) ;
#2551 = LINE ( 'NONE', #1052, #1942 ) ;
#2552 = SURFACE_STYLE_FILL_AREA ( #2412 ) ;
#2553 = PRESENTATION_STYLE_ASSIGNMENT (( #952 ) ) ;
#2554 = CARTESIAN_POINT ( 'NONE',  ( 85.50000000000001421, 4.000000000000000000, -5.000000000000000888 ) ) ;
#2555 = DIRECTION ( 'NONE',  ( 0.000000000000000000, -1.000000000000000000, 0.000000000000000000 ) ) ;
#2556 = VERTEX_POINT ( 'NONE', #4391 ) ;
#2557 = ORIENTED_EDGE ( 'NONE', *, *, #5316, .F. ) ;
#2558 = DIRECTION ( 'NONE',  ( -0.000000000000000000, 1.000000000000000000, -0.000000000000000000 ) ) ;
#2559 =( NAMED_UNIT ( * ) PLANE_ANGLE_UNIT ( ) SI_UNIT ( $, .RADIAN. ) );
#2560 = DIRECTION ( 'NONE',  ( 0.000000000000000000, 0.000000000000000000, 1.000000000000000000 ) ) ;
#2561 = ORIENTED_EDGE ( 'NONE', *, *, #3084, .T. ) ;
#2562 = UNCERTAINTY_MEASURE_WITH_UNIT (LENGTH_MEASURE( 1.000000000000000082E-05 ), #5721, 'distance_accuracy_value', 'NONE');
#2563 =( LENGTH_UNIT ( ) NAMED_UNIT ( * ) SI_UNIT ( .MILLI., .METRE. ) );
#2564 = DIRECTION ( 'NONE',  ( -0.000000000000000000, 1.000000000000000000, -0.000000000000000000 ) ) ;
#2565 = SURFACE_STYLE_USAGE ( .BOTH. , #5191 ) ;
#2566 = ORIENTED_EDGE ( 'NONE', *, *, #3200, .F. ) ;
#2567 =( NAMED_UNIT ( * ) PLANE_ANGLE_UNIT ( ) SI_UNIT ( $, .RADIAN. ) );
#2568 = PRESENTATION_STYLE_ASSIGNMENT (( #2010 ) ) ;
#2569 =( GEOMETRIC_REPRESENTATION_CONTEXT ( 3 ) GLOBAL_UNCERTAINTY_ASSIGNED_CONTEXT ( ( #5880 ) ) GLOBAL_UNIT_ASSIGNED_CONTEXT ( ( #1588, #570, #1113 ) ) REPRESENTATION_CONTEXT ( 'NONE', 'WORKASPACE' ) );
#2570 = EDGE_CURVE ( 'NONE', #2611, #956, #2335, .T. ) ;
#2571 = EDGE_LOOP ( 'NONE', ( #5911, #4827, #1155, #2151 ) ) ;
#2572 =( NAMED_UNIT ( * ) SI_UNIT ( $, .STERADIAN. ) SOLID_ANGLE_UNIT ( ) );
#2573 = CARTESIAN_POINT ( 'NONE',  ( -35.50000000000001421, 3.000000000000000000, -2.499999999999999112 ) ) ;
#2574 =( GEOMETRIC_REPRESENTATION_CONTEXT ( 3 ) GLOBAL_UNCERTAINTY_ASSIGNED_CONTEXT ( ( #1799 ) ) GLOBAL_UNIT_ASSIGNED_CONTEXT ( ( #4201, #4804, #3677 ) ) REPRESENTATION_CONTEXT ( 'NONE', 'WORKASPACE' ) );
#2575 = EDGE_CURVE ( 'NONE', #6567, #5080, #6520, .T. ) ;
#2576 = CARTESIAN_POINT ( 'NONE',  ( 44.50000000000001421, 0.000000000000000000, 29.00000000000000711 ) ) ;
#2577 = EDGE_CURVE ( 'NONE', #1242, #5661, #3928, .T. ) ;
#2578 = ORIENTED_EDGE ( 'NONE', *, *, #2618, .T. ) ;
#2579 = MECHANICAL_DESIGN_GEOMETRIC_PRESENTATION_REPRESENTATION (  '', ( #4325 ), #271 ) ;
#2580 = PLANE ( 'NONE',  #4229 ) ;
#2581 = SURFACE_SIDE_STYLE ('',( #1500 ) ) ;
#2582 = CYLINDRICAL_SURFACE ( 'NONE', #5603, 1.999999999999999556 ) ;
#2583 = PLANE ( 'NONE',  #2513 ) ;
#2584 = AXIS2_PLACEMENT_3D ( 'NONE', #5378, #4782, #658 ) ;
#2585 = ORIENTED_EDGE ( 'NONE', *, *, #4799, .F. ) ;
#2586 = VERTEX_POINT ( 'NONE', #4529 ) ;
#2587 = UNCERTAINTY_MEASURE_WITH_UNIT (LENGTH_MEASURE( 1.000000000000000082E-05 ), #4515, 'distance_accuracy_value', 'NONE');
#2588 =( NAMED_UNIT ( * ) SI_UNIT ( $, .STERADIAN. ) SOLID_ANGLE_UNIT ( ) );
#2589 = CIRCLE ( 'NONE', #2790, 8.500000000000010658 ) ;
#2590 = SURFACE_SIDE_STYLE ('',( #5214 ) ) ;
#2591 = ORIENTED_EDGE ( 'NONE', *, *, #5877, .T. ) ;
#2592 = MECHANICAL_DESIGN_GEOMETRIC_PRESENTATION_REPRESENTATION (  '', ( #4565 ), #836 ) ;
#2593 = CARTESIAN_POINT ( 'NONE',  ( 44.50000000000001421, 0.000000000000000000, -37.50000000000002132 ) ) ;
#2594 = COLOUR_RGB ( '',0.5019607843137254832, 0.5019607843137254832, 1.000000000000000000 ) ;
#2595 = SURFACE_SIDE_STYLE ('',( #6741 ) ) ;
#2596 = PRESENTATION_STYLE_ASSIGNMENT (( #3666 ) ) ;
#2597 = MECHANICAL_DESIGN_GEOMETRIC_PRESENTATION_REPRESENTATION (  '', ( #6569 ), #4449 ) ;
#2598 = FACE_OUTER_BOUND ( 'NONE', #1104, .T. ) ;
#2599 = VERTEX_POINT ( 'NONE', #1297 ) ;
#2600 = ADVANCED_FACE ( 'NONE', ( #3993 ), #2400, .F. ) ;
#2601 = CARTESIAN_POINT ( 'NONE',  ( -44.50000000000001421, -22.00000000000000355, -26.50000000000000711 ) ) ;
#2602 = PRESENTATION_LAYER_ASSIGNMENT (  '', '', ( #3801 ) ) ;
#2603 = ORIENTED_EDGE ( 'NONE', *, *, #3785, .T. ) ;
#2604 = DIRECTION ( 'NONE',  ( -0.000000000000000000, -1.000000000000000000, -0.000000000000000000 ) ) ;
#2605 = LINE ( 'NONE', #685, #1222 ) ;
#2606 = CYLINDRICAL_SURFACE ( 'NONE', #4255, 4.599999999999999645 ) ;
#2607 = EDGE_CURVE ( 'NONE', #794, #162, #6136, .T. ) ;
#2608 = PLANE ( 'NONE',  #2539 ) ;
#2609 =( GEOMETRIC_REPRESENTATION_CONTEXT ( 3 ) GLOBAL_UNCERTAINTY_ASSIGNED_CONTEXT ( ( #5763 ) ) GLOBAL_UNIT_ASSIGNED_CONTEXT ( ( #3447, #4023, #1570 ) ) REPRESENTATION_CONTEXT ( 'NONE', 'WORKASPACE' ) );
#2610 = EDGE_CURVE ( 'NONE', #4763, #3037, #3387, .T. ) ;
#2611 = VERTEX_POINT ( 'NONE', #6262 ) ;
#2612 = SURFACE_STYLE_FILL_AREA ( #3066 ) ;
#2613 = CARTESIAN_POINT ( 'NONE',  ( 45.54555525137367766, 3.800000000000014477, 4.999999999999999112 ) ) ;
#2614 = DIRECTION ( 'NONE',  ( 0.000000000000000000, 0.000000000000000000, 1.000000000000000000 ) ) ;
#2615 = CARTESIAN_POINT ( 'NONE',  ( 42.00821773991152241, 2.032704480712606898, 3.944807211180761275 ) ) ;
#2616 = ORIENTED_EDGE ( 'NONE', *, *, #2775, .T. ) ;
#2617 = ORIENTED_EDGE ( 'NONE', *, *, #6471, .F. ) ;
#2618 = EDGE_CURVE ( 'NONE', #713, #6778, #6305, .T. ) ;
#2619 = VECTOR ( 'NONE', #4060, 1000.000000000000000 ) ;
#2620 = DIRECTION ( 'NONE',  ( 0.000000000000000000, -1.000000000000000000, 0.000000000000000000 ) ) ;
#2621 = FILL_AREA_STYLE ('',( #4293 ) ) ;
#2622 = CIRCLE ( 'NONE', #536, 2.500000000000002220 ) ;
#2623 = CARTESIAN_POINT ( 'NONE',  ( -44.50000000000001421, -6.000000000000001776, -31.50000000000001421 ) ) ;
#2624 = MECHANICAL_DESIGN_GEOMETRIC_PRESENTATION_REPRESENTATION (  '', ( #424 ), #1752 ) ;
#2625 =( NAMED_UNIT ( * ) PLANE_ANGLE_UNIT ( ) SI_UNIT ( $, .RADIAN. ) );
#2626 = EDGE_CURVE ( 'NONE', #1117, #6806, #5710, .T. ) ;
#2627 = ORIENTED_EDGE ( 'NONE', *, *, #5817, .F. ) ;
#2628 = ORIENTED_EDGE ( 'NONE', *, *, #6290, .T. ) ;
#2629 = AXIS2_PLACEMENT_3D ( 'NONE', #5712, #1538, #1497 ) ;
#2630 = DIRECTION ( 'NONE',  ( 0.000000000000000000, -0.000000000000000000, 1.000000000000000000 ) ) ;
#2631 = CIRCLE ( 'NONE', #6710, 43.50000000000001421 ) ;
#2632 =( GEOMETRIC_REPRESENTATION_CONTEXT ( 3 ) GLOBAL_UNCERTAINTY_ASSIGNED_CONTEXT ( ( #523 ) ) GLOBAL_UNIT_ASSIGNED_CONTEXT ( ( #3822, #2257, #125 ) ) REPRESENTATION_CONTEXT ( 'NONE', 'WORKASPACE' ) );
#2633 = CARTESIAN_POINT ( 'NONE',  ( 46.12432983716944790, 0.000000000000000000, 10.13115200650948999 ) ) ;
#2634 = DIRECTION ( 'NONE',  ( 0.000000000000000000, -1.000000000000000000, 0.000000000000000000 ) ) ;
#2635 = VERTEX_POINT ( 'NONE', #6165 ) ;
#2636 =( GEOMETRIC_REPRESENTATION_CONTEXT ( 3 ) GLOBAL_UNCERTAINTY_ASSIGNED_CONTEXT ( ( #5184 ) ) GLOBAL_UNIT_ASSIGNED_CONTEXT ( ( #6564, #3911, #1838 ) ) REPRESENTATION_CONTEXT ( 'NONE', 'WORKASPACE' ) );
#2637 = CIRCLE ( 'NONE', #662, 8.500000000000010658 ) ;
#2638 = CARTESIAN_POINT ( 'NONE',  ( 51.68556701030929901, -22.00000000000000000, -24.45933631058685620 ) ) ;
#2639 = COLOUR_RGB ( '',0.5019607843137254832, 0.5019607843137254832, 1.000000000000000000 ) ;
#2640 = EDGE_LOOP ( 'NONE', ( #4239, #622 ) ) ;
#2641 =( LENGTH_UNIT ( ) NAMED_UNIT ( * ) SI_UNIT ( .MILLI., .METRE. ) );
#2642 = MECHANICAL_DESIGN_GEOMETRIC_PRESENTATION_REPRESENTATION (  '', ( #4730 ), #6172 ) ;
#2643 =( NAMED_UNIT ( * ) PLANE_ANGLE_UNIT ( ) SI_UNIT ( $, .RADIAN. ) );
#2644 = CARTESIAN_POINT ( 'NONE',  ( 39.95933631058686331, 15.00000000000000000, -36.18556701030929901 ) ) ;
#2645 = AXIS2_PLACEMENT_3D ( 'NONE', #3534, #6768, #492 ) ;
#2646 = CARTESIAN_POINT ( 'NONE',  ( -44.50000000000001421, -2.999999999999999112, -26.50000000000000711 ) ) ;
#2647 = EDGE_LOOP ( 'NONE', ( #1664, #835 ) ) ;
#2648 =( GEOMETRIC_REPRESENTATION_CONTEXT ( 3 ) GLOBAL_UNCERTAINTY_ASSIGNED_CONTEXT ( ( #234 ) ) GLOBAL_UNIT_ASSIGNED_CONTEXT ( ( #4192, #4693, #399 ) ) REPRESENTATION_CONTEXT ( 'NONE', 'WORKASPACE' ) );
#2649 = STYLED_ITEM ( 'NONE', ( #6097 ), #1459 ) ;
#2650 = VECTOR ( 'NONE', #182, 1000.000000000000000 ) ;
#2651 = FACE_BOUND ( 'NONE', #4471, .T. ) ;
#2652 = EDGE_CURVE ( 'NONE', #6323, #5600, #5084, .T. ) ;
#2653 = STYLED_ITEM ( 'NONE', ( #1528 ), #4202 ) ;
#2654 = FILL_AREA_STYLE_COLOUR ( '', #2959 ) ;
#2655 =( NAMED_UNIT ( * ) PLANE_ANGLE_UNIT ( ) SI_UNIT ( $, .RADIAN. ) );
#2656 = FACE_OUTER_BOUND ( 'NONE', #1261, .T. ) ;
#2657 = ORIENTED_EDGE ( 'NONE', *, *, #557, .F. ) ;
#2658 = UNCERTAINTY_MEASURE_WITH_UNIT (LENGTH_MEASURE( 1.000000000000000082E-05 ), #964, 'distance_accuracy_value', 'NONE');
#2659 = ADVANCED_FACE ( 'NONE', ( #2499 ), #6748, .F. ) ;
#2660 =( NAMED_UNIT ( * ) SI_UNIT ( $, .STERADIAN. ) SOLID_ANGLE_UNIT ( ) );
#2661 = CARTESIAN_POINT ( 'NONE',  ( -27.50000000000001776, -18.50000000000000000, 20.00000000000001066 ) ) ;
#2662 = CARTESIAN_POINT ( 'NONE',  ( -85.50000000000001421, 15.00000000000000000, -3.091507183936761827 ) ) ;
#2663 = FACE_OUTER_BOUND ( 'NONE', #478, .T. ) ;
#2664 = DIRECTION ( 'NONE',  ( 0.000000000000000000, 0.000000000000000000, 1.000000000000000000 ) ) ;
#2665 = ORIENTED_EDGE ( 'NONE', *, *, #5654, .F. ) ;
#2666 = DIRECTION ( 'NONE',  ( -0.000000000000000000, -1.000000000000000000, -0.000000000000000000 ) ) ;
#2667 = SURFACE_SIDE_STYLE ('',( #6430 ) ) ;
#2668 = DIRECTION ( 'NONE',  ( 0.000000000000000000, 0.000000000000000000, -1.000000000000000000 ) ) ;
#2669 = LINE ( 'NONE', #4867, #4163 ) ;
#2670 = ORIENTED_EDGE ( 'NONE', *, *, #2452, .F. ) ;
#2671 = DIRECTION ( 'NONE',  ( 0.000000000000000000, 1.000000000000000000, 0.000000000000000000 ) ) ;
#2672 = DIRECTION ( 'NONE',  ( 0.000000000000000000, 0.000000000000000000, -1.000000000000000000 ) ) ;
#2673 = ORIENTED_EDGE ( 'NONE', *, *, #2486, .T. ) ;
#2674 = SURFACE_SIDE_STYLE ('',( #6439 ) ) ;
#2675 = SURFACE_STYLE_FILL_AREA ( #3771 ) ;
#2676 = SURFACE_STYLE_USAGE ( .BOTH. , #4129 ) ;
#2677 = FACE_OUTER_BOUND ( 'NONE', #4258, .T. ) ;
#2678 = ORIENTED_EDGE ( 'NONE', *, *, #4415, .T. ) ;
#2679 = LINE ( 'NONE', #5477, #5132 ) ;
#2680 = DIRECTION ( 'NONE',  ( -1.000000000000000000, 0.000000000000000000, 0.000000000000000000 ) ) ;
#2681 = PRESENTATION_LAYER_ASSIGNMENT (  '', '', ( #5992 ) ) ;
#2682 = CARTESIAN_POINT ( 'NONE',  ( 42.00000000000000711, -18.50000000000000355, 30.00000000000001066 ) ) ;
#2683 = SURFACE_STYLE_FILL_AREA ( #1578 ) ;
#2684 =( NAMED_UNIT ( * ) PLANE_ANGLE_UNIT ( ) SI_UNIT ( $, .RADIAN. ) );
#2685 = FILL_AREA_STYLE_COLOUR ( '', #4992 ) ;
#2686 = VERTEX_POINT ( 'NONE', #5649 ) ;
#2687 = EDGE_CURVE ( 'NONE', #6826, #5129, #4012, .T. ) ;
#2688 = PRESENTATION_LAYER_ASSIGNMENT (  '', '', ( #818 ) ) ;
#2689 = CARTESIAN_POINT ( 'NONE',  ( 45.51144367992594653, 2.095445092464162773, -4.053817505800579646 ) ) ;
#2690 = SURFACE_SIDE_STYLE ('',( #1007 ) ) ;
#2691 = SURFACE_STYLE_FILL_AREA ( #1066 ) ;
#2692 = SURFACE_STYLE_FILL_AREA ( #4545 ) ;
#2693 =( NAMED_UNIT ( * ) SI_UNIT ( $, .STERADIAN. ) SOLID_ANGLE_UNIT ( ) );
#2694 = PLANE ( 'NONE',  #3507 ) ;
#2695 = VERTEX_POINT ( 'NONE', #4697 ) ;
#2696 = PRESENTATION_LAYER_ASSIGNMENT (  '', '', ( #4995 ) ) ;
#2697 = ORIENTED_EDGE ( 'NONE', *, *, #6303, .T. ) ;
#2698 = EDGE_CURVE ( 'NONE', #2635, #5173, #3550, .T. ) ;
#2699 = FACE_OUTER_BOUND ( 'NONE', #6301, .T. ) ;
#2700 = ADVANCED_FACE ( 'NONE', ( #5677 ), #6682, .T. ) ;
#2701 = CARTESIAN_POINT ( 'NONE',  ( -44.50000000000001421, 15.00000000000000000, 29.00000000000000711 ) ) ;
#2702 = ORIENTED_EDGE ( 'NONE', *, *, #5817, .T. ) ;
#2703 = LINE ( 'NONE', #4798, #2183 ) ;
#2704 = ORIENTED_EDGE ( 'NONE', *, *, #1402, .T. ) ;
#2705 = LINE ( 'NONE', #5922, #5440 ) ;
#2706 = AXIS2_PLACEMENT_3D ( 'NONE', #3113, #5285, #5794 ) ;
#2707 = CARTESIAN_POINT ( 'NONE',  ( -44.50000000000001421, 0.000000000000000000, 24.00000000000001066 ) ) ;
#2708 = DIRECTION ( 'NONE',  ( 0.000000000000000000, 1.000000000000000000, 0.000000000000000000 ) ) ;
#2709 = CARTESIAN_POINT ( 'NONE',  ( 44.50000000000001421, -18.50000000000000000, 26.50000000000000711 ) ) ;
#2710 = ADVANCED_FACE ( 'NONE', ( #5810 ), #6408, .F. ) ;
#2711 = STYLED_ITEM ( 'NONE', ( #5023 ), #2322 ) ;
#2712 = DIRECTION ( 'NONE',  ( 0.000000000000000000, -0.000000000000000000, 1.000000000000000000 ) ) ;
#2713 = CARTESIAN_POINT ( 'NONE',  ( -44.50000000000001421, -2.999999999999999112, 31.50000000000001421 ) ) ;
#2714 = PRESENTATION_STYLE_ASSIGNMENT (( #618 ) ) ;
#2715 = CARTESIAN_POINT ( 'NONE',  ( -42.57339518699360070, 4.000000000000000000, 10.13115200650950065 ) ) ;
#2716 = CYLINDRICAL_SURFACE ( 'NONE', #2297, 40.00000000000000000 ) ;
#2717 = CARTESIAN_POINT ( 'NONE',  ( -44.50000000000001421, -19.99999999999999645, -26.50000000000000711 ) ) ;
#2718 = LINE ( 'NONE', #4211, #3031 ) ;
#2719 = ORIENTED_EDGE ( 'NONE', *, *, #6608, .T. ) ;
#2720 = ORIENTED_EDGE ( 'NONE', *, *, #4318, .F. ) ;
#2721 = EDGE_CURVE ( 'NONE', #6733, #5608, #644, .T. ) ;
#2722 =( NAMED_UNIT ( * ) PLANE_ANGLE_UNIT ( ) SI_UNIT ( $, .RADIAN. ) );
#2723 = SURFACE_STYLE_USAGE ( .BOTH. , #75 ) ;
#2724 = ORIENTED_EDGE ( 'NONE', *, *, #1864, .F. ) ;
#2725 = STYLED_ITEM ( 'NONE', ( #724 ), #4530 ) ;
#2726 = VECTOR ( 'NONE', #3054, 1000.000000000000000 ) ;
#2727 = UNCERTAINTY_MEASURE_WITH_UNIT (LENGTH_MEASURE( 1.000000000000000082E-05 ), #3768, 'distance_accuracy_value', 'NONE');
#2728 = VECTOR ( 'NONE', #5118, 1000.000000000000000 ) ;
#2729 = CIRCLE ( 'NONE', #2301, 8.500000000000010658 ) ;
#2730 = FILL_AREA_STYLE ('',( #4300 ) ) ;
#2731 = EDGE_CURVE ( 'NONE', #4333, #1663, #1490, .T. ) ;
#2732 = DIRECTION ( 'NONE',  ( 0.000000000000000000, 1.000000000000000000, 0.000000000000000000 ) ) ;
#2733 = ORIENTED_EDGE ( 'NONE', *, *, #5150, .T. ) ;
#2734 = VECTOR ( 'NONE', #5812, 1000.000000000000000 ) ;
#2735 = DIRECTION ( 'NONE',  ( 0.000000000000000000, 0.000000000000000000, 1.000000000000000000 ) ) ;
#2736 = PRESENTATION_LAYER_ASSIGNMENT (  '', '', ( #2969 ) ) ;
#2737 = ORIENTED_EDGE ( 'NONE', *, *, #2626, .F. ) ;
#2738 = MECHANICAL_DESIGN_GEOMETRIC_PRESENTATION_REPRESENTATION (  '', ( #4608 ), #5612 ) ;
#2739 = SURFACE_STYLE_USAGE ( .BOTH. , #2674 ) ;
#2740 = CARTESIAN_POINT ( 'NONE',  ( 18.59150718393674495, 0.000000000000000000, 70.00000000000000000 ) ) ;
#2741 = PRESENTATION_LAYER_ASSIGNMENT (  '', '', ( #2199 ) ) ;
#2742 = DIRECTION ( 'NONE',  ( 0.000000000000000000, 0.000000000000000000, 1.000000000000000000 ) ) ;
#2743 = UNCERTAINTY_MEASURE_WITH_UNIT (LENGTH_MEASURE( 1.000000000000000082E-05 ), #272, 'distance_accuracy_value', 'NONE');
#2744 = PRESENTATION_LAYER_ASSIGNMENT (  '', '', ( #2858 ) ) ;
#2745 = AXIS2_PLACEMENT_3D ( 'NONE', #3175, #4108, #2136 ) ;
#2746 = FILL_AREA_STYLE ('',( #3777 ) ) ;
#2747 = CARTESIAN_POINT ( 'NONE',  ( 46.12432983716945500, 4.000000000000000000, -10.13115200650949710 ) ) ;
#2748 = AXIS2_PLACEMENT_3D ( 'NONE', #790, #5085, #3512 ) ;
#2749 = CARTESIAN_POINT ( 'NONE',  ( 20.00000000000000000, -13.49999999999999822, 23.00000000000001066 ) ) ;
#2750 = DIRECTION ( 'NONE',  ( 0.000000000000000000, 0.000000000000000000, 1.000000000000000000 ) ) ;
#2751 = DIRECTION ( 'NONE',  ( 0.000000000000000000, 0.000000000000000000, -1.000000000000000000 ) ) ;
#2752 = CARTESIAN_POINT ( 'NONE',  ( 12.49999999999999112, 9.004083487752723158, 28.00000000000001066 ) ) ;
#2753 = VECTOR ( 'NONE', #1196, 1000.000000000000000 ) ;
#2754 = AXIS2_PLACEMENT_3D ( 'NONE', #3627, #2558, #5834 ) ;
#2755 = EDGE_LOOP ( 'NONE', ( #4386, #415 ) ) ;
#2756 = ORIENTED_EDGE ( 'NONE', *, *, #1171, .F. ) ;
#2757 = VECTOR ( 'NONE', #5497, 1000.000000000000000 ) ;
#2758 =( GEOMETRIC_REPRESENTATION_CONTEXT ( 3 ) GLOBAL_UNCERTAINTY_ASSIGNED_CONTEXT ( ( #4348 ) ) GLOBAL_UNIT_ASSIGNED_CONTEXT ( ( #6475, #3376, #2773 ) ) REPRESENTATION_CONTEXT ( 'NONE', 'WORKASPACE' ) );
#2759 = SURFACE_SIDE_STYLE ('',( #1767 ) ) ;
#2760 = CIRCLE ( 'NONE', #350, 2.500000000000002220 ) ;
#2761 =( LENGTH_UNIT ( ) NAMED_UNIT ( * ) SI_UNIT ( .MILLI., .METRE. ) );
#2762 =( NAMED_UNIT ( * ) SI_UNIT ( $, .STERADIAN. ) SOLID_ANGLE_UNIT ( ) );
#2763 = FILL_AREA_STYLE_COLOUR ( '', #3029 ) ;
#2764 = ORIENTED_EDGE ( 'NONE', *, *, #3384, .T. ) ;
#2765 = ORIENTED_EDGE ( 'NONE', *, *, #2782, .T. ) ;
#2766 = DIRECTION ( 'NONE',  ( 0.000000000000000000, -0.000000000000000000, 1.000000000000000000 ) ) ;
#2767 = ORIENTED_EDGE ( 'NONE', *, *, #3301, .F. ) ;
#2768 = DIRECTION ( 'NONE',  ( 0.000000000000000000, 0.000000000000000000, 1.000000000000000000 ) ) ;
#2769 = ADVANCED_FACE ( 'NONE', ( #4196 ), #3394, .F. ) ;
#2770 = EDGE_LOOP ( 'NONE', ( #5, #4152, #2154, #1476 ) ) ;
#2771 = UNCERTAINTY_MEASURE_WITH_UNIT (LENGTH_MEASURE( 1.000000000000000082E-05 ), #355, 'distance_accuracy_value', 'NONE');
#2772 = SURFACE_STYLE_FILL_AREA ( #198 ) ;
#2773 =( NAMED_UNIT ( * ) SI_UNIT ( $, .STERADIAN. ) SOLID_ANGLE_UNIT ( ) );
#2774 = UNCERTAINTY_MEASURE_WITH_UNIT (LENGTH_MEASURE( 1.000000000000000082E-05 ), #4451, 'distance_accuracy_value', 'NONE');
#2775 = EDGE_CURVE ( 'NONE', #6419, #2320, #291, .T. ) ;
#2776 = SURFACE_STYLE_FILL_AREA ( #6374 ) ;
#2777 = PRESENTATION_STYLE_ASSIGNMENT (( #5928 ) ) ;
#2778 =( NAMED_UNIT ( * ) SI_UNIT ( $, .STERADIAN. ) SOLID_ANGLE_UNIT ( ) );
#2779 = EDGE_CURVE ( 'NONE', #683, #1776, #5098, .T. ) ;
#2780 = DIRECTION ( 'NONE',  ( 0.000000000000000000, 0.000000000000000000, 1.000000000000000000 ) ) ;
#2781 = DIRECTION ( 'NONE',  ( 0.000000000000000000, 1.000000000000000000, 0.000000000000000000 ) ) ;
#2782 = EDGE_CURVE ( 'NONE', #3699, #3393, #6340, .T. ) ;
#2783 = FILL_AREA_STYLE ('',( #692 ) ) ;
#2784 = EDGE_LOOP ( 'NONE', ( #2027, #4075, #631, #1954 ) ) ;
#2785 = PRESENTATION_LAYER_ASSIGNMENT (  '', '', ( #2019 ) ) ;
#2786 = DIRECTION ( 'NONE',  ( 0.000000000000000000, 0.000000000000000000, -1.000000000000000000 ) ) ;
#2787 = FACE_BOUND ( 'NONE', #3813, .T. ) ;
#2788 = DIRECTION ( 'NONE',  ( 0.000000000000000000, 0.000000000000000000, 1.000000000000000000 ) ) ;
#2789 = CARTESIAN_POINT ( 'NONE',  ( 45.67077626419152381, -18.50000000000000000, -20.58101651390110831 ) ) ;
#2790 = AXIS2_PLACEMENT_3D ( 'NONE', #5160, #6685, #4602 ) ;
#2791 =( NAMED_UNIT ( * ) PLANE_ANGLE_UNIT ( ) SI_UNIT ( $, .RADIAN. ) );
#2792 = CIRCLE ( 'NONE', #161, 2.500000000000005773 ) ;
#2793 = ORIENTED_EDGE ( 'NONE', *, *, #3246, .F. ) ;
#2794 = VERTEX_POINT ( 'NONE', #3432 ) ;
#2795 = ADVANCED_FACE ( 'NONE', ( #6665 ), #1378, .F. ) ;
#2796 = UNCERTAINTY_MEASURE_WITH_UNIT (LENGTH_MEASURE( 1.000000000000000082E-05 ), #2060, 'distance_accuracy_value', 'NONE');
#2797 = PRESENTATION_LAYER_ASSIGNMENT (  '', '', ( #1921 ) ) ;
#2798 = FILL_AREA_STYLE ('',( #1876 ) ) ;
#2799 = SURFACE_STYLE_USAGE ( .BOTH. , #3293 ) ;
#2800 = CARTESIAN_POINT ( 'NONE',  ( 46.12432983716945500, 0.000000000000000000, -10.13115200650949710 ) ) ;
#2801 = ORIENTED_EDGE ( 'NONE', *, *, #3214, .F. ) ;
#2802 = SURFACE_SIDE_STYLE ('',( #1709 ) ) ;
#2803 = COLOUR_RGB ( '',0.5019607843137254832, 0.5019607843137254832, 1.000000000000000000 ) ;
#2804 = ORIENTED_EDGE ( 'NONE', *, *, #6252, .F. ) ;
#2805 = CARTESIAN_POINT ( 'NONE',  ( -11.99999999999999289, -6.999999999999999112, -30.00000000000000711 ) ) ;
#2806 = EDGE_CURVE ( 'NONE', #6150, #128, #6597, .T. ) ;
#2807 = FILL_AREA_STYLE_COLOUR ( '', #1107 ) ;
#2808 = ORIENTED_EDGE ( 'NONE', *, *, #6678, .T. ) ;
#2809 = STYLED_ITEM ( 'NONE', ( #2195 ), #2710 ) ;
#2810 = CARTESIAN_POINT ( 'NONE',  ( -14.99999999999998934, 4.000000000000000000, 30.00000000000000711 ) ) ;
#2811 = CYLINDRICAL_SURFACE ( 'NONE', #6327, 2.500000000000002220 ) ;
#2812 = LINE ( 'NONE', #654, #5708 ) ;
#2813 = SURFACE_SIDE_STYLE ('',( #4855 ) ) ;
#2814 = SURFACE_STYLE_USAGE ( .BOTH. , #1135 ) ;
#2815 =( NAMED_UNIT ( * ) SI_UNIT ( $, .STERADIAN. ) SOLID_ANGLE_UNIT ( ) );
#2816 = EDGE_CURVE ( 'NONE', #59, #3762, #398, .T. ) ;
#2817 = STYLED_ITEM ( 'NONE', ( #4709 ), #2394 ) ;
#2818 = VERTEX_POINT ( 'NONE', #905 ) ;
#2819 = EDGE_LOOP ( 'NONE', ( #1248, #4213, #2627, #4990 ) ) ;
#2820 = PRESENTATION_LAYER_ASSIGNMENT (  '', '', ( #5589 ) ) ;
#2821 =( NAMED_UNIT ( * ) SI_UNIT ( $, .STERADIAN. ) SOLID_ANGLE_UNIT ( ) );
#2822 = SURFACE_STYLE_FILL_AREA ( #2248 ) ;
#2823 = SURFACE_STYLE_FILL_AREA ( #3222 ) ;
#2824 = EDGE_CURVE ( 'NONE', #4863, #1987, #6146, .T. ) ;
#2825 = VERTEX_POINT ( 'NONE', #1453 ) ;
#2826 = VERTEX_POINT ( 'NONE', #1419 ) ;
#2827 = MECHANICAL_DESIGN_GEOMETRIC_PRESENTATION_REPRESENTATION (  '', ( #5803 ), #4107 ) ;
#2828 = FACE_BOUND ( 'NONE', #5564, .T. ) ;
#2829 = DIRECTION ( 'NONE',  ( 0.000000000000000000, -1.000000000000000000, 0.000000000000000000 ) ) ;
#2830 = VERTEX_POINT ( 'NONE', #5637 ) ;
#2831 = PRESENTATION_LAYER_ASSIGNMENT (  '', '', ( #6701 ) ) ;
#2832 = CIRCLE ( 'NONE', #3816, 2.599999999999998312 ) ;
#2833 = AXIS2_PLACEMENT_3D ( 'NONE', #6479, #100, #6415 ) ;
#2834 = VERTEX_POINT ( 'NONE', #3014 ) ;
#2835 = CIRCLE ( 'NONE', #6483, 1.750000000000005107 ) ;
#2836 = STYLED_ITEM ( 'NONE', ( #749 ), #5741 ) ;
#2837 =( NAMED_UNIT ( * ) SI_UNIT ( $, .STERADIAN. ) SOLID_ANGLE_UNIT ( ) );
#2838 = DIRECTION ( 'NONE',  ( 0.000000000000000000, 1.000000000000000000, 0.000000000000000000 ) ) ;
#2839 = DIRECTION ( 'NONE',  ( -0.000000000000000000, -1.000000000000000000, -0.000000000000000000 ) ) ;
#2840 = COLOUR_RGB ( '',0.5019607843137254832, 0.5019607843137254832, 1.000000000000000000 ) ;
#2841 = VERTEX_POINT ( 'NONE', #5134 ) ;
#2842 = UNCERTAINTY_MEASURE_WITH_UNIT (LENGTH_MEASURE( 1.000000000000000082E-05 ), #345, 'distance_accuracy_value', 'NONE');
#2843 = PRESENTATION_STYLE_ASSIGNMENT (( #235 ) ) ;
#2844 = PRESENTATION_LAYER_ASSIGNMENT (  '', '', ( #5831 ) ) ;
#2845 = STYLED_ITEM ( 'NONE', ( #2086 ), #3386 ) ;
#2846 = SURFACE_STYLE_USAGE ( .BOTH. , #3477 ) ;
#2847 = DIRECTION ( 'NONE',  ( 0.000000000000000000, 0.000000000000000000, -1.000000000000000000 ) ) ;
#2848 = DIRECTION ( 'NONE',  ( -0.000000000000000000, 1.000000000000000000, -0.000000000000000000 ) ) ;
#2849 = DIRECTION ( 'NONE',  ( 4.885417284221725125E-16, -0.000000000000000000, 1.000000000000000000 ) ) ;
#2850 = CIRCLE ( 'NONE', #6603, 2.000000000000000000 ) ;
#2851 = CYLINDRICAL_SURFACE ( 'NONE', #4199, 4.999999999999997335 ) ;
#2852 = ORIENTED_EDGE ( 'NONE', *, *, #4281, .T. ) ;
#2853 = PRESENTATION_LAYER_ASSIGNMENT (  '', '', ( #2197 ) ) ;
#2854 = PRESENTATION_LAYER_ASSIGNMENT (  '', '', ( #5950 ) ) ;
#2855 = MECHANICAL_DESIGN_GEOMETRIC_PRESENTATION_REPRESENTATION (  '', ( #2209 ), #3308 ) ;
#2856 = SURFACE_STYLE_FILL_AREA ( #2281 ) ;
#2857 = DIRECTION ( 'NONE',  ( 0.000000000000000000, 1.000000000000000000, 0.000000000000000000 ) ) ;
#2858 = STYLED_ITEM ( 'NONE', ( #990 ), #4019 ) ;
#2859 = FILL_AREA_STYLE_COLOUR ( '', #5965 ) ;
#2860 = VECTOR ( 'NONE', #1006, 1000.000000000000000 ) ;
#2861 = DIRECTION ( 'NONE',  ( 0.000000000000000000, 0.000000000000000000, 1.000000000000000000 ) ) ;
#2862 = ORIENTED_EDGE ( 'NONE', *, *, #5367, .F. ) ;
#2863 = MECHANICAL_DESIGN_GEOMETRIC_PRESENTATION_REPRESENTATION (  '', ( #4279 ), #4732 ) ;
#2864 = EDGE_LOOP ( 'NONE', ( #2391, #4323, #4694, #3252 ) ) ;
#2866 = ADVANCED_FACE ( 'NONE', ( #2480 ), #3562, .F. ) ;
#2865 = UNCERTAINTY_MEASURE_WITH_UNIT (LENGTH_MEASURE( 1.000000000000000082E-05 ), #2351, 'distance_accuracy_value', 'NONE');
#2867 = VECTOR ( 'NONE', #3990, 1000.000000000000000 ) ;
#2868 =( GEOMETRIC_REPRESENTATION_CONTEXT ( 3 ) GLOBAL_UNCERTAINTY_ASSIGNED_CONTEXT ( ( #3625 ) ) GLOBAL_UNIT_ASSIGNED_CONTEXT ( ( #3760, #5349, #3329 ) ) REPRESENTATION_CONTEXT ( 'NONE', 'WORKASPACE' ) );
#2869 = PRESENTATION_STYLE_ASSIGNMENT (( #545 ) ) ;
#2870 = SURFACE_STYLE_FILL_AREA ( #3877 ) ;
#2871 = DIRECTION ( 'NONE',  ( -0.000000000000000000, -1.000000000000000000, -0.000000000000000000 ) ) ;
#2872 =( NAMED_UNIT ( * ) SI_UNIT ( $, .STERADIAN. ) SOLID_ANGLE_UNIT ( ) );
#2873 = ADVANCED_FACE ( 'NONE', ( #1 ), #1622, .T. ) ;
#2874 = CARTESIAN_POINT ( 'NONE',  ( -3.500000000000016875, -18.50000000000000000, 15.40000000000000924 ) ) ;
#2875 = VERTEX_POINT ( 'NONE', #4760 ) ;
#2876 = CARTESIAN_POINT ( 'NONE',  ( -15.50000000000001776, -15.00000000000000178, 20.00000000000001066 ) ) ;
#2877 = FILL_AREA_STYLE ('',( #5567 ) ) ;
#2878 = DIRECTION ( 'NONE',  ( 0.000000000000000000, 0.000000000000000000, -1.000000000000000000 ) ) ;
#2879 = DIRECTION ( 'NONE',  ( -0.000000000000000000, 1.000000000000000000, -0.000000000000000000 ) ) ;
#2880 = DIRECTION ( 'NONE',  ( 0.000000000000000000, -1.000000000000000000, 0.000000000000000000 ) ) ;
#2881 = SURFACE_SIDE_STYLE ('',( #6613 ) ) ;
#2882 = ORIENTED_EDGE ( 'NONE', *, *, #4904, .T. ) ;
#2883 = SURFACE_SIDE_STYLE ('',( #1295 ) ) ;
#2884 =( NAMED_UNIT ( * ) SI_UNIT ( $, .STERADIAN. ) SOLID_ANGLE_UNIT ( ) );
#2885 =( NAMED_UNIT ( * ) SI_UNIT ( $, .STERADIAN. ) SOLID_ANGLE_UNIT ( ) );
#2886 = FILL_AREA_STYLE ('',( #5650 ) ) ;
#2887 = SURFACE_STYLE_USAGE ( .BOTH. , #4423 ) ;
#2888 = DIRECTION ( 'NONE',  ( 0.000000000000000000, 0.000000000000000000, -1.000000000000000000 ) ) ;
#2889 = FACE_OUTER_BOUND ( 'NONE', #5595, .T. ) ;
#2890 = CARTESIAN_POINT ( 'NONE',  ( 20.00000000000000000, -39.31465829649864929, 23.00000000000001066 ) ) ;
#2891 = FILL_AREA_STYLE ('',( #241 ) ) ;
#2892 = ORIENTED_EDGE ( 'NONE', *, *, #1687, .T. ) ;
#2893 = LINE ( 'NONE', #3602, #37 ) ;
#2894 = PLANE ( 'NONE',  #3487 ) ;
#2895 = CARTESIAN_POINT ( 'NONE',  ( 42.01558492405640521, 2.241982647174705967, -4.260405075992329316 ) ) ;
#2896 = LINE ( 'NONE', #1929, #1870 ) ;
#2897 = DIRECTION ( 'NONE',  ( 0.000000000000000000, 0.000000000000000000, -1.000000000000000000 ) ) ;
#2898 = ADVANCED_FACE ( 'NONE', ( #491 ), #1509, .T. ) ;
#2899 = LINE ( 'NONE', #1901, #4136 ) ;
#2900 = ORIENTED_EDGE ( 'NONE', *, *, #4584, .F. ) ;
#2901 = ORIENTED_EDGE ( 'NONE', *, *, #4675, .F. ) ;
#2902 = COLOUR_RGB ( '',0.5019607843137254832, 0.5019607843137254832, 1.000000000000000000 ) ;
#2903 = LINE ( 'NONE', #904, #5215 ) ;
#2904 = FILL_AREA_STYLE ('',( #4044 ) ) ;
#2905 =( NAMED_UNIT ( * ) PLANE_ANGLE_UNIT ( ) SI_UNIT ( $, .RADIAN. ) );
#2906 = CIRCLE ( 'NONE', #6209, 8.500000000000010658 ) ;
#2907 =( NAMED_UNIT ( * ) SI_UNIT ( $, .STERADIAN. ) SOLID_ANGLE_UNIT ( ) );
#2908 = EDGE_CURVE ( 'NONE', #1963, #6150, #3076, .T. ) ;
#2909 = MECHANICAL_DESIGN_GEOMETRIC_PRESENTATION_REPRESENTATION (  '', ( #5992 ), #1465 ) ;
#2910 = FILL_AREA_STYLE ('',( #4410 ) ) ;
#2911 = EDGE_CURVE ( 'NONE', #3642, #3037, #1555, .T. ) ;
#2912 = ORIENTED_EDGE ( 'NONE', *, *, #396, .T. ) ;
#2913 = CYLINDRICAL_SURFACE ( 'NONE', #5938, 8.500000000000010658 ) ;
#2914 = CARTESIAN_POINT ( 'NONE',  ( -44.50000000000001421, -2.999999999999999112, 26.50000000000000711 ) ) ;
#2915 = PRODUCT_RELATED_PRODUCT_CATEGORY ( 'part', '', ( #5645 ) ) ;
#2916 = ORIENTED_EDGE ( 'NONE', *, *, #3002, .F. ) ;
#2917 = SURFACE_STYLE_USAGE ( .BOTH. , #739 ) ;
#2918 = DIRECTION ( 'NONE',  ( -0.000000000000000000, 0.000000000000000000, -1.000000000000000000 ) ) ;
#2919 = AXIS2_PLACEMENT_3D ( 'NONE', #176, #3415, #3317 ) ;
#2920 = ORIENTED_EDGE ( 'NONE', *, *, #6185, .F. ) ;
#2921 = COLOUR_RGB ( '',0.5019607843137254832, 0.5019607843137254832, 1.000000000000000000 ) ;
#2922 = EDGE_CURVE ( 'NONE', #6217, #5492, #5395, .T. ) ;
#2923 = FILL_AREA_STYLE ('',( #3860 ) ) ;
#2924 = VECTOR ( 'NONE', #6754, 1000.000000000000000 ) ;
#2925 = CARTESIAN_POINT ( 'NONE',  ( 9.500000000000001776, 4.000000000000000000, 0.000000000000000000 ) ) ;
#2926 = FACE_OUTER_BOUND ( 'NONE', #1355, .T. ) ;
#2927 = CARTESIAN_POINT ( 'NONE',  ( -44.50000000000001421, -22.00000000000000355, -29.00000000000000711 ) ) ;
#2928 = CYLINDRICAL_SURFACE ( 'NONE', #4142, 1.750000000000005107 ) ;
#2929 = DIRECTION ( 'NONE',  ( 0.000000000000000000, -1.000000000000000000, 0.000000000000000000 ) ) ;
#2930 = ADVANCED_FACE ( 'NONE', ( #726 ), #1245, .F. ) ;
#2931 = DIRECTION ( 'NONE',  ( -0.000000000000000000, -1.000000000000000000, -0.000000000000000000 ) ) ;
#2932 = ORIENTED_EDGE ( 'NONE', *, *, #3167, .F. ) ;
#2933 = CARTESIAN_POINT ( 'NONE',  ( -42.57211781330949663, 4.000000000000000000, -10.12335836023588165 ) ) ;
#2934 = CARTESIAN_POINT ( 'NONE',  ( 25.50000000000000000, -18.50000000000000000, 30.00000000000000711 ) ) ;
#2935 = CARTESIAN_POINT ( 'NONE',  ( 45.50000000000001421, 0.000000000000000000, -30.00000000000000711 ) ) ;
#2936 = DIRECTION ( 'NONE',  ( -0.000000000000000000, 1.000000000000000000, -0.000000000000000000 ) ) ;
#2937 = MECHANICAL_DESIGN_GEOMETRIC_PRESENTATION_REPRESENTATION (  '', ( #2809 ), #183 ) ;
#2938 = CARTESIAN_POINT ( 'NONE',  ( 44.50000000000001421, -18.50000000000000000, 27.25000000000000355 ) ) ;
#2939 = ORIENTED_EDGE ( 'NONE', *, *, #192, .F. ) ;
#2940 = ORIENTED_EDGE ( 'NONE', *, *, #482, .T. ) ;
#2941 = COLOUR_RGB ( '',0.5019607843137254832, 0.5019607843137254832, 1.000000000000000000 ) ;
#2942 = DIRECTION ( 'NONE',  ( 1.000000000000000000, 0.000000000000000000, 0.000000000000000000 ) ) ;
#2943 =( LENGTH_UNIT ( ) NAMED_UNIT ( * ) SI_UNIT ( .MILLI., .METRE. ) );
#2944 = SURFACE_STYLE_USAGE ( .BOTH. , #5982 ) ;
#2945 = CARTESIAN_POINT ( 'NONE',  ( -15.50000000000001776, -18.50000000000000000, 20.00000000000001066 ) ) ;
#2946 = FILL_AREA_STYLE ('',( #1285 ) ) ;
#2947 = MECHANICAL_DESIGN_GEOMETRIC_PRESENTATION_REPRESENTATION (  '', ( #6686 ), #2609 ) ;
#2948 = ORIENTED_EDGE ( 'NONE', *, *, #1559, .F. ) ;
#2949 = SURFACE_STYLE_USAGE ( .BOTH. , #3373 ) ;
#2950 = SURFACE_STYLE_FILL_AREA ( #4015 ) ;
#2951 = ADVANCED_FACE ( 'NONE', ( #4860 ), #1769, .F. ) ;
#2952 = CARTESIAN_POINT ( 'NONE',  ( 18.59150718393674495, 0.000000000000000000, 70.00000000000000000 ) ) ;
#2953 = DIRECTION ( 'NONE',  ( 1.000000000000000000, 0.000000000000000000, -0.000000000000000000 ) ) ;
#2954 = ORIENTED_EDGE ( 'NONE', *, *, #135, .F. ) ;
#2955 =( NAMED_UNIT ( * ) SI_UNIT ( $, .STERADIAN. ) SOLID_ANGLE_UNIT ( ) );
#2956 = ORIENTED_EDGE ( 'NONE', *, *, #5981, .F. ) ;
#2957 = UNCERTAINTY_MEASURE_WITH_UNIT (LENGTH_MEASURE( 1.000000000000000082E-05 ), #1099, 'distance_accuracy_value', 'NONE');
#2958 = AXIS2_PLACEMENT_3D ( 'NONE', #2876, #129, #2327 ) ;
#2959 = COLOUR_RGB ( '',0.5019607843137254832, 0.5019607843137254832, 1.000000000000000000 ) ;
#2960 = CARTESIAN_POINT ( 'NONE',  ( 51.68556701030929901, 15.00000000000000000, -24.45933631058685620 ) ) ;
#2961 = SURFACE_STYLE_FILL_AREA ( #1989 ) ;
#2962 = DIRECTION ( 'NONE',  ( 0.000000000000000000, 0.000000000000000000, 1.000000000000000000 ) ) ;
#2963 = STYLED_ITEM ( 'NONE', ( #4567 ), #4747 ) ;
#2964 = DIRECTION ( 'NONE',  ( -0.000000000000000000, 1.000000000000000000, -0.000000000000000000 ) ) ;
#2965 = ADVANCED_FACE ( 'NONE', ( #148 ), #1274, .T. ) ;
#2966 = DIRECTION ( 'NONE',  ( 0.000000000000000000, 0.000000000000000000, 1.000000000000000000 ) ) ;
#2967 = PRESENTATION_LAYER_ASSIGNMENT (  '', '', ( #5941 ) ) ;
#2968 = VERTEX_POINT ( 'NONE', #1370 ) ;
#2969 = STYLED_ITEM ( 'NONE', ( #2016 ), #3339 ) ;
#2970 = FILL_AREA_STYLE_COLOUR ( '', #4116 ) ;
#2971 = DIRECTION ( 'NONE',  ( -0.000000000000000000, -0.000000000000000000, -1.000000000000000000 ) ) ;
#2972 = CIRCLE ( 'NONE', #3626, 40.00000000000000711 ) ;
#2973 = PRESENTATION_STYLE_ASSIGNMENT (( #6036 ) ) ;
#2974 = COLOUR_RGB ( '',0.5019607843137254832, 0.5019607843137254832, 1.000000000000000000 ) ;
#2975 = VERTEX_POINT ( 'NONE', #6082 ) ;
#2976 = EDGE_LOOP ( 'NONE', ( #3364, #6636, #1873, #1625 ) ) ;
#2977 = MECHANICAL_DESIGN_GEOMETRIC_PRESENTATION_REPRESENTATION (  '', ( #3636 ), #1766 ) ;
#2978 = AXIS2_PLACEMENT_3D ( 'NONE', #2890, #1089, #4097 ) ;
#2979 = CARTESIAN_POINT ( 'NONE',  ( 44.50000000000001421, -2.999999999999998224, -24.00000000000001066 ) ) ;
#2980 = DIRECTION ( 'NONE',  ( 0.000000000000000000, 0.000000000000000000, -1.000000000000000000 ) ) ;
#2981 = AXIS2_PLACEMENT_3D ( 'NONE', #1183, #3057, #988 ) ;
#2982 = ORIENTED_EDGE ( 'NONE', *, *, #6505, .T. ) ;
#2983 = VECTOR ( 'NONE', #6618, 1000.000000000000000 ) ;
#2984 =( GEOMETRIC_REPRESENTATION_CONTEXT ( 3 ) GLOBAL_UNCERTAINTY_ASSIGNED_CONTEXT ( ( #3800 ) ) GLOBAL_UNIT_ASSIGNED_CONTEXT ( ( #2492, #4058, #5704 ) ) REPRESENTATION_CONTEXT ( 'NONE', 'WORKASPACE' ) );
#2985 = PRESENTATION_LAYER_ASSIGNMENT (  '', '', ( #3326 ) ) ;
#2986 = CARTESIAN_POINT ( 'NONE',  ( 44.50000000000001421, -22.00000000000000355, -26.50000000000000711 ) ) ;
#2987 = DIRECTION ( 'NONE',  ( -0.000000000000000000, -1.000000000000000000, -0.000000000000000000 ) ) ;
#2988 = STYLED_ITEM ( 'NONE', ( #999 ), #5656 ) ;
#2989 = ORIENTED_EDGE ( 'NONE', *, *, #4405, .F. ) ;
#2990 = SURFACE_STYLE_USAGE ( .BOTH. , #4347 ) ;
#2991 = EDGE_CURVE ( 'NONE', #1998, #6310, #5626, .T. ) ;
#2992 = ORIENTED_EDGE ( 'NONE', *, *, #6546, .T. ) ;
#2993 = VERTEX_POINT ( 'NONE', #357 ) ;
#2994 = FILL_AREA_STYLE ('',( #4490 ) ) ;
#2995 = DIRECTION ( 'NONE',  ( -0.000000000000000000, 1.000000000000000000, -0.000000000000000000 ) ) ;
#2996 = SURFACE_STYLE_USAGE ( .BOTH. , #1922 ) ;
#2997 = DIRECTION ( 'NONE',  ( 0.000000000000000000, 1.000000000000000000, 0.000000000000000000 ) ) ;
#2998 = FILL_AREA_STYLE_COLOUR ( '', #1862 ) ;
#2999 = FILL_AREA_STYLE ('',( #919 ) ) ;
#3000 = EDGE_CURVE ( 'NONE', #3634, #5759, #2896, .T. ) ;
#3001 = ORIENTED_EDGE ( 'NONE', *, *, #3855, .T. ) ;
#3002 = EDGE_CURVE ( 'NONE', #435, #6014, #898, .T. ) ;
#3003 = EDGE_CURVE ( 'NONE', #3770, #829, #2637, .T. ) ;
#3004 = CARTESIAN_POINT ( 'NONE',  ( -85.50000000000001421, -22.00000000000000000, -3.091507183936761827 ) ) ;
#3005 = DIRECTION ( 'NONE',  ( 0.000000000000000000, 0.000000000000000000, 1.000000000000000000 ) ) ;
#3006 = EDGE_CURVE ( 'NONE', #2004, #6806, #6270, .T. ) ;
#3007 = DIRECTION ( 'NONE',  ( -0.000000000000000000, -1.000000000000000000, -0.000000000000000000 ) ) ;
#3008 = FACE_OUTER_BOUND ( 'NONE', #1492, .T. ) ;
#3009 = CARTESIAN_POINT ( 'NONE',  ( 45.54555525137367766, 15.00000000000000000, 5.000000000000000000 ) ) ;
#3010 = LINE ( 'NONE', #4508, #6371 ) ;
#3011 = ORIENTED_EDGE ( 'NONE', *, *, #4957, .T. ) ;
#3012 = ORIENTED_EDGE ( 'NONE', *, *, #1798, .F. ) ;
#3013 = FILL_AREA_STYLE ('',( #4119 ) ) ;
#3014 = CARTESIAN_POINT ( 'NONE',  ( 44.50000000000001421, 0.000000000000000000, -20.49999999999999645 ) ) ;
#3015 = CARTESIAN_POINT ( 'NONE',  ( 44.50000000000001421, -2.999999999999998224, -29.00000000000000711 ) ) ;
#3016 = CARTESIAN_POINT ( 'NONE',  ( 44.50000000000001421, -6.000000000000000000, 27.25000000000000355 ) ) ;
#3017 = FILL_AREA_STYLE_COLOUR ( '', #874 ) ;
#3018 = EDGE_CURVE ( 'NONE', #6577, #2244, #860, .T. ) ;
#3019 = ORIENTED_EDGE ( 'NONE', *, *, #2922, .F. ) ;
#3020 = LINE ( 'NONE', #6186, #5403 ) ;
#3021 = AXIS2_PLACEMENT_3D ( 'NONE', #500, #4734, #4933 ) ;
#3022 = DIRECTION ( 'NONE',  ( -1.000000000000000000, 0.000000000000000000, 0.000000000000000000 ) ) ;
#3023 = FILL_AREA_STYLE ('',( #6187 ) ) ;
#3024 = VERTEX_POINT ( 'NONE', #3558 ) ;
#3025 = EDGE_LOOP ( 'NONE', ( #6232, #1092, #3959, #5360 ) ) ;
#3026 = SURFACE_STYLE_FILL_AREA ( #916 ) ;
#3027 = ADVANCED_FACE ( 'NONE', ( #6558 ), #6140, .T. ) ;
#3028 = FACE_OUTER_BOUND ( 'NONE', #200, .T. ) ;
#3029 = COLOUR_RGB ( '',0.5019607843137254832, 0.5019607843137254832, 1.000000000000000000 ) ;
#3030 = FACE_OUTER_BOUND ( 'NONE', #1813, .T. ) ;
#3031 = VECTOR ( 'NONE', #6832, 1000.000000000000000 ) ;
#3032 = DIRECTION ( 'NONE',  ( -0.000000000000000000, 0.000000000000000000, 1.000000000000000000 ) ) ;
#3033 = ADVANCED_FACE ( 'NONE', ( #4429 ), #5657, .F. ) ;
#3034 = DIRECTION ( 'NONE',  ( -1.000000000000000000, 0.000000000000000000, 0.000000000000000000 ) ) ;
#3035 = LINE ( 'NONE', #5128, #6223 ) ;
#3036 = VERTEX_POINT ( 'NONE', #4104 ) ;
#3037 = VERTEX_POINT ( 'NONE', #4609 ) ;
#3038 = MECHANICAL_DESIGN_GEOMETRIC_PRESENTATION_REPRESENTATION (  '', ( #5012 ), #5243 ) ;
#3039 = SURFACE_SIDE_STYLE ('',( #1327 ) ) ;
#3040 = CARTESIAN_POINT ( 'NONE',  ( 45.50000000000001421, -22.00000000000000000, -3.091507183936765379 ) ) ;
#3041 = DIRECTION ( 'NONE',  ( -0.000000000000000000, 1.000000000000000000, -0.000000000000000000 ) ) ;
#3042 = CARTESIAN_POINT ( 'NONE',  ( 42.04188619865061582, 4.000000000000000000, 5.000000000000000000 ) ) ;
#3043 = FACE_OUTER_BOUND ( 'NONE', #3052, .T. ) ;
#3044 =( LENGTH_UNIT ( ) NAMED_UNIT ( * ) SI_UNIT ( .MILLI., .METRE. ) );
#3045 = AXIS2_PLACEMENT_3D ( 'NONE', #4041, #2555, #1505 ) ;
#3046 = CARTESIAN_POINT ( 'NONE',  ( -27.50000000000001776, -15.00000000000000178, 20.00000000000001066 ) ) ;
#3047 = VERTEX_POINT ( 'NONE', #5687 ) ;
#3048 = VECTOR ( 'NONE', #344, 1000.000000000000000 ) ;
#3049 = SURFACE_STYLE_USAGE ( .BOTH. , #6777 ) ;
#3050 = DIRECTION ( 'NONE',  ( -0.000000000000000000, 1.000000000000000000, -0.000000000000000000 ) ) ;
#3051 = FACE_BOUND ( 'NONE', #372, .T. ) ;
#3052 = EDGE_LOOP ( 'NONE', ( #2344, #5790 ) ) ;
#3053 =( NAMED_UNIT ( * ) PLANE_ANGLE_UNIT ( ) SI_UNIT ( $, .RADIAN. ) );
#3054 = DIRECTION ( 'NONE',  ( 0.000000000000000000, -1.000000000000000000, 1.084202172485504434E-16 ) ) ;
#3055 = ORIENTED_EDGE ( 'NONE', *, *, #5914, .T. ) ;
#3056 = CARTESIAN_POINT ( 'NONE',  ( -44.50000000000001421, -2.999999999999999112, -29.00000000000000711 ) ) ;
#3057 = DIRECTION ( 'NONE',  ( 0.000000000000000000, 1.000000000000000000, 0.000000000000000000 ) ) ;
#3058 = SURFACE_SIDE_STYLE ('',( #3650 ) ) ;
#3059 = FACE_OUTER_BOUND ( 'NONE', #5434, .T. ) ;
#3060 = CARTESIAN_POINT ( 'NONE',  ( -3.500000000000016431, -15.00000000000000178, 24.60000000000001208 ) ) ;
#3061 = AXIS2_PLACEMENT_3D ( 'NONE', #5433, #2291, #5400 ) ;
#3062 = MECHANICAL_DESIGN_GEOMETRIC_PRESENTATION_REPRESENTATION (  '', ( #642 ), #3914 ) ;
#3063 = ORIENTED_EDGE ( 'NONE', *, *, #3908, .F. ) ;
#3064 = PRESENTATION_LAYER_ASSIGNMENT (  '', '', ( #4707 ) ) ;
#3065 = COLOUR_RGB ( '',0.5019607843137254832, 0.5019607843137254832, 1.000000000000000000 ) ;
#3066 = FILL_AREA_STYLE ('',( #2508 ) ) ;
#3067 = LINE ( 'NONE', #6688, #4025 ) ;
#3068 = CARTESIAN_POINT ( 'NONE',  ( 12.00000000000000178, -39.31465829649864929, 24.30000000000000782 ) ) ;
#3069 = PRESENTATION_LAYER_ASSIGNMENT (  '', '', ( #6375 ) ) ;
#3070 = ORIENTED_EDGE ( 'NONE', *, *, #6505, .F. ) ;
#3071 = AXIS2_PLACEMENT_3D ( 'NONE', #6093, #6057, #4381 ) ;
#3072 = AXIS2_PLACEMENT_3D ( 'NONE', #843, #3471, #5004 ) ;
#3073 = CARTESIAN_POINT ( 'NONE',  ( -44.50000000000001421, -6.000000000000001776, 29.00000000000000711 ) ) ;
#3074 = FILL_AREA_STYLE_COLOUR ( '', #1250 ) ;
#3075 = FILL_AREA_STYLE ('',( #6212 ) ) ;
#3076 = CIRCLE ( 'NONE', #1648, 4.999999999999997335 ) ;
#3077 = FILL_AREA_STYLE ('',( #930 ) ) ;
#3078 = EDGE_LOOP ( 'NONE', ( #3988, #4498, #6486, #2119 ) ) ;
#3079 = VECTOR ( 'NONE', #1913, 1000.000000000000000 ) ;
#3080 = EDGE_CURVE ( 'NONE', #3160, #981, #5273, .T. ) ;
#3081 =( NAMED_UNIT ( * ) SI_UNIT ( $, .STERADIAN. ) SOLID_ANGLE_UNIT ( ) );
#3082 = AXIS2_PLACEMENT_3D ( 'NONE', #3656, #3681, #1577 ) ;
#3083 = LINE ( 'NONE', #1014, #6343 ) ;
#3084 = EDGE_CURVE ( 'NONE', #5634, #1058, #3168, .T. ) ;
#3085 = ADVANCED_FACE ( 'NONE', ( #5755 ), #2582, .F. ) ;
#3086 = DIRECTION ( 'NONE',  ( 0.000000000000000000, 0.000000000000000000, 1.000000000000000000 ) ) ;
#3087 = PRESENTATION_LAYER_ASSIGNMENT (  '', '', ( #6398 ) ) ;
#3088 = CARTESIAN_POINT ( 'NONE',  ( 18.59150718393674495, 15.00000000000000000, -70.00000000000000000 ) ) ;
#3089 = AXIS2_PLACEMENT_3D ( 'NONE', #5987, #4416, #2878 ) ;
#3090 = CIRCLE ( 'NONE', #674, 8.500000000000010658 ) ;
#3091 = PLANE ( 'NONE',  #6293 ) ;
#3092 = EDGE_LOOP ( 'NONE', ( #1452, #6330, #3806, #1169 ) ) ;
#3093 = MECHANICAL_DESIGN_GEOMETRIC_PRESENTATION_REPRESENTATION (  '', ( #3746 ), #2426 ) ;
#3094 = LINE ( 'NONE', #470, #859 ) ;
#3095 = VECTOR ( 'NONE', #4312, 1000.000000000000000 ) ;
#3096 = AXIS2_PLACEMENT_3D ( 'NONE', #1265, #2366, #1397 ) ;
#3097 = ORIENTED_EDGE ( 'NONE', *, *, #4549, .T. ) ;
#3098 = LINE ( 'NONE', #2573, #5518 ) ;
#3099 = DIRECTION ( 'NONE',  ( 0.000000000000000000, 0.000000000000000000, 1.000000000000000000 ) ) ;
#3100 = CARTESIAN_POINT ( 'NONE',  ( 42.04188619865061582, 15.00000000000000000, 5.000000000000000000 ) ) ;
#3101 =( NAMED_UNIT ( * ) SI_UNIT ( $, .STERADIAN. ) SOLID_ANGLE_UNIT ( ) );
#3102 = ORIENTED_EDGE ( 'NONE', *, *, #5953, .F. ) ;
#3103 = DIRECTION ( 'NONE',  ( -0.000000000000000000, -1.000000000000000000, -0.000000000000000000 ) ) ;
#3104 = PRESENTATION_STYLE_ASSIGNMENT (( #997 ) ) ;
#3105 = SURFACE_SIDE_STYLE ('',( #2683 ) ) ;
#3106 = SURFACE_STYLE_FILL_AREA ( #6760 ) ;
#3107 = SURFACE_SIDE_STYLE ('',( #1002 ) ) ;
#3108 = VERTEX_POINT ( 'NONE', #23 ) ;
#3109 = EDGE_LOOP ( 'NONE', ( #5550, #3322, #5621, #6734 ) ) ;
#3110 = CARTESIAN_POINT ( 'NONE',  ( 0.000000000000000000, 4.000000000000000000, 0.000000000000000000 ) ) ;
#3111 = SURFACE_STYLE_USAGE ( .BOTH. , #2061 ) ;
#3112 = CARTESIAN_POINT ( 'NONE',  ( 25.50000000000000000, 15.00000000000000000, 27.05209286809889235 ) ) ;
#3113 = CARTESIAN_POINT ( 'NONE',  ( 42.00000000000000711, 15.00000000000000000, 30.00000000000001066 ) ) ;
#3114 = CARTESIAN_POINT ( 'NONE',  ( 19.34267067914357341, -8.059781911968128654, 30.00697806787585264 ) ) ;
#3115 = EDGE_CURVE ( 'NONE', #2359, #2302, #1965, .T. ) ;
#3116 = FACE_OUTER_BOUND ( 'NONE', #1138, .T. ) ;
#3117 = ORIENTED_EDGE ( 'NONE', *, *, #5534, .T. ) ;
#3118 = VERTEX_POINT ( 'NONE', #5168 ) ;
#3119 = UNCERTAINTY_MEASURE_WITH_UNIT (LENGTH_MEASURE( 1.000000000000000082E-05 ), #2448, 'distance_accuracy_value', 'NONE');
#3120 = FILL_AREA_STYLE_COLOUR ( '', #5578 ) ;
#3121 = EDGE_CURVE ( 'NONE', #2975, #5608, #4208, .T. ) ;
#3122 = ADVANCED_FACE ( 'NONE', ( #3711 ), #6204, .F. ) ;
#3123 =( NAMED_UNIT ( * ) SI_UNIT ( $, .STERADIAN. ) SOLID_ANGLE_UNIT ( ) );
#3124 = CARTESIAN_POINT ( 'NONE',  ( -44.50000000000001421, -22.00000000000000000, -29.00000000000000711 ) ) ;
#3125 = ORIENTED_EDGE ( 'NONE', *, *, #6032, .F. ) ;
#3126 = DIRECTION ( 'NONE',  ( 0.000000000000000000, 0.000000000000000000, -1.000000000000000000 ) ) ;
#3127 = EDGE_LOOP ( 'NONE', ( #4715, #3284, #721, #1846 ) ) ;
#3128 = CARTESIAN_POINT ( 'NONE',  ( 44.50000000000001421, -22.00000000000000355, 26.50000000000000711 ) ) ;
#3129 = COLOUR_RGB ( '',0.5019607843137254832, 0.5019607843137254832, 1.000000000000000000 ) ;
#3130 = DIRECTION ( 'NONE',  ( 0.000000000000000000, 0.000000000000000000, 1.000000000000000000 ) ) ;
#3131 = CARTESIAN_POINT ( 'NONE',  ( 42.00000000000000711, 3.799999999999999822, 2.999999999999999556 ) ) ;
#3132 = ORIENTED_EDGE ( 'NONE', *, *, #2824, .F. ) ;
#3133 =( GEOMETRIC_REPRESENTATION_CONTEXT ( 3 ) GLOBAL_UNCERTAINTY_ASSIGNED_CONTEXT ( ( #153 ) ) GLOBAL_UNIT_ASSIGNED_CONTEXT ( ( #3535, #1972, #5638 ) ) REPRESENTATION_CONTEXT ( 'NONE', 'WORKASPACE' ) );
#3134 = DIRECTION ( 'NONE',  ( 0.000000000000000000, 0.000000000000000000, 1.000000000000000000 ) ) ;
#3135 = ADVANCED_FACE ( 'NONE', ( #4779 ), #5865, .T. ) ;
#3136 = SURFACE_SIDE_STYLE ('',( #1054 ) ) ;
#3137 = DIRECTION ( 'NONE',  ( 0.000000000000000000, -0.000000000000000000, 1.000000000000000000 ) ) ;
#3138 = LINE ( 'NONE', #2752, #3472 ) ;
#3139 = AXIS2_PLACEMENT_3D ( 'NONE', #702, #4412, #4893 ) ;
#3140 = ORIENTED_EDGE ( 'NONE', *, *, #6148, .T. ) ;
#3141 = UNCERTAINTY_MEASURE_WITH_UNIT (LENGTH_MEASURE( 1.000000000000000082E-05 ), #5468, 'distance_accuracy_value', 'NONE');
#3142 = CARTESIAN_POINT ( 'NONE',  ( 1.000000000000007772, 15.00000000000000000, -26.50000000000000711 ) ) ;
#3143 = DIRECTION ( 'NONE',  ( 0.000000000000000000, 0.000000000000000000, -1.000000000000000000 ) ) ;
#3144 = DIRECTION ( 'NONE',  ( 0.000000000000000000, 1.000000000000000000, 0.000000000000000000 ) ) ;
#3145 = UNCERTAINTY_MEASURE_WITH_UNIT (LENGTH_MEASURE( 1.000000000000000082E-05 ), #888, 'distance_accuracy_value', 'NONE');
#3146 = SURFACE_STYLE_FILL_AREA ( #3075 ) ;
#3147 = FILL_AREA_STYLE_COLOUR ( '', #3323 ) ;
#3148 = CARTESIAN_POINT ( 'NONE',  ( -85.50000000000001421, 0.000000000000000000, -3.091507183936761827 ) ) ;
#3149 =( LENGTH_UNIT ( ) NAMED_UNIT ( * ) SI_UNIT ( .MILLI., .METRE. ) );
#3150 = VERTEX_POINT ( 'NONE', #3751 ) ;
#3151 = ORIENTED_EDGE ( 'NONE', *, *, #1466, .T. ) ;
#3152 = MECHANICAL_DESIGN_GEOMETRIC_PRESENTATION_REPRESENTATION (  '', ( #6015 ), #2374 ) ;
#3153 = PLANE ( 'NONE',  #937 ) ;
#3154 = VECTOR ( 'NONE', #4083, 1000.000000000000000 ) ;
#3155 = CARTESIAN_POINT ( 'NONE',  ( -85.50000000000001421, 15.00000000000000000, -3.091507183936761827 ) ) ;
#3156 =( GEOMETRIC_REPRESENTATION_CONTEXT ( 3 ) GLOBAL_UNCERTAINTY_ASSIGNED_CONTEXT ( ( #2771 ) ) GLOBAL_UNIT_ASSIGNED_CONTEXT ( ( #355, #3388, #309 ) ) REPRESENTATION_CONTEXT ( 'NONE', 'WORKASPACE' ) );
#3157 = ORIENTED_EDGE ( 'NONE', *, *, #6691, .T. ) ;
#3158 = FILL_AREA_STYLE_COLOUR ( '', #4368 ) ;
#3159 = STYLED_ITEM ( 'NONE', ( #4127 ), #2659 ) ;
#3160 = VERTEX_POINT ( 'NONE', #4354 ) ;
#3161 = CYLINDRICAL_SURFACE ( 'NONE', #489, 4.999999999999993783 ) ;
#3162 = FILL_AREA_STYLE_COLOUR ( '', #5292 ) ;
#3163 = PRESENTATION_LAYER_ASSIGNMENT (  '', '', ( #5803 ) ) ;
#3164 = VERTEX_POINT ( 'NONE', #2715 ) ;
#3165 =( NAMED_UNIT ( * ) SI_UNIT ( $, .STERADIAN. ) SOLID_ANGLE_UNIT ( ) );
#3166 = FILL_AREA_STYLE_COLOUR ( '', #755 ) ;
#3167 = EDGE_CURVE ( 'NONE', #3937, #2875, #5814, .T. ) ;
#3169 = CIRCLE ( 'NONE', #2505, 1.750000000000005107 ) ;
#3168 = LINE ( 'NONE', #6727, #5172 ) ;
#3170 = DIRECTION ( 'NONE',  ( -1.000000000000000000, 1.927470528863119049E-16, -0.000000000000000000 ) ) ;
#3171 = CARTESIAN_POINT ( 'NONE',  ( 42.00000000000002132, 1.813827345558952864, 3.347674404752220223 ) ) ;
#3172 = VERTEX_POINT ( 'NONE', #590 ) ;
#3173 = VECTOR ( 'NONE', #6803, 1000.000000000000000 ) ;
#3174 = AXIS2_PLACEMENT_3D ( 'NONE', #828, #2449, #5631 ) ;
#3175 = CARTESIAN_POINT ( 'NONE',  ( 44.50000000000001421, -18.50000000000000000, -29.00000000000000711 ) ) ;
#3176 = COLOUR_RGB ( '',0.5019607843137254832, 0.5019607843137254832, 1.000000000000000000 ) ;
#3177 = PRESENTATION_STYLE_ASSIGNMENT (( #1065 ) ) ;
#3178 =( GEOMETRIC_REPRESENTATION_CONTEXT ( 3 ) GLOBAL_UNCERTAINTY_ASSIGNED_CONTEXT ( ( #2303 ) ) GLOBAL_UNIT_ASSIGNED_CONTEXT ( ( #4135, #3237, #4778 ) ) REPRESENTATION_CONTEXT ( 'NONE', 'WORKASPACE' ) );
#3179 = CIRCLE ( 'NONE', #4027, 2.500000000000002220 ) ;
#3180 = DIRECTION ( 'NONE',  ( -0.000000000000000000, 1.000000000000000000, -0.000000000000000000 ) ) ;
#3181 = VERTEX_POINT ( 'NONE', #2242 ) ;
#3182 =( GEOMETRIC_REPRESENTATION_CONTEXT ( 3 ) GLOBAL_UNCERTAINTY_ASSIGNED_CONTEXT ( ( #3141 ) ) GLOBAL_UNIT_ASSIGNED_CONTEXT ( ( #5468, #3401, #784 ) ) REPRESENTATION_CONTEXT ( 'NONE', 'WORKASPACE' ) );
#3183 = COLOUR_RGB ( '',0.5019607843137254832, 0.5019607843137254832, 1.000000000000000000 ) ;
#3184 = VECTOR ( 'NONE', #3501, 1000.000000000000000 ) ;
#3185 = VECTOR ( 'NONE', #4834, 1000.000000000000000 ) ;
#3186 = DIRECTION ( 'NONE',  ( -0.000000000000000000, 1.000000000000000000, -0.000000000000000000 ) ) ;
#3187 = DIRECTION ( 'NONE',  ( 0.000000000000000000, 1.000000000000000000, 0.000000000000000000 ) ) ;
#3188 = ORIENTED_EDGE ( 'NONE', *, *, #3357, .T. ) ;
#3189 = AXIS2_PLACEMENT_3D ( 'NONE', #289, #1251, #701 ) ;
#3190 = STYLED_ITEM ( 'NONE', ( #5733 ), #2898 ) ;
#3191 = LINE ( 'NONE', #3230, #3291 ) ;
#3192 = CIRCLE ( 'NONE', #5396, 2.500000000000002220 ) ;
#3193 = ORIENTED_EDGE ( 'NONE', *, *, #1896, .T. ) ;
#3194 = DIRECTION ( 'NONE',  ( -0.000000000000000000, 1.000000000000000000, -0.000000000000000000 ) ) ;
#3195 = COLOUR_RGB ( '',0.5019607843137254832, 0.5019607843137254832, 1.000000000000000000 ) ;
#3196 = SURFACE_STYLE_FILL_AREA ( #3909 ) ;
#3197 = CIRCLE ( 'NONE', #4046, 2.500000000000005773 ) ;
#3198 = FILL_AREA_STYLE ('',( #5811 ) ) ;
#3199 = FILL_AREA_STYLE ('',( #476 ) ) ;
#3200 = EDGE_CURVE ( 'NONE', #2556, #68, #2812, .T. ) ;
#3201 = DIRECTION ( 'NONE',  ( -1.000000000000000000, 0.000000000000000000, 0.000000000000000000 ) ) ;
#3202 = LINE ( 'NONE', #6788, #3235 ) ;
#3203 = ORIENTED_EDGE ( 'NONE', *, *, #3006, .T. ) ;
#3204 = MECHANICAL_DESIGN_GEOMETRIC_PRESENTATION_REPRESENTATION (  '', ( #781 ), #2648 ) ;
#3205 = SURFACE_STYLE_FILL_AREA ( #1604 ) ;
#3206 = FILL_AREA_STYLE_COLOUR ( '', #5801 ) ;
#3207 = DIRECTION ( 'NONE',  ( 0.000000000000000000, -1.000000000000000000, 0.000000000000000000 ) ) ;
#3208 =( NAMED_UNIT ( * ) SI_UNIT ( $, .STERADIAN. ) SOLID_ANGLE_UNIT ( ) );
#3209 = EDGE_CURVE ( 'NONE', #5173, #5536, #3289, .T. ) ;
#3210 = FILL_AREA_STYLE ('',( #872 ) ) ;
#3211 = DIRECTION ( 'NONE',  ( 0.000000000000000000, 1.000000000000000000, 0.000000000000000000 ) ) ;
#3212 = ORIENTED_EDGE ( 'NONE', *, *, #6159, .T. ) ;
#3213 = ORIENTED_EDGE ( 'NONE', *, *, #3494, .T. ) ;
#3214 = EDGE_CURVE ( 'NONE', #5669, #6310, #5419, .T. ) ;
#3215 = UNCERTAINTY_MEASURE_WITH_UNIT (LENGTH_MEASURE( 1.000000000000000082E-05 ), #5788, 'distance_accuracy_value', 'NONE');
#3216 =( LENGTH_UNIT ( ) NAMED_UNIT ( * ) SI_UNIT ( .MILLI., .METRE. ) );
#3217 =( NAMED_UNIT ( * ) SI_UNIT ( $, .STERADIAN. ) SOLID_ANGLE_UNIT ( ) );
#3218 = DIRECTION ( 'NONE',  ( 0.000000000000000000, -1.000000000000000000, 0.000000000000000000 ) ) ;
#3219 = PRESENTATION_STYLE_ASSIGNMENT (( #1111 ) ) ;
#3220 = DIRECTION ( 'NONE',  ( 0.000000000000000000, -0.000000000000000000, 1.000000000000000000 ) ) ;
#3221 =( NAMED_UNIT ( * ) PLANE_ANGLE_UNIT ( ) SI_UNIT ( $, .RADIAN. ) );
#3222 = FILL_AREA_STYLE ('',( #1775 ) ) ;
#3223 = ORIENTED_EDGE ( 'NONE', *, *, #5436, .F. ) ;
#3224 = PRESENTATION_STYLE_ASSIGNMENT (( #5800 ) ) ;
#3225 = DIRECTION ( 'NONE',  ( -0.000000000000000000, -1.000000000000000000, 0.000000000000000000 ) ) ;
#3226 = CARTESIAN_POINT ( 'NONE',  ( 45.50000000000001421, -22.00000000000000000, 3.091507183936761827 ) ) ;
#3227 = CARTESIAN_POINT ( 'NONE',  ( 25.50000000000000000, -18.50000000000000355, 27.05209286809889235 ) ) ;
#3228 = PRESENTATION_STYLE_ASSIGNMENT (( #157 ) ) ;
#3229 = EDGE_LOOP ( 'NONE', ( #5610, #5301, #3555, #6337, #708, #3805, #1765, #4257, #2116, #3726, #178, #2168, #2231, #6260, #1149, #5974, #3952, #5351, #1068, #3545, #2939 ) ) ;
#3230 = CARTESIAN_POINT ( 'NONE',  ( 12.00000000000000178, 0.000000000000000000, 23.00000000000001066 ) ) ;
#3231 = VERTEX_POINT ( 'NONE', #3865 ) ;
#3232 = CARTESIAN_POINT ( 'NONE',  ( 19.50000000000000355, 0.000000000000000000, 28.00000000000001066 ) ) ;
#3233 = PRESENTATION_LAYER_ASSIGNMENT (  '', '', ( #2357 ) ) ;
#3234 = DIRECTION ( 'NONE',  ( -0.000000000000000000, 1.000000000000000000, -0.000000000000000000 ) ) ;
#3235 = VECTOR ( 'NONE', #614, 1000.000000000000000 ) ;
#3236 = PRESENTATION_STYLE_ASSIGNMENT (( #1654 ) ) ;
#3237 =( NAMED_UNIT ( * ) PLANE_ANGLE_UNIT ( ) SI_UNIT ( $, .RADIAN. ) );
#3238 = SURFACE_STYLE_FILL_AREA ( #1132 ) ;
#3239 =( LENGTH_UNIT ( ) NAMED_UNIT ( * ) SI_UNIT ( .MILLI., .METRE. ) );
#3240 = CARTESIAN_POINT ( 'NONE',  ( 45.50000000000001421, 0.000000000000000000, 26.50000000000001066 ) ) ;
#3241 = CARTESIAN_POINT ( 'NONE',  ( 85.50000000000001421, 0.000000000000000000, -3.091507183936761827 ) ) ;
#3242 = CARTESIAN_POINT ( 'NONE',  ( 42.03161130906313758, 2.825280675108140738, 4.750988677738580357 ) ) ;
#3243 = ORIENTED_EDGE ( 'NONE', *, *, #1978, .F. ) ;
#3244 = ORIENTED_EDGE ( 'NONE', *, *, #5646, .T. ) ;
#3245 = COLOUR_RGB ( '',0.5019607843137254832, 0.5019607843137254832, 1.000000000000000000 ) ;
#3246 = EDGE_CURVE ( 'NONE', #3538, #3336, #173, .T. ) ;
#3247 = DIRECTION ( 'NONE',  ( 0.000000000000000000, 0.000000000000000000, 1.000000000000000000 ) ) ;
#3248 = CARTESIAN_POINT ( 'NONE',  ( -44.50000000000001421, -18.50000000000000000, -29.00000000000000711 ) ) ;
#3249 = LINE ( 'NONE', #5350, #4330 ) ;
#3250 = AXIS2_PLACEMENT_3D ( 'NONE', #5340, #3211, #143 ) ;
#3251 = AXIS2_PLACEMENT_3D ( 'NONE', #335, #6022, #263 ) ;
#3252 = ORIENTED_EDGE ( 'NONE', *, *, #338, .T. ) ;
#3253 = ORIENTED_EDGE ( 'NONE', *, *, #2432, .T. ) ;
#3254 = UNCERTAINTY_MEASURE_WITH_UNIT (LENGTH_MEASURE( 1.000000000000000082E-05 ), #6696, 'distance_accuracy_value', 'NONE');
#3255 = PRESENTATION_LAYER_ASSIGNMENT (  '', '', ( #4668 ) ) ;
#3256 = FILL_AREA_STYLE ('',( #1152 ) ) ;
#3257 = EDGE_CURVE ( 'NONE', #316, #1663, #1760, .T. ) ;
#3258 = DIRECTION ( 'NONE',  ( 0.000000000000000000, 0.000000000000000000, -1.000000000000000000 ) ) ;
#3259 = DIRECTION ( 'NONE',  ( 0.000000000000000000, 1.000000000000000000, 0.000000000000000000 ) ) ;
#3260 = SURFACE_SIDE_STYLE ('',( #6467 ) ) ;
#3261 = ORIENTED_EDGE ( 'NONE', *, *, #3546, .T. ) ;
#3262 = CARTESIAN_POINT ( 'NONE',  ( 15.00000000000000178, 4.000000000000000000, -30.00000000000000000 ) ) ;
#3263 = CARTESIAN_POINT ( 'NONE',  ( -85.50000000000001421, 4.000000000000000000, -3.091507183936761827 ) ) ;
#3264 = VERTEX_POINT ( 'NONE', #4907 ) ;
#3265 = VECTOR ( 'NONE', #4308, 1000.000000000000000 ) ;
#3266 = SURFACE_STYLE_USAGE ( .BOTH. , #3829 ) ;
#3268 = PRESENTATION_LAYER_ASSIGNMENT (  '', '', ( #5356 ) ) ;
#3267 = FACE_OUTER_BOUND ( 'NONE', #28, .T. ) ;
#3269 = CIRCLE ( 'NONE', #1941, 1.750000000000005107 ) ;
#3270 = DIRECTION ( 'NONE',  ( -0.000000000000000000, -1.000000000000000000, -0.000000000000000000 ) ) ;
#3271 =( LENGTH_UNIT ( ) NAMED_UNIT ( * ) SI_UNIT ( .MILLI., .METRE. ) );
#3272 =( NAMED_UNIT ( * ) PLANE_ANGLE_UNIT ( ) SI_UNIT ( $, .RADIAN. ) );
#3273 = CARTESIAN_POINT ( 'NONE',  ( -18.59150718393674495, -18.50000000000000355, -70.00000000000000000 ) ) ;
#3274 =( NAMED_UNIT ( * ) PLANE_ANGLE_UNIT ( ) SI_UNIT ( $, .RADIAN. ) );
#3275 =( NAMED_UNIT ( * ) SI_UNIT ( $, .STERADIAN. ) SOLID_ANGLE_UNIT ( ) );
#3276 = ORIENTED_EDGE ( 'NONE', *, *, #3888, .T. ) ;
#3277 = VERTEX_POINT ( 'NONE', #203 ) ;
#3278 =( GEOMETRIC_REPRESENTATION_CONTEXT ( 3 ) GLOBAL_UNCERTAINTY_ASSIGNED_CONTEXT ( ( #6463 ) ) GLOBAL_UNIT_ASSIGNED_CONTEXT ( ( #3392, #5094, #3944 ) ) REPRESENTATION_CONTEXT ( 'NONE', 'WORKASPACE' ) );
#3279 = CARTESIAN_POINT ( 'NONE',  ( 42.00000000000002132, 1.807960926568942250, -3.219591009195656550 ) ) ;
#3280 = PRESENTATION_STYLE_ASSIGNMENT (( #5387 ) ) ;
#3281 =( NAMED_UNIT ( * ) SI_UNIT ( $, .STERADIAN. ) SOLID_ANGLE_UNIT ( ) );
#3282 = CARTESIAN_POINT ( 'NONE',  ( 18.59150718393674495, 0.000000000000000000, -30.00000000000000711 ) ) ;
#3283 = SURFACE_SIDE_STYLE ('',( #2823 ) ) ;
#3284 = ORIENTED_EDGE ( 'NONE', *, *, #3968, .F. ) ;
#3285 = ORIENTED_EDGE ( 'NONE', *, *, #5554, .T. ) ;
#3286 = PRESENTATION_LAYER_ASSIGNMENT (  '', '', ( #1070 ) ) ;
#3287 = UNCERTAINTY_MEASURE_WITH_UNIT (LENGTH_MEASURE( 1.000000000000000082E-05 ), #2225, 'distance_accuracy_value', 'NONE');
#3288 = MECHANICAL_DESIGN_GEOMETRIC_PRESENTATION_REPRESENTATION (  '', ( #6258 ), #3178 ) ;
#3289 = CIRCLE ( 'NONE', #2833, 43.50000000000000711 ) ;
#3290 = CARTESIAN_POINT ( 'NONE',  ( 44.50000000000001421, -2.999999999999999112, 31.50000000000001421 ) ) ;
#3291 = VECTOR ( 'NONE', #5300, 1000.000000000000000 ) ;
#3292 = ADVANCED_FACE ( 'NONE', ( #2308 ), #4394, .T. ) ;
#3293 = SURFACE_SIDE_STYLE ('',( #223 ) ) ;
#3294 = CARTESIAN_POINT ( 'NONE',  ( -42.00000000000000711, 2.999999999999999112, 30.00000000000001066 ) ) ;
#3295 = EDGE_LOOP ( 'NONE', ( #4956, #3070, #4555, #2954 ) ) ;
#3296 = MECHANICAL_DESIGN_GEOMETRIC_PRESENTATION_REPRESENTATION (  '', ( #650 ), #2408 ) ;
#3297 = DIRECTION ( 'NONE',  ( 0.000000000000000000, 0.000000000000000000, -1.000000000000000000 ) ) ;
#3298 = AXIS2_PLACEMENT_3D ( 'NONE', #5702, #431, #2491 ) ;
#3299 = COLOUR_RGB ( '',0.5019607843137254832, 0.5019607843137254832, 1.000000000000000000 ) ;
#3300 = ADVANCED_FACE ( 'NONE', ( #3964 ), #3931, .F. ) ;
#3301 = EDGE_CURVE ( 'NONE', #1499, #1117, #3179, .T. ) ;
#3302 = EDGE_LOOP ( 'NONE', ( #4727, #3795, #6544, #1690 ) ) ;
#3303 = DIRECTION ( 'NONE',  ( 0.000000000000000000, 0.000000000000000000, 1.000000000000000000 ) ) ;
#3304 = PRESENTATION_STYLE_ASSIGNMENT (( #1230 ) ) ;
#3305 =( NAMED_UNIT ( * ) SI_UNIT ( $, .STERADIAN. ) SOLID_ANGLE_UNIT ( ) );
#3306 = AXIS2_PLACEMENT_3D ( 'NONE', #1804, #2857, #5425 ) ;
#3307 = FACE_OUTER_BOUND ( 'NONE', #4006, .T. ) ;
#3308 =( GEOMETRIC_REPRESENTATION_CONTEXT ( 3 ) GLOBAL_UNCERTAINTY_ASSIGNED_CONTEXT ( ( #2774 ) ) GLOBAL_UNIT_ASSIGNED_CONTEXT ( ( #4451, #3929, #4978 ) ) REPRESENTATION_CONTEXT ( 'NONE', 'WORKASPACE' ) );
#3309 = CYLINDRICAL_SURFACE ( 'NONE', #5514, 8.500000000000010658 ) ;
#3310 = PRESENTATION_LAYER_ASSIGNMENT (  '', '', ( #5622 ) ) ;
#3311 = COLOUR_RGB ( '',0.5019607843137254832, 0.5019607843137254832, 1.000000000000000000 ) ;
#3312 =( LENGTH_UNIT ( ) NAMED_UNIT ( * ) SI_UNIT ( .MILLI., .METRE. ) );
#3313 = LINE ( 'NONE', #6414, #1877 ) ;
#3314 = STYLED_ITEM ( 'NONE', ( #1454 ), #5227 ) ;
#3315 = DIRECTION ( 'NONE',  ( -0.000000000000000000, -1.000000000000000000, -0.000000000000000000 ) ) ;
#3316 = DIRECTION ( 'NONE',  ( 1.020425574104003629E-16, -0.000000000000000000, 1.000000000000000000 ) ) ;
#3317 = DIRECTION ( 'NONE',  ( 1.000000000000000000, 0.000000000000000000, 0.000000000000000000 ) ) ;
#3318 = PRESENTATION_LAYER_ASSIGNMENT (  '', '', ( #6075 ) ) ;
#3319 = STYLED_ITEM ( 'NONE', ( #4442 ), #40 ) ;
#3320 = STYLED_ITEM ( 'NONE', ( #2843 ), #1292 ) ;
#3321 = ORIENTED_EDGE ( 'NONE', *, *, #1683, .F. ) ;
#3322 = ORIENTED_EDGE ( 'NONE', *, *, #6570, .T. ) ;
#3323 = COLOUR_RGB ( '',0.5019607843137254832, 0.5019607843137254832, 1.000000000000000000 ) ;
#3324 = VECTOR ( 'NONE', #4230, 1000.000000000000000 ) ;
#3325 = FILL_AREA_STYLE ('',( #2171 ) ) ;
#3326 = STYLED_ITEM ( 'NONE', ( #5188 ), #1587 ) ;
#3327 = FACE_BOUND ( 'NONE', #2050, .T. ) ;
#3328 = SURFACE_SIDE_STYLE ('',( #1216 ) ) ;
#3329 =( NAMED_UNIT ( * ) SI_UNIT ( $, .STERADIAN. ) SOLID_ANGLE_UNIT ( ) );
#3330 = ORIENTED_EDGE ( 'NONE', *, *, #885, .F. ) ;
#3331 = ORIENTED_EDGE ( 'NONE', *, *, #1562, .T. ) ;
#3332 = ADVANCED_FACE ( 'NONE', ( #4950 ), #2928, .F. ) ;
#3333 = CARTESIAN_POINT ( 'NONE',  ( 18.59150718393674495, -18.50000000000000355, -26.50000000000000711 ) ) ;
#3334 = SURFACE_SIDE_STYLE ('',( #2324 ) ) ;
#3335 = CARTESIAN_POINT ( 'NONE',  ( 6.500000000000002665, -18.50000000000000000, 30.00000000000001066 ) ) ;
#3336 = VERTEX_POINT ( 'NONE', #943 ) ;
#3337 = FILL_AREA_STYLE ('',( #6434 ) ) ;
#3338 = DIRECTION ( 'NONE',  ( 0.000000000000000000, 1.000000000000000000, 0.000000000000000000 ) ) ;
#3339 = ADVANCED_FACE ( 'NONE', ( #4640 ), #2606, .T. ) ;
#3340 = ORIENTED_EDGE ( 'NONE', *, *, #58, .T. ) ;
#3341 = DIRECTION ( 'NONE',  ( -0.000000000000000000, 1.000000000000000000, -0.000000000000000000 ) ) ;
#3342 = UNCERTAINTY_MEASURE_WITH_UNIT (LENGTH_MEASURE( 1.000000000000000082E-05 ), #1470, 'distance_accuracy_value', 'NONE');
#3343 =( NAMED_UNIT ( * ) SI_UNIT ( $, .STERADIAN. ) SOLID_ANGLE_UNIT ( ) );
#3344 = SURFACE_STYLE_FILL_AREA ( #6410 ) ;
#3345 = VERTEX_POINT ( 'NONE', #1463 ) ;
#3346 = UNCERTAINTY_MEASURE_WITH_UNIT (LENGTH_MEASURE( 1.000000000000000082E-05 ), #5939, 'distance_accuracy_value', 'NONE');
#3347 = SURFACE_STYLE_FILL_AREA ( #688 ) ;
#3348 = PLANE ( 'NONE',  #4459 ) ;
#3349 = SURFACE_STYLE_USAGE ( .BOTH. , #1133 ) ;
#3350 = DIRECTION ( 'NONE',  ( 1.000000000000000000, 0.000000000000000000, -4.885417284221725125E-16 ) ) ;
#3351 =( LENGTH_UNIT ( ) NAMED_UNIT ( * ) SI_UNIT ( .MILLI., .METRE. ) );
#3352 = PRESENTATION_STYLE_ASSIGNMENT (( #5452 ) ) ;
#3353 = ORIENTED_EDGE ( 'NONE', *, *, #2104, .F. ) ;
#3354 = ORIENTED_EDGE ( 'NONE', *, *, #3585, .T. ) ;
#3355 = CIRCLE ( 'NONE', #35, 1.750000000000005107 ) ;
#3357 = EDGE_CURVE ( 'NONE', #5080, #2202, #4600, .T. ) ;
#3356 = VECTOR ( 'NONE', #4771, 1000.000000000000000 ) ;
#3358 = CARTESIAN_POINT ( 'NONE',  ( 45.53431741164784796, 2.822566142874646911, -4.749509804523667889 ) ) ;
#3359 = CARTESIAN_POINT ( 'NONE',  ( 42.02381459071315106, 2.509715685668459706, -4.533375333244884509 ) ) ;
#3360 = FILL_AREA_STYLE_COLOUR ( '', #2974 ) ;
#3361 =( NAMED_UNIT ( * ) SI_UNIT ( $, .STERADIAN. ) SOLID_ANGLE_UNIT ( ) );
#3362 = CARTESIAN_POINT ( 'NONE',  ( 44.50000000000001421, -22.00000000000000000, -29.00000000000000711 ) ) ;
#3363 = DIRECTION ( 'NONE',  ( 0.000000000000000000, 0.000000000000000000, 1.000000000000000000 ) ) ;
#3364 = ORIENTED_EDGE ( 'NONE', *, *, #6303, .F. ) ;
#3365 = VERTEX_POINT ( 'NONE', #5199 ) ;
#3366 = UNCERTAINTY_MEASURE_WITH_UNIT (LENGTH_MEASURE( 1.000000000000000082E-05 ), #1460, 'distance_accuracy_value', 'NONE');
#3367 = DIRECTION ( 'NONE',  ( 0.000000000000000000, 0.000000000000000000, 1.000000000000000000 ) ) ;
#3368 = SURFACE_SIDE_STYLE ('',( #1781 ) ) ;
#3369 = FACE_OUTER_BOUND ( 'NONE', #3580, .T. ) ;
#3370 = CARTESIAN_POINT ( 'NONE',  ( 15.00000000000000178, 4.000000000000000000, -30.00000000000000000 ) ) ;
#3371 = ORIENTED_EDGE ( 'NONE', *, *, #3084, .F. ) ;
#3372 = MECHANICAL_DESIGN_GEOMETRIC_PRESENTATION_REPRESENTATION (  '', ( #4668 ), #4783 ) ;
#3373 = SURFACE_SIDE_STYLE ('',( #5986 ) ) ;
#3374 = DIRECTION ( 'NONE',  ( -0.000000000000000000, 1.000000000000000000, -0.000000000000000000 ) ) ;
#3375 = FILL_AREA_STYLE ('',( #811 ) ) ;
#3376 =( NAMED_UNIT ( * ) PLANE_ANGLE_UNIT ( ) SI_UNIT ( $, .RADIAN. ) );
#3377 = ORIENTED_EDGE ( 'NONE', *, *, #5123, .F. ) ;
#3378 = DIRECTION ( 'NONE',  ( -0.000000000000000000, -1.000000000000000000, -0.000000000000000000 ) ) ;
#3379 = SURFACE_STYLE_USAGE ( .BOTH. , #4422 ) ;
#3380 = DIRECTION ( 'NONE',  ( 0.000000000000000000, 0.000000000000000000, 1.000000000000000000 ) ) ;
#3381 = FILL_AREA_STYLE_COLOUR ( '', #6043 ) ;
#3382 = FACE_OUTER_BOUND ( 'NONE', #1743, .T. ) ;
#3383 = VECTOR ( 'NONE', #6739, 1000.000000000000000 ) ;
#3384 = EDGE_CURVE ( 'NONE', #3762, #6420, #6229, .T. ) ;
#3385 = VERTEX_POINT ( 'NONE', #3575 ) ;
#3386 = ADVANCED_FACE ( 'NONE', ( #5156 ), #5265, .T. ) ;
#3387 = CIRCLE ( 'NONE', #5362, 2.500000000000002220 ) ;
#3388 =( NAMED_UNIT ( * ) PLANE_ANGLE_UNIT ( ) SI_UNIT ( $, .RADIAN. ) );
#3389 = DIRECTION ( 'NONE',  ( 0.000000000000000000, 1.000000000000000000, 0.000000000000000000 ) ) ;
#3390 =( LENGTH_UNIT ( ) NAMED_UNIT ( * ) SI_UNIT ( .MILLI., .METRE. ) );
#3391 = LINE ( 'NONE', #6591, #6289 ) ;
#3392 =( LENGTH_UNIT ( ) NAMED_UNIT ( * ) SI_UNIT ( .MILLI., .METRE. ) );
#3393 = VERTEX_POINT ( 'NONE', #407 ) ;
#3394 = CYLINDRICAL_SURFACE ( 'NONE', #5789, 2.500000000000002220 ) ;
#3395 = DIRECTION ( 'NONE',  ( 0.000000000000000000, 0.000000000000000000, 1.000000000000000000 ) ) ;
#3396 = CARTESIAN_POINT ( 'NONE',  ( 45.54496642486498814, 3.545641891765404896, 4.987783985904783890 ) ) ;
#3397 = ORIENTED_EDGE ( 'NONE', *, *, #6112, .T. ) ;
#3398 = CIRCLE ( 'NONE', #2506, 8.500000000000010658 ) ;
#3399 = COLOUR_RGB ( '',0.5019607843137254832, 0.5019607843137254832, 1.000000000000000000 ) ;
#3400 = DIRECTION ( 'NONE',  ( -0.000000000000000000, -1.000000000000000000, -0.000000000000000000 ) ) ;
#3401 =( NAMED_UNIT ( * ) PLANE_ANGLE_UNIT ( ) SI_UNIT ( $, .RADIAN. ) );
#3402 = DIRECTION ( 'NONE',  ( 0.000000000000000000, 0.000000000000000000, 1.000000000000000000 ) ) ;
#3403 = AXIS2_PLACEMENT_3D ( 'NONE', #4242, #1053, #3134 ) ;
#3404 = VECTOR ( 'NONE', #3470, 1000.000000000000000 ) ;
#3405 = VERTEX_POINT ( 'NONE', #2501 ) ;
#3406 = UNCERTAINTY_MEASURE_WITH_UNIT (LENGTH_MEASURE( 1.000000000000000082E-05 ), #6285, 'distance_accuracy_value', 'NONE');
#3407 = DIRECTION ( 'NONE',  ( 0.000000000000000000, -1.000000000000000000, 0.000000000000000000 ) ) ;
#3408 = MECHANICAL_DESIGN_GEOMETRIC_PRESENTATION_REPRESENTATION (  '', ( #5040 ), #1755 ) ;
#3409 = LINE ( 'NONE', #6648, #4008 ) ;
#3410 = EDGE_CURVE ( 'NONE', #2556, #4633, #6718, .T. ) ;
#3411 = FILL_AREA_STYLE_COLOUR ( '', #4708 ) ;
#3412 = DIRECTION ( 'NONE',  ( 0.000000000000000000, -1.000000000000000000, 0.000000000000000000 ) ) ;
#3413 = CYLINDRICAL_SURFACE ( 'NONE', #5058, 2.500000000000005773 ) ;
#3414 = MECHANICAL_DESIGN_GEOMETRIC_PRESENTATION_REPRESENTATION (  '', ( #6055 ), #1525 ) ;
#3415 = DIRECTION ( 'NONE',  ( 0.000000000000000000, 1.000000000000000000, 0.000000000000000000 ) ) ;
#3416 = VERTEX_POINT ( 'NONE', #4344 ) ;
#3417 =( GEOMETRIC_REPRESENTATION_CONTEXT ( 3 ) GLOBAL_UNCERTAINTY_ASSIGNED_CONTEXT ( ( #4117 ) ) GLOBAL_UNIT_ASSIGNED_CONTEXT ( ( #3044, #2655, #4011 ) ) REPRESENTATION_CONTEXT ( 'NONE', 'WORKASPACE' ) );
#3418 = STYLED_ITEM ( 'NONE', ( #4520 ), #275 ) ;
#3419 = ADVANCED_FACE ( 'NONE', ( #1159 ), #1682, .T. ) ;
#3420 = COLOUR_RGB ( '',0.5019607843137254832, 0.5019607843137254832, 1.000000000000000000 ) ;
#3421 = EDGE_CURVE ( 'NONE', #5504, #6470, #582, .T. ) ;
#3422 = SURFACE_SIDE_STYLE ('',( #757 ) ) ;
#3423 = FACE_OUTER_BOUND ( 'NONE', #4160, .T. ) ;
#3424 =( GEOMETRIC_REPRESENTATION_CONTEXT ( 3 ) GLOBAL_UNCERTAINTY_ASSIGNED_CONTEXT ( ( #250 ) ) GLOBAL_UNIT_ASSIGNED_CONTEXT ( ( #3834, #1754, #5926 ) ) REPRESENTATION_CONTEXT ( 'NONE', 'WORKASPACE' ) );
#3425 = LINE ( 'NONE', #3528, #1633 ) ;
#3426 = ORIENTED_EDGE ( 'NONE', *, *, #6069, .F. ) ;
#3427 = VECTOR ( 'NONE', #3493, 1000.000000000000000 ) ;
#3428 = ORIENTED_EDGE ( 'NONE', *, *, #4921, .T. ) ;
#3429 = AXIS2_PLACEMENT_3D ( 'NONE', #6067, #1336, #5476 ) ;
#3430 = DIRECTION ( 'NONE',  ( -1.000000000000000000, 0.000000000000000000, 0.000000000000000000 ) ) ;
#3431 = PRESENTATION_LAYER_ASSIGNMENT (  '', '', ( #2545 ) ) ;
#3432 = CARTESIAN_POINT ( 'NONE',  ( 20.00000000000000000, 0.000000000000000000, 21.50000000000000355 ) ) ;
#3433 =( NAMED_UNIT ( * ) PLANE_ANGLE_UNIT ( ) SI_UNIT ( $, .RADIAN. ) );
#3434 = CARTESIAN_POINT ( 'NONE',  ( 55.50000000000001421, 3.800000000000014477, -5.000000000000000888 ) ) ;
#3435 = CARTESIAN_POINT ( 'NONE',  ( 45.50000000000002132, 1.802094487897897501, 3.091507183936769376 ) ) ;
#3436 = ORIENTED_EDGE ( 'NONE', *, *, #4840, .T. ) ;
#3437 = EDGE_LOOP ( 'NONE', ( #5921, #6771, #4150, #48, #4604, #209, #5139, #6497 ) ) ;
#3438 = EDGE_CURVE ( 'NONE', #2339, #3907, #1523, .T. ) ;
#3439 = CARTESIAN_POINT ( 'NONE',  ( -44.50000000000001421, -18.50000000000000000, -29.00000000000000711 ) ) ;
#3440 = CARTESIAN_POINT ( 'NONE',  ( 46.12432983716945500, 4.000000000000000000, -10.13115200650949710 ) ) ;
#3441 = FILL_AREA_STYLE_COLOUR ( '', #5720 ) ;
#3442 = CYLINDRICAL_SURFACE ( 'NONE', #4398, 2.600000000000001421 ) ;
#3443 = ORIENTED_EDGE ( 'NONE', *, *, #2496, .T. ) ;
#3444 = UNCERTAINTY_MEASURE_WITH_UNIT (LENGTH_MEASURE( 1.000000000000000082E-05 ), #803, 'distance_accuracy_value', 'NONE');
#3445 = ORIENTED_EDGE ( 'NONE', *, *, #1594, .T. ) ;
#3446 = UNCERTAINTY_MEASURE_WITH_UNIT (LENGTH_MEASURE( 1.000000000000000082E-05 ), #5923, 'distance_accuracy_value', 'NONE');
#3447 =( LENGTH_UNIT ( ) NAMED_UNIT ( * ) SI_UNIT ( .MILLI., .METRE. ) );
#3448 = SURFACE_STYLE_FILL_AREA ( #2994 ) ;
#3449 = CARTESIAN_POINT ( 'NONE',  ( -44.50000000000001421, -42.54163056034263946, 30.75000000000001421 ) ) ;
#3450 = DIRECTION ( 'NONE',  ( -0.000000000000000000, 1.000000000000000000, -0.000000000000000000 ) ) ;
#3451 = SURFACE_STYLE_USAGE ( .BOTH. , #3935 ) ;
#3452 = EDGE_LOOP ( 'NONE', ( #1413, #4509 ) ) ;
#3453 = PLANE ( 'NONE',  #6488 ) ;
#3454 = DIRECTION ( 'NONE',  ( 0.000000000000000000, 0.000000000000000000, 1.000000000000000000 ) ) ;
#3455 = SURFACE_STYLE_FILL_AREA ( #214 ) ;
#3456 = VERTEX_POINT ( 'NONE', #4845 ) ;
#3457 = EDGE_LOOP ( 'NONE', ( #1822, #1934, #1392, #3989 ) ) ;
#3458 =( GEOMETRIC_REPRESENTATION_CONTEXT ( 3 ) GLOBAL_UNCERTAINTY_ASSIGNED_CONTEXT ( ( #2227 ) ) GLOBAL_UNIT_ASSIGNED_CONTEXT ( ( #6192, #3604, #2572 ) ) REPRESENTATION_CONTEXT ( 'NONE', 'WORKASPACE' ) );
#3459 = ADVANCED_FACE ( 'NONE', ( #164 ), #6366, .F. ) ;
#3460 = FILL_AREA_STYLE_COLOUR ( '', #4681 ) ;
#3461 = PRODUCT_DEFINITION_FORMATION_WITH_SPECIFIED_SOURCE ( 'ANY', '', #5645, .NOT_KNOWN. ) ;
#3462 = PLANE ( 'NONE',  #5405 ) ;
#3463 = CIRCLE ( 'NONE', #4317, 40.00000000000000711 ) ;
#3464 = ORIENTED_EDGE ( 'NONE', *, *, #3894, .F. ) ;
#3465 = FILL_AREA_STYLE_COLOUR ( '', #5383 ) ;
#3466 = FILL_AREA_STYLE_COLOUR ( '', #2318 ) ;
#3467 = CIRCLE ( 'NONE', #6109, 4.600000000000001421 ) ;
#3468 = ORIENTED_EDGE ( 'NONE', *, *, #2575, .F. ) ;
#3469 = AXIS2_PLACEMENT_3D ( 'NONE', #4825, #5427, #5321 ) ;
#3470 = DIRECTION ( 'NONE',  ( 0.000000000000000000, 0.000000000000000000, 1.000000000000000000 ) ) ;
#3471 = DIRECTION ( 'NONE',  ( 0.000000000000000000, -1.000000000000000000, 0.000000000000000000 ) ) ;
#3472 = VECTOR ( 'NONE', #4856, 1000.000000000000000 ) ;
#3473 = VERTEX_POINT ( 'NONE', #2805 ) ;
#3474 = STYLED_ITEM ( 'NONE', ( #5229 ), #2058 ) ;
#3475 = ORIENTED_EDGE ( 'NONE', *, *, #5137, .T. ) ;
#3476 = FILL_AREA_STYLE_COLOUR ( '', #5629 ) ;
#3477 = SURFACE_SIDE_STYLE ('',( #6647 ) ) ;
#3478 = DIRECTION ( 'NONE',  ( 0.000000000000000000, -1.000000000000000000, 0.000000000000000000 ) ) ;
#3479 = FILL_AREA_STYLE ('',( #5549 ) ) ;
#3480 = CARTESIAN_POINT ( 'NONE',  ( -44.50000000000001421, -6.000000000000000000, 30.75000000000001421 ) ) ;
#3481 = ORIENTED_EDGE ( 'NONE', *, *, #5646, .F. ) ;
#3482 = COLOUR_RGB ( '',0.5019607843137254832, 0.5019607843137254832, 1.000000000000000000 ) ;
#3483 = DIRECTION ( 'NONE',  ( 0.000000000000000000, 0.000000000000000000, -1.000000000000000000 ) ) ;
#3484 = LINE ( 'NONE', #5024, #2190 ) ;
#3485 = DIRECTION ( 'NONE',  ( -1.632680918566404624E-15, 0.000000000000000000, -1.000000000000000000 ) ) ;
#3486 = CARTESIAN_POINT ( 'NONE',  ( -42.00000000000000711, 15.00000000000000000, -3.091507183936765379 ) ) ;
#3487 = AXIS2_PLACEMENT_3D ( 'NONE', #824, #6656, #6589 ) ;
#3488 = FILL_AREA_STYLE ('',( #4573 ) ) ;
#3489 = ORIENTED_EDGE ( 'NONE', *, *, #2570, .F. ) ;
#3490 = VERTEX_POINT ( 'NONE', #3232 ) ;
#3491 = CARTESIAN_POINT ( 'NONE',  ( -44.50000000000001421, -18.50000000000000000, 31.50000000000001421 ) ) ;
#3492 = CARTESIAN_POINT ( 'NONE',  ( 42.57211781330949663, 4.000000000000000000, -10.12335836023587987 ) ) ;
#3493 = DIRECTION ( 'NONE',  ( -0.000000000000000000, -1.000000000000000000, -0.000000000000000000 ) ) ;
#3494 = EDGE_CURVE ( 'NONE', #3839, #6826, #4197, .T. ) ;
#3495 = CYLINDRICAL_SURFACE ( 'NONE', #2255, 1.999999999999999556 ) ;
#3496 = AXIS2_PLACEMENT_3D ( 'NONE', #4063, #1495, #2543 ) ;
#3497 = ORIENTED_EDGE ( 'NONE', *, *, #43, .T. ) ;
#3498 =( NAMED_UNIT ( * ) PLANE_ANGLE_UNIT ( ) SI_UNIT ( $, .RADIAN. ) );
#3499 = FACE_OUTER_BOUND ( 'NONE', #400, .T. ) ;
#3500 = EDGE_CURVE ( 'NONE', #6694, #1933, #2631, .T. ) ;
#3501 = DIRECTION ( 'NONE',  ( -0.000000000000000000, -1.000000000000000000, -0.000000000000000000 ) ) ;
#3502 = ORIENTED_EDGE ( 'NONE', *, *, #4935, .T. ) ;
#3503 = EDGE_CURVE ( 'NONE', #3150, #5391, #1791, .T. ) ;
#3504 = CARTESIAN_POINT ( 'NONE',  ( -44.50000000000001421, -42.54163056034264656, 29.00000000000000711 ) ) ;
#3505 = AXIS2_PLACEMENT_3D ( 'NONE', #1554, #5318, #5284 ) ;
#3506 = EDGE_CURVE ( 'NONE', #3692, #6163, #6510, .T. ) ;
#3507 = AXIS2_PLACEMENT_3D ( 'NONE', #3905, #5555, #1313 ) ;
#3508 = AXIS2_PLACEMENT_3D ( 'NONE', #5261, #1984, #5707 ) ;
#3509 = EDGE_CURVE ( 'NONE', #1933, #1394, #3856, .T. ) ;
#3510 = VECTOR ( 'NONE', #3412, 1000.000000000000000 ) ;
#3511 = SURFACE_STYLE_FILL_AREA ( #1398 ) ;
#3512 = DIRECTION ( 'NONE',  ( 0.000000000000000000, 0.000000000000000000, 1.000000000000000000 ) ) ;
#3513 = SURFACE_SIDE_STYLE ('',( #6683 ) ) ;
#3514 = VECTOR ( 'NONE', #3103, 1000.000000000000000 ) ;
#3515 = AXIS2_PLACEMENT_3D ( 'NONE', #2210, #6448, #2750 ) ;
#3516 = AXIS2_PLACEMENT_3D ( 'NONE', #5409, #2880, #4846 ) ;
#3517 = ORIENTED_EDGE ( 'NONE', *, *, #3624, .T. ) ;
#3518 =( GEOMETRIC_REPRESENTATION_CONTEXT ( 3 ) GLOBAL_UNCERTAINTY_ASSIGNED_CONTEXT ( ( #815 ) ) GLOBAL_UNIT_ASSIGNED_CONTEXT ( ( #6642, #1912, #4417 ) ) REPRESENTATION_CONTEXT ( 'NONE', 'WORKASPACE' ) );
#3519 = COLOUR_RGB ( '',0.5019607843137254832, 0.5019607843137254832, 1.000000000000000000 ) ;
#3520 = SURFACE_STYLE_USAGE ( .BOTH. , #856 ) ;
#3521 = DIRECTION ( 'NONE',  ( 0.000000000000000000, -0.000000000000000000, -1.000000000000000000 ) ) ;
#3522 = EDGE_CURVE ( 'NONE', #1947, #3881, #6047, .T. ) ;
#3523 = CIRCLE ( 'NONE', #1424, 2.500000000000005773 ) ;
#3524 = DIRECTION ( 'NONE',  ( 0.000000000000000000, -1.000000000000000000, 0.000000000000000000 ) ) ;
#3525 = LINE ( 'NONE', #2554, #5633 ) ;
#3526 = COLOUR_RGB ( '',0.5019607843137254832, 0.5019607843137254832, 1.000000000000000000 ) ;
#3527 = COLOUR_RGB ( '',0.5019607843137254832, 0.5019607843137254832, 1.000000000000000000 ) ;
#3528 = CARTESIAN_POINT ( 'NONE',  ( -14.99999999999998934, 4.000000000000000000, 26.50000000000001066 ) ) ;
#3529 = ORIENTED_EDGE ( 'NONE', *, *, #2278, .F. ) ;
#3530 = VERTEX_POINT ( 'NONE', #1291 ) ;
#3531 = VECTOR ( 'NONE', #1165, 1000.000000000000000 ) ;
#3532 = CIRCLE ( 'NONE', #446, 2.599999999999998312 ) ;
#3533 = FILL_AREA_STYLE ('',( #1418 ) ) ;
#3534 = CARTESIAN_POINT ( 'NONE',  ( 44.50000000000001421, -19.99999999999999645, 29.00000000000000711 ) ) ;
#3535 =( LENGTH_UNIT ( ) NAMED_UNIT ( * ) SI_UNIT ( .MILLI., .METRE. ) );
#3536 = SURFACE_SIDE_STYLE ('',( #25 ) ) ;
#3537 = MECHANICAL_DESIGN_GEOMETRIC_PRESENTATION_REPRESENTATION (  '', ( #122 ), #4577 ) ;
#3538 = VERTEX_POINT ( 'NONE', #261 ) ;
#3539 = EDGE_CURVE ( 'NONE', #4919, #4364, #3956, .T. ) ;
#3540 = DIRECTION ( 'NONE',  ( -1.000000000000000000, 0.000000000000000000, 0.000000000000000000 ) ) ;
#3541 = VECTOR ( 'NONE', #4403, 1000.000000000000000 ) ;
#3542 = STYLED_ITEM ( 'NONE', ( #3228 ), #4311 ) ;
#3543 = CARTESIAN_POINT ( 'NONE',  ( 44.50000000000001421, 15.00000000000000000, -29.00000000000000711 ) ) ;
#3544 = COLOUR_RGB ( '',0.5019607843137254832, 0.5019607843137254832, 1.000000000000000000 ) ;
#3545 = ORIENTED_EDGE ( 'NONE', *, *, #3500, .F. ) ;
#3546 = EDGE_CURVE ( 'NONE', #1038, #4485, #1258, .T. ) ;
#3547 = DIRECTION ( 'NONE',  ( 0.000000000000000000, 0.000000000000000000, -1.000000000000000000 ) ) ;
#3548 = EDGE_CURVE ( 'NONE', #5401, #5799, #230, .T. ) ;
#3549 = EDGE_LOOP ( 'NONE', ( #4194, #2657 ) ) ;
#3550 = LINE ( 'NONE', #5154, #6138 ) ;
#3551 = CARTESIAN_POINT ( 'NONE',  ( 25.50000000000000000, -39.31465829649864929, 30.00000000000000711 ) ) ;
#3552 = FILL_AREA_STYLE ('',( #4698 ) ) ;
#3553 = PRESENTATION_STYLE_ASSIGNMENT (( #1443 ) ) ;
#3554 =( LENGTH_UNIT ( ) NAMED_UNIT ( * ) SI_UNIT ( .MILLI., .METRE. ) );
#3555 = ORIENTED_EDGE ( 'NONE', *, *, #4675, .T. ) ;
#3556 = EDGE_CURVE ( 'NONE', #486, #2841, #332, .T. ) ;
#3557 =( LENGTH_UNIT ( ) NAMED_UNIT ( * ) SI_UNIT ( .MILLI., .METRE. ) );
#3558 = CARTESIAN_POINT ( 'NONE',  ( 12.49999999999999467, -7.000000000000000000, 28.00000000000001066 ) ) ;
#3559 = FILL_AREA_STYLE_COLOUR ( '', #4952 ) ;
#3560 = ORIENTED_EDGE ( 'NONE', *, *, #4917, .T. ) ;
#3561 = ADVANCED_FACE ( 'NONE', ( #4937 ), #5003, .T. ) ;
#3562 = PLANE ( 'NONE',  #2706 ) ;
#3563 =( LENGTH_UNIT ( ) NAMED_UNIT ( * ) SI_UNIT ( .MILLI., .METRE. ) );
#3564 = DIRECTION ( 'NONE',  ( -0.000000000000000000, 1.000000000000000000, -0.000000000000000000 ) ) ;
#3565 = LINE ( 'NONE', #5274, #1093 ) ;
#3566 = ORIENTED_EDGE ( 'NONE', *, *, #507, .F. ) ;
#3567 = FILL_AREA_STYLE ('',( #3466 ) ) ;
#3568 = DIRECTION ( 'NONE',  ( -1.000000000000000000, -0.000000000000000000, -0.000000000000000000 ) ) ;
#3569 = DIRECTION ( 'NONE',  ( -1.000000000000000000, 0.000000000000000000, 0.000000000000000000 ) ) ;
#3570 = PRESENTATION_STYLE_ASSIGNMENT (( #4123 ) ) ;
#3571 = ORIENTED_EDGE ( 'NONE', *, *, #471, .T. ) ;
#3572 = VECTOR ( 'NONE', #1237, 1000.000000000000000 ) ;
#3573 = LINE ( 'NONE', #6302, #2726 ) ;
#3574 = ORIENTED_EDGE ( 'NONE', *, *, #2332, .F. ) ;
#3575 = CARTESIAN_POINT ( 'NONE',  ( 22.50000000000000000, -13.49999999999999822, 24.30000000000000782 ) ) ;
#3576 =( LENGTH_UNIT ( ) NAMED_UNIT ( * ) SI_UNIT ( .MILLI., .METRE. ) );
#3577 = FILL_AREA_STYLE_COLOUR ( '', #1102 ) ;
#3578 =( GEOMETRIC_REPRESENTATION_CONTEXT ( 3 ) GLOBAL_UNCERTAINTY_ASSIGNED_CONTEXT ( ( #671 ) ) GLOBAL_UNIT_ASSIGNED_CONTEXT ( ( #5841, #2791, #2319 ) ) REPRESENTATION_CONTEXT ( 'NONE', 'WORKASPACE' ) );
#3579 = CARTESIAN_POINT ( 'NONE',  ( -44.50000000000001421, -2.999999999999998224, -29.00000000000000711 ) ) ;
#3580 = EDGE_LOOP ( 'NONE', ( #5216, #2167, #5461, #2804 ) ) ;
#3581 = CIRCLE ( 'NONE', #2584, 40.00000000000000000 ) ;
#3582 =( NAMED_UNIT ( * ) PLANE_ANGLE_UNIT ( ) SI_UNIT ( $, .RADIAN. ) );
#3583 =( NAMED_UNIT ( * ) PLANE_ANGLE_UNIT ( ) SI_UNIT ( $, .RADIAN. ) );
#3584 = SURFACE_STYLE_FILL_AREA ( #451 ) ;
#3585 = EDGE_CURVE ( 'NONE', #5661, #6426, #6021, .T. ) ;
#3586 = FILL_AREA_STYLE ('',( #4038 ) ) ;
#3587 = SURFACE_STYLE_FILL_AREA ( #4968 ) ;
#3588 = ORIENTED_EDGE ( 'NONE', *, *, #5972, .T. ) ;
#3589 = EDGE_CURVE ( 'NONE', #5162, #6470, #4481, .T. ) ;
#3590 = COLOUR_RGB ( '',0.5019607843137254832, 0.5019607843137254832, 1.000000000000000000 ) ;
#3591 = FILL_AREA_STYLE ('',( #5729 ) ) ;
#3592 = SURFACE_STYLE_FILL_AREA ( #5665 ) ;
#3593 = CYLINDRICAL_SURFACE ( 'NONE', #3469, 4.999999999999997335 ) ;
#3594 = ORIENTED_EDGE ( 'NONE', *, *, #6745, .F. ) ;
#3595 = UNCERTAINTY_MEASURE_WITH_UNIT (LENGTH_MEASURE( 1.000000000000000082E-05 ), #4190, 'distance_accuracy_value', 'NONE');
#3596 = CARTESIAN_POINT ( 'NONE',  ( -3.500000000000016875, -22.00000000000000000, 20.00000000000001066 ) ) ;
#3597 =( NAMED_UNIT ( * ) SI_UNIT ( $, .STERADIAN. ) SOLID_ANGLE_UNIT ( ) );
#3598 = CARTESIAN_POINT ( 'NONE',  ( 15.00000000000000178, 0.000000000000000000, -30.00000000000000000 ) ) ;
#3599 = FILL_AREA_STYLE_COLOUR ( '', #5521 ) ;
#3600 = VERTEX_POINT ( 'NONE', #783 ) ;
#3601 = CARTESIAN_POINT ( 'NONE',  ( 44.50000000000001421, -18.50000000000000000, -29.00000000000000711 ) ) ;
#3602 = CARTESIAN_POINT ( 'NONE',  ( -18.59150718393674850, 15.00000000000000000, -26.50000000000000711 ) ) ;
#3603 = ORIENTED_EDGE ( 'NONE', *, *, #6513, .F. ) ;
#3604 =( NAMED_UNIT ( * ) PLANE_ANGLE_UNIT ( ) SI_UNIT ( $, .RADIAN. ) );
#3605 =( NAMED_UNIT ( * ) PLANE_ANGLE_UNIT ( ) SI_UNIT ( $, .RADIAN. ) );
#3606 = LINE ( 'NONE', #4699, #1309 ) ;
#3607 = DIRECTION ( 'NONE',  ( -1.000000000000000000, 0.000000000000000000, 0.000000000000000000 ) ) ;
#3608 = SURFACE_STYLE_FILL_AREA ( #2999 ) ;
#3609 =( GEOMETRIC_REPRESENTATION_CONTEXT ( 3 ) GLOBAL_UNCERTAINTY_ASSIGNED_CONTEXT ( ( #6024 ) ) GLOBAL_UNIT_ASSIGNED_CONTEXT ( ( #1730, #4401, #1142 ) ) REPRESENTATION_CONTEXT ( 'NONE', 'WORKASPACE' ) );
#3610 = ORIENTED_EDGE ( 'NONE', *, *, #2991, .F. ) ;
#3611 = PRESENTATION_LAYER_ASSIGNMENT (  '', '', ( #3920 ) ) ;
#3612 = EDGE_CURVE ( 'NONE', #3405, #4333, #5041, .T. ) ;
#3613 = CIRCLE ( 'NONE', #3403, 2.500000000000005773 ) ;
#3614 = VECTOR ( 'NONE', #3297, 1000.000000000000000 ) ;
#3615 = FILL_AREA_STYLE ('',( #1027 ) ) ;
#3616 =( NAMED_UNIT ( * ) PLANE_ANGLE_UNIT ( ) SI_UNIT ( $, .RADIAN. ) );
#3617 = MECHANICAL_DESIGN_GEOMETRIC_PRESENTATION_REPRESENTATION (  '', ( #2071 ), #4477 ) ;
#3618 = FILL_AREA_STYLE_COLOUR ( '', #623 ) ;
#3619 = ORIENTED_EDGE ( 'NONE', *, *, #4549, .F. ) ;
#3620 = ORIENTED_EDGE ( 'NONE', *, *, #4287, .F. ) ;
#3621 = VECTOR ( 'NONE', #4262, 1000.000000000000000 ) ;
#3622 = COLOUR_RGB ( '',0.5019607843137254832, 0.5019607843137254832, 1.000000000000000000 ) ;
#3623 = ADVANCED_FACE ( 'NONE', ( #2298 ), #5989, .F. ) ;
#3624 = EDGE_CURVE ( 'NONE', #5871, #6179, #910, .T. ) ;
#3625 = UNCERTAINTY_MEASURE_WITH_UNIT (LENGTH_MEASURE( 1.000000000000000082E-05 ), #3760, 'distance_accuracy_value', 'NONE');
#3626 = AXIS2_PLACEMENT_3D ( 'NONE', #2077, #1596, #3696 ) ;
#3627 = CARTESIAN_POINT ( 'NONE',  ( -18.59150718393674495, 0.000000000000000000, -70.00000000000000000 ) ) ;
#3628 = SURFACE_STYLE_FILL_AREA ( #2621 ) ;
#3629 = CIRCLE ( 'NONE', #4486, 2.000000000000000000 ) ;
#3630 = VECTOR ( 'NONE', #4539, 1000.000000000000000 ) ;
#3631 = DIRECTION ( 'NONE',  ( 0.000000000000000000, 1.000000000000000000, 0.000000000000000000 ) ) ;
#3632 = CARTESIAN_POINT ( 'NONE',  ( 15.00000000000000178, 4.000000000000000000, -30.00000000000000000 ) ) ;
#3633 = CARTESIAN_POINT ( 'NONE',  ( -44.50000000000001421, -2.999999999999998224, -34.00000000000000000 ) ) ;
#3634 = VERTEX_POINT ( 'NONE', #367 ) ;
#3635 = DIRECTION ( 'NONE',  ( 0.000000000000000000, 1.000000000000000000, 0.000000000000000000 ) ) ;
#3636 = STYLED_ITEM ( 'NONE', ( #5863 ), #4875 ) ;
#3637 = DIRECTION ( 'NONE',  ( -0.000000000000000000, 1.000000000000000000, 1.084202172485504434E-16 ) ) ;
#3638 = COLOUR_RGB ( '',0.5019607843137254832, 0.5019607843137254832, 1.000000000000000000 ) ;
#3639 = DIRECTION ( 'NONE',  ( -1.000000000000000000, 0.000000000000000000, 0.000000000000000000 ) ) ;
#3640 = CIRCLE ( 'NONE', #5845, 1.750000000000005107 ) ;
#3641 = PRESENTATION_LAYER_ASSIGNMENT (  '', '', ( #5852 ) ) ;
#3642 = VERTEX_POINT ( 'NONE', #1564 ) ;
#3643 = STYLED_ITEM ( 'NONE', ( #44 ), #5131 ) ;
#3644 = CARTESIAN_POINT ( 'NONE',  ( 44.50000000000001421, 0.000000000000000000, -29.00000000000000711 ) ) ;
#3645 = EDGE_CURVE ( 'NONE', #2975, #5871, #501, .T. ) ;
#3646 = CIRCLE ( 'NONE', #6517, 2.599999999999998312 ) ;
#3647 = VECTOR ( 'NONE', #5106, 1000.000000000000000 ) ;
#3648 = EDGE_LOOP ( 'NONE', ( #3203, #2216 ) ) ;
#3649 =( GEOMETRIC_REPRESENTATION_CONTEXT ( 3 ) GLOBAL_UNCERTAINTY_ASSIGNED_CONTEXT ( ( #4215 ) ) GLOBAL_UNIT_ASSIGNED_CONTEXT ( ( #2317, #6037, #3361 ) ) REPRESENTATION_CONTEXT ( 'NONE', 'WORKASPACE' ) );
#3650 = SURFACE_STYLE_FILL_AREA ( #546 ) ;
#3651 = CARTESIAN_POINT ( 'NONE',  ( -15.50000000000001776, -18.50000000000000000, 24.60000000000001208 ) ) ;
#3652 = PRODUCT_CONTEXT ( 'NONE', #6757, 'mechanical' ) ;
#3653 = EDGE_LOOP ( 'NONE', ( #6333, #5760, #935, #6762 ) ) ;
#3654 = DIRECTION ( 'NONE',  ( -0.000000000000000000, 1.000000000000000000, -0.000000000000000000 ) ) ;
#3655 = CARTESIAN_POINT ( 'NONE',  ( -45.50000000000001421, -22.00000000000000000, -3.091507183936761827 ) ) ;
#3656 = CARTESIAN_POINT ( 'NONE',  ( 44.50000000000001421, -22.00000000000000355, -29.00000000000000711 ) ) ;
#3657 = DIRECTION ( 'NONE',  ( -0.000000000000000000, -1.000000000000000000, -0.000000000000000000 ) ) ;
#3658 = VERTEX_POINT ( 'NONE', #6155 ) ;
#3659 =( NAMED_UNIT ( * ) PLANE_ANGLE_UNIT ( ) SI_UNIT ( $, .RADIAN. ) );
#3660 = DIRECTION ( 'NONE',  ( 0.000000000000000000, 0.000000000000000000, -1.000000000000000000 ) ) ;
#3661 = FILL_AREA_STYLE_COLOUR ( '', #279 ) ;
#3662 = CARTESIAN_POINT ( 'NONE',  ( 44.50000000000001421, -42.54163056034264656, -20.49999999999999645 ) ) ;
#3663 = ADVANCED_FACE ( 'NONE', ( #5107 ), #4692, .F. ) ;
#3664 = DIRECTION ( 'NONE',  ( -0.000000000000000000, -1.000000000000000000, -0.000000000000000000 ) ) ;
#3665 =( LENGTH_UNIT ( ) NAMED_UNIT ( * ) SI_UNIT ( .MILLI., .METRE. ) );
#3666 = SURFACE_STYLE_USAGE ( .BOTH. , #2008 ) ;
#3667 = DIRECTION ( 'NONE',  ( 0.000000000000000000, 1.000000000000000000, 0.000000000000000000 ) ) ;
#3668 = ORIENTED_EDGE ( 'NONE', *, *, #2452, .T. ) ;
#3669 = DIRECTION ( 'NONE',  ( -0.000000000000000000, 1.000000000000000000, -0.000000000000000000 ) ) ;
#3670 = ORIENTED_EDGE ( 'NONE', *, *, #5866, .T. ) ;
#3671 =( LENGTH_UNIT ( ) NAMED_UNIT ( * ) SI_UNIT ( .MILLI., .METRE. ) );
#3672 = DIRECTION ( 'NONE',  ( 1.000000000000000000, -0.000000000000000000, 0.000000000000000000 ) ) ;
#3673 = SURFACE_STYLE_USAGE ( .BOTH. , #3058 ) ;
#3674 = CARTESIAN_POINT ( 'NONE',  ( -44.50000000000001421, -18.50000000000000000, -20.49999999999999645 ) ) ;
#3675 = AXIS2_PLACEMENT_3D ( 'NONE', #2370, #4982, #1272 ) ;
#3676 = LINE ( 'NONE', #6308, #5728 ) ;
#3677 =( NAMED_UNIT ( * ) SI_UNIT ( $, .STERADIAN. ) SOLID_ANGLE_UNIT ( ) );
#3678 = EDGE_LOOP ( 'NONE', ( #456, #5501 ) ) ;
#3679 = VECTOR ( 'NONE', #1381, 1000.000000000000000 ) ;
#3680 = FILL_AREA_STYLE ('',( #1575 ) ) ;
#3681 = DIRECTION ( 'NONE',  ( -0.000000000000000000, 1.000000000000000000, -0.000000000000000000 ) ) ;
#3682 = FACE_BOUND ( 'NONE', #2640, .T. ) ;
#3683 =( LENGTH_UNIT ( ) NAMED_UNIT ( * ) SI_UNIT ( .MILLI., .METRE. ) );
#3684 = AXIS2_PLACEMENT_3D ( 'NONE', #592, #4714, #4811 ) ;
#3685 = ORIENTED_EDGE ( 'NONE', *, *, #3509, .F. ) ;
#3686 = ORIENTED_EDGE ( 'NONE', *, *, #1551, .F. ) ;
#3687 = UNCERTAINTY_MEASURE_WITH_UNIT (LENGTH_MEASURE( 1.000000000000000082E-05 ), #3576, 'distance_accuracy_value', 'NONE');
#3688 = DIRECTION ( 'NONE',  ( 0.000000000000000000, -1.000000000000000000, 0.000000000000000000 ) ) ;
#3689 = DIRECTION ( 'NONE',  ( -0.000000000000000000, -1.000000000000000000, -0.000000000000000000 ) ) ;
#3690 = CARTESIAN_POINT ( 'NONE',  ( 44.50000000000001421, -22.00000000000000355, -26.50000000000000711 ) ) ;
#3691 = ORIENTED_EDGE ( 'NONE', *, *, #5234, .T. ) ;
#3692 = VERTEX_POINT ( 'NONE', #933 ) ;
#3693 = COLOUR_RGB ( '',0.5019607843137254832, 0.5019607843137254832, 1.000000000000000000 ) ;
#3694 = DIRECTION ( 'NONE',  ( 0.000000000000000000, -1.000000000000000000, 0.000000000000000000 ) ) ;
#3695 = ADVANCED_FACE ( 'NONE', ( #2532 ), #5189, .T. ) ;
#3696 = DIRECTION ( 'NONE',  ( 0.000000000000000000, 0.000000000000000000, 1.000000000000000000 ) ) ;
#3697 = PRESENTATION_LAYER_ASSIGNMENT (  '', '', ( #938 ) ) ;
#3698 =( NAMED_UNIT ( * ) PLANE_ANGLE_UNIT ( ) SI_UNIT ( $, .RADIAN. ) );
#3699 = VERTEX_POINT ( 'NONE', #2633 ) ;
#3700 = ADVANCED_FACE ( 'NONE', ( #4793 ), #2147, .F. ) ;
#3701 = COLOUR_RGB ( '',0.5019607843137254832, 0.5019607843137254832, 1.000000000000000000 ) ;
#3702 = VERTEX_POINT ( 'NONE', #3227 ) ;
#3703 = FILL_AREA_STYLE ('',( #4166 ) ) ;
#3704 = FACE_OUTER_BOUND ( 'NONE', #1315, .T. ) ;
#3705 = EDGE_CURVE ( 'NONE', #3164, #6733, #6158, .T. ) ;
#3706 = EDGE_CURVE ( 'NONE', #2177, #2830, #5398, .T. ) ;
#3707 = ORIENTED_EDGE ( 'NONE', *, *, #5068, .F. ) ;
#3708 = SURFACE_STYLE_USAGE ( .BOTH. , #615 ) ;
#3709 =( NAMED_UNIT ( * ) SI_UNIT ( $, .STERADIAN. ) SOLID_ANGLE_UNIT ( ) );
#3710 = SURFACE_STYLE_USAGE ( .BOTH. , #1610 ) ;
#3711 = FACE_OUTER_BOUND ( 'NONE', #38, .T. ) ;
#3712 = LINE ( 'NONE', #3240, #1447 ) ;
#3713 =( GEOMETRIC_REPRESENTATION_CONTEXT ( 3 ) GLOBAL_UNCERTAINTY_ASSIGNED_CONTEXT ( ( #5495 ) ) GLOBAL_UNIT_ASSIGNED_CONTEXT ( ( #2293, #3498, #932 ) ) REPRESENTATION_CONTEXT ( 'NONE', 'WORKASPACE' ) );
#3714 = LINE ( 'NONE', #1136, #6559 ) ;
#3715 = ORIENTED_EDGE ( 'NONE', *, *, #6546, .F. ) ;
#3716 = EDGE_LOOP ( 'NONE', ( #1982, #3619 ) ) ;
#3717 =( GEOMETRIC_REPRESENTATION_CONTEXT ( 3 ) GLOBAL_UNCERTAINTY_ASSIGNED_CONTEXT ( ( #3346 ) ) GLOBAL_UNIT_ASSIGNED_CONTEXT ( ( #5939, #4820, #2821 ) ) REPRESENTATION_CONTEXT ( 'NONE', 'WORKASPACE' ) );
#3718 =( GEOMETRIC_REPRESENTATION_CONTEXT ( 3 ) GLOBAL_UNCERTAINTY_ASSIGNED_CONTEXT ( ( #2070 ) ) GLOBAL_UNIT_ASSIGNED_CONTEXT ( ( #5240, #5205, #4749 ) ) REPRESENTATION_CONTEXT ( 'NONE', 'WORKASPACE' ) );
#3719 = AXIS2_PLACEMENT_3D ( 'NONE', #1677, #4768, #1078 ) ;
#3720 = LINE ( 'NONE', #3142, #5623 ) ;
#3721 = VECTOR ( 'NONE', #6751, 1000.000000000000000 ) ;
#3722 = DIRECTION ( 'NONE',  ( 0.000000000000000000, -0.000000000000000000, 1.000000000000000000 ) ) ;
#3723 = SURFACE_STYLE_USAGE ( .BOTH. , #493 ) ;
#3724 = STYLED_ITEM ( 'NONE', ( #133 ), #3419 ) ;
#3725 = CARTESIAN_POINT ( 'NONE',  ( -3.500000000000016431, -22.00000000000000000, 22.60000000000001208 ) ) ;
#3726 = ORIENTED_EDGE ( 'NONE', *, *, #876, .F. ) ;
#3727 = ORIENTED_EDGE ( 'NONE', *, *, #3812, .T. ) ;
#3728 = COLOUR_RGB ( '',0.5019607843137254832, 0.5019607843137254832, 1.000000000000000000 ) ;
#3729 = COLOUR_RGB ( '',0.5019607843137254832, 0.5019607843137254832, 1.000000000000000000 ) ;
#3730 = PRESENTATION_LAYER_ASSIGNMENT (  '', '', ( #2845 ) ) ;
#3731 = FACE_OUTER_BOUND ( 'NONE', #6023, .T. ) ;
#3732 = PRESENTATION_LAYER_ASSIGNMENT (  '', '', ( #6712 ) ) ;
#3733 = DIRECTION ( 'NONE',  ( 0.000000000000000000, 0.000000000000000000, -1.000000000000000000 ) ) ;
#3734 = CARTESIAN_POINT ( 'NONE',  ( 0.000000000000000000, -18.50000000000000000, 0.000000000000000000 ) ) ;
#3735 = ORIENTED_EDGE ( 'NONE', *, *, #6271, .F. ) ;
#3736 = AXIS2_PLACEMENT_3D ( 'NONE', #1450, #3524, #3970 ) ;
#3737 = DIRECTION ( 'NONE',  ( 0.000000000000000000, 1.000000000000000000, 0.000000000000000000 ) ) ;
#3738 = STYLED_ITEM ( 'NONE', ( #6802 ), #220 ) ;
#3739 = ADVANCED_FACE ( 'NONE', ( #1635 ), #2256, .T. ) ;
#3740 = AXIS2_PLACEMENT_3D ( 'NONE', #889, #1854, #1338 ) ;
#3741 = ORIENTED_EDGE ( 'NONE', *, *, #1062, .F. ) ;
#3742 =( LENGTH_UNIT ( ) NAMED_UNIT ( * ) SI_UNIT ( .MILLI., .METRE. ) );
#3743 = COLOUR_RGB ( '',0.5019607843137254832, 0.5019607843137254832, 1.000000000000000000 ) ;
#3744 = MECHANICAL_DESIGN_GEOMETRIC_PRESENTATION_REPRESENTATION (  '', ( #5852 ), #5176 ) ;
#3745 = DIRECTION ( 'NONE',  ( -9.770517606630112126E-16, 0.000000000000000000, -1.000000000000000000 ) ) ;
#3746 = STYLED_ITEM ( 'NONE', ( #4966 ), #5221 ) ;
#3747 = CARTESIAN_POINT ( 'NONE',  ( -45.67077626419152381, -18.50000000000000000, 20.58101651390110831 ) ) ;
#3748 = PRESENTATION_LAYER_ASSIGNMENT (  '', '', ( #3320 ) ) ;
#3749 = SURFACE_STYLE_USAGE ( .BOTH. , #2581 ) ;
#3750 = CARTESIAN_POINT ( 'NONE',  ( -45.50000000000001421, 3.000000000000000000, -2.499999999999999112 ) ) ;
#3751 = CARTESIAN_POINT ( 'NONE',  ( -45.50000000000001421, 4.000000000000000000, -3.091507183936759162 ) ) ;
#3752 = SURFACE_STYLE_USAGE ( .BOTH. , #5206 ) ;
#3753 = PLANE ( 'NONE',  #6606 ) ;
#3754 = ORIENTED_EDGE ( 'NONE', *, *, #2528, .T. ) ;
#3755 = EDGE_LOOP ( 'NONE', ( #93, #2536, #3767, #2477 ) ) ;
#3756 = UNCERTAINTY_MEASURE_WITH_UNIT (LENGTH_MEASURE( 1.000000000000000082E-05 ), #6354, 'distance_accuracy_value', 'NONE');
#3757 = CARTESIAN_POINT ( 'NONE',  ( 0.000000000000000000, 0.000000000000000000, 28.00000000000001066 ) ) ;
#3758 = DIRECTION ( 'NONE',  ( -0.000000000000000000, -1.000000000000000000, -0.000000000000000000 ) ) ;
#3759 =( NAMED_UNIT ( * ) PLANE_ANGLE_UNIT ( ) SI_UNIT ( $, .RADIAN. ) );
#3760 =( LENGTH_UNIT ( ) NAMED_UNIT ( * ) SI_UNIT ( .MILLI., .METRE. ) );
#3761 = DIRECTION ( 'NONE',  ( -0.000000000000000000, 1.000000000000000000, -0.000000000000000000 ) ) ;
#3762 = VERTEX_POINT ( 'NONE', #5498 ) ;
#3763 = ORIENTED_EDGE ( 'NONE', *, *, #3832, .T. ) ;
#3764 = CARTESIAN_POINT ( 'NONE',  ( 45.67077626419152381, 0.000000000000000000, -20.58101651390110831 ) ) ;
#3765 = SURFACE_STYLE_FILL_AREA ( #2115 ) ;
#3766 = CARTESIAN_POINT ( 'NONE',  ( -27.50000000000001776, -15.00000000000000178, 20.00000000000001066 ) ) ;
#3767 = ORIENTED_EDGE ( 'NONE', *, *, #3645, .F. ) ;
#3768 =( LENGTH_UNIT ( ) NAMED_UNIT ( * ) SI_UNIT ( .MILLI., .METRE. ) );
#3769 = DIRECTION ( 'NONE',  ( 1.000000000000000000, 0.000000000000000000, 0.000000000000000000 ) ) ;
#3770 = VERTEX_POINT ( 'NONE', #4996 ) ;
#3771 = FILL_AREA_STYLE ('',( #6334 ) ) ;
#3772 = DIRECTION ( 'NONE',  ( -0.000000000000000000, 0.000000000000000000, 1.000000000000000000 ) ) ;
#3773 = CARTESIAN_POINT ( 'NONE',  ( 1.000000000000005995, -7.000000000000000000, -20.00000000000000355 ) ) ;
#3774 = STYLED_ITEM ( 'NONE', ( #1462 ), #2074 ) ;
#3775 = PRESENTATION_STYLE_ASSIGNMENT (( #4350 ) ) ;
#3776 = UNCERTAINTY_MEASURE_WITH_UNIT (LENGTH_MEASURE( 1.000000000000000082E-05 ), #3992, 'distance_accuracy_value', 'NONE');
#3777 = FILL_AREA_STYLE_COLOUR ( '', #2941 ) ;
#3778 = DIRECTION ( 'NONE',  ( 0.000000000000000000, 0.000000000000000000, -1.000000000000000000 ) ) ;
#3779 = FILL_AREA_STYLE ('',( #5826 ) ) ;
#3780 = ORIENTED_EDGE ( 'NONE', *, *, #1444, .F. ) ;
#3781 = ORIENTED_EDGE ( 'NONE', *, *, #6780, .T. ) ;
#3782 = AXIS2_PLACEMENT_3D ( 'NONE', #1759, #3207, #172 ) ;
#3783 = ADVANCED_FACE ( 'NONE', ( #805 ), #774, .T. ) ;
#3784 = STYLED_ITEM ( 'NONE', ( #4911 ), #6654 ) ;
#3785 = EDGE_CURVE ( 'NONE', #4303, #6645, #4892, .T. ) ;
#3786 = VERTEX_POINT ( 'NONE', #4967 ) ;
#3787 = ORIENTED_EDGE ( 'NONE', *, *, #4502, .T. ) ;
#3788 = ADVANCED_FACE ( 'NONE', ( #2382 ), #4926, .F. ) ;
#3789 = UNCERTAINTY_MEASURE_WITH_UNIT (LENGTH_MEASURE( 1.000000000000000082E-05 ), #376, 'distance_accuracy_value', 'NONE');
#3790 = COLOUR_RGB ( '',0.5019607843137254832, 0.5019607843137254832, 1.000000000000000000 ) ;
#3791 = CARTESIAN_POINT ( 'NONE',  ( -44.50000000000001421, -6.000000000000000000, -29.00000000000000711 ) ) ;
#3792 = ORIENTED_EDGE ( 'NONE', *, *, #1380, .F. ) ;
#3793 = PRESENTATION_STYLE_ASSIGNMENT (( #1254 ) ) ;
#3794 = DIRECTION ( 'NONE',  ( -0.000000000000000000, 1.000000000000000000, -0.000000000000000000 ) ) ;
#3795 = ORIENTED_EDGE ( 'NONE', *, *, #5445, .T. ) ;
#3796 = ADVANCED_FACE ( 'NONE', ( #4517 ), #5562, .T. ) ;
#3797 = PRESENTATION_STYLE_ASSIGNMENT (( #2739 ) ) ;
#3798 = DIRECTION ( 'NONE',  ( -1.000000000000000000, 0.000000000000000000, 9.770517606630112126E-16 ) ) ;
#3799 =( NAMED_UNIT ( * ) SI_UNIT ( $, .STERADIAN. ) SOLID_ANGLE_UNIT ( ) );
#3800 = UNCERTAINTY_MEASURE_WITH_UNIT (LENGTH_MEASURE( 1.000000000000000082E-05 ), #2492, 'distance_accuracy_value', 'NONE');
#3801 = STYLED_ITEM ( 'NONE', ( #3236 ), #2444 ) ;
#3802 = DIRECTION ( 'NONE',  ( -0.000000000000000000, -1.000000000000000000, -0.000000000000000000 ) ) ;
#3803 = CIRCLE ( 'NONE', #849, 8.500000000000010658 ) ;
#3804 =( NAMED_UNIT ( * ) PLANE_ANGLE_UNIT ( ) SI_UNIT ( $, .RADIAN. ) );
#3805 = ORIENTED_EDGE ( 'NONE', *, *, #516, .F. ) ;
#3806 = ORIENTED_EDGE ( 'NONE', *, *, #2618, .F. ) ;
#3807 = EDGE_CURVE ( 'NONE', #4746, #6342, #5613, .T. ) ;
#3808 = CARTESIAN_POINT ( 'NONE',  ( 45.50000000000003553, 1.807961059918339553, -3.219593920655551056 ) ) ;
#3809 = FILL_AREA_STYLE_COLOUR ( '', #2840 ) ;
#3810 = FACE_OUTER_BOUND ( 'NONE', #3648, .T. ) ;
#3811 = ADVANCED_BREP_SHAPE_REPRESENTATION ( 'SkiSafe 01 - Front', ( #1249, #488 ), #2574 ) ;
#3812 = EDGE_CURVE ( 'NONE', #2825, #4165, #2525, .T. ) ;
#3813 = EDGE_LOOP ( 'NONE', ( #1150, #1404 ) ) ;
#3814 = ORIENTED_EDGE ( 'NONE', *, *, #6421, .T. ) ;
#3815 = STYLED_ITEM ( 'NONE', ( #6009 ), #696 ) ;
#3816 = AXIS2_PLACEMENT_3D ( 'NONE', #3852, #2829, #2349 ) ;
#3817 = EDGE_CURVE ( 'NONE', #5146, #5594, #3565, .T. ) ;
#3818 = UNCERTAINTY_MEASURE_WITH_UNIT (LENGTH_MEASURE( 1.000000000000000082E-05 ), #3216, 'distance_accuracy_value', 'NONE');
#3819 = AXIS2_PLACEMENT_3D ( 'NONE', #1797, #5519, #6582 ) ;
#3820 = AXIS2_PLACEMENT_3D ( 'NONE', #1407, #5625, #897 ) ;
#3821 = PRESENTATION_STYLE_ASSIGNMENT (( #6328 ) ) ;
#3822 =( LENGTH_UNIT ( ) NAMED_UNIT ( * ) SI_UNIT ( .MILLI., .METRE. ) );
#3823 = ORIENTED_EDGE ( 'NONE', *, *, #4719, .T. ) ;
#3824 =( LENGTH_UNIT ( ) NAMED_UNIT ( * ) SI_UNIT ( .MILLI., .METRE. ) );
#3825 = PRESENTATION_LAYER_ASSIGNMENT (  '', '', ( #974 ) ) ;
#3826 = ADVANCED_FACE ( 'NONE', ( #1939 ), #423, .F. ) ;
#3827 = ORIENTED_EDGE ( 'NONE', *, *, #1561, .T. ) ;
#3828 = LINE ( 'NONE', #1126, #2092 ) ;
#3829 = SURFACE_SIDE_STYLE ('',( #1195 ) ) ;
#3830 = AXIS2_PLACEMENT_3D ( 'NONE', #6736, #4781, #1056 ) ;
#3831 = DIRECTION ( 'NONE',  ( 0.000000000000000000, -1.000000000000000000, 0.000000000000000000 ) ) ;
#3832 = EDGE_CURVE ( 'NONE', #3658, #5089, #6697, .T. ) ;
#3833 = COLOUR_RGB ( '',0.5019607843137254832, 0.5019607843137254832, 1.000000000000000000 ) ;
#3834 =( LENGTH_UNIT ( ) NAMED_UNIT ( * ) SI_UNIT ( .MILLI., .METRE. ) );
#3835 = VECTOR ( 'NONE', #6389, 1000.000000000000000 ) ;
#3836 = DIRECTION ( 'NONE',  ( 0.000000000000000000, 1.000000000000000000, 0.000000000000000000 ) ) ;
#3837 = CARTESIAN_POINT ( 'NONE',  ( 44.50000000000001421, -22.00000000000000355, -31.50000000000001421 ) ) ;
#3838 = UNCERTAINTY_MEASURE_WITH_UNIT (LENGTH_MEASURE( 1.000000000000000082E-05 ), #1210, 'distance_accuracy_value', 'NONE');
#3839 = VERTEX_POINT ( 'NONE', #6215 ) ;
#3840 = VERTEX_POINT ( 'NONE', #2483 ) ;
#3841 = AXIS2_PLACEMENT_3D ( 'NONE', #1733, #1275, #4961 ) ;
#3842 =( GEOMETRIC_REPRESENTATION_CONTEXT ( 3 ) GLOBAL_UNCERTAINTY_ASSIGNED_CONTEXT ( ( #1753 ) ) GLOBAL_UNIT_ASSIGNED_CONTEXT ( ( #5224, #5258, #5296 ) ) REPRESENTATION_CONTEXT ( 'NONE', 'WORKASPACE' ) );
#3843 = CARTESIAN_POINT ( 'NONE',  ( 45.50892274854076192, 2.032346588022616807, -3.944258663839622869 ) ) ;
#3844 = DIRECTION ( 'NONE',  ( 0.000000000000000000, -1.000000000000000000, -1.084202172485504434E-16 ) ) ;
#3845 = CARTESIAN_POINT ( 'NONE',  ( -44.50000000000001421, -19.99999999999999645, -31.50000000000001421 ) ) ;
#3846 = SURFACE_STYLE_FILL_AREA ( #4331 ) ;
#3847 = ORIENTED_EDGE ( 'NONE', *, *, #4700, .F. ) ;
#3848 = CARTESIAN_POINT ( 'NONE',  ( -42.57211781330949663, 4.000000000000000000, -10.12335836023588165 ) ) ;
#3849 = ADVANCED_FACE ( 'NONE', ( #2131 ), #4580, .F. ) ;
#3850 = SURFACE_STYLE_USAGE ( .BOTH. , #3368 ) ;
#3851 = PRESENTATION_STYLE_ASSIGNMENT (( #1185 ) ) ;
#3852 = CARTESIAN_POINT ( 'NONE',  ( -27.50000000000001776, -22.00000000000000000, 20.00000000000001066 ) ) ;
#3853 = EDGE_LOOP ( 'NONE', ( #4541, #3063 ) ) ;
#3854 = CARTESIAN_POINT ( 'NONE',  ( 9.500000000000001776, 4.000000000000000000, 28.00000000000001066 ) ) ;
#3855 = EDGE_CURVE ( 'NONE', #5089, #5691, #5900, .T. ) ;
#3856 = LINE ( 'NONE', #5570, #6493 ) ;
#3857 =( LENGTH_UNIT ( ) NAMED_UNIT ( * ) SI_UNIT ( .MILLI., .METRE. ) );
#3858 = ORIENTED_EDGE ( 'NONE', *, *, #3003, .T. ) ;
#3859 = UNCERTAINTY_MEASURE_WITH_UNIT (LENGTH_MEASURE( 1.000000000000000082E-05 ), #5762, 'distance_accuracy_value', 'NONE');
#3860 = FILL_AREA_STYLE_COLOUR ( '', #447 ) ;
#3861 = ORIENTED_EDGE ( 'NONE', *, *, #4794, .T. ) ;
#3862 = PRESENTATION_STYLE_ASSIGNMENT (( #5014 ) ) ;
#3863 = DIRECTION ( 'NONE',  ( -0.000000000000000000, 1.000000000000000000, -0.000000000000000000 ) ) ;
#3864 = CARTESIAN_POINT ( 'NONE',  ( -44.50000000000001421, -22.00000000000000355, -29.00000000000000711 ) ) ;
#3865 = CARTESIAN_POINT ( 'NONE',  ( 42.00000000000000711, 1.800000000000000044, 2.999999999999984901 ) ) ;
#3866 = CARTESIAN_POINT ( 'NONE',  ( -44.50000000000001421, -18.50000000000000000, -31.50000000000001421 ) ) ;
#3867 = CYLINDRICAL_SURFACE ( 'NONE', #3675, 40.00000000000000711 ) ;
#3868 = ORIENTED_EDGE ( 'NONE', *, *, #1478, .T. ) ;
#3869 = CIRCLE ( 'NONE', #155, 43.50000000000000711 ) ;
#3870 = DIRECTION ( 'NONE',  ( 0.000000000000000000, 1.000000000000000000, -0.000000000000000000 ) ) ;
#3871 =( LENGTH_UNIT ( ) NAMED_UNIT ( * ) SI_UNIT ( .MILLI., .METRE. ) );
#3872 = PRESENTATION_STYLE_ASSIGNMENT (( #5426 ) ) ;
#3873 = ORIENTED_EDGE ( 'NONE', *, *, #957, .T. ) ;
#3874 = ORIENTED_EDGE ( 'NONE', *, *, #903, .F. ) ;
#3875 = UNCERTAINTY_MEASURE_WITH_UNIT (LENGTH_MEASURE( 1.000000000000000082E-05 ), #3149, 'distance_accuracy_value', 'NONE');
#3876 = CIRCLE ( 'NONE', #4081, 40.00000000000000000 ) ;
#3877 = FILL_AREA_STYLE ('',( #4469 ) ) ;
#3878 = MECHANICAL_DESIGN_GEOMETRIC_PRESENTATION_REPRESENTATION (  '', ( #4995 ), #3578 ) ;
#3879 = CARTESIAN_POINT ( 'NONE',  ( -3.500000000000016875, -18.50000000000000000, 20.00000000000001066 ) ) ;
#3880 = CARTESIAN_POINT ( 'NONE',  ( 45.54104752610578544, 3.174054091736091543, 4.903789621391194231 ) ) ;
#3881 = VERTEX_POINT ( 'NONE', #2717 ) ;
#3882 = DIRECTION ( 'NONE',  ( 0.000000000000000000, 1.000000000000000000, 0.000000000000000000 ) ) ;
#3883 = ADVANCED_FACE ( 'NONE', ( #4953 ), #3753, .F. ) ;
#3884 = VERTEX_POINT ( 'NONE', #205 ) ;
#3885 = PRESENTATION_STYLE_ASSIGNMENT (( #740 ) ) ;
#3886 = FILL_AREA_STYLE ('',( #2356 ) ) ;
#3887 = ORIENTED_EDGE ( 'NONE', *, *, #4518, .T. ) ;
#3888 = EDGE_CURVE ( 'NONE', #4115, #6567, #3629, .T. ) ;
#3889 = DIRECTION ( 'NONE',  ( -0.000000000000000000, 1.000000000000000000, -0.000000000000000000 ) ) ;
#3890 = DIRECTION ( 'NONE',  ( 0.000000000000000000, -1.000000000000000000, 0.000000000000000000 ) ) ;
#3891 = CARTESIAN_POINT ( 'NONE',  ( -44.50000000000001421, 0.000000000000000000, 29.00000000000000711 ) ) ;
#3892 = CARTESIAN_POINT ( 'NONE',  ( -44.50000000000001421, -19.99999999999999645, -29.00000000000000711 ) ) ;
#3893 = SURFACE_STYLE_FILL_AREA ( #819 ) ;
#3894 = EDGE_CURVE ( 'NONE', #5096, #2968, #333, .T. ) ;
#3895 = CARTESIAN_POINT ( 'NONE',  ( -27.50000000000001776, -22.00000000000000000, 20.00000000000001066 ) ) ;
#3896 = CARTESIAN_POINT ( 'NONE',  ( -44.50000000000001421, -6.000000000000000000, 29.00000000000000711 ) ) ;
#3897 = CIRCLE ( 'NONE', #5689, 1.750000000000005107 ) ;
#3898 = ORIENTED_EDGE ( 'NONE', *, *, #6487, .F. ) ;
#3899 = VECTOR ( 'NONE', #1266, 1000.000000000000000 ) ;
#3900 = FACE_OUTER_BOUND ( 'NONE', #4400, .T. ) ;
#3901 = LINE ( 'NONE', #664, #5381 ) ;
#3902 = SURFACE_STYLE_FILL_AREA ( #244 ) ;
#3903 = CARTESIAN_POINT ( 'NONE',  ( -44.50000000000001421, 0.000000000000000000, -24.00000000000001066 ) ) ;
#3904 = LINE ( 'NONE', #5457, #810 ) ;
#3905 = CARTESIAN_POINT ( 'NONE',  ( 9.500000000000001776, -39.31465829649864929, 26.50000000000001066 ) ) ;
#3906 = VERTEX_POINT ( 'NONE', #3866 ) ;
#3907 = VERTEX_POINT ( 'NONE', #4396 ) ;
#3908 = EDGE_CURVE ( 'NONE', #6040, #395, #6611, .T. ) ;
#3909 = FILL_AREA_STYLE ('',( #1836 ) ) ;
#3910 = DIRECTION ( 'NONE',  ( 0.000000000000000000, 1.000000000000000000, 0.000000000000000000 ) ) ;
#3911 =( NAMED_UNIT ( * ) PLANE_ANGLE_UNIT ( ) SI_UNIT ( $, .RADIAN. ) );
#3912 = CARTESIAN_POINT ( 'NONE',  ( 45.50893711107536177, 2.032708812074585314, 3.944815195178458467 ) ) ;
#3913 = ORIENTED_EDGE ( 'NONE', *, *, #3500, .T. ) ;
#3914 =( GEOMETRIC_REPRESENTATION_CONTEXT ( 3 ) GLOBAL_UNCERTAINTY_ASSIGNED_CONTEXT ( ( #4923 ) ) GLOBAL_UNIT_ASSIGNED_CONTEXT ( ( #3824, #4233, #2189 ) ) REPRESENTATION_CONTEXT ( 'NONE', 'WORKASPACE' ) );
#3915 = CARTESIAN_POINT ( 'NONE',  ( 44.50000000000001421, -19.99999999999999645, -31.50000000000001421 ) ) ;
#3916 = STYLED_ITEM ( 'NONE', ( #4362 ), #4664 ) ;
#3917 = COLOUR_RGB ( '',0.5019607843137254832, 0.5019607843137254832, 1.000000000000000000 ) ;
#3918 = CYLINDRICAL_SURFACE ( 'NONE', #6283, 4.999999999999993783 ) ;
#3919 = CIRCLE ( 'NONE', #6595, 8.500000000000010658 ) ;
#3920 = STYLED_ITEM ( 'NONE', ( #1991 ), #5945 ) ;
#3921 = SURFACE_STYLE_FILL_AREA ( #1843 ) ;
#3922 = SURFACE_SIDE_STYLE ('',( #785 ) ) ;
#3923 = ORIENTED_EDGE ( 'NONE', *, *, #985, .F. ) ;
#3924 =( GEOMETRIC_REPRESENTATION_CONTEXT ( 3 ) GLOBAL_UNCERTAINTY_ASSIGNED_CONTEXT ( ( #5576 ) ) GLOBAL_UNIT_ASSIGNED_CONTEXT ( ( #5641, #2036, #1526 ) ) REPRESENTATION_CONTEXT ( 'NONE', 'WORKASPACE' ) );
#3925 = VECTOR ( 'NONE', #5467, 1000.000000000000000 ) ;
#3926 = ORIENTED_EDGE ( 'NONE', *, *, #6541, .F. ) ;
#3927 = AXIS2_PLACEMENT_3D ( 'NONE', #4252, #2222, #3844 ) ;
#3928 = LINE ( 'NONE', #5053, #3048 ) ;
#3929 =( NAMED_UNIT ( * ) PLANE_ANGLE_UNIT ( ) SI_UNIT ( $, .RADIAN. ) );
#3930 = FILL_AREA_STYLE ('',( #1855 ) ) ;
#3931 = CYLINDRICAL_SURFACE ( 'NONE', #211, 4.999999999999993783 ) ;
#3932 = LINE ( 'NONE', #1340, #1193 ) ;
#3933 =( LENGTH_UNIT ( ) NAMED_UNIT ( * ) SI_UNIT ( .MILLI., .METRE. ) );
#3934 = VECTOR ( 'NONE', #6742, 1000.000000000000000 ) ;
#3935 = SURFACE_SIDE_STYLE ('',( #6585 ) ) ;
#3936 = ADVANCED_FACE ( 'NONE', ( #175, #102 ), #2273, .T. ) ;
#3937 = VERTEX_POINT ( 'NONE', #820 ) ;
#3938 = PRESENTATION_LAYER_ASSIGNMENT (  '', '', ( #6715 ) ) ;
#3939 = COLOUR_RGB ( '',0.5019607843137254832, 0.5019607843137254832, 1.000000000000000000 ) ;
#3940 = CYLINDRICAL_SURFACE ( 'NONE', #5020, 43.50000000000000711 ) ;
#3941 = DIRECTION ( 'NONE',  ( 0.000000000000000000, 1.000000000000000000, 0.000000000000000000 ) ) ;
#3942 = CARTESIAN_POINT ( 'NONE',  ( 0.000000000000000000, -18.50000000000000000, 0.000000000000000000 ) ) ;
#3943 = MECHANICAL_DESIGN_GEOMETRIC_PRESENTATION_REPRESENTATION (  '', ( #4617 ), #6840 ) ;
#3944 =( NAMED_UNIT ( * ) SI_UNIT ( $, .STERADIAN. ) SOLID_ANGLE_UNIT ( ) );
#3945 = VERTEX_POINT ( 'NONE', #1341 ) ;
#3946 = AXIS2_PLACEMENT_3D ( 'NONE', #4110, #5073, #2980 ) ;
#3947 =( GEOMETRIC_REPRESENTATION_CONTEXT ( 3 ) GLOBAL_UNCERTAINTY_ASSIGNED_CONTEXT ( ( #5967 ) ) GLOBAL_UNIT_ASSIGNED_CONTEXT ( ( #3857, #6368, #3799 ) ) REPRESENTATION_CONTEXT ( 'NONE', 'WORKASPACE' ) );
#3948 = STYLED_ITEM ( 'NONE', ( #5580 ), #1469 ) ;
#3949 = CARTESIAN_POINT ( 'NONE',  ( 44.50000000000001421, 15.00000000000000000, -29.00000000000000711 ) ) ;
#3950 = SURFACE_STYLE_USAGE ( .BOTH. , #5532 ) ;
#3951 = DIRECTION ( 'NONE',  ( 0.000000000000000000, 0.000000000000000000, -1.000000000000000000 ) ) ;
#3952 = ORIENTED_EDGE ( 'NONE', *, *, #394, .F. ) ;
#3953 = CARTESIAN_POINT ( 'NONE',  ( -44.50000000000001421, -2.999999999999998224, -24.00000000000001066 ) ) ;
#3954 = LINE ( 'NONE', #6090, #3154 ) ;
#3955 = DIRECTION ( 'NONE',  ( 0.000000000000000000, 0.000000000000000000, 1.000000000000000000 ) ) ;
#3956 = LINE ( 'NONE', #3440, #3184 ) ;
#3957 = FILL_AREA_STYLE ('',( #4972 ) ) ;
#3958 = CARTESIAN_POINT ( 'NONE',  ( -3.500000000000016875, -11.99999999999999822, 20.00000000000001066 ) ) ;
#3959 = ORIENTED_EDGE ( 'NONE', *, *, #1562, .F. ) ;
#3960 = UNCERTAINTY_MEASURE_WITH_UNIT (LENGTH_MEASURE( 1.000000000000000082E-05 ), #389, 'distance_accuracy_value', 'NONE');
#3961 = UNCERTAINTY_MEASURE_WITH_UNIT (LENGTH_MEASURE( 1.000000000000000082E-05 ), #1951, 'distance_accuracy_value', 'NONE');
#3962 = FACE_OUTER_BOUND ( 'NONE', #6002, .T. ) ;
#3963 = DIRECTION ( 'NONE',  ( 0.000000000000000000, 0.000000000000000000, 1.000000000000000000 ) ) ;
#3964 = FACE_OUTER_BOUND ( 'NONE', #3078, .T. ) ;
#3965 = DIRECTION ( 'NONE',  ( 0.000000000000000000, -1.000000000000000000, 0.000000000000000000 ) ) ;
#3966 = CARTESIAN_POINT ( 'NONE',  ( -85.50000000000001421, -22.00000000000000000, 3.091507183936761827 ) ) ;
#3967 = ORIENTED_EDGE ( 'NONE', *, *, #876, .T. ) ;
#3968 = EDGE_CURVE ( 'NONE', #4746, #2968, #6133, .T. ) ;
#3969 = CARTESIAN_POINT ( 'NONE',  ( 18.59150718393674495, 15.00000000000000000, 30.00000000000001066 ) ) ;
#3970 = DIRECTION ( 'NONE',  ( 0.000000000000000000, 0.000000000000000000, -1.000000000000000000 ) ) ;
#3971 = LINE ( 'NONE', #6176, #8 ) ;
#3972 = ORIENTED_EDGE ( 'NONE', *, *, #1864, .T. ) ;
#3973 = ORIENTED_EDGE ( 'NONE', *, *, #3548, .T. ) ;
#3974 = AXIS2_PLACEMENT_3D ( 'NONE', #6638, #5029, #3430 ) ;
#3975 = EDGE_CURVE ( 'NONE', #6395, #3345, #3532, .T. ) ;
#3976 = PRESENTATION_STYLE_ASSIGNMENT (( #831 ) ) ;
#3977 = FILL_AREA_STYLE ('',( #3460 ) ) ;
#3978 = AXIS2_PLACEMENT_3D ( 'NONE', #1925, #380, #5585 ) ;
#3979 = FACE_OUTER_BOUND ( 'NONE', #5879, .T. ) ;
#3980 = EDGE_CURVE ( 'NONE', #1963, #2485, #6625, .T. ) ;
#3981 = FILL_AREA_STYLE_COLOUR ( '', #553 ) ;
#3982 = ADVANCED_FACE ( 'NONE', ( #3028 ), #3413, .F. ) ;
#3983 = ORIENTED_EDGE ( 'NONE', *, *, #2806, .T. ) ;
#3984 = DIRECTION ( 'NONE',  ( 1.000000000000000000, -0.000000000000000000, 0.000000000000000000 ) ) ;
#3985 = AXIS2_PLACEMENT_3D ( 'NONE', #325, #3564, #2560 ) ;
#3986 = CARTESIAN_POINT ( 'NONE',  ( 44.50000000000001421, -42.54163056034264656, 29.00000000000000711 ) ) ;
#3987 = CYLINDRICAL_SURFACE ( 'NONE', #6609, 40.00000000000000000 ) ;
#3988 = ORIENTED_EDGE ( 'NONE', *, *, #4957, .F. ) ;
#3989 = ORIENTED_EDGE ( 'NONE', *, *, #2911, .F. ) ;
#3990 = DIRECTION ( 'NONE',  ( -1.000000000000000000, 0.000000000000000000, 0.000000000000000000 ) ) ;
#3991 = EDGE_CURVE ( 'NONE', #1499, #2004, #379, .T. ) ;
#3992 =( LENGTH_UNIT ( ) NAMED_UNIT ( * ) SI_UNIT ( .MILLI., .METRE. ) );
#3993 = FACE_OUTER_BOUND ( 'NONE', #5682, .T. ) ;
#3994 = PRESENTATION_STYLE_ASSIGNMENT (( #2887 ) ) ;
#3995 = SURFACE_STYLE_USAGE ( .BOTH. , #747 ) ;
#3996 = DIRECTION ( 'NONE',  ( -0.000000000000000000, 1.000000000000000000, -0.000000000000000000 ) ) ;
#3997 = LINE ( 'NONE', #6134, #706 ) ;
#3998 = ORIENTED_EDGE ( 'NONE', *, *, #2721, .T. ) ;
#3999 = AXIS2_PLACEMENT_3D ( 'NONE', #1603, #15, #2121 ) ;
#4000 = DIRECTION ( 'NONE',  ( 0.000000000000000000, 1.000000000000000000, 0.000000000000000000 ) ) ;
#4001 = CARTESIAN_POINT ( 'NONE',  ( -15.50000000000001776, -11.99999999999999822, 17.40000000000000924 ) ) ;
#4002 = DIRECTION ( 'NONE',  ( -0.000000000000000000, -1.000000000000000000, -0.000000000000000000 ) ) ;
#4003 = MECHANICAL_DESIGN_GEOMETRIC_PRESENTATION_REPRESENTATION (  '', ( #2711 ), #3156 ) ;
#4004 = PRESENTATION_STYLE_ASSIGNMENT (( #4438 ) ) ;
#4005 = ADVANCED_FACE ( 'NONE', ( #1403 ), #1301, .T. ) ;
#4006 = EDGE_LOOP ( 'NONE', ( #2252, #1888, #4754, #6616 ) ) ;
#4007 = ORIENTED_EDGE ( 'NONE', *, *, #5290, .T. ) ;
#4008 = VECTOR ( 'NONE', #3963, 1000.000000000000000 ) ;
#4009 = CARTESIAN_POINT ( 'NONE',  ( 18.59150718393674495, -22.00000000000000000, -70.00000000000000000 ) ) ;
#4010 = EDGE_CURVE ( 'NONE', #4043, #6763, #3676, .T. ) ;
#4011 =( NAMED_UNIT ( * ) SI_UNIT ( $, .STERADIAN. ) SOLID_ANGLE_UNIT ( ) );
#4012 = CIRCLE ( 'NONE', #1060, 2.500000000000002220 ) ;
#4013 = ORIENTED_EDGE ( 'NONE', *, *, #2093, .F. ) ;
#4014 = EDGE_CURVE ( 'NONE', #3160, #4882, #1992, .T. ) ;
#4015 = FILL_AREA_STYLE ('',( #293 ) ) ;
#4016 = SURFACE_STYLE_USAGE ( .BOTH. , #5143 ) ;
#4017 =( NAMED_UNIT ( * ) SI_UNIT ( $, .STERADIAN. ) SOLID_ANGLE_UNIT ( ) );
#4018 = ORIENTED_EDGE ( 'NONE', *, *, #5742, .F. ) ;
#4019 = ADVANCED_FACE ( 'NONE', ( #5714 ), #6231, .F. ) ;
#4020 = AXIS2_PLACEMENT_3D ( 'NONE', #1584, #2137, #5732 ) ;
#4021 = CIRCLE ( 'NONE', #4472, 1.750000000000005107 ) ;
#4022 = EDGE_LOOP ( 'NONE', ( #3594, #5027 ) ) ;
#4023 =( NAMED_UNIT ( * ) PLANE_ANGLE_UNIT ( ) SI_UNIT ( $, .RADIAN. ) );
#4024 = SURFACE_SIDE_STYLE ('',( #2961 ) ) ;
#4025 = VECTOR ( 'NONE', #3005, 1000.000000000000000 ) ;
#4026 = LINE ( 'NONE', #2442, #314 ) ;
#4027 = AXIS2_PLACEMENT_3D ( 'NONE', #2441, #6029, #2888 ) ;
#4028 = ADVANCED_FACE ( 'NONE', ( #3059 ), #443, .T. ) ;
#4029 = DIRECTION ( 'NONE',  ( 0.000000000000000000, -0.000000000000000000, 1.000000000000000000 ) ) ;
#4030 = DIRECTION ( 'NONE',  ( -0.000000000000000000, -1.000000000000000000, -0.000000000000000000 ) ) ;
#4031 = VECTOR ( 'NONE', #3022, 1000.000000000000000 ) ;
#4032 = ORIENTED_EDGE ( 'NONE', *, *, #6312, .F. ) ;
#4033 = PRESENTATION_LAYER_ASSIGNMENT (  '', '', ( #6386 ) ) ;
#4034 = VECTOR ( 'NONE', #1357, 1000.000000000000000 ) ;
#4035 = SURFACE_SIDE_STYLE ('',( #1956 ) ) ;
#4036 = COLOUR_RGB ( '',0.5019607843137254832, 0.5019607843137254832, 1.000000000000000000 ) ;
#4037 = CARTESIAN_POINT ( 'NONE',  ( -46.12432983716945500, 0.000000000000000000, 10.13115200650949888 ) ) ;
#4038 = FILL_AREA_STYLE_COLOUR ( '', #5896 ) ;
#4039 = VECTOR ( 'NONE', #3170, 1000.000000000000000 ) ;
#4040 =( GEOMETRIC_REPRESENTATION_CONTEXT ( 3 ) GLOBAL_UNCERTAINTY_ASSIGNED_CONTEXT ( ( #1848 ) ) GLOBAL_UNIT_ASSIGNED_CONTEXT ( ( #3390, #2722, #1959 ) ) REPRESENTATION_CONTEXT ( 'NONE', 'WORKASPACE' ) );
#4041 = CARTESIAN_POINT ( 'NONE',  ( 44.50000000000001421, -19.99999999999999645, -29.00000000000000711 ) ) ;
#4042 = ORIENTED_EDGE ( 'NONE', *, *, #922, .F. ) ;
#4043 = VERTEX_POINT ( 'NONE', #1539 ) ;
#4044 = FILL_AREA_STYLE_COLOUR ( '', #4571 ) ;
#4045 =( GEOMETRIC_REPRESENTATION_CONTEXT ( 3 ) GLOBAL_UNCERTAINTY_ASSIGNED_CONTEXT ( ( #714 ) ) GLOBAL_UNIT_ASSIGNED_CONTEXT ( ( #6787, #5783, #4200 ) ) REPRESENTATION_CONTEXT ( 'NONE', 'WORKASPACE' ) );
#4046 = AXIS2_PLACEMENT_3D ( 'NONE', #3073, #1108, #4216 ) ;
#4047 = CYLINDRICAL_SURFACE ( 'NONE', #3974, 3.500000000000004885 ) ;
#4048 = CARTESIAN_POINT ( 'NONE',  ( -46.12293727264081866, 4.000000000000000000, -10.12335836023587987 ) ) ;
#4049 =( NAMED_UNIT ( * ) PLANE_ANGLE_UNIT ( ) SI_UNIT ( $, .RADIAN. ) );
#4050 = EDGE_LOOP ( 'NONE', ( #2617, #1708, #1914, #2765, #2467, #6207, #3468, #1940 ) ) ;
#4051 = AXIS2_PLACEMENT_3D ( 'NONE', #1681, #3341, #4744 ) ;
#4052 = CARTESIAN_POINT ( 'NONE',  ( -15.50000000000001776, -15.00000000000000178, 15.40000000000000924 ) ) ;
#4053 =( GEOMETRIC_REPRESENTATION_CONTEXT ( 3 ) GLOBAL_UNCERTAINTY_ASSIGNED_CONTEXT ( ( #4143 ) ) GLOBAL_UNIT_ASSIGNED_CONTEXT ( ( #2107, #5287, #4146 ) ) REPRESENTATION_CONTEXT ( 'NONE', 'WORKASPACE' ) );
#4054 = ADVANCED_FACE ( 'NONE', ( #511 ), #2608, .T. ) ;
#4055 =( LENGTH_UNIT ( ) NAMED_UNIT ( * ) SI_UNIT ( .MILLI., .METRE. ) );
#4056 =( NAMED_UNIT ( * ) PLANE_ANGLE_UNIT ( ) SI_UNIT ( $, .RADIAN. ) );
#4057 =( NAMED_UNIT ( * ) SI_UNIT ( $, .STERADIAN. ) SOLID_ANGLE_UNIT ( ) );
#4058 =( NAMED_UNIT ( * ) PLANE_ANGLE_UNIT ( ) SI_UNIT ( $, .RADIAN. ) );
#4059 = ORIENTED_EDGE ( 'NONE', *, *, #1373, .T. ) ;
#4060 = DIRECTION ( 'NONE',  ( -0.000000000000000000, 1.000000000000000000, -0.000000000000000000 ) ) ;
#4061 = EDGE_CURVE ( 'NONE', #1926, #6694, #1161, .T. ) ;
#4062 = ORIENTED_EDGE ( 'NONE', *, *, #5668, .F. ) ;
#4063 = CARTESIAN_POINT ( 'NONE',  ( 44.50000000000001421, -6.000000000000000000, -29.00000000000000711 ) ) ;
#4064 = CARTESIAN_POINT ( 'NONE',  ( -15.50000000000001776, -15.00000000000000178, 20.00000000000001066 ) ) ;
#4065 = EDGE_CURVE ( 'NONE', #2818, #5057, #90, .T. ) ;
#4066 = LINE ( 'NONE', #306, #2924 ) ;
#4067 = EDGE_CURVE ( 'NONE', #472, #1212, #1884, .T. ) ;
#4068 = ORIENTED_EDGE ( 'NONE', *, *, #5654, .T. ) ;
#4069 = DIRECTION ( 'NONE',  ( 0.000000000000000000, 0.000000000000000000, 1.000000000000000000 ) ) ;
#4070 = SURFACE_SIDE_STYLE ('',( #2552 ) ) ;
#4071 = DIRECTION ( 'NONE',  ( 0.000000000000000000, 1.000000000000000000, 0.000000000000000000 ) ) ;
#4072 = DIRECTION ( 'NONE',  ( 0.000000000000000000, -1.000000000000000000, 0.000000000000000000 ) ) ;
#4073 = SURFACE_STYLE_USAGE ( .BOTH. , #5207 ) ;
#4074 = ORIENTED_EDGE ( 'NONE', *, *, #6691, .F. ) ;
#4075 = ORIENTED_EDGE ( 'NONE', *, *, #958, .F. ) ;
#4076 = CARTESIAN_POINT ( 'NONE',  ( -3.500000000000016431, -18.50000000000000000, 24.60000000000001208 ) ) ;
#4077 = FILL_AREA_STYLE_COLOUR ( '', #4895 ) ;
#4078 = FILL_AREA_STYLE_COLOUR ( '', #996 ) ;
#4079 = DIRECTION ( 'NONE',  ( -1.000000000000000000, 0.000000000000000000, 0.000000000000000000 ) ) ;
#4080 =( NAMED_UNIT ( * ) SI_UNIT ( $, .STERADIAN. ) SOLID_ANGLE_UNIT ( ) );
#4081 = AXIS2_PLACEMENT_3D ( 'NONE', #3148, #3761, #4296 ) ;
#4082 = ORIENTED_EDGE ( 'NONE', *, *, #4065, .T. ) ;
#4083 = DIRECTION ( 'NONE',  ( -0.000000000000000000, 1.000000000000000000, -0.000000000000000000 ) ) ;
#4084 = MECHANICAL_DESIGN_GEOMETRIC_PRESENTATION_REPRESENTATION (  '', ( #6650 ), #6322 ) ;
#4085 = VERTEX_POINT ( 'NONE', #5991 ) ;
#4086 = ADVANCED_FACE ( 'NONE', ( #3307 ), #1684, .F. ) ;
#4087 = MECHANICAL_DESIGN_GEOMETRIC_PRESENTATION_REPRESENTATION (  '', ( #5893 ), #1814 ) ;
#4088 = CARTESIAN_POINT ( 'NONE',  ( -44.50000000000001421, -42.54163056034263946, -27.25000000000000355 ) ) ;
#4089 = ORIENTED_EDGE ( 'NONE', *, *, #957, .F. ) ;
#4090 = FILL_AREA_STYLE ('',( #1566 ) ) ;
#4091 =( NAMED_UNIT ( * ) PLANE_ANGLE_UNIT ( ) SI_UNIT ( $, .RADIAN. ) );
#4092 = AXIS2_PLACEMENT_3D ( 'NONE', #2139, #4181, #5320 ) ;
#4093 = DIRECTION ( 'NONE',  ( 0.000000000000000000, 0.000000000000000000, 1.000000000000000000 ) ) ;
#4094 = FILL_AREA_STYLE_COLOUR ( '', #3299 ) ;
#4095 =( LENGTH_UNIT ( ) NAMED_UNIT ( * ) SI_UNIT ( .MILLI., .METRE. ) );
#4096 = EDGE_CURVE ( 'NONE', #3692, #1123, #1436, .T. ) ;
#4097 = DIRECTION ( 'NONE',  ( 0.000000000000000000, 0.000000000000000000, 1.000000000000000000 ) ) ;
#4098 = COLOUR_RGB ( '',0.5019607843137254832, 0.5019607843137254832, 1.000000000000000000 ) ;
#4099 = DIRECTION ( 'NONE',  ( -0.000000000000000000, -1.000000000000000000, -0.000000000000000000 ) ) ;
#4100 = ADVANCED_FACE ( 'NONE', ( #2677 ), #1231, .F. ) ;
#4101 = ORIENTED_EDGE ( 'NONE', *, *, #2731, .F. ) ;
#4102 = EDGE_CURVE ( 'NONE', #6137, #461, #6644, .T. ) ;
#4103 = FACE_OUTER_BOUND ( 'NONE', #5828, .T. ) ;
#4104 = CARTESIAN_POINT ( 'NONE',  ( -44.50000000000001421, -22.00000000000000000, -37.50000000000002132 ) ) ;
#4105 =( LENGTH_UNIT ( ) NAMED_UNIT ( * ) SI_UNIT ( .MILLI., .METRE. ) );
#4106 = ORIENTED_EDGE ( 'NONE', *, *, #802, .T. ) ;
#4107 =( GEOMETRIC_REPRESENTATION_CONTEXT ( 3 ) GLOBAL_UNCERTAINTY_ASSIGNED_CONTEXT ( ( #5830 ) ) GLOBAL_UNIT_ASSIGNED_CONTEXT ( ( #6563, #4842, #2235 ) ) REPRESENTATION_CONTEXT ( 'NONE', 'WORKASPACE' ) );
#4108 = DIRECTION ( 'NONE',  ( -0.000000000000000000, -1.000000000000000000, -0.000000000000000000 ) ) ;
#4109 = FILL_AREA_STYLE ('',( #3074 ) ) ;
#4110 = CARTESIAN_POINT ( 'NONE',  ( -15.50000000000001776, -15.00000000000000178, 20.00000000000001066 ) ) ;
#4111 = DIRECTION ( 'NONE',  ( 0.000000000000000000, 1.000000000000000000, 0.000000000000000000 ) ) ;
#4112 = SURFACE_STYLE_USAGE ( .BOTH. , #1589 ) ;
#4113 = ORIENTED_EDGE ( 'NONE', *, *, #3888, .F. ) ;
#4114 = AXIS2_PLACEMENT_3D ( 'NONE', #3596, #3694, #5802 ) ;
#4115 = VERTEX_POINT ( 'NONE', #336 ) ;
#4116 = COLOUR_RGB ( '',0.5019607843137254832, 0.5019607843137254832, 1.000000000000000000 ) ;
#4117 = UNCERTAINTY_MEASURE_WITH_UNIT (LENGTH_MEASURE( 1.000000000000000082E-05 ), #3044, 'distance_accuracy_value', 'NONE');
#4118 = LINE ( 'NONE', #2113, #730 ) ;
#4119 = FILL_AREA_STYLE_COLOUR ( '', #5222 ) ;
#4120 = DIRECTION ( 'NONE',  ( 0.000000000000000000, 0.000000000000000000, 1.000000000000000000 ) ) ;
#4121 = SURFACE_STYLE_FILL_AREA ( #4660 ) ;
#4122 = CARTESIAN_POINT ( 'NONE',  ( -44.50000000000001421, -6.000000000000000000, -27.25000000000000355 ) ) ;
#4123 = SURFACE_STYLE_USAGE ( .BOTH. , #1016 ) ;
#4124 = ORIENTED_EDGE ( 'NONE', *, *, #2782, .F. ) ;
#4125 = ORIENTED_EDGE ( 'NONE', *, *, #2144, .T. ) ;
#4126 = CYLINDRICAL_SURFACE ( 'NONE', #50, 2.600000000000001421 ) ;
#4127 = PRESENTATION_STYLE_ASSIGNMENT (( #941 ) ) ;
#4128 = DIRECTION ( 'NONE',  ( -0.000000000000000000, 1.000000000000000000, -0.000000000000000000 ) ) ;
#4129 = SURFACE_SIDE_STYLE ('',( #613 ) ) ;
#4130 = MECHANICAL_DESIGN_GEOMETRIC_PRESENTATION_REPRESENTATION (  '', ( #311 ), #3713 ) ;
#4131 = ORIENTED_EDGE ( 'NONE', *, *, #5953, .T. ) ;
#4132 = AXIS2_PLACEMENT_3D ( 'NONE', #6313, #101, #6273 ) ;
#4133 = AXIS2_PLACEMENT_3D ( 'NONE', #6590, #2471, #413 ) ;
#4134 = PRESENTATION_LAYER_ASSIGNMENT (  '', '', ( #318 ) ) ;
#4135 =( LENGTH_UNIT ( ) NAMED_UNIT ( * ) SI_UNIT ( .MILLI., .METRE. ) );
#4136 = VECTOR ( 'NONE', #1346, 1000.000000000000000 ) ;
#4137 = STYLED_ITEM ( 'NONE', ( #6016 ), #1189 ) ;
#4138 = DIRECTION ( 'NONE',  ( 0.000000000000000000, 1.000000000000000000, 0.000000000000000000 ) ) ;
#4139 = AXIS2_PLACEMENT_3D ( 'NONE', #165, #6474, #2265 ) ;
#4140 = LINE ( 'NONE', #6274, #6218 ) ;
#4141 = ORIENTED_EDGE ( 'NONE', *, *, #5861, .T. ) ;
#4142 = AXIS2_PLACEMENT_3D ( 'NONE', #5679, #4597, #3099 ) ;
#4143 = UNCERTAINTY_MEASURE_WITH_UNIT (LENGTH_MEASURE( 1.000000000000000082E-05 ), #2107, 'distance_accuracy_value', 'NONE');
#4144 = UNCERTAINTY_MEASURE_WITH_UNIT (LENGTH_MEASURE( 1.000000000000000082E-05 ), #137, 'distance_accuracy_value', 'NONE');
#4145 = MECHANICAL_DESIGN_GEOMETRIC_PRESENTATION_REPRESENTATION (  '', ( #2199 ), #4830 ) ;
#4146 =( NAMED_UNIT ( * ) SI_UNIT ( $, .STERADIAN. ) SOLID_ANGLE_UNIT ( ) );
#4147 = DIRECTION ( 'NONE',  ( 0.000000000000000000, 0.000000000000000000, 1.000000000000000000 ) ) ;
#4148 =( NAMED_UNIT ( * ) PLANE_ANGLE_UNIT ( ) SI_UNIT ( $, .RADIAN. ) );
#4149 = EDGE_CURVE ( 'NONE', #11, #683, #1666, .T. ) ;
#4150 = ORIENTED_EDGE ( 'NONE', *, *, #1971, .T. ) ;
#4151 = COLOUR_RGB ( '',0.5019607843137254832, 0.5019607843137254832, 1.000000000000000000 ) ;
#4152 = ORIENTED_EDGE ( 'NONE', *, *, #1040, .F. ) ;
#4153 = COLOUR_RGB ( '',0.5019607843137254832, 0.5019607843137254832, 1.000000000000000000 ) ;
#4154 =( GEOMETRIC_REPRESENTATION_CONTEXT ( 3 ) GLOBAL_UNCERTAINTY_ASSIGNED_CONTEXT ( ( #1221 ) ) GLOBAL_UNIT_ASSIGNED_CONTEXT ( ( #4583, #2531, #4628 ) ) REPRESENTATION_CONTEXT ( 'NONE', 'WORKASPACE' ) );
#4155 = CARTESIAN_POINT ( 'NONE',  ( -42.00000000000000711, -18.50000000000000355, 30.00000000000001066 ) ) ;
#4156 = VECTOR ( 'NONE', #4791, 1000.000000000000000 ) ;
#4157 = PRESENTATION_LAYER_ASSIGNMENT (  '', '', ( #6508 ) ) ;
#4158 = CARTESIAN_POINT ( 'NONE',  ( -44.50000000000001421, -2.999999999999998224, 24.00000000000001066 ) ) ;
#4159 = PLANE ( 'NONE',  #1545 ) ;
#4160 = EDGE_LOOP ( 'NONE', ( #351, #1367, #2055, #901 ) ) ;
#4161 = VECTOR ( 'NONE', #4072, 1000.000000000000000 ) ;
#4162 = DIRECTION ( 'NONE',  ( -0.000000000000000000, 1.000000000000000000, -0.000000000000000000 ) ) ;
#4163 = VECTOR ( 'NONE', #4835, 1000.000000000000000 ) ;
#4164 = MECHANICAL_DESIGN_GEOMETRIC_PRESENTATION_REPRESENTATION (  '', ( #3326 ), #5969 ) ;
#4165 = VERTEX_POINT ( 'NONE', #5470 ) ;
#4166 = FILL_AREA_STYLE_COLOUR ( '', #2902 ) ;
#4167 = CARTESIAN_POINT ( 'NONE',  ( 44.50000000000001421, -2.999999999999999112, -29.00000000000000711 ) ) ;
#4168 = DIRECTION ( 'NONE',  ( -0.000000000000000000, -1.000000000000000000, -0.000000000000000000 ) ) ;
#4169 = PRESENTATION_STYLE_ASSIGNMENT (( #2676 ) ) ;
#4170 = DIRECTION ( 'NONE',  ( 1.000000000000000000, 0.000000000000000000, 0.000000000000000000 ) ) ;
#4171 = EDGE_LOOP ( 'NONE', ( #3913, #5007, #5725, #5324 ) ) ;
#4172 =( NAMED_UNIT ( * ) SI_UNIT ( $, .STERADIAN. ) SOLID_ANGLE_UNIT ( ) );
#4173 = DIRECTION ( 'NONE',  ( 0.000000000000000000, 1.000000000000000000, 0.000000000000000000 ) ) ;
#4174 = DIRECTION ( 'NONE',  ( -0.000000000000000000, 1.000000000000000000, -0.000000000000000000 ) ) ;
#4175 = ORIENTED_EDGE ( 'NONE', *, *, #2419, .T. ) ;
#4176 = VERTEX_POINT ( 'NONE', #1845 ) ;
#4177 = ADVANCED_FACE ( 'NONE', ( #6674 ), #3442, .F. ) ;
#4178 = FACE_OUTER_BOUND ( 'NONE', #1735, .T. ) ;
#4179 = DIRECTION ( 'NONE',  ( -0.000000000000000000, 1.000000000000000000, -0.000000000000000000 ) ) ;
#4180 = FACE_OUTER_BOUND ( 'NONE', #3229, .T. ) ;
#4181 = DIRECTION ( 'NONE',  ( -0.000000000000000000, -1.000000000000000000, -0.000000000000000000 ) ) ;
#4182 = PRESENTATION_STYLE_ASSIGNMENT (( #4112 ) ) ;
#4183 = ORIENTED_EDGE ( 'NONE', *, *, #6755, .T. ) ;
#4184 = ORIENTED_EDGE ( 'NONE', *, *, #3121, .F. ) ;
#4185 = EDGE_CURVE ( 'NONE', #1926, #1394, #5627, .T. ) ;
#4186 = LINE ( 'NONE', #1560, #1727 ) ;
#4187 = ADVANCED_FACE ( 'NONE', ( #4941 ), #232, .T. ) ;
#4188 = ADVANCED_FACE ( 'NONE', ( #5111 ), #6812, .T. ) ;
#4189 = ADVANCED_FACE ( 'NONE', ( #2598 ), #4159, .T. ) ;
#4190 =( LENGTH_UNIT ( ) NAMED_UNIT ( * ) SI_UNIT ( .MILLI., .METRE. ) );
#4191 =( LENGTH_UNIT ( ) NAMED_UNIT ( * ) SI_UNIT ( .MILLI., .METRE. ) );
#4192 =( LENGTH_UNIT ( ) NAMED_UNIT ( * ) SI_UNIT ( .MILLI., .METRE. ) );
#4193 = ORIENTED_EDGE ( 'NONE', *, *, #1573, .F. ) ;
#4194 = ORIENTED_EDGE ( 'NONE', *, *, #6421, .F. ) ;
#4195 = CARTESIAN_POINT ( 'NONE',  ( -35.50000000000001421, 3.000000000000000000, -2.499999999999999112 ) ) ;
#4196 = FACE_OUTER_BOUND ( 'NONE', #1518, .T. ) ;
#4197 = LINE ( 'NONE', #709, #4378 ) ;
#4198 = LINE ( 'NONE', #1605, #2734 ) ;
#4199 = AXIS2_PLACEMENT_3D ( 'NONE', #3579, #992, #6652 ) ;
#4200 =( NAMED_UNIT ( * ) SI_UNIT ( $, .STERADIAN. ) SOLID_ANGLE_UNIT ( ) );
#4201 =( LENGTH_UNIT ( ) NAMED_UNIT ( * ) SI_UNIT ( .MILLI., .METRE. ) );
#4202 = ADVANCED_FACE ( 'NONE', ( #5775, #3051 ), #3091, .F. ) ;
#4203 = VERTEX_POINT ( 'NONE', #195 ) ;
#4204 = AXIS2_PLACEMENT_3D ( 'NONE', #2375, #282, #2283 ) ;
#4205 = DIRECTION ( 'NONE',  ( 0.000000000000000000, 0.000000000000000000, 1.000000000000000000 ) ) ;
#4206 =( LENGTH_UNIT ( ) NAMED_UNIT ( * ) SI_UNIT ( .MILLI., .METRE. ) );
#4207 = STYLED_ITEM ( 'NONE', ( #4182 ), #564 ) ;
#4208 = LINE ( 'NONE', #1612, #1513 ) ;
#4209 =( NAMED_UNIT ( * ) PLANE_ANGLE_UNIT ( ) SI_UNIT ( $, .RADIAN. ) );
#4210 = FILL_AREA_STYLE ('',( #3017 ) ) ;
#4211 = CARTESIAN_POINT ( 'NONE',  ( 25.50000000000000000, -39.31465829649864929, 21.50000000000000355 ) ) ;
#4212 = STYLED_ITEM ( 'NONE', ( #2132 ), #6494 ) ;
#4213 = ORIENTED_EDGE ( 'NONE', *, *, #3080, .T. ) ;
#4214 = ORIENTED_EDGE ( 'NONE', *, *, #5397, .T. ) ;
#4215 = UNCERTAINTY_MEASURE_WITH_UNIT (LENGTH_MEASURE( 1.000000000000000082E-05 ), #2317, 'distance_accuracy_value', 'NONE');
#4216 = DIRECTION ( 'NONE',  ( 0.000000000000000000, 0.000000000000000000, 1.000000000000000000 ) ) ;
#4217 =( NAMED_UNIT ( * ) PLANE_ANGLE_UNIT ( ) SI_UNIT ( $, .RADIAN. ) );
#4218 = SURFACE_STYLE_FILL_AREA ( #2106 ) ;
#4219 = SURFACE_SIDE_STYLE ('',( #2691 ) ) ;
#4220 = EDGE_CURVE ( 'NONE', #6323, #3160, #81, .T. ) ;
#4221 = SURFACE_STYLE_FILL_AREA ( #34 ) ;
#4222 = ORIENTED_EDGE ( 'NONE', *, *, #5235, .F. ) ;
#4223 = ORIENTED_EDGE ( 'NONE', *, *, #1046, .F. ) ;
#4224 = AXIS2_PLACEMENT_3D ( 'NONE', #4009, #4618, #2380 ) ;
#4225 = CARTESIAN_POINT ( 'NONE',  ( 42.00000000000000711, 15.00000000000000000, 3.091507183936761827 ) ) ;
#4226 = MECHANICAL_DESIGN_GEOMETRIC_PRESENTATION_REPRESENTATION (  '', ( #1282 ), #512 ) ;
#4227 = EDGE_CURVE ( 'NONE', #5057, #3699, #6432, .T. ) ;
#4228 = LINE ( 'NONE', #5223, #1209 ) ;
#4229 = AXIS2_PLACEMENT_3D ( 'NONE', #921, #412, #4606 ) ;
#4230 = DIRECTION ( 'NONE',  ( -0.000000000000000000, 0.000000000000000000, 1.000000000000000000 ) ) ;
#4231 = ORIENTED_EDGE ( 'NONE', *, *, #3539, .F. ) ;
#4232 = FILL_AREA_STYLE_COLOUR ( '', #1850 ) ;
#4233 =( NAMED_UNIT ( * ) PLANE_ANGLE_UNIT ( ) SI_UNIT ( $, .RADIAN. ) );
#4234 = COLOUR_RGB ( '',0.5019607843137254832, 0.5019607843137254832, 1.000000000000000000 ) ;
#4235 = EDGE_LOOP ( 'NONE', ( #2068, #2628, #1226, #4945 ) ) ;
#4236 = DIRECTION ( 'NONE',  ( -0.000000000000000000, 1.000000000000000000, -0.000000000000000000 ) ) ;
#4237 =( NAMED_UNIT ( * ) SI_UNIT ( $, .STERADIAN. ) SOLID_ANGLE_UNIT ( ) );
#4238 = SURFACE_SIDE_STYLE ('',( #2159 ) ) ;
#4239 = ORIENTED_EDGE ( 'NONE', *, *, #2687, .T. ) ;
#4240 = CARTESIAN_POINT ( 'NONE',  ( -45.67077626419153091, -18.50000000000000000, -20.58101651390110831 ) ) ;
#4241 = CARTESIAN_POINT ( 'NONE',  ( -44.50000000000001421, -18.50000000000000000, -29.00000000000000711 ) ) ;
#4242 = CARTESIAN_POINT ( 'NONE',  ( 44.50000000000001421, -6.000000000000001776, 29.00000000000000711 ) ) ;
#4243 = CARTESIAN_POINT ( 'NONE',  ( -45.50000000000001421, 4.000000000000000000, -3.091507183936761827 ) ) ;
#4244 =( NAMED_UNIT ( * ) PLANE_ANGLE_UNIT ( ) SI_UNIT ( $, .RADIAN. ) );
#4245 = CARTESIAN_POINT ( 'NONE',  ( -85.50000000000001421, 0.000000000000000000, 3.091507183936761827 ) ) ;
#4246 = CARTESIAN_POINT ( 'NONE',  ( 42.04188619865061582, 3.800000000000014477, 4.999999999999999112 ) ) ;
#4247 = ORIENTED_EDGE ( 'NONE', *, *, #354, .T. ) ;
#4248 = STYLED_ITEM ( 'NONE', ( #212 ), #4501 ) ;
#4249 =( GEOMETRIC_REPRESENTATION_CONTEXT ( 3 ) GLOBAL_UNCERTAINTY_ASSIGNED_CONTEXT ( ( #2393 ) ) GLOBAL_UNIT_ASSIGNED_CONTEXT ( ( #850, #1400, #5546 ) ) REPRESENTATION_CONTEXT ( 'NONE', 'WORKASPACE' ) );
#4250 = CARTESIAN_POINT ( 'NONE',  ( 36.08101651390111186, -9.250000000000001776, -30.17077626419151670 ) ) ;
#4251 = CIRCLE ( 'NONE', #2063, 8.500000000000010658 ) ;
#4252 = CARTESIAN_POINT ( 'NONE',  ( -35.50000000000001421, 11.00000000000000000, 2.500000000000000000 ) ) ;
#4253 = DIRECTION ( 'NONE',  ( 0.000000000000000000, 0.000000000000000000, -1.000000000000000000 ) ) ;
#4254 = MECHANICAL_DESIGN_GEOMETRIC_PRESENTATION_REPRESENTATION (  '', ( #3916 ), #1306 ) ;
#4255 = AXIS2_PLACEMENT_3D ( 'NONE', #441, #4168, #5651 ) ;
#4256 = SURFACE_STYLE_USAGE ( .BOTH. , #5876 ) ;
#4257 = ORIENTED_EDGE ( 'NONE', *, *, #4582, .F. ) ;
#4258 = EDGE_LOOP ( 'NONE', ( #1376, #4068, #4467, #6452, #830, #4547, #6700, #2111 ) ) ;
#4259 =( GEOMETRIC_REPRESENTATION_CONTEXT ( 3 ) GLOBAL_UNCERTAINTY_ASSIGNED_CONTEXT ( ( #3595 ) ) GLOBAL_UNIT_ASSIGNED_CONTEXT ( ( #4190, #1705, #5915 ) ) REPRESENTATION_CONTEXT ( 'NONE', 'WORKASPACE' ) );
#4260 =( GEOMETRIC_REPRESENTATION_CONTEXT ( 3 ) GLOBAL_UNCERTAINTY_ASSIGNED_CONTEXT ( ( #5009 ) ) GLOBAL_UNIT_ASSIGNED_CONTEXT ( ( #1144, #3759, #2762 ) ) REPRESENTATION_CONTEXT ( 'NONE', 'WORKASPACE' ) );
#4261 = FILL_AREA_STYLE ('',( #45 ) ) ;
#4262 = DIRECTION ( 'NONE',  ( 0.000000000000000000, 0.000000000000000000, 1.000000000000000000 ) ) ;
#4263 = CARTESIAN_POINT ( 'NONE',  ( 19.50000000000000355, -7.000000000000000000, 40.00000000000000711 ) ) ;
#4264 = LINE ( 'NONE', #3294, #4740 ) ;
#4265 = ORIENTED_EDGE ( 'NONE', *, *, #177, .F. ) ;
#4266 = STYLED_ITEM ( 'NONE', ( #5376 ), #3883 ) ;
#4267 = VECTOR ( 'NONE', #4071, 1000.000000000000000 ) ;
#4268 = FILL_AREA_STYLE ('',( #4232 ) ) ;
#4269 = PRESENTATION_LAYER_ASSIGNMENT (  '', '', ( #3418 ) ) ;
#4270 = CARTESIAN_POINT ( 'NONE',  ( 12.00000000000000178, 0.000000000000000000, 24.30000000000000782 ) ) ;
#4271 = STYLED_ITEM ( 'NONE', ( #5198 ), #5037 ) ;
#4272 = EDGE_LOOP ( 'NONE', ( #6384, #3223 ) ) ;
#4273 = DIRECTION ( 'NONE',  ( 0.000000000000000000, 0.000000000000000000, -1.000000000000000000 ) ) ;
#4274 = AXIS2_PLACEMENT_3D ( 'NONE', #3241, #6450, #4881 ) ;
#4275 = MECHANICAL_DESIGN_GEOMETRIC_PRESENTATION_REPRESENTATION (  '', ( #3320 ), #1437 ) ;
#4276 = DIRECTION ( 'NONE',  ( 0.000000000000000000, 0.000000000000000000, 1.000000000000000000 ) ) ;
#4277 = FACE_OUTER_BOUND ( 'NONE', #4407, .T. ) ;
#4278 = SURFACE_SIDE_STYLE ('',( #1715 ) ) ;
#4279 = STYLED_ITEM ( 'NONE', ( #4925 ), #5140 ) ;
#4280 =( LENGTH_UNIT ( ) NAMED_UNIT ( * ) SI_UNIT ( .MILLI., .METRE. ) );
#4281 = EDGE_CURVE ( 'NONE', #5910, #2695, #3646, .T. ) ;
#4282 = AXIS2_PLACEMENT_3D ( 'NONE', #3543, #5672, #467 ) ;
#4283 = AXIS2_PLACEMENT_3D ( 'NONE', #5976, #5488, #4861 ) ;
#4284 = FACE_OUTER_BOUND ( 'NONE', #5315, .T. ) ;
#4285 = EDGE_CURVE ( 'NONE', #179, #2975, #4264, .T. ) ;
#4286 = CARTESIAN_POINT ( 'NONE',  ( 20.00000000000000000, -13.50000000000000000, 21.49999999999999289 ) ) ;
#4287 = EDGE_CURVE ( 'NONE', #584, #5807, #2669, .T. ) ;
#4288 = DIRECTION ( 'NONE',  ( -1.000000000000000000, -0.000000000000000000, -0.000000000000000000 ) ) ;
#4289 =( LENGTH_UNIT ( ) NAMED_UNIT ( * ) SI_UNIT ( .MILLI., .METRE. ) );
#4290 = ORIENTED_EDGE ( 'NONE', *, *, #2824, .T. ) ;
#4291 = ORIENTED_EDGE ( 'NONE', *, *, #3968, .T. ) ;
#4292 = FILL_AREA_STYLE ('',( #5317 ) ) ;
#4293 = FILL_AREA_STYLE_COLOUR ( '', #6480 ) ;
#4294 = CARTESIAN_POINT ( 'NONE',  ( -44.50000000000001421, -42.54163056034263946, -29.00000000000000711 ) ) ;
#4295 = LINE ( 'NONE', #4824, #5187 ) ;
#4296 = DIRECTION ( 'NONE',  ( 5.204170427930421283E-15, 0.000000000000000000, -1.000000000000000000 ) ) ;
#4297 = EDGE_LOOP ( 'NONE', ( #4059, #3973, #3157, #4862 ) ) ;
#4298 = VERTEX_POINT ( 'NONE', #5853 ) ;
#4299 = UNCERTAINTY_MEASURE_WITH_UNIT (LENGTH_MEASURE( 1.000000000000000082E-05 ), #2563, 'distance_accuracy_value', 'NONE');
#4300 = FILL_AREA_STYLE_COLOUR ( '', #3420 ) ;
#4301 = CARTESIAN_POINT ( 'NONE',  ( -27.50000000000001776, -22.00000000000000000, 17.40000000000001279 ) ) ;
#4302 = DIRECTION ( 'NONE',  ( -1.020425574104003629E-16, 0.000000000000000000, -1.000000000000000000 ) ) ;
#4303 = VERTEX_POINT ( 'NONE', #1597 ) ;
#4304 = FACE_OUTER_BOUND ( 'NONE', #2507, .T. ) ;
#4305 = CARTESIAN_POINT ( 'NONE',  ( 16.00000000000000000, -7.000000000000000000, 30.00000000000001066 ) ) ;
#4306 = ORIENTED_EDGE ( 'NONE', *, *, #6279, .T. ) ;
#4307 = LINE ( 'NONE', #5302, #3356 ) ;
#4308 = DIRECTION ( 'NONE',  ( -0.000000000000000000, -0.000000000000000000, -1.000000000000000000 ) ) ;
#4309 = DIRECTION ( 'NONE',  ( -0.000000000000000000, -1.000000000000000000, -0.000000000000000000 ) ) ;
#4310 = SURFACE_STYLE_FILL_AREA ( #5924 ) ;
#4311 = ADVANCED_FACE ( 'NONE', ( #6358, #1707 ), #5806, .T. ) ;
#4312 = DIRECTION ( 'NONE',  ( 0.000000000000000000, -1.000000000000000000, -0.000000000000000000 ) ) ;
#4313 = COLOUR_RGB ( '',0.5019607843137254832, 0.5019607843137254832, 1.000000000000000000 ) ;
#4314 = FACE_OUTER_BOUND ( 'NONE', #722, .T. ) ;
#4315 = UNCERTAINTY_MEASURE_WITH_UNIT (LENGTH_MEASURE( 1.000000000000000082E-05 ), #4901, 'distance_accuracy_value', 'NONE');
#4316 = EDGE_CURVE ( 'NONE', #728, #4776, #2230, .T. ) ;
#4317 = AXIS2_PLACEMENT_3D ( 'NONE', #3263, #6299, #2962 ) ;
#4318 = EDGE_CURVE ( 'NONE', #2586, #5391, #5918, .T. ) ;
#4319 =( NAMED_UNIT ( * ) SI_UNIT ( $, .STERADIAN. ) SOLID_ANGLE_UNIT ( ) );
#4320 = CARTESIAN_POINT ( 'NONE',  ( -9.999999999999992895, -9.000000000000000000, -20.00000000000000355 ) ) ;
#4321 =( LENGTH_UNIT ( ) NAMED_UNIT ( * ) SI_UNIT ( .MILLI., .METRE. ) );
#4322 = EDGE_CURVE ( 'NONE', #3642, #1211, #6588, .T. ) ;
#4323 = ORIENTED_EDGE ( 'NONE', *, *, #4853, .F. ) ;
#4324 = ORIENTED_EDGE ( 'NONE', *, *, #1380, .T. ) ;
#4325 = STYLED_ITEM ( 'NONE', ( #2714 ), #1693 ) ;
#4326 = SURFACE_STYLE_USAGE ( .BOTH. , #109 ) ;
#4327 = CARTESIAN_POINT ( 'NONE',  ( 42.00056514623551607, 1.825934737349131920, -3.345034777005109650 ) ) ;
#4328 = CARTESIAN_POINT ( 'NONE',  ( 22.50000000000000000, -13.49999999999999822, 24.30000000000000782 ) ) ;
#4329 = COLOUR_RGB ( '',0.5019607843137254832, 0.5019607843137254832, 1.000000000000000000 ) ;
#4330 = VECTOR ( 'NONE', #1696, 1000.000000000000000 ) ;
#4331 = FILL_AREA_STYLE ('',( #2763 ) ) ;
#4332 = ORIENTED_EDGE ( 'NONE', *, *, #2419, .F. ) ;
#4333 = VERTEX_POINT ( 'NONE', #1636 ) ;
#4334 = CIRCLE ( 'NONE', #827, 1.750000000000005107 ) ;
#4335 = SURFACE_STYLE_FILL_AREA ( #2730 ) ;
#4336 = CARTESIAN_POINT ( 'NONE',  ( 12.49999999999999112, 9.004083487752723158, 40.00000000000000711 ) ) ;
#4337 = CARTESIAN_POINT ( 'NONE',  ( 42.04188619865060872, 4.000000000000000000, -5.000000000000000888 ) ) ;
#4338 = VERTEX_POINT ( 'NONE', #679 ) ;
#4339 = AXIS2_PLACEMENT_3D ( 'NONE', #5365, #1125, #1284 ) ;
#4340 = DIRECTION ( 'NONE',  ( 0.000000000000000000, 1.000000000000000000, -0.000000000000000000 ) ) ;
#4341 = ORIENTED_EDGE ( 'NONE', *, *, #766, .F. ) ;
#4342 = CARTESIAN_POINT ( 'NONE',  ( 85.50000000000001421, 4.000000000000000000, 3.091507183936761827 ) ) ;
#4343 = VECTOR ( 'NONE', #3, 1000.000000000000000 ) ;
#4344 = CARTESIAN_POINT ( 'NONE',  ( -44.50000000000001421, -18.50000000000000000, -27.25000000000000355 ) ) ;
#4345 = PLANE ( 'NONE',  #213 ) ;
#4346 = DIRECTION ( 'NONE',  ( 0.000000000000000000, 1.000000000000000000, 0.000000000000000000 ) ) ;
#4347 = SURFACE_SIDE_STYLE ('',( #5508 ) ) ;
#4348 = UNCERTAINTY_MEASURE_WITH_UNIT (LENGTH_MEASURE( 1.000000000000000082E-05 ), #6475, 'distance_accuracy_value', 'NONE');
#4349 = PRESENTATION_LAYER_ASSIGNMENT (  '', '', ( #517 ) ) ;
#4350 = SURFACE_STYLE_USAGE ( .BOTH. , #2266 ) ;
#4351 = SURFACE_STYLE_FILL_AREA ( #2267 ) ;
#4352 = DIRECTION ( 'NONE',  ( -1.000000000000000000, 0.000000000000000000, 0.000000000000000000 ) ) ;
#4353 = LINE ( 'NONE', #4243, #2352 ) ;
#4354 = CARTESIAN_POINT ( 'NONE',  ( 12.00000000000000178, -13.49999999999999822, 24.30000000000000782 ) ) ;
#4355 = LINE ( 'NONE', #274, #753 ) ;
#4356 = AXIS2_PLACEMENT_3D ( 'NONE', #1988, #6228, #4667 ) ;
#4357 = DIRECTION ( 'NONE',  ( 0.000000000000000000, 1.000000000000000000, 0.000000000000000000 ) ) ;
#4358 = ORIENTED_EDGE ( 'NONE', *, *, #549, .F. ) ;
#4359 = EDGE_LOOP ( 'NONE', ( #1438, #4013, #6496, #801 ) ) ;
#4360 = AXIS2_PLACEMENT_3D ( 'NONE', #386, #1374, #763 ) ;
#4361 = CARTESIAN_POINT ( 'NONE',  ( 45.51694929945694668, 2.241986922624502832, -4.260410258234672121 ) ) ;
#4362 = PRESENTATION_STYLE_ASSIGNMENT (( #6527 ) ) ;
#4363 = CARTESIAN_POINT ( 'NONE',  ( -36.08101651390111897, -18.50000000000000000, 30.17077626419152381 ) ) ;
#4364 = VERTEX_POINT ( 'NONE', #2800 ) ;
#4365 = ORIENTED_EDGE ( 'NONE', *, *, #832, .T. ) ;
#4366 = STYLED_ITEM ( 'NONE', ( #6391 ), #4536 ) ;
#4367 = PRESENTATION_LAYER_ASSIGNMENT (  '', '', ( #1198 ) ) ;
#4368 = COLOUR_RGB ( '',0.5019607843137254832, 0.5019607843137254832, 1.000000000000000000 ) ;
#4369 = UNCERTAINTY_MEASURE_WITH_UNIT (LENGTH_MEASURE( 1.000000000000000082E-05 ), #4634, 'distance_accuracy_value', 'NONE');
#4370 =( GEOMETRIC_REPRESENTATION_CONTEXT ( 3 ) GLOBAL_UNCERTAINTY_ASSIGNED_CONTEXT ( ( #1139 ) ) GLOBAL_UNIT_ASSIGNED_CONTEXT ( ( #4780, #4209, #5448 ) ) REPRESENTATION_CONTEXT ( 'NONE', 'WORKASPACE' ) );
#4371 = PRESENTATION_LAYER_ASSIGNMENT (  '', '', ( #3916 ) ) ;
#4372 = STYLED_ITEM ( 'NONE', ( #6131 ), #3300 ) ;
#4373 = DIRECTION ( 'NONE',  ( 0.000000000000000000, 0.000000000000000000, 1.000000000000000000 ) ) ;
#4374 = DIRECTION ( 'NONE',  ( 0.000000000000000000, 0.000000000000000000, 1.000000000000000000 ) ) ;
#4375 = CARTESIAN_POINT ( 'NONE',  ( 85.50000000000001421, 0.000000000000000000, -3.091507183936761827 ) ) ;
#4376 = ORIENTED_EDGE ( 'NONE', *, *, #6637, .F. ) ;
#4377 = DIRECTION ( 'NONE',  ( 1.000000000000000000, 0.000000000000000000, 0.000000000000000000 ) ) ;
#4378 = VECTOR ( 'NONE', #5333, 1000.000000000000000 ) ;
#4379 = CARTESIAN_POINT ( 'NONE',  ( -44.50000000000001421, -6.000000000000000000, 29.00000000000000711 ) ) ;
#4380 = VECTOR ( 'NONE', #1073, 1000.000000000000000 ) ;
#4381 = DIRECTION ( 'NONE',  ( 0.000000000000000000, 0.000000000000000000, -1.000000000000000000 ) ) ;
#4382 = MECHANICAL_DESIGN_GEOMETRIC_PRESENTATION_REPRESENTATION (  '', ( #6715 ), #5718 ) ;
#4383 =( NAMED_UNIT ( * ) PLANE_ANGLE_UNIT ( ) SI_UNIT ( $, .RADIAN. ) );
#4384 =( GEOMETRIC_REPRESENTATION_CONTEXT ( 3 ) GLOBAL_UNCERTAINTY_ASSIGNED_CONTEXT ( ( #5738 ) ) GLOBAL_UNIT_ASSIGNED_CONTEXT ( ( #1481, #2031, #32 ) ) REPRESENTATION_CONTEXT ( 'NONE', 'WORKASPACE' ) );
#4385 = FILL_AREA_STYLE ('',( #2807 ) ) ;
#4386 = ORIENTED_EDGE ( 'NONE', *, *, #723, .F. ) ;
#4387 = PRESENTATION_LAYER_ASSIGNMENT (  '', '', ( #6828 ) ) ;
#4388 = PRESENTATION_STYLE_ASSIGNMENT (( #2430 ) ) ;
#4389 = MECHANICAL_DESIGN_GEOMETRIC_PRESENTATION_REPRESENTATION (  '', ( #5513 ), #1322 ) ;
#4390 = MECHANICAL_DESIGN_GEOMETRIC_PRESENTATION_REPRESENTATION (  '', ( #3738 ), #1536 ) ;
#4391 = CARTESIAN_POINT ( 'NONE',  ( 1.000000000000005995, 3.999999999999999112, -30.00000000000000711 ) ) ;
#4392 =( NAMED_UNIT ( * ) PLANE_ANGLE_UNIT ( ) SI_UNIT ( $, .RADIAN. ) );
#4393 = AXIS2_PLACEMENT_3D ( 'NONE', #3015, #3631, #5099 ) ;
#4394 = PLANE ( 'NONE',  #2066 ) ;
#4395 = DIRECTION ( 'NONE',  ( 0.000000000000000000, -1.000000000000000000, 0.000000000000000000 ) ) ;
#4396 = CARTESIAN_POINT ( 'NONE',  ( 25.49999999999999645, 0.000000000000000000, 27.05209286809889235 ) ) ;
#4397 =( NAMED_UNIT ( * ) SI_UNIT ( $, .STERADIAN. ) SOLID_ANGLE_UNIT ( ) );
#4398 = AXIS2_PLACEMENT_3D ( 'NONE', #3958, #2839, #844 ) ;
#4399 = AXIS2_PLACEMENT_3D ( 'NONE', #1194, #4309, #3303 ) ;
#4400 = EDGE_LOOP ( 'NONE', ( #3340, #729 ) ) ;
#4401 =( NAMED_UNIT ( * ) PLANE_ANGLE_UNIT ( ) SI_UNIT ( $, .RADIAN. ) );
#4402 = DIRECTION ( 'NONE',  ( 0.000000000000000000, -0.000000000000000000, 1.000000000000000000 ) ) ;
#4403 = DIRECTION ( 'NONE',  ( -1.000000000000000000, 0.000000000000000000, 0.000000000000000000 ) ) ;
#4404 = PRESENTATION_LAYER_ASSIGNMENT (  '', '', ( #2988 ) ) ;
#4405 = EDGE_CURVE ( 'NONE', #2611, #4364, #5374, .T. ) ;
#4406 = SURFACE_STYLE_USAGE ( .BOTH. , #3283 ) ;
#4407 = EDGE_LOOP ( 'NONE', ( #3898, #908, #1121, #1917, #3754, #4564, #4814, #4648, #3140, #3529, #1294, #5736, #2326, #4458 ) ) ;
#4408 = VERTEX_POINT ( 'NONE', #1288 ) ;
#4409 = DIRECTION ( 'NONE',  ( 0.000000000000000000, 1.000000000000000000, 0.000000000000000000 ) ) ;
#4410 = FILL_AREA_STYLE_COLOUR ( '', #5163 ) ;
#4411 = EDGE_CURVE ( 'NONE', #216, #6310, #1812, .T. ) ;
#4412 = DIRECTION ( 'NONE',  ( -1.000000000000000000, 0.000000000000000000, -0.000000000000000000 ) ) ;
#4413 = DIRECTION ( 'NONE',  ( -0.000000000000000000, -1.000000000000000000, -0.000000000000000000 ) ) ;
#4414 = ORIENTED_EDGE ( 'NONE', *, *, #5872, .F. ) ;
#4415 = EDGE_CURVE ( 'NONE', #5600, #2794, #1784, .T. ) ;
#4416 = DIRECTION ( 'NONE',  ( 0.000000000000000000, -1.000000000000000000, 0.000000000000000000 ) ) ;
#4417 =( NAMED_UNIT ( * ) SI_UNIT ( $, .STERADIAN. ) SOLID_ANGLE_UNIT ( ) );
#4418 = EDGE_CURVE ( 'NONE', #3345, #6395, #2832, .T. ) ;
#4419 = ORIENTED_EDGE ( 'NONE', *, *, #1091, .T. ) ;
#4420 = UNCERTAINTY_MEASURE_WITH_UNIT (LENGTH_MEASURE( 1.000000000000000082E-05 ), #1023, 'distance_accuracy_value', 'NONE');
#4421 =( NAMED_UNIT ( * ) PLANE_ANGLE_UNIT ( ) SI_UNIT ( $, .RADIAN. ) );
#4422 = SURFACE_SIDE_STYLE ('',( #3511 ) ) ;
#4423 = SURFACE_SIDE_STYLE ('',( #891 ) ) ;
#4424 = CARTESIAN_POINT ( 'NONE',  ( -45.50000000000001421, 3.000000000000000000, 2.499999999999999112 ) ) ;
#4425 = SURFACE_STYLE_FILL_AREA ( #3479 ) ;
#4426 = EDGE_LOOP ( 'NONE', ( #5574, #4705 ) ) ;
#4427 =( NAMED_UNIT ( * ) PLANE_ANGLE_UNIT ( ) SI_UNIT ( $, .RADIAN. ) );
#4428 = PRESENTATION_STYLE_ASSIGNMENT (( #6456 ) ) ;
#4429 = FACE_OUTER_BOUND ( 'NONE', #3457, .T. ) ;
#4430 = CARTESIAN_POINT ( 'NONE',  ( 44.50000000000001421, -2.999999999999999112, -29.00000000000000711 ) ) ;
#4431 = FACE_OUTER_BOUND ( 'NONE', #845, .T. ) ;
#4432 = ORIENTED_EDGE ( 'NONE', *, *, #985, .T. ) ;
#4433 = ORIENTED_EDGE ( 'NONE', *, *, #5367, .T. ) ;
#4434 = PRESENTATION_LAYER_ASSIGNMENT (  '', '', ( #3474 ) ) ;
#4435 =( NAMED_UNIT ( * ) SI_UNIT ( $, .STERADIAN. ) SOLID_ANGLE_UNIT ( ) );
#4436 = CARTESIAN_POINT ( 'NONE',  ( -58.34927731208833279, 0.000000000000000000, -37.51000000000001933 ) ) ;
#4437 =( NAMED_UNIT ( * ) SI_UNIT ( $, .STERADIAN. ) SOLID_ANGLE_UNIT ( ) );
#4438 = SURFACE_STYLE_USAGE ( .BOTH. , #5630 ) ;
#4439 = CARTESIAN_POINT ( 'NONE',  ( 45.53686130941645160, 2.937604184592010004, 4.809004328396132344 ) ) ;
#4440 = ORIENTED_EDGE ( 'NONE', *, *, #3975, .T. ) ;
#4441 = MECHANICAL_DESIGN_GEOMETRIC_PRESENTATION_REPRESENTATION (  '', ( #4554 ), #5109 ) ;
#4442 = PRESENTATION_STYLE_ASSIGNMENT (( #4934 ) ) ;
#4443 = EDGE_CURVE ( 'NONE', #4753, #3945, #5984, .T. ) ;
#4444 = DIRECTION ( 'NONE',  ( -0.000000000000000000, -1.000000000000000000, -0.000000000000000000 ) ) ;
#4445 = FILL_AREA_STYLE_COLOUR ( '', #6264 ) ;
#4446 = LINE ( 'NONE', #6708, #4031 ) ;
#4447 =( LENGTH_UNIT ( ) NAMED_UNIT ( * ) SI_UNIT ( .MILLI., .METRE. ) );
#4448 = ORIENTED_EDGE ( 'NONE', *, *, #348, .T. ) ;
#4449 =( GEOMETRIC_REPRESENTATION_CONTEXT ( 3 ) GLOBAL_UNCERTAINTY_ASSIGNED_CONTEXT ( ( #5319 ) ) GLOBAL_UNIT_ASSIGNED_CONTEXT ( ( #5252, #5837, #1110 ) ) REPRESENTATION_CONTEXT ( 'NONE', 'WORKASPACE' ) );
#4450 = LINE ( 'NONE', #5052, #6295 ) ;
#4451 =( LENGTH_UNIT ( ) NAMED_UNIT ( * ) SI_UNIT ( .MILLI., .METRE. ) );
#4452 =( NAMED_UNIT ( * ) SI_UNIT ( $, .STERADIAN. ) SOLID_ANGLE_UNIT ( ) );
#4453 = DIRECTION ( 'NONE',  ( 0.000000000000000000, 0.000000000000000000, 1.000000000000000000 ) ) ;
#4454 =( NAMED_UNIT ( * ) SI_UNIT ( $, .STERADIAN. ) SOLID_ANGLE_UNIT ( ) );
#4455 = FILL_AREA_STYLE ('',( #752 ) ) ;
#4456 =( GEOMETRIC_REPRESENTATION_CONTEXT ( 3 ) GLOBAL_UNCERTAINTY_ASSIGNED_CONTEXT ( ( #4299 ) ) GLOBAL_UNIT_ASSIGNED_CONTEXT ( ( #2563, #4690, #5699 ) ) REPRESENTATION_CONTEXT ( 'NONE', 'WORKASPACE' ) );
#4457 = AXIS2_PLACEMENT_3D ( 'NONE', #3004, #4000, #1897 ) ;
#4458 = ORIENTED_EDGE ( 'NONE', *, *, #374, .F. ) ;
#4459 = AXIS2_PLACEMENT_3D ( 'NONE', #5897, #1235, #21 ) ;
#4460 = CARTESIAN_POINT ( 'NONE',  ( -44.50000000000001421, -22.00000000000000355, 26.50000000000000711 ) ) ;
#4461 = CARTESIAN_POINT ( 'NONE',  ( 42.04188619865061582, 3.543564344074468853, -5.000000000000003553 ) ) ;
#4462 = DIRECTION ( 'NONE',  ( 0.000000000000000000, 1.000000000000000000, 0.000000000000000000 ) ) ;
#4463 = DIRECTION ( 'NONE',  ( 0.000000000000000000, 0.000000000000000000, 1.000000000000000000 ) ) ;
#4464 = CARTESIAN_POINT ( 'NONE',  ( -18.59150718393674850, 0.000000000000000000, 26.50000000000001066 ) ) ;
#4465 = CARTESIAN_POINT ( 'NONE',  ( -18.59150718393674850, -22.00000000000000000, -30.00000000000000711 ) ) ;
#4466 = ORIENTED_EDGE ( 'NONE', *, *, #5344, .T. ) ;
#4467 = ORIENTED_EDGE ( 'NONE', *, *, #6361, .T. ) ;
#4468 = DIRECTION ( 'NONE',  ( 0.000000000000000000, 0.000000000000000000, 1.000000000000000000 ) ) ;
#4469 = FILL_AREA_STYLE_COLOUR ( '', #1777 ) ;
#4470 = CIRCLE ( 'NONE', #5267, 4.599999999999999645 ) ;
#4471 = EDGE_LOOP ( 'NONE', ( #2312, #6630 ) ) ;
#4472 = AXIS2_PLACEMENT_3D ( 'NONE', #5361, #6405, #1640 ) ;
#4473 =( NAMED_UNIT ( * ) SI_UNIT ( $, .STERADIAN. ) SOLID_ANGLE_UNIT ( ) );
#4474 = AXIS2_PLACEMENT_3D ( 'NONE', #795, #3389, #1829 ) ;
#4475 = PRESENTATION_LAYER_ASSIGNMENT (  '', '', ( #424 ) ) ;
#4476 =( GEOMETRIC_REPRESENTATION_CONTEXT ( 3 ) GLOBAL_UNCERTAINTY_ASSIGNED_CONTEXT ( ( #116 ) ) GLOBAL_UNIT_ASSIGNED_CONTEXT ( ( #6634, #1806, #6560 ) ) REPRESENTATION_CONTEXT ( 'NONE', 'WORKASPACE' ) );
#4477 =( GEOMETRIC_REPRESENTATION_CONTEXT ( 3 ) GLOBAL_UNCERTAINTY_ASSIGNED_CONTEXT ( ( #6801 ) ) GLOBAL_UNIT_ASSIGNED_CONTEXT ( ( #1714, #4383, #2837 ) ) REPRESENTATION_CONTEXT ( 'NONE', 'WORKASPACE' ) );
#4478 = SURFACE_SIDE_STYLE ('',( #298 ) ) ;
#4479 = PRESENTATION_STYLE_ASSIGNMENT (( #2331 ) ) ;
#4480 = EDGE_LOOP ( 'NONE', ( #521, #5644, #1644, #694, #1289, #3502 ) ) ;
#4481 = CIRCLE ( 'NONE', #2072, 40.00000000000000000 ) ;
#4482 = ORIENTED_EDGE ( 'NONE', *, *, #4518, .F. ) ;
#4483 = LINE ( 'NONE', #5048, #2983 ) ;
#4484 = PRESENTATION_LAYER_ASSIGNMENT (  '', '', ( #6055 ) ) ;
#4485 = VERTEX_POINT ( 'NONE', #2874 ) ;
#4486 = AXIS2_PLACEMENT_3D ( 'NONE', #1658, #4288, #1240 ) ;
#4487 = COLOUR_RGB ( '',0.5019607843137254832, 0.5019607843137254832, 1.000000000000000000 ) ;
#4488 = DIRECTION ( 'NONE',  ( 0.000000000000000000, -1.000000000000000000, 0.000000000000000000 ) ) ;
#4489 = CARTESIAN_POINT ( 'NONE',  ( 45.50000000000001421, -22.00000000000000000, 3.091507183936761827 ) ) ;
#4490 = FILL_AREA_STYLE_COLOUR ( '', #3833 ) ;
#4491 = SURFACE_SIDE_STYLE ('',( #2402 ) ) ;
#4492 =( NAMED_UNIT ( * ) PLANE_ANGLE_UNIT ( ) SI_UNIT ( $, .RADIAN. ) );
#4493 = SURFACE_STYLE_FILL_AREA ( #2502 ) ;
#4494 = DIRECTION ( 'NONE',  ( 0.000000000000000000, 1.000000000000000000, 0.000000000000000000 ) ) ;
#4495 = VECTOR ( 'NONE', #6379, 1000.000000000000000 ) ;
#4496 = CARTESIAN_POINT ( 'NONE',  ( -44.50000000000001421, -6.000000000000001776, -29.00000000000000711 ) ) ;
#4497 = EDGE_CURVE ( 'NONE', #4863, #6567, #4522, .T. ) ;
#4498 = ORIENTED_EDGE ( 'NONE', *, *, #58, .F. ) ;
#4499 = MECHANICAL_DESIGN_GEOMETRIC_PRESENTATION_REPRESENTATION (  '', ( #5622 ), #5402 ) ;
#4500 = COLOUR_RGB ( '',0.5019607843137254832, 0.5019607843137254832, 1.000000000000000000 ) ;
#4501 = ADVANCED_FACE ( 'NONE', ( #1694 ), #1109, .T. ) ;
#4502 = EDGE_CURVE ( 'NONE', #5096, #5441, #5835, .T. ) ;
#4503 = CARTESIAN_POINT ( 'NONE',  ( -18.59150718393674495, 15.00000000000000000, 70.00000000000000000 ) ) ;
#4504 = SURFACE_STYLE_FILL_AREA ( #825 ) ;
#4505 = DIRECTION ( 'NONE',  ( -0.000000000000000000, 1.000000000000000000, -0.000000000000000000 ) ) ;
#4506 = MECHANICAL_DESIGN_GEOMETRIC_PRESENTATION_REPRESENTATION (  '', ( #6508 ), #4735 ) ;
#4507 = AXIS2_PLACEMENT_3D ( 'NONE', #6054, #1883, #3955 ) ;
#4508 = CARTESIAN_POINT ( 'NONE',  ( 9.500000000000001776, 0.000000000000000000, 26.50000000000001066 ) ) ;
#4509 = ORIENTED_EDGE ( 'NONE', *, *, #6678, .F. ) ;
#4510 = CIRCLE ( 'NONE', #6623, 2.500000000000005773 ) ;
#4511 = EDGE_LOOP ( 'NONE', ( #2956, #3117, #6011, #2764 ) ) ;
#4512 = MECHANICAL_DESIGN_GEOMETRIC_PRESENTATION_REPRESENTATION (  '', ( #2653 ), #3842 ) ;
#4513 = COLOUR_RGB ( '',0.5019607843137254832, 0.5019607843137254832, 1.000000000000000000 ) ;
#4514 =( GEOMETRIC_REPRESENTATION_CONTEXT ( 3 ) GLOBAL_UNCERTAINTY_ASSIGNED_CONTEXT ( ( #5761 ) ) GLOBAL_UNIT_ASSIGNED_CONTEXT ( ( #953, #3616, #1930 ) ) REPRESENTATION_CONTEXT ( 'NONE', 'WORKASPACE' ) );
#4515 =( LENGTH_UNIT ( ) NAMED_UNIT ( * ) SI_UNIT ( .MILLI., .METRE. ) );
#4516 = DIRECTION ( 'NONE',  ( 0.000000000000000000, 0.000000000000000000, 1.000000000000000000 ) ) ;
#4517 = FACE_OUTER_BOUND ( 'NONE', #5902, .T. ) ;
#4518 = EDGE_CURVE ( 'NONE', #3118, #4303, #184, .T. ) ;
#4519 = EDGE_LOOP ( 'NONE', ( #6227, #6836, #2226, #6191 ) ) ;
#4520 = PRESENTATION_STYLE_ASSIGNMENT (( #5103 ) ) ;
#4521 = PRESENTATION_STYLE_ASSIGNMENT (( #6612 ) ) ;
#4522 = B_SPLINE_CURVE_WITH_KNOTS ( 'NONE', 3,
 ( #1252, #4927, #3396, #254, #3880, #4439, #6013, #6566, #5500, #1840, #224, #6049, #3912, #4969, #1320, #3435 ),
 .UNSPECIFIED., .F., .F.,
 ( 4, 2, 2, 2, 2, 2, 2, 4 ),
 ( 0.000000000000000000, 0.0003791986719825332273, 0.0007583973439650664545, 0.001137596015947599628, 0.001516794687930132909, 0.001895993359912665974, 0.002275192031895199255, 0.003033589375860264951 ),
 .UNSPECIFIED. ) ;
#4523 =( NAMED_UNIT ( * ) SI_UNIT ( $, .STERADIAN. ) SOLID_ANGLE_UNIT ( ) );
#4524 = EDGE_LOOP ( 'NONE', ( #1191, #4870, #2678, #4928, #3603, #2078, #5236, #737 ) ) ;
#4525 = CARTESIAN_POINT ( 'NONE',  ( -15.50000000000001776, -15.00000000000000178, 20.00000000000001066 ) ) ;
#4526 = ORIENTED_EDGE ( 'NONE', *, *, #4067, .F. ) ;
#4527 = UNCERTAINTY_MEASURE_WITH_UNIT (LENGTH_MEASURE( 1.000000000000000082E-05 ), #3665, 'distance_accuracy_value', 'NONE');
#4528 = DIRECTION ( 'NONE',  ( 0.000000000000000000, 0.000000000000000000, -1.000000000000000000 ) ) ;
#4529 = CARTESIAN_POINT ( 'NONE',  ( -42.00000000000000711, 4.000000000000000000, -2.499999999999999556 ) ) ;
#4530 = ADVANCED_FACE ( 'NONE', ( #5873, #1215 ), #5346, .T. ) ;
#4531 = FILL_AREA_STYLE ('',( #2440 ) ) ;
#4532 = CARTESIAN_POINT ( 'NONE',  ( 45.50000000000001421, 15.00000000000000000, 30.00000000000001066 ) ) ;
#4533 = DIRECTION ( 'NONE',  ( 0.000000000000000000, 0.000000000000000000, 1.000000000000000000 ) ) ;
#4534 = CARTESIAN_POINT ( 'NONE',  ( 44.50000000000001421, -22.00000000000000355, 31.50000000000001421 ) ) ;
#4535 = ORIENTED_EDGE ( 'NONE', *, *, #2911, .T. ) ;
#4536 = ADVANCED_FACE ( 'NONE', ( #2221 ), #1064, .T. ) ;
#4537 =( LENGTH_UNIT ( ) NAMED_UNIT ( * ) SI_UNIT ( .MILLI., .METRE. ) );
#4538 = EDGE_CURVE ( 'NONE', #3907, #3702, #110, .T. ) ;
#4539 = DIRECTION ( 'NONE',  ( 1.000000000000000000, 0.000000000000000000, 4.885258803315056063E-16 ) ) ;
#4540 = ORIENTED_EDGE ( 'NONE', *, *, #1013, .F. ) ;
#4541 = ORIENTED_EDGE ( 'NONE', *, *, #1774, .F. ) ;
#4542 = EDGE_CURVE ( 'NONE', #5588, #433, #2179, .T. ) ;
#4543 = STYLED_ITEM ( 'NONE', ( #4758 ), #2245 ) ;
#4544 = AXIS2_PLACEMENT_3D ( 'NONE', #3131, #6824, #5335 ) ;
#4545 = FILL_AREA_STYLE ('',( #363 ) ) ;
#4546 = COLOUR_RGB ( '',0.5019607843137254832, 0.5019607843137254832, 1.000000000000000000 ) ;
#4547 = ORIENTED_EDGE ( 'NONE', *, *, #684, .T. ) ;
#4548 = MECHANICAL_DESIGN_GEOMETRIC_PRESENTATION_REPRESENTATION (  '', ( #1921 ), #4884 ) ;
#4549 = EDGE_CURVE ( 'NONE', #1994, #2841, #4470, .T. ) ;
#4550 = STYLED_ITEM ( 'NONE', ( #4888 ), #575 ) ;
#4551 = CARTESIAN_POINT ( 'NONE',  ( -44.50000000000001421, -19.99999999999999645, 29.00000000000000711 ) ) ;
#4552 = PRESENTATION_STYLE_ASSIGNMENT (( #4016 ) ) ;
#4553 =( NAMED_UNIT ( * ) PLANE_ANGLE_UNIT ( ) SI_UNIT ( $, .RADIAN. ) );
#4554 = STYLED_ITEM ( 'NONE', ( #3352 ), #6587 ) ;
#4555 = ORIENTED_EDGE ( 'NONE', *, *, #3585, .F. ) ;
#4556 =( NAMED_UNIT ( * ) SI_UNIT ( $, .STERADIAN. ) SOLID_ANGLE_UNIT ( ) );
#4557 = EDGE_LOOP ( 'NONE', ( #4801, #5102 ) ) ;
#4558 = DIRECTION ( 'NONE',  ( -0.000000000000000000, -1.000000000000000000, -0.000000000000000000 ) ) ;
#4559 =( NAMED_UNIT ( * ) SI_UNIT ( $, .STERADIAN. ) SOLID_ANGLE_UNIT ( ) );
#4560 = DIRECTION ( 'NONE',  ( -0.000000000000000000, 1.000000000000000000, 0.000000000000000000 ) ) ;
#4561 = CARTESIAN_POINT ( 'NONE',  ( 25.50000000000000000, 0.000000000000000000, 21.50000000000000355 ) ) ;
#4562 = SURFACE_STYLE_FILL_AREA ( #792 ) ;
#4563 =( NAMED_UNIT ( * ) PLANE_ANGLE_UNIT ( ) SI_UNIT ( $, .RADIAN. ) );
#4564 = ORIENTED_EDGE ( 'NONE', *, *, #6702, .T. ) ;
#4565 = STYLED_ITEM ( 'NONE', ( #1318 ), #2866 ) ;
#4566 = CARTESIAN_POINT ( 'NONE',  ( -44.50000000000001421, -2.999999999999998224, 24.00000000000001066 ) ) ;
#4567 = PRESENTATION_STYLE_ASSIGNMENT (( #2447 ) ) ;
#4568 = CIRCLE ( 'NONE', #6572, 40.00000000000000000 ) ;
#4569 = CARTESIAN_POINT ( 'NONE',  ( -44.50000000000001421, 0.000000000000000000, -29.00000000000000711 ) ) ;
#4570 = SURFACE_SIDE_STYLE ('',( #5722 ) ) ;
#4571 = COLOUR_RGB ( '',0.5019607843137254832, 0.5019607843137254832, 1.000000000000000000 ) ;
#4572 = FILL_AREA_STYLE_COLOUR ( '', #4329 ) ;
#4573 = FILL_AREA_STYLE_COLOUR ( '', #6808 ) ;
#4574 = EDGE_LOOP ( 'NONE', ( #5632, #3574, #5798, #5784, #6782, #5854 ) ) ;
#4575 = ORIENTED_EDGE ( 'NONE', *, *, #1115, .T. ) ;
#4576 = EDGE_CURVE ( 'NONE', #6737, #144, #5211, .T. ) ;
#4577 =( GEOMETRIC_REPRESENTATION_CONTEXT ( 3 ) GLOBAL_UNCERTAINTY_ASSIGNED_CONTEXT ( ( #4369 ) ) GLOBAL_UNIT_ASSIGNED_CONTEXT ( ( #4634, #3053, #2955 ) ) REPRESENTATION_CONTEXT ( 'NONE', 'WORKASPACE' ) );
#4578 = CARTESIAN_POINT ( 'NONE',  ( 44.50000000000001421, -42.54163056034263946, 27.25000000000000355 ) ) ;
#4579 = CARTESIAN_POINT ( 'NONE',  ( 19.18713103411931087, -8.462457090479762911, 30.00435921142168993 ) ) ;
#4580 = CYLINDRICAL_SURFACE ( 'NONE', #5505, 2.500000000000005773 ) ;
#4581 = ORIENTED_EDGE ( 'NONE', *, *, #4443, .F. ) ;
#4582 = EDGE_CURVE ( 'NONE', #5441, #1506, #5032, .T. ) ;
#4583 =( LENGTH_UNIT ( ) NAMED_UNIT ( * ) SI_UNIT ( .MILLI., .METRE. ) );
#4584 = EDGE_CURVE ( 'NONE', #2599, #3906, #2294, .T. ) ;
#4585 = STYLED_ITEM ( 'NONE', ( #6189 ), #949 ) ;
#4586 =( LENGTH_UNIT ( ) NAMED_UNIT ( * ) SI_UNIT ( .MILLI., .METRE. ) );
#4587 = ORIENTED_EDGE ( 'NONE', *, *, #4620, .F. ) ;
#4588 = DIRECTION ( 'NONE',  ( 0.000000000000000000, 0.000000000000000000, -1.000000000000000000 ) ) ;
#4589 = DIRECTION ( 'NONE',  ( 0.000000000000000000, 1.000000000000000000, 0.000000000000000000 ) ) ;
#4590 = COLOUR_RGB ( '',0.5019607843137254832, 0.5019607843137254832, 1.000000000000000000 ) ;
#4591 = PRESENTATION_LAYER_ASSIGNMENT (  '', '', ( #750 ) ) ;
#4592 = MECHANICAL_DESIGN_GEOMETRIC_PRESENTATION_REPRESENTATION (  '', ( #1198 ), #4476 ) ;
#4593 = PRESENTATION_LAYER_ASSIGNMENT (  '', '', ( #751 ) ) ;
#4594 = ORIENTED_EDGE ( 'NONE', *, *, #2432, .F. ) ;
#4595 = DIRECTION ( 'NONE',  ( -0.000000000000000000, 1.000000000000000000, -0.000000000000000000 ) ) ;
#4596 = FACE_OUTER_BOUND ( 'NONE', #4649, .T. ) ;
#4597 = DIRECTION ( 'NONE',  ( 0.000000000000000000, 1.000000000000000000, 0.000000000000000000 ) ) ;
#4598 = CIRCLE ( 'NONE', #5602, 43.50000000000000711 ) ;
#4599 = SURFACE_STYLE_USAGE ( .BOTH. , #5054 ) ;
#4600 = CIRCLE ( 'NONE', #4718, 40.00000000000000000 ) ;
#4601 = CARTESIAN_POINT ( 'NONE',  ( -11.99999999999999289, -6.999999999999999112, -20.00000000000000355 ) ) ;
#4602 = DIRECTION ( 'NONE',  ( 0.000000000000000000, 0.000000000000000000, 1.000000000000000000 ) ) ;
#4603 = PRESENTATION_LAYER_ASSIGNMENT (  '', '', ( #759 ) ) ;
#4604 = ORIENTED_EDGE ( 'NONE', *, *, #1485, .T. ) ;
#4605 = PRESENTATION_LAYER_ASSIGNMENT (  '', '', ( #4611 ) ) ;
#4606 = DIRECTION ( 'NONE',  ( 0.000000000000000000, -1.000000000000000000, -1.024628711853730936E-16 ) ) ;
#4607 = LINE ( 'NONE', #6202, #6153 ) ;
#4608 = STYLED_ITEM ( 'NONE', ( #4521 ), #6190 ) ;
#4609 = CARTESIAN_POINT ( 'NONE',  ( 44.50000000000001421, -2.999999999999999112, -26.50000000000000711 ) ) ;
#4610 = DIRECTION ( 'NONE',  ( -0.000000000000000000, 1.000000000000000000, -0.000000000000000000 ) ) ;
#4611 = STYLED_ITEM ( 'NONE', ( #796 ), #3033 ) ;
#4612 = ORIENTED_EDGE ( 'NONE', *, *, #6755, .F. ) ;
#4613 = MECHANICAL_DESIGN_GEOMETRIC_PRESENTATION_REPRESENTATION (  '', ( #4726 ), #5511 ) ;
#4614 = DIRECTION ( 'NONE',  ( 0.000000000000000000, 0.000000000000000000, 1.000000000000000000 ) ) ;
#4615 = PRESENTATION_LAYER_ASSIGNMENT (  '', '', ( #673 ) ) ;
#4616 = SURFACE_SIDE_STYLE ('',( #868 ) ) ;
#4617 = STYLED_ITEM ( 'NONE', ( #1234 ), #1249 ) ;
#4618 = DIRECTION ( 'NONE',  ( 0.000000000000000000, 1.000000000000000000, 0.000000000000000000 ) ) ;
#4619 = PRESENTATION_STYLE_ASSIGNMENT (( #5597 ) ) ;
#4620 = EDGE_CURVE ( 'NONE', #6033, #669, #73, .T. ) ;
#4621 = SURFACE_STYLE_USAGE ( .BOTH. , #2454 ) ;
#4622 = VECTOR ( 'NONE', #1510, 1000.000000000000000 ) ;
#4623 = CARTESIAN_POINT ( 'NONE',  ( 12.00000000000000178, 0.000000000000000000, 21.50000000000000355 ) ) ;
#4624 = CYLINDRICAL_SURFACE ( 'NONE', #5586, 1.750000000000005107 ) ;
#4625 = ORIENTED_EDGE ( 'NONE', *, *, #6790, .F. ) ;
#4626 = PRESENTATION_LAYER_ASSIGNMENT (  '', '', ( #781 ) ) ;
#4627 = AXIS2_PLACEMENT_3D ( 'NONE', #6740, #2006, #3086 ) ;
#4628 =( NAMED_UNIT ( * ) SI_UNIT ( $, .STERADIAN. ) SOLID_ANGLE_UNIT ( ) );
#4629 = COLOUR_RGB ( '',0.5019607843137254832, 0.5019607843137254832, 1.000000000000000000 ) ;
#4630 = ADVANCED_FACE ( 'NONE', ( #4759, #5836 ), #31, .F. ) ;
#4631 = CARTESIAN_POINT ( 'NONE',  ( 15.00000000000000178, 4.000000000000000000, -30.00000000000000000 ) ) ;
#4632 = PRESENTATION_STYLE_ASSIGNMENT (( #10 ) ) ;
#4633 = VERTEX_POINT ( 'NONE', #6490 ) ;
#4634 =( LENGTH_UNIT ( ) NAMED_UNIT ( * ) SI_UNIT ( .MILLI., .METRE. ) );
#4635 = CARTESIAN_POINT ( 'NONE',  ( 18.59150718393674495, -9.352464774572464279, 30.00000000000001066 ) ) ;
#4636 = EDGE_CURVE ( 'NONE', #5083, #6645, #5683, .T. ) ;
#4637 = ORIENTED_EDGE ( 'NONE', *, *, #6637, .T. ) ;
#4638 = CARTESIAN_POINT ( 'NONE',  ( 25.49999999999998934, -13.50000000000000000, 21.49999999999998934 ) ) ;
#4639 = SURFACE_SIDE_STYLE ('',( #5355 ) ) ;
#4640 = FACE_OUTER_BOUND ( 'NONE', #6661, .T. ) ;
#4641 =( NAMED_UNIT ( * ) PLANE_ANGLE_UNIT ( ) SI_UNIT ( $, .RADIAN. ) );
#4642 = EDGE_CURVE ( 'NONE', #4882, #4894, #3901, .T. ) ;
#4643 = DIRECTION ( 'NONE',  ( 0.000000000000000000, 0.000000000000000000, -1.000000000000000000 ) ) ;
#4644 = ORIENTED_EDGE ( 'NONE', *, *, #4620, .T. ) ;
#4645 = ADVANCED_FACE ( 'NONE', ( #2787, #758, #3327, #2247 ), #4886, .F. ) ;
#4646 = SURFACE_SIDE_STYLE ('',( #453 ) ) ;
#4647 = DIRECTION ( 'NONE',  ( 0.000000000000000000, -1.000000000000000000, 0.000000000000000000 ) ) ;
#4648 = ORIENTED_EDGE ( 'NONE', *, *, #2093, .T. ) ;
#4649 = EDGE_LOOP ( 'NONE', ( #4826, #1832, #4974, #5919 ) ) ;
#4650 = DIRECTION ( 'NONE',  ( 0.000000000000000000, 1.000000000000000000, 0.000000000000000000 ) ) ;
#4651 = DIRECTION ( 'NONE',  ( 0.000000000000000000, 0.000000000000000000, -1.000000000000000000 ) ) ;
#4652 = PLANE ( 'NONE',  #2645 ) ;
#4653 = DIRECTION ( 'NONE',  ( -1.000000000000000000, 0.000000000000000000, 0.000000000000000000 ) ) ;
#4654 = DIRECTION ( 'NONE',  ( 0.000000000000000000, 1.000000000000000000, 0.000000000000000000 ) ) ;
#4655 =( NAMED_UNIT ( * ) PLANE_ANGLE_UNIT ( ) SI_UNIT ( $, .RADIAN. ) );
#4656 = DIRECTION ( 'NONE',  ( 0.000000000000000000, 0.000000000000000000, 1.000000000000000000 ) ) ;
#4657 = STYLED_ITEM ( 'NONE', ( #6721 ), #6668 ) ;
#4658 = AXIS2_PLACEMENT_3D ( 'NONE', #3949, #5070, #1377 ) ;
#4659 = FACE_OUTER_BOUND ( 'NONE', #4050, .T. ) ;
#4660 = FILL_AREA_STYLE ('',( #6810 ) ) ;
#4661 = DIRECTION ( 'NONE',  ( 0.000000000000000000, 0.000000000000000000, 1.000000000000000000 ) ) ;
#4662 = ORIENTED_EDGE ( 'NONE', *, *, #4642, .F. ) ;
#4663 = CIRCLE ( 'NONE', #1701, 1.999999999999999556 ) ;
#4664 = ADVANCED_FACE ( 'NONE', ( #3423 ), #5525, .F. ) ;
#4665 = EDGE_LOOP ( 'NONE', ( #2515, #4857, #1012, #5648 ) ) ;
#4666 = PRESENTATION_STYLE_ASSIGNMENT (( #6783 ) ) ;
#4667 = DIRECTION ( 'NONE',  ( 0.000000000000000000, 0.000000000000000000, 1.000000000000000000 ) ) ;
#4668 = STYLED_ITEM ( 'NONE', ( #484 ), #6461 ) ;
#4669 = LINE ( 'NONE', #2015, #4156 ) ;
#4670 = MECHANICAL_DESIGN_GEOMETRIC_PRESENTATION_REPRESENTATION (  '', ( #4980 ), #2140 ) ;
#4671 = SURFACE_STYLE_FILL_AREA ( #1647 ) ;
#4672 = ORIENTED_EDGE ( 'NONE', *, *, #4538, .F. ) ;
#4673 = FILL_AREA_STYLE ('',( #5124 ) ) ;
#4674 = DIRECTION ( 'NONE',  ( 0.000000000000000000, 0.000000000000000000, 1.000000000000000000 ) ) ;
#4675 = EDGE_CURVE ( 'NONE', #4338, #3702, #383, .T. ) ;
#4676 = SURFACE_STYLE_USAGE ( .BOTH. , #3105 ) ;
#4677 = FILL_AREA_STYLE_COLOUR ( '', #6113 ) ;
#4678 = CARTESIAN_POINT ( 'NONE',  ( -44.50000000000001421, 0.000000000000000000, -29.00000000000000711 ) ) ;
#4679 = ORIENTED_EDGE ( 'NONE', *, *, #5958, .T. ) ;
#4680 = ORIENTED_EDGE ( 'NONE', *, *, #1281, .F. ) ;
#4681 = COLOUR_RGB ( '',0.5019607843137254832, 0.5019607843137254832, 1.000000000000000000 ) ;
#4682 = LINE ( 'NONE', #6211, #5507 ) ;
#4683 = SURFACE_STYLE_USAGE ( .BOTH. , #5177 ) ;
#4684 = CARTESIAN_POINT ( 'NONE',  ( 18.86596637189668968, -9.020385407009641199, 30.00078390944922191 ) ) ;
#4685 = EDGE_LOOP ( 'NONE', ( #2384, #2704 ) ) ;
#4686 = AXIS2_PLACEMENT_3D ( 'NONE', #429, #807, #6053 ) ;
#4687 = ORIENTED_EDGE ( 'NONE', *, *, #5077, .F. ) ;
#4688 = CIRCLE ( 'NONE', #5917, 2.500000000000002220 ) ;
#4689 = UNCERTAINTY_MEASURE_WITH_UNIT (LENGTH_MEASURE( 1.000000000000000082E-05 ), #5421, 'distance_accuracy_value', 'NONE');
#4690 =( NAMED_UNIT ( * ) PLANE_ANGLE_UNIT ( ) SI_UNIT ( $, .RADIAN. ) );
#4691 = CIRCLE ( 'NONE', #1839, 2.500000000000002220 ) ;
#4692 = PLANE ( 'NONE',  #3298 ) ;
#4693 =( NAMED_UNIT ( * ) PLANE_ANGLE_UNIT ( ) SI_UNIT ( $, .RADIAN. ) );
#4694 = ORIENTED_EDGE ( 'NONE', *, *, #428, .F. ) ;
#4695 = SURFACE_STYLE_FILL_AREA ( #5778 ) ;
#4696 = ORIENTED_EDGE ( 'NONE', *, *, #549, .T. ) ;
#4697 = CARTESIAN_POINT ( 'NONE',  ( -27.50000000000001776, -15.00000000000000178, 22.60000000000000853 ) ) ;
#4698 = FILL_AREA_STYLE_COLOUR ( '', #3519 ) ;
#4699 = CARTESIAN_POINT ( 'NONE',  ( 9.500000000000001776, -13.49999999999999822, 26.50000000000001066 ) ) ;
#4700 = EDGE_CURVE ( 'NONE', #3786, #669, #2065, .T. ) ;
#4701 = SURFACE_STYLE_FILL_AREA ( #5201 ) ;
#4702 = PRESENTATION_LAYER_ASSIGNMENT (  '', '', ( #3815 ) ) ;
#4703 = AXIS2_PLACEMENT_3D ( 'NONE', #4375, #5464, #736 ) ;
#4704 = VECTOR ( 'NONE', #2671, 1000.000000000000000 ) ;
#4705 = ORIENTED_EDGE ( 'NONE', *, *, #5166, .F. ) ;
#4706 = CIRCLE ( 'NONE', #3819, 8.500000000000010658 ) ;
#4707 = STYLED_ITEM ( 'NONE', ( #4428 ), #4645 ) ;
#4708 = COLOUR_RGB ( '',0.5019607843137254832, 0.5019607843137254832, 1.000000000000000000 ) ;
#4709 = PRESENTATION_STYLE_ASSIGNMENT (( #6793 ) ) ;
#4710 = DIRECTION ( 'NONE',  ( 0.000000000000000000, 1.000000000000000000, -1.084202172485504434E-16 ) ) ;
#4711 = EDGE_CURVE ( 'NONE', #508, #3530, #3067, .T. ) ;
#4712 = CARTESIAN_POINT ( 'NONE',  ( 6.500000000000005329, 0.000000000000000000, 26.50000000000001066 ) ) ;
#4713 = STYLED_ITEM ( 'NONE', ( #3553 ), #5988 ) ;
#4714 = DIRECTION ( 'NONE',  ( 0.000000000000000000, -1.000000000000000000, 0.000000000000000000 ) ) ;
#4715 = ORIENTED_EDGE ( 'NONE', *, *, #1171, .T. ) ;
#4716 = ORIENTED_EDGE ( 'NONE', *, *, #6720, .T. ) ;
#4717 = PRESENTATION_LAYER_ASSIGNMENT (  '', '', ( #2305 ) ) ;
#4718 = AXIS2_PLACEMENT_3D ( 'NONE', #2045, #6306, #989 ) ;
#4719 = EDGE_CURVE ( 'NONE', #5262, #913, #2729, .T. ) ;
#4720 = EDGE_CURVE ( 'NONE', #6693, #68, #3484, .T. ) ;
#4721 = UNCERTAINTY_MEASURE_WITH_UNIT (LENGTH_MEASURE( 1.000000000000000082E-05 ), #4866, 'distance_accuracy_value', 'NONE');
#4722 = PRESENTATION_LAYER_ASSIGNMENT (  '', '', ( #4608 ) ) ;
#4723 = CARTESIAN_POINT ( 'NONE',  ( 45.50000000000001421, -18.50000000000000355, 26.50000000000001066 ) ) ;
#4724 = UNCERTAINTY_MEASURE_WITH_UNIT (LENGTH_MEASURE( 1.000000000000000082E-05 ), #3312, 'distance_accuracy_value', 'NONE');
#4725 = EDGE_LOOP ( 'NONE', ( #5228, #151, #902, #1414 ) ) ;
#4726 = STYLED_ITEM ( 'NONE', ( #1891 ), #5011 ) ;
#4727 = ORIENTED_EDGE ( 'NONE', *, *, #4542, .F. ) ;
#4728 = SURFACE_STYLE_FILL_AREA ( #6807 ) ;
#4729 = PRESENTATION_LAYER_ASSIGNMENT (  '', '', ( #6275 ) ) ;
#4730 = STYLED_ITEM ( 'NONE', ( #5538 ), #295 ) ;
#4731 = DIRECTION ( 'NONE',  ( 0.000000000000000000, 1.000000000000000000, 0.000000000000000000 ) ) ;
#4732 =( GEOMETRIC_REPRESENTATION_CONTEXT ( 3 ) GLOBAL_UNCERTAINTY_ASSIGNED_CONTEXT ( ( #595 ) ) GLOBAL_UNIT_ASSIGNED_CONTEXT ( ( #5533, #324, #1780 ) ) REPRESENTATION_CONTEXT ( 'NONE', 'WORKASPACE' ) );
#4733 = SURFACE_STYLE_USAGE ( .BOTH. , #5849 ) ;
#4734 = DIRECTION ( 'NONE',  ( 0.000000000000000000, 1.000000000000000000, 0.000000000000000000 ) ) ;
#4735 =( GEOMETRIC_REPRESENTATION_CONTEXT ( 3 ) GLOBAL_UNCERTAINTY_ASSIGNED_CONTEXT ( ( #4900 ) ) GLOBAL_UNIT_ASSIGNED_CONTEXT ( ( #1649, #1128, #6576 ) ) REPRESENTATION_CONTEXT ( 'NONE', 'WORKASPACE' ) );
#4736 = DIRECTION ( 'NONE',  ( 0.000000000000000000, 0.000000000000000000, 1.000000000000000000 ) ) ;
#4737 = EDGE_LOOP ( 'NONE', ( #6039, #6315, #1550, #5842 ) ) ;
#4738 = AXIS2_PLACEMENT_3D ( 'NONE', #2473, #1410, #3034 ) ;
#4739 = CARTESIAN_POINT ( 'NONE',  ( 44.50000000000001421, -2.999999999999999112, 26.50000000000000711 ) ) ;
#4740 = VECTOR ( 'NONE', #127, 1000.000000000000000 ) ;
#4741 = VERTEX_POINT ( 'NONE', #5165 ) ;
#4742 = SURFACE_SIDE_STYLE ('',( #2542 ) ) ;
#4743 = STYLED_ITEM ( 'NONE', ( #1960 ), #5565 ) ;
#4744 = DIRECTION ( 'NONE',  ( 2.688821387764050602E-15, 0.000000000000000000, -1.000000000000000000 ) ) ;
#4745 = PLANE ( 'NONE',  #5716 ) ;
#4746 = VERTEX_POINT ( 'NONE', #356 ) ;
#4747 = ADVANCED_FACE ( 'NONE', ( #6657 ), #450, .T. ) ;
#4748 = DIRECTION ( 'NONE',  ( 0.000000000000000000, 1.000000000000000000, 0.000000000000000000 ) ) ;
#4749 =( NAMED_UNIT ( * ) SI_UNIT ( $, .STERADIAN. ) SOLID_ANGLE_UNIT ( ) );
#4750 = CARTESIAN_POINT ( 'NONE',  ( -44.50000000000001421, 0.000000000000000000, 29.00000000000000711 ) ) ;
#4751 =( NAMED_UNIT ( * ) PLANE_ANGLE_UNIT ( ) SI_UNIT ( $, .RADIAN. ) );
#4752 = DIRECTION ( 'NONE',  ( -1.000000000000000000, -0.000000000000000000, -0.000000000000000000 ) ) ;
#4753 = VERTEX_POINT ( 'NONE', #2509 ) ;
#4754 = ORIENTED_EDGE ( 'NONE', *, *, #166, .F. ) ;
#4755 = EDGE_CURVE ( 'NONE', #2826, #162, #4607, .T. ) ;
#4756 = EDGE_CURVE ( 'NONE', #6791, #1382, #4598, .T. ) ;
#4757 = CYLINDRICAL_SURFACE ( 'NONE', #2530, 2.500000000000005773 ) ;
#4758 = PRESENTATION_STYLE_ASSIGNMENT (( #3111 ) ) ;
#4759 = FACE_OUTER_BOUND ( 'NONE', #3678, .T. ) ;
#4760 = CARTESIAN_POINT ( 'NONE',  ( -46.12432983716945500, 4.000000000000000000, 10.13115200650949888 ) ) ;
#4761 = PRESENTATION_STYLE_ASSIGNMENT (( #2723 ) ) ;
#4762 = CARTESIAN_POINT ( 'NONE',  ( -27.50000000000001776, -15.00000000000000178, 24.60000000000001208 ) ) ;
#4763 = VERTEX_POINT ( 'NONE', #6081 ) ;
#4764 = CARTESIAN_POINT ( 'NONE',  ( -46.12432983716945500, 0.000000000000000000, 10.13115200650949888 ) ) ;
#4765 = SURFACE_STYLE_FILL_AREA ( #502 ) ;
#4766 = DIRECTION ( 'NONE',  ( 0.000000000000000000, 1.000000000000000000, 0.000000000000000000 ) ) ;
#4767 = ORIENTED_EDGE ( 'NONE', *, *, #4711, .T. ) ;
#4768 = DIRECTION ( 'NONE',  ( -0.000000000000000000, -1.000000000000000000, -0.000000000000000000 ) ) ;
#4769 = ADVANCED_FACE ( 'NONE', ( #1343 ), #3453, .F. ) ;
#4770 = ORIENTED_EDGE ( 'NONE', *, *, #4700, .T. ) ;
#4771 = DIRECTION ( 'NONE',  ( -0.9999975931331908097, -0.000000000000000000, 0.002194020926397173468 ) ) ;
#4772 = PRESENTATION_STYLE_ASSIGNMENT (( #1084 ) ) ;
#4773 = FILL_AREA_STYLE_COLOUR ( '', #1201 ) ;
#4774 = VECTOR ( 'NONE', #2780, 1000.000000000000000 ) ;
#4775 = CARTESIAN_POINT ( 'NONE',  ( -3.500000000000016875, -15.00000000000000178, 20.00000000000001066 ) ) ;
#4776 = VERTEX_POINT ( 'NONE', #5309 ) ;
#4777 = DIRECTION ( 'NONE',  ( 0.000000000000000000, 0.000000000000000000, 1.000000000000000000 ) ) ;
#4778 =( NAMED_UNIT ( * ) SI_UNIT ( $, .STERADIAN. ) SOLID_ANGLE_UNIT ( ) );
#4779 = FACE_OUTER_BOUND ( 'NONE', #1137, .T. ) ;
#4780 =( LENGTH_UNIT ( ) NAMED_UNIT ( * ) SI_UNIT ( .MILLI., .METRE. ) );
#4781 = DIRECTION ( 'NONE',  ( -1.000000000000000000, 0.000000000000000000, -0.000000000000000000 ) ) ;
#4782 = DIRECTION ( 'NONE',  ( -0.000000000000000000, 1.000000000000000000, -0.000000000000000000 ) ) ;
#4783 =( GEOMETRIC_REPRESENTATION_CONTEXT ( 3 ) GLOBAL_UNCERTAINTY_ASSIGNED_CONTEXT ( ( #6316 ) ) GLOBAL_UNIT_ASSIGNED_CONTEXT ( ( #6565, #2025, #1286 ) ) REPRESENTATION_CONTEXT ( 'NONE', 'WORKASPACE' ) );
#4784 = EDGE_LOOP ( 'NONE', ( #3566, #3443, #1467, #3781 ) ) ;
#4785 = ORIENTED_EDGE ( 'NONE', *, *, #4719, .F. ) ;
#4786 = UNCERTAINTY_MEASURE_WITH_UNIT (LENGTH_MEASURE( 1.000000000000000082E-05 ), #6786, 'distance_accuracy_value', 'NONE');
#4787 = CARTESIAN_POINT ( 'NONE',  ( 44.50000000000001421, 0.000000000000000000, -24.00000000000001066 ) ) ;
#4788 =( NAMED_UNIT ( * ) PLANE_ANGLE_UNIT ( ) SI_UNIT ( $, .RADIAN. ) );
#4789 = ORIENTED_EDGE ( 'NONE', *, *, #922, .T. ) ;
#4790 = VERTEX_POINT ( 'NONE', #5272 ) ;
#4791 = DIRECTION ( 'NONE',  ( -1.000000000000000000, -0.000000000000000000, 4.885417284221725125E-16 ) ) ;
#4792 = PRESENTATION_LAYER_ASSIGNMENT (  '', '', ( #6679 ) ) ;
#4793 = FACE_OUTER_BOUND ( 'NONE', #4574, .T. ) ;
#4794 = EDGE_CURVE ( 'NONE', #5225, #2818, #1964, .T. ) ;
#4795 = FILL_AREA_STYLE_COLOUR ( '', #4036 ) ;
#4796 = ORIENTED_EDGE ( 'NONE', *, *, #1049, .T. ) ;
#4797 = CARTESIAN_POINT ( 'NONE',  ( 9.500000000000001776, 4.000000000000000000, 26.50000000000001066 ) ) ;
#4798 = CARTESIAN_POINT ( 'NONE',  ( 45.50000000000001421, 15.00000000000000000, -3.091507183936761827 ) ) ;
#4799 = EDGE_CURVE ( 'NONE', #3150, #461, #61, .T. ) ;
#4800 = AXIS2_PLACEMENT_3D ( 'NONE', #1758, #3802, #4205 ) ;
#4801 = ORIENTED_EDGE ( 'NONE', *, *, #2607, .F. ) ;
#4802 = SURFACE_STYLE_USAGE ( .BOTH. , #611 ) ;
#4803 =( NAMED_UNIT ( * ) PLANE_ANGLE_UNIT ( ) SI_UNIT ( $, .RADIAN. ) );
#4804 =( NAMED_UNIT ( * ) PLANE_ANGLE_UNIT ( ) SI_UNIT ( $, .RADIAN. ) );
#4805 = FACE_OUTER_BOUND ( 'NONE', #1618, .T. ) ;
#4806 = DIRECTION ( 'NONE',  ( 0.000000000000000000, 0.000000000000000000, 1.000000000000000000 ) ) ;
#4807 = MECHANICAL_DESIGN_GEOMETRIC_PRESENTATION_REPRESENTATION (  '', ( #2725 ), #3609 ) ;
#4808 = SURFACE_STYLE_FILL_AREA ( #3779 ) ;
#4809 = CARTESIAN_POINT ( 'NONE',  ( 44.50000000000001421, -6.000000000000000000, -29.00000000000000711 ) ) ;
#4810 = DIRECTION ( 'NONE',  ( 1.000000000000000000, 0.000000000000000000, 0.000000000000000000 ) ) ;
#4811 = DIRECTION ( 'NONE',  ( 0.000000000000000000, 0.000000000000000000, -1.000000000000000000 ) ) ;
#4812 = EDGE_LOOP ( 'NONE', ( #5114, #6292, #5380, #2353 ) ) ;
#4813 = AXIS2_PLACEMENT_3D ( 'NONE', #1923, #3996, #5680 ) ;
#4814 = ORIENTED_EDGE ( 'NONE', *, *, #2118, .F. ) ;
#4815 = COLOUR_RGB ( '',0.5019607843137254832, 0.5019607843137254832, 1.000000000000000000 ) ;
#4816 = PRESENTATION_LAYER_ASSIGNMENT (  '', '', ( #1858 ) ) ;
#4817 = AXIS2_PLACEMENT_3D ( 'NONE', #6530, #1246, #6495 ) ;
#4818 = CIRCLE ( 'NONE', #319, 4.999999999999993783 ) ;
#4819 =( NAMED_UNIT ( * ) SI_UNIT ( $, .STERADIAN. ) SOLID_ANGLE_UNIT ( ) );
#4820 =( NAMED_UNIT ( * ) PLANE_ANGLE_UNIT ( ) SI_UNIT ( $, .RADIAN. ) );
#4821 = DIRECTION ( 'NONE',  ( 0.000000000000000000, 0.000000000000000000, 1.000000000000000000 ) ) ;
#4822 =( GEOMETRIC_REPRESENTATION_CONTEXT ( 3 ) GLOBAL_UNCERTAINTY_ASSIGNED_CONTEXT ( ( #3687 ) ) GLOBAL_UNIT_ASSIGNED_CONTEXT ( ( #3576, #4641, #6719 ) ) REPRESENTATION_CONTEXT ( 'NONE', 'WORKASPACE' ) );
#4823 = DIRECTION ( 'NONE',  ( -0.000000000000000000, 1.000000000000000000, -0.000000000000000000 ) ) ;
#4824 = CARTESIAN_POINT ( 'NONE',  ( 44.50000000000001421, -42.54163056034263946, -27.25000000000000355 ) ) ;
#4825 = CARTESIAN_POINT ( 'NONE',  ( -44.50000000000001421, -2.999999999999998224, -29.00000000000000711 ) ) ;
#4826 = ORIENTED_EDGE ( 'NONE', *, *, #4096, .T. ) ;
#4827 = ORIENTED_EDGE ( 'NONE', *, *, #5166, .T. ) ;
#4828 = UNCERTAINTY_MEASURE_WITH_UNIT (LENGTH_MEASURE( 1.000000000000000082E-05 ), #5005, 'distance_accuracy_value', 'NONE');
#4829 = MECHANICAL_DESIGN_GEOMETRIC_PRESENTATION_REPRESENTATION (  '', ( #4266 ), #2079 ) ;
#4830 =( GEOMETRIC_REPRESENTATION_CONTEXT ( 3 ) GLOBAL_UNCERTAINTY_ASSIGNED_CONTEXT ( ( #6617 ) ) GLOBAL_UNIT_ASSIGNED_CONTEXT ( ( #6528, #1732, #5487 ) ) REPRESENTATION_CONTEXT ( 'NONE', 'WORKASPACE' ) );
#4831 = ADVANCED_FACE ( 'NONE', ( #588 ), #2052, .T. ) ;
#4832 = CIRCLE ( 'NONE', #1874, 2.500000000000002220 ) ;
#4833 =( NAMED_UNIT ( * ) SI_UNIT ( $, .STERADIAN. ) SOLID_ANGLE_UNIT ( ) );
#4834 = DIRECTION ( 'NONE',  ( 0.000000000000000000, 0.000000000000000000, -1.000000000000000000 ) ) ;
#4835 = DIRECTION ( 'NONE',  ( 0.000000000000000000, 1.000000000000000000, 0.000000000000000000 ) ) ;
#4836 = ORIENTED_EDGE ( 'NONE', *, *, #858, .T. ) ;
#4837 = STYLED_ITEM ( 'NONE', ( #5101 ), #3849 ) ;
#4838 = DIRECTION ( 'NONE',  ( 0.000000000000000000, 0.000000000000000000, 1.000000000000000000 ) ) ;
#4839 =( GEOMETRIC_REPRESENTATION_CONTEXT ( 3 ) GLOBAL_UNCERTAINTY_ASSIGNED_CONTEXT ( ( #2842 ) ) GLOBAL_UNIT_ASSIGNED_CONTEXT ( ( #345, #405, #1440 ) ) REPRESENTATION_CONTEXT ( 'NONE', 'WORKASPACE' ) );
#4840 = EDGE_CURVE ( 'NONE', #5634, #2993, #3613, .T. ) ;
#4841 = ORIENTED_EDGE ( 'NONE', *, *, #1561, .F. ) ;
#4842 =( NAMED_UNIT ( * ) PLANE_ANGLE_UNIT ( ) SI_UNIT ( $, .RADIAN. ) );
#4843 =( GEOMETRIC_REPRESENTATION_CONTEXT ( 3 ) GLOBAL_UNCERTAINTY_ASSIGNED_CONTEXT ( ( #2796 ) ) GLOBAL_UNIT_ASSIGNED_CONTEXT ( ( #2060, #459, #2588 ) ) REPRESENTATION_CONTEXT ( 'NONE', 'WORKASPACE' ) );
#4844 = VECTOR ( 'NONE', #5512, 1000.000000000000000 ) ;
#4845 = CARTESIAN_POINT ( 'NONE',  ( 45.54555525137367766, 4.000000000000000000, -5.000000000000000000 ) ) ;
#4846 = DIRECTION ( 'NONE',  ( 0.000000000000000000, -0.000000000000000000, -1.000000000000000000 ) ) ;
#4847 = SURFACE_STYLE_USAGE ( .BOTH. , #4278 ) ;
#4848 = STYLED_ITEM ( 'NONE', ( #4619 ), #5310 ) ;
#4849 = PRESENTATION_LAYER_ASSIGNMENT (  '', '', ( #122 ) ) ;
#4850 = UNCERTAINTY_MEASURE_WITH_UNIT (LENGTH_MEASURE( 1.000000000000000082E-05 ), #5087, 'distance_accuracy_value', 'NONE');
#4851 = AXIS2_PLACEMENT_3D ( 'NONE', #1556, #2138, #3660 ) ;
#4852 = FILL_AREA_STYLE_COLOUR ( '', #4151 ) ;
#4853 = EDGE_CURVE ( 'NONE', #3164, #6014, #22, .T. ) ;
#4854 = CARTESIAN_POINT ( 'NONE',  ( -85.50000000000001421, 4.000000000000000000, 2.499999999999999112 ) ) ;
#4855 = SURFACE_STYLE_FILL_AREA ( #1166 ) ;
#4856 = DIRECTION ( 'NONE',  ( -2.167851070390029859E-16, 1.000000000000000000, 0.000000000000000000 ) ) ;
#4857 = ORIENTED_EDGE ( 'NONE', *, *, #3003, .F. ) ;
#4858 = ORIENTED_EDGE ( 'NONE', *, *, #1515, .T. ) ;
#4859 = FILL_AREA_STYLE_COLOUR ( '', #6046 ) ;
#4860 = FACE_OUTER_BOUND ( 'NONE', #5542, .T. ) ;
#4861 = DIRECTION ( 'NONE',  ( 0.000000000000000000, 0.000000000000000000, 1.000000000000000000 ) ) ;
#4862 = ORIENTED_EDGE ( 'NONE', *, *, #3018, .F. ) ;
#4863 = VERTEX_POINT ( 'NONE', #2613 ) ;
#4864 = CARTESIAN_POINT ( 'NONE',  ( 9.500000000000001776, 0.000000000000000000, 26.50000000000001066 ) ) ;
#4865 = CARTESIAN_POINT ( 'NONE',  ( 0.000000000000000000, 4.000000000000000000, 0.000000000000000000 ) ) ;
#4866 =( LENGTH_UNIT ( ) NAMED_UNIT ( * ) SI_UNIT ( .MILLI., .METRE. ) );
#4867 = CARTESIAN_POINT ( 'NONE',  ( -44.50000000000001421, -42.54163056034263946, 27.25000000000000355 ) ) ;
#4868 = ORIENTED_EDGE ( 'NONE', *, *, #557, .T. ) ;
#4869 = LINE ( 'NONE', #2262, #94 ) ;
#4870 = ORIENTED_EDGE ( 'NONE', *, *, #2652, .T. ) ;
#4871 =( NAMED_UNIT ( * ) SI_UNIT ( $, .STERADIAN. ) SOLID_ANGLE_UNIT ( ) );
#4872 = CARTESIAN_POINT ( 'NONE',  ( -15.50000000000001776, -15.00000000000000178, 20.00000000000001066 ) ) ;
#4873 = AXIS2_PLACEMENT_3D ( 'NONE', #4678, #6277, #5758 ) ;
#4874 = MECHANICAL_DESIGN_GEOMETRIC_PRESENTATION_REPRESENTATION (  '', ( #1363 ), #5766 ) ;
#4875 = ADVANCED_FACE ( 'NONE', ( #2651, #617 ), #6311, .F. ) ;
#4876 = DIRECTION ( 'NONE',  ( 0.000000000000000000, 0.000000000000000000, 1.000000000000000000 ) ) ;
#4877 = AXIS2_PLACEMENT_3D ( 'NONE', #1206, #4878, #1720 ) ;
#4878 = DIRECTION ( 'NONE',  ( 0.000000000000000000, -1.000000000000000000, 0.000000000000000000 ) ) ;
#4879 = SURFACE_STYLE_FILL_AREA ( #5373 ) ;
#4880 = DIRECTION ( 'NONE',  ( 0.000000000000000000, 1.000000000000000000, 0.000000000000000000 ) ) ;
#4881 = DIRECTION ( 'NONE',  ( 0.000000000000000000, 0.000000000000000000, -1.000000000000000000 ) ) ;
#4882 = VERTEX_POINT ( 'NONE', #5478 ) ;
#4883 = ORIENTED_EDGE ( 'NONE', *, *, #6459, .T. ) ;
#4884 =( GEOMETRIC_REPRESENTATION_CONTEXT ( 3 ) GLOBAL_UNCERTAINTY_ASSIGNED_CONTEXT ( ( #1182 ) ) GLOBAL_UNIT_ASSIGNED_CONTEXT ( ( #1033, #4788, #6424 ) ) REPRESENTATION_CONTEXT ( 'NONE', 'WORKASPACE' ) );
#4885 = EDGE_CURVE ( 'NONE', #1212, #5492, #718, .T. ) ;
#4886 = PLANE ( 'NONE',  #5937 ) ;
#4887 = CARTESIAN_POINT ( 'NONE',  ( 19.50000000000000355, 0.000000000000000000, -37.51000000000001933 ) ) ;
#4888 = PRESENTATION_STYLE_ASSIGNMENT (( #4406 ) ) ;
#4889 = ORIENTED_EDGE ( 'NONE', *, *, #1643, .T. ) ;
#4890 = ORIENTED_EDGE ( 'NONE', *, *, #253, .T. ) ;
#4891 = DIRECTION ( 'NONE',  ( -0.000000000000000000, -1.000000000000000000, -0.000000000000000000 ) ) ;
#4892 = LINE ( 'NONE', #3434, #5286 ) ;
#4893 = DIRECTION ( 'NONE',  ( -0.000000000000000000, 0.000000000000000000, 1.000000000000000000 ) ) ;
#4894 = VERTEX_POINT ( 'NONE', #1719 ) ;
#4895 = COLOUR_RGB ( '',0.5019607843137254832, 0.5019607843137254832, 1.000000000000000000 ) ;
#4896 = AXIS2_PLACEMENT_3D ( 'NONE', #555, #4748, #5164 ) ;
#4897 = DIRECTION ( 'NONE',  ( 0.000000000000000000, 1.000000000000000000, 1.024628711853730936E-16 ) ) ;
#4898 =( NAMED_UNIT ( * ) PLANE_ANGLE_UNIT ( ) SI_UNIT ( $, .RADIAN. ) );
#4899 = SURFACE_STYLE_USAGE ( .BOTH. , #4238 ) ;
#4900 = UNCERTAINTY_MEASURE_WITH_UNIT (LENGTH_MEASURE( 1.000000000000000082E-05 ), #1649, 'distance_accuracy_value', 'NONE');
#4901 =( LENGTH_UNIT ( ) NAMED_UNIT ( * ) SI_UNIT ( .MILLI., .METRE. ) );
#4902 = FILL_AREA_STYLE ('',( #1919 ) ) ;
#4903 =( NAMED_UNIT ( * ) PLANE_ANGLE_UNIT ( ) SI_UNIT ( $, .RADIAN. ) );
#4904 = EDGE_CURVE ( 'NONE', #1233, #5465, #1205, .T. ) ;
#4905 = FILL_AREA_STYLE ('',( #4852 ) ) ;
#4906 = FILL_AREA_STYLE_COLOUR ( '', #4546 ) ;
#4907 = CARTESIAN_POINT ( 'NONE',  ( -44.50000000000001421, -18.50000000000000000, 26.50000000000000711 ) ) ;
#4908 = DIRECTION ( 'NONE',  ( -0.000000000000000000, 1.000000000000000000, -0.000000000000000000 ) ) ;
#4909 =( GEOMETRIC_REPRESENTATION_CONTEXT ( 3 ) GLOBAL_UNCERTAINTY_ASSIGNED_CONTEXT ( ( #526 ) ) GLOBAL_UNIT_ASSIGNED_CONTEXT ( ( #6193, #5197, #473 ) ) REPRESENTATION_CONTEXT ( 'NONE', 'WORKASPACE' ) );
#4910 = SURFACE_STYLE_FILL_AREA ( #2783 ) ;
#4911 = PRESENTATION_STYLE_ASSIGNMENT (( #1827 ) ) ;
#4912 = ORIENTED_EDGE ( 'NONE', *, *, #4285, .T. ) ;
#4913 = EDGE_CURVE ( 'NONE', #5759, #5709, #6272, .T. ) ;
#4914 = CARTESIAN_POINT ( 'NONE',  ( 45.54555525137369187, 3.543558612795619567, -5.000000000000003553 ) ) ;
#4915 = PLANE ( 'NONE',  #3841 ) ;
#4916 = CARTESIAN_POINT ( 'NONE',  ( -44.50000000000001421, -18.50000000000000000, 27.25000000000000355 ) ) ;
#4917 = EDGE_CURVE ( 'NONE', #1117, #1499, #3192, .T. ) ;
#4918 = ORIENTED_EDGE ( 'NONE', *, *, #809, .F. ) ;
#4919 = VERTEX_POINT ( 'NONE', #2747 ) ;
#4920 = VECTOR ( 'NONE', #1186, 1000.000000000000000 ) ;
#4921 = EDGE_CURVE ( 'NONE', #128, #2485, #6168, .T. ) ;
#4922 = VECTOR ( 'NONE', #1599, 1000.000000000000000 ) ;
#4923 = UNCERTAINTY_MEASURE_WITH_UNIT (LENGTH_MEASURE( 1.000000000000000082E-05 ), #3824, 'distance_accuracy_value', 'NONE');
#4924 = AXIS2_PLACEMENT_3D ( 'NONE', #2097, #4173, #2130 ) ;
#4925 = PRESENTATION_STYLE_ASSIGNMENT (( #2944 ) ) ;
#4926 = CYLINDRICAL_SURFACE ( 'NONE', #6498, 2.599999999999998312 ) ;
#4927 = CARTESIAN_POINT ( 'NONE',  ( 45.54555525137367766, 3.671779112928804878, 5.000000000000000888 ) ) ;
#4928 = ORIENTED_EDGE ( 'NONE', *, *, #5877, .F. ) ;
#4929 = AXIS2_PLACEMENT_3D ( 'NONE', #510, #2087, #1087 ) ;
#4930 = FACE_OUTER_BOUND ( 'NONE', #4665, .T. ) ;
#4931 = AXIS2_PLACEMENT_3D ( 'NONE', #5327, #6356, #1184 ) ;
#4932 = VECTOR ( 'NONE', #3772, 1000.000000000000000 ) ;
#4933 = DIRECTION ( 'NONE',  ( 0.000000000000000000, 0.000000000000000000, 1.000000000000000000 ) ) ;
#4934 = SURFACE_STYLE_USAGE ( .BOTH. , #3039 ) ;
#4935 = EDGE_CURVE ( 'NONE', #6763, #4, #3313, .T. ) ;
#4936 =( GEOMETRIC_REPRESENTATION_CONTEXT ( 3 ) GLOBAL_UNCERTAINTY_ASSIGNED_CONTEXT ( ( #2169 ) ) GLOBAL_UNIT_ASSIGNED_CONTEXT ( ( #2435, #1429, #4057 ) ) REPRESENTATION_CONTEXT ( 'NONE', 'WORKASPACE' ) );
#4937 = FACE_OUTER_BOUND ( 'NONE', #2417, .T. ) ;
#4938 = STYLED_ITEM ( 'NONE', ( #1456 ), #3826 ) ;
#4939 = CARTESIAN_POINT ( 'NONE',  ( 42.57339518699360781, 0.000000000000000000, 10.13115200650949888 ) ) ;
#4940 = AXIS2_PLACEMENT_3D ( 'NONE', #1409, #4462, #5091 ) ;
#4941 = FACE_OUTER_BOUND ( 'NONE', #4812, .T. ) ;
#4942 = ORIENTED_EDGE ( 'NONE', *, *, #507, .T. ) ;
#4943 =( LENGTH_UNIT ( ) NAMED_UNIT ( * ) SI_UNIT ( .MILLI., .METRE. ) );
#4944 = STYLED_ITEM ( 'NONE', ( #1571 ), #4054 ) ;
#4945 = ORIENTED_EDGE ( 'NONE', *, *, #3494, .F. ) ;
#4946 = FACE_BOUND ( 'NONE', #2647, .T. ) ;
#4947 = FACE_OUTER_BOUND ( 'NONE', #1017, .T. ) ;
#4948 = CIRCLE ( 'NONE', #1983, 2.600000000000001421 ) ;
#4949 = FACE_OUTER_BOUND ( 'NONE', #4235, .T. ) ;
#4950 = FACE_OUTER_BOUND ( 'NONE', #894, .T. ) ;
#4951 = LINE ( 'NONE', #239, #3510 ) ;
#4952 = COLOUR_RGB ( '',0.5019607843137254832, 0.5019607843137254832, 1.000000000000000000 ) ;
#4953 = FACE_OUTER_BOUND ( 'NONE', #2276, .T. ) ;
#4954 = CARTESIAN_POINT ( 'NONE',  ( -44.50000000000001421, -2.999999999999998224, -34.00000000000000000 ) ) ;
#4955 = PRESENTATION_LAYER_ASSIGNMENT (  '', '', ( #4617 ) ) ;
#4956 = ORIENTED_EDGE ( 'NONE', *, *, #716, .F. ) ;
#4957 = EDGE_CURVE ( 'NONE', #6341, #5709, #1794, .T. ) ;
#4958 = AXIS2_PLACEMENT_3D ( 'NONE', #3248, #1623, #33 ) ;
#4959 =( LENGTH_UNIT ( ) NAMED_UNIT ( * ) SI_UNIT ( .MILLI., .METRE. ) );
#4960 = CARTESIAN_POINT ( 'NONE',  ( 42.01835741482185682, 2.326418474242506917, -4.358171937333449542 ) ) ;
#4961 = DIRECTION ( 'NONE',  ( 0.000000000000000000, -0.000000000000000000, 1.000000000000000000 ) ) ;
#4962 = CARTESIAN_POINT ( 'NONE',  ( 36.08101651390111186, -18.50000000000000000, 30.17077626419151670 ) ) ;
#4963 = ORIENTED_EDGE ( 'NONE', *, *, #5316, .T. ) ;
#4964 = ORIENTED_EDGE ( 'NONE', *, *, #2296, .F. ) ;
#4965 = ADVANCED_FACE ( 'NONE', ( #4947 ), #202, .F. ) ;
#4966 = PRESENTATION_STYLE_ASSIGNMENT (( #6600 ) ) ;
#4967 = CARTESIAN_POINT ( 'NONE',  ( -39.95933631058686331, -22.00000000000000000, 36.18556701030929901 ) ) ;
#4968 = FILL_AREA_STYLE ('',( #4677 ) ) ;
#4969 = CARTESIAN_POINT ( 'NONE',  ( 45.50256486106324161, 1.875305707251385900, 3.599606090109688683 ) ) ;
#4970 = ORIENTED_EDGE ( 'NONE', *, *, #1728, .T. ) ;
#4971 = DIRECTION ( 'NONE',  ( -0.000000000000000000, 1.000000000000000000, -0.000000000000000000 ) ) ;
#4972 = FILL_AREA_STYLE_COLOUR ( '', #3728 ) ;
#4973 = CARTESIAN_POINT ( 'NONE',  ( 45.50000000000001421, 15.00000000000000000, 26.50000000000001066 ) ) ;
#4974 = ORIENTED_EDGE ( 'NONE', *, *, #430, .T. ) ;
#4975 = UNCERTAINTY_MEASURE_WITH_UNIT (LENGTH_MEASURE( 1.000000000000000082E-05 ), #3351, 'distance_accuracy_value', 'NONE');
#4976 = FACE_OUTER_BOUND ( 'NONE', #1024, .T. ) ;
#4977 = CARTESIAN_POINT ( 'NONE',  ( 44.50000000000001421, -22.00000000000000355, 29.00000000000000711 ) ) ;
#4978 =( NAMED_UNIT ( * ) SI_UNIT ( $, .STERADIAN. ) SOLID_ANGLE_UNIT ( ) );
#4979 = DIRECTION ( 'NONE',  ( -0.000000000000000000, 1.000000000000000000, -0.000000000000000000 ) ) ;
#4980 = STYLED_ITEM ( 'NONE', ( #1359 ), #2012 ) ;
#4981 =( NAMED_UNIT ( * ) SI_UNIT ( $, .STERADIAN. ) SOLID_ANGLE_UNIT ( ) );
#4982 = DIRECTION ( 'NONE',  ( 0.000000000000000000, -1.000000000000000000, 0.000000000000000000 ) ) ;
#4983 = ORIENTED_EDGE ( 'NONE', *, *, #2397, .F. ) ;
#4984 = CIRCLE ( 'NONE', #1372, 2.500000000000002220 ) ;
#4985 = MECHANICAL_DESIGN_GEOMETRIC_PRESENTATION_REPRESENTATION (  '', ( #2019 ), #1909 ) ;
#4986 = FILL_AREA_STYLE_COLOUR ( '', #3527 ) ;
#4987 = DIRECTION ( 'NONE',  ( 0.000000000000000000, 0.000000000000000000, 1.000000000000000000 ) ) ;
#4988 = DIRECTION ( 'NONE',  ( 0.000000000000000000, 0.000000000000000000, 1.000000000000000000 ) ) ;
#4989 = ORIENTED_EDGE ( 'NONE', *, *, #4102, .T. ) ;
#4990 = ORIENTED_EDGE ( 'NONE', *, *, #1899, .F. ) ;
#4991 = FILL_AREA_STYLE ('',( #286 ) ) ;
#4992 = COLOUR_RGB ( '',0.5019607843137254832, 0.5019607843137254832, 1.000000000000000000 ) ;
#4993 = DIRECTION ( 'NONE',  ( 0.000000000000000000, 1.000000000000000000, 0.000000000000000000 ) ) ;
#4994 = CARTESIAN_POINT ( 'NONE',  ( -3.500000000000016875, -15.00000000000000178, 20.00000000000001066 ) ) ;
#4995 = STYLED_ITEM ( 'NONE', ( #1218 ), #586 ) ;
#4996 = CARTESIAN_POINT ( 'NONE',  ( -39.95933631058686331, 0.000000000000000000, -36.18556701030929901 ) ) ;
#4997 = VERTEX_POINT ( 'NONE', #2713 ) ;
#4998 = PRESENTATION_LAYER_ASSIGNMENT (  '', '', ( #6764 ) ) ;
#4999 = DIRECTION ( 'NONE',  ( 0.000000000000000000, 0.000000000000000000, -1.000000000000000000 ) ) ;
#5000 = LINE ( 'NONE', #1881, #6019 ) ;
#5001 = EDGE_LOOP ( 'NONE', ( #4637, #6835, #3923, #1280 ) ) ;
#5002 = ADVANCED_FACE ( 'NONE', ( #4805 ), #6130, .F. ) ;
#5003 = CYLINDRICAL_SURFACE ( 'NONE', #2410, 8.500000000000010658 ) ;
#5004 = DIRECTION ( 'NONE',  ( 0.000000000000000000, 0.000000000000000000, 1.000000000000000000 ) ) ;
#5005 =( LENGTH_UNIT ( ) NAMED_UNIT ( * ) SI_UNIT ( .MILLI., .METRE. ) );
#5006 = FILL_AREA_STYLE ('',( #881 ) ) ;
#5007 = ORIENTED_EDGE ( 'NONE', *, *, #3509, .T. ) ;
#5008 = ADVANCED_FACE ( 'NONE', ( #4596 ), #5616, .F. ) ;
#5009 = UNCERTAINTY_MEASURE_WITH_UNIT (LENGTH_MEASURE( 1.000000000000000082E-05 ), #1144, 'distance_accuracy_value', 'NONE');
#5010 =( NAMED_UNIT ( * ) PLANE_ANGLE_UNIT ( ) SI_UNIT ( $, .RADIAN. ) );
#5011 = ADVANCED_FACE ( 'NONE', ( #6099 ), #2401, .F. ) ;
#5012 = STYLED_ITEM ( 'NONE', ( #804 ), #2795 ) ;
#5013 = DIRECTION ( 'NONE',  ( 0.000000000000000000, 0.000000000000000000, 1.000000000000000000 ) ) ;
#5014 = SURFACE_STYLE_USAGE ( .BOTH. , #236 ) ;
#5015 = PRESENTATION_STYLE_ASSIGNMENT (( #917 ) ) ;
#5016 = PRESENTATION_STYLE_ASSIGNMENT (( #3995 ) ) ;
#5017 = CYLINDRICAL_SURFACE ( 'NONE', #6703, 4.999999999999993783 ) ;
#5018 = CARTESIAN_POINT ( 'NONE',  ( -3.500000000000016875, -15.00000000000000178, 20.00000000000001066 ) ) ;
#5019 = VECTOR ( 'NONE', #3180, 1000.000000000000000 ) ;
#5020 = AXIS2_PLACEMENT_3D ( 'NONE', #4503, #6632, #3483 ) ;
#5021 = ORIENTED_EDGE ( 'NONE', *, *, #3624, .F. ) ;
#5022 =( GEOMETRIC_REPRESENTATION_CONTEXT ( 3 ) GLOBAL_UNCERTAINTY_ASSIGNED_CONTEXT ( ( #3145 ) ) GLOBAL_UNIT_ASSIGNED_CONTEXT ( ( #888, #4903, #2885 ) ) REPRESENTATION_CONTEXT ( 'NONE', 'WORKASPACE' ) );
#5023 = PRESENTATION_STYLE_ASSIGNMENT (( #3520 ) ) ;
#5024 = CARTESIAN_POINT ( 'NONE',  ( 1.000000000000006439, -7.000000000000000000, -20.00000000000000355 ) ) ;
#5025 = FILL_AREA_STYLE_COLOUR ( '', #770 ) ;
#5026 = CARTESIAN_POINT ( 'NONE',  ( 45.50000000000001421, 0.000000000000000000, 26.50000000000001066 ) ) ;
#5027 = ORIENTED_EDGE ( 'NONE', *, *, #6154, .F. ) ;
#5028 = VERTEX_POINT ( 'NONE', #4864 ) ;
#5029 = DIRECTION ( 'NONE',  ( 0.000000000000000000, 0.000000000000000000, -1.000000000000000000 ) ) ;
#5030 = CARTESIAN_POINT ( 'NONE',  ( 44.50000000000001421, -19.99999999999999645, -29.00000000000000711 ) ) ;
#5031 = PRESENTATION_STYLE_ASSIGNMENT (( #3850 ) ) ;
#5032 = CIRCLE ( 'NONE', #4020, 43.50000000000000711 ) ;
#5033 = ORIENTED_EDGE ( 'NONE', *, *, #6174, .T. ) ;
#5034 = VECTOR ( 'NONE', #401, 1000.000000000000000 ) ;
#5035 = PRESENTATION_LAYER_ASSIGNMENT (  '', '', ( #2836 ) ) ;
#5036 = SURFACE_STYLE_FILL_AREA ( #837 ) ;
#5037 = ADVANCED_FACE ( 'NONE', ( #5848, #1632 ), #1672, .T. ) ;
#5038 = CARTESIAN_POINT ( 'NONE',  ( -14.99999999999998934, 4.000000000000000000, 26.50000000000001066 ) ) ;
#5039 = PRESENTATION_LAYER_ASSIGNMENT (  '', '', ( #4137 ) ) ;
#5040 = STYLED_ITEM ( 'NONE', ( #1127 ), #6078 ) ;
#5041 = LINE ( 'NONE', #2986, #1420 ) ;
#5042 = CARTESIAN_POINT ( 'NONE',  ( 45.50000000000001421, -22.00000000000000000, -30.00000000000000711 ) ) ;
#5043 = SURFACE_STYLE_USAGE ( .BOTH. , #3922 ) ;
#5044 = ORIENTED_EDGE ( 'NONE', *, *, #2363, .F. ) ;
#5045 = MECHANICAL_DESIGN_GEOMETRIC_PRESENTATION_REPRESENTATION (  '', ( #974 ), #3924 ) ;
#5046 = PRESENTATION_LAYER_ASSIGNMENT (  '', '', ( #3724 ) ) ;
#5047 = ORIENTED_EDGE ( 'NONE', *, *, #1393, .F. ) ;
#5048 = CARTESIAN_POINT ( 'NONE',  ( 42.00000000000000711, 1.799999999999999600, 30.00000000000001066 ) ) ;
#5049 = VECTOR ( 'NONE', #6253, 1000.000000000000000 ) ;
#5050 = PRESENTATION_LAYER_ASSIGNMENT (  '', '', ( #4837 ) ) ;
#5051 = MECHANICAL_DESIGN_GEOMETRIC_PRESENTATION_REPRESENTATION (  '', ( #107 ), #4040 ) ;
#5052 = CARTESIAN_POINT ( 'NONE',  ( 45.50000000000001421, -22.00000000000000000, 30.00000000000001066 ) ) ;
#5053 = CARTESIAN_POINT ( 'NONE',  ( 22.50000000000000000, 0.000000000000000000, 24.30000000000000782 ) ) ;
#5054 = SURFACE_SIDE_STYLE ('',( #4493 ) ) ;
#5055 = FILL_AREA_STYLE_COLOUR ( '', #3195 ) ;
#5056 = AXIS2_PLACEMENT_3D ( 'NONE', #3892, #1298, #5517 ) ;
#5057 = VERTEX_POINT ( 'NONE', #121 ) ;
#5058 = AXIS2_PLACEMENT_3D ( 'NONE', #6583, #3450, #1859 ) ;
#5059 = VECTOR ( 'NONE', #1943, 1000.000000000000000 ) ;
#5060 = MECHANICAL_DESIGN_GEOMETRIC_PRESENTATION_REPRESENTATION (  '', ( #3314 ), #2089 ) ;
#5061 = FILL_AREA_STYLE_COLOUR ( '', #1415 ) ;
#5062 = DIRECTION ( 'NONE',  ( -0.000000000000000000, 1.000000000000000000, -0.000000000000000000 ) ) ;
#5063 =( GEOMETRIC_REPRESENTATION_CONTEXT ( 3 ) GLOBAL_UNCERTAINTY_ASSIGNED_CONTEXT ( ( #6445 ) ) GLOBAL_UNIT_ASSIGNED_CONTEXT ( ( #1360, #5573, #4523 ) ) REPRESENTATION_CONTEXT ( 'NONE', 'WORKASPACE' ) );
#5064 = MECHANICAL_DESIGN_GEOMETRIC_PRESENTATION_REPRESENTATION (  '', ( #2323 ), #6729 ) ;
#5065 = EDGE_LOOP ( 'NONE', ( #5903, #5809 ) ) ;
#5066 = STYLED_ITEM ( 'NONE', ( #4761 ), #5322 ) ;
#5067 = ORIENTED_EDGE ( 'NONE', *, *, #2268, .F. ) ;
#5068 = EDGE_CURVE ( 'NONE', #1776, #1486, #1326, .T. ) ;
#5069 = PRESENTATION_LAYER_ASSIGNMENT (  '', '', ( #2653 ) ) ;
#5070 = DIRECTION ( 'NONE',  ( 0.000000000000000000, -1.000000000000000000, 0.000000000000000000 ) ) ;
#5071 =( GEOMETRIC_REPRESENTATION_CONTEXT ( 3 ) GLOBAL_UNCERTAINTY_ASSIGNED_CONTEXT ( ( #1619 ) ) GLOBAL_UNIT_ASSIGNED_CONTEXT ( ( #5658, #2414, #1996 ) ) REPRESENTATION_CONTEXT ( 'NONE', 'WORKASPACE' ) );
#5072 = DIRECTION ( 'NONE',  ( 0.000000000000000000, 0.000000000000000000, 1.000000000000000000 ) ) ;
#5073 = DIRECTION ( 'NONE',  ( -0.000000000000000000, -1.000000000000000000, -0.000000000000000000 ) ) ;
#5074 = DIRECTION ( 'NONE',  ( 0.000000000000000000, 0.000000000000000000, -1.000000000000000000 ) ) ;
#5075 = ORIENTED_EDGE ( 'NONE', *, *, #2607, .T. ) ;
#5076 = SURFACE_STYLE_USAGE ( .BOTH. , #5568 ) ;
#5077 = EDGE_CURVE ( 'NONE', #2302, #4790, #4669, .T. ) ;
#5078 = CARTESIAN_POINT ( 'NONE',  ( 22.50000000000000000, 0.000000000000000000, 26.50000000000001066 ) ) ;
#5079 = CARTESIAN_POINT ( 'NONE',  ( 44.50000000000001421, -6.000000000000000000, -29.00000000000000711 ) ) ;
#5080 = VERTEX_POINT ( 'NONE', #3226 ) ;
#5081 = EDGE_LOOP ( 'NONE', ( #6239, #4265 ) ) ;
#5082 = DIRECTION ( 'NONE',  ( 0.000000000000000000, 1.000000000000000000, 0.000000000000000000 ) ) ;
#5083 = VERTEX_POINT ( 'NONE', #2182 ) ;
#5084 = LINE ( 'NONE', #4638, #2383 ) ;
#5085 = DIRECTION ( 'NONE',  ( 0.000000000000000000, 1.000000000000000000, 0.000000000000000000 ) ) ;
#5086 = CARTESIAN_POINT ( 'NONE',  ( -27.50000000000001776, -15.00000000000000178, 17.40000000000001279 ) ) ;
#5087 =( LENGTH_UNIT ( ) NAMED_UNIT ( * ) SI_UNIT ( .MILLI., .METRE. ) );
#5088 =( NAMED_UNIT ( * ) SI_UNIT ( $, .STERADIAN. ) SOLID_ANGLE_UNIT ( ) );
#5089 = VERTEX_POINT ( 'NONE', #6400 ) ;
#5090 = DIRECTION ( 'NONE',  ( 0.000000000000000000, -1.000000000000000000, 0.000000000000000000 ) ) ;
#5091 = DIRECTION ( 'NONE',  ( 0.000000000000000000, -0.000000000000000000, 1.000000000000000000 ) ) ;
#5092 = DIRECTION ( 'NONE',  ( -0.000000000000000000, -1.000000000000000000, 0.000000000000000000 ) ) ;
#5093 = LINE ( 'NONE', #5170, #1035 ) ;
#5094 =( NAMED_UNIT ( * ) PLANE_ANGLE_UNIT ( ) SI_UNIT ( $, .RADIAN. ) );
#5095 = ORIENTED_EDGE ( 'NONE', *, *, #2296, .T. ) ;
#5096 = VERTEX_POINT ( 'NONE', #3764 ) ;
#5097 =( GEOMETRIC_REPRESENTATION_CONTEXT ( 3 ) GLOBAL_UNCERTAINTY_ASSIGNED_CONTEXT ( ( #5509 ) ) GLOBAL_UNIT_ASSIGNED_CONTEXT ( ( #5288, #3221, #2693 ) ) REPRESENTATION_CONTEXT ( 'NONE', 'WORKASPACE' ) );
#5098 = LINE ( 'NONE', #4578, #1042 ) ;
#5099 = DIRECTION ( 'NONE',  ( 0.000000000000000000, 0.000000000000000000, 1.000000000000000000 ) ) ;
#5100 = PRESENTATION_STYLE_ASSIGNMENT (( #4621 ) ) ;
#5101 = PRESENTATION_STYLE_ASSIGNMENT (( #1615 ) ) ;
#5102 = ORIENTED_EDGE ( 'NONE', *, *, #2053, .F. ) ;
#5103 = SURFACE_STYLE_USAGE ( .BOTH. , #1975 ) ;
#5104 = STYLED_ITEM ( 'NONE', ( #4666 ), #2056 ) ;
#5105 = PRESENTATION_LAYER_ASSIGNMENT (  '', '', ( #4550 ) ) ;
#5106 = DIRECTION ( 'NONE',  ( -0.000000000000000000, -0.000000000000000000, 1.000000000000000000 ) ) ;
#5107 = FACE_OUTER_BOUND ( 'NONE', #4359, .T. ) ;
#5108 = FACE_BOUND ( 'NONE', #4557, .T. ) ;
#5109 =( GEOMETRIC_REPRESENTATION_CONTEXT ( 3 ) GLOBAL_UNCERTAINTY_ASSIGNED_CONTEXT ( ( #3838 ) ) GLOBAL_UNIT_ASSIGNED_CONTEXT ( ( #1210, #3804, #2815 ) ) REPRESENTATION_CONTEXT ( 'NONE', 'WORKASPACE' ) );
#5110 = APPLICATION_CONTEXT ( 'automotive_design' ) ;
#5111 = FACE_OUTER_BOUND ( 'NONE', #2784, .T. ) ;
#5112 = VERTEX_POINT ( 'NONE', #3290 ) ;
#5113 = FACE_OUTER_BOUND ( 'NONE', #2770, .T. ) ;
#5114 = ORIENTED_EDGE ( 'NONE', *, *, #140, .F. ) ;
#5115 =( NAMED_UNIT ( * ) PLANE_ANGLE_UNIT ( ) SI_UNIT ( $, .RADIAN. ) );
#5116 = SURFACE_SIDE_STYLE ('',( #3026 ) ) ;
#5117 = DIRECTION ( 'NONE',  ( -0.000000000000000000, 1.000000000000000000, -0.000000000000000000 ) ) ;
#5118 = DIRECTION ( 'NONE',  ( -1.000000000000000000, 0.000000000000000000, 0.000000000000000000 ) ) ;
#5119 = DIRECTION ( 'NONE',  ( -0.000000000000000000, 1.000000000000000000, -0.000000000000000000 ) ) ;
#5120 = CARTESIAN_POINT ( 'NONE',  ( 44.50000000000001421, -18.50000000000000000, 29.00000000000000711 ) ) ;
#5121 = ORIENTED_EDGE ( 'NONE', *, *, #3018, .T. ) ;
#5122 = AXIS2_PLACEMENT_3D ( 'NONE', #1875, #1967, #362 ) ;
#5123 = EDGE_CURVE ( 'NONE', #179, #1691, #3098, .T. ) ;
#5124 = FILL_AREA_STYLE_COLOUR ( '', #5792 ) ;
#5125 = CARTESIAN_POINT ( 'NONE',  ( -44.50000000000001421, 0.000000000000000000, -29.00000000000000711 ) ) ;
#5126 = LINE ( 'NONE', #5688, #352 ) ;
#5127 = VECTOR ( 'NONE', #3654, 1000.000000000000000 ) ;
#5128 = CARTESIAN_POINT ( 'NONE',  ( -45.50000000000001421, 15.00000000000000000, 3.091507183936761827 ) ) ;
#5129 = VERTEX_POINT ( 'NONE', #5881 ) ;
#5130 = ORIENTED_EDGE ( 'NONE', *, *, #1349, .T. ) ;
#5131 = ADVANCED_FACE ( 'NONE', ( #3731 ), #2544, .T. ) ;
#5132 = VECTOR ( 'NONE', #1793, 1000.000000000000000 ) ;
#5133 = CARTESIAN_POINT ( 'NONE',  ( 1.000000000000006439, -7.000000000000000000, -30.00000000000000711 ) ) ;
#5134 = CARTESIAN_POINT ( 'NONE',  ( -27.50000000000001776, -18.50000000000000000, 15.40000000000001101 ) ) ;
#5135 = FILL_AREA_STYLE_COLOUR ( '', #6280 ) ;
#5136 = FACE_BOUND ( 'NONE', #2755, .T. ) ;
#5137 = EDGE_CURVE ( 'NONE', #2993, #5634, #4510, .T. ) ;
#5138 = DIRECTION ( 'NONE',  ( 0.000000000000000000, 1.000000000000000000, 0.000000000000000000 ) ) ;
#5139 = ORIENTED_EDGE ( 'NONE', *, *, #364, .T. ) ;
#5140 = ADVANCED_FACE ( 'NONE', ( #2828, #6087 ), #3462, .F. ) ;
#5141 =( NAMED_UNIT ( * ) PLANE_ANGLE_UNIT ( ) SI_UNIT ( $, .RADIAN. ) );
#5142 = CIRCLE ( 'NONE', #532, 8.500000000000010658 ) ;
#5143 = SURFACE_SIDE_STYLE ('',( #3921 ) ) ;
#5144 = FILL_AREA_STYLE_COLOUR ( '', #5949 ) ;
#5145 = FILL_AREA_STYLE_COLOUR ( '', #6 ) ;
#5146 = VERTEX_POINT ( 'NONE', #288 ) ;
#5147 = CARTESIAN_POINT ( 'NONE',  ( -44.50000000000001421, 0.000000000000000000, -20.49999999999999645 ) ) ;
#5148 = VECTOR ( 'NONE', #4302, 1000.000000000000000 ) ;
#5149 = COLOUR_RGB ( '',0.5019607843137254832, 0.5019607843137254832, 1.000000000000000000 ) ;
#5150 = EDGE_CURVE ( 'NONE', #2302, #2100, #2381, .T. ) ;
#5151 = CIRCLE ( 'NONE', #3719, 2.500000000000005773 ) ;
#5152 = VERTEX_POINT ( 'NONE', #1837 ) ;
#5153 = AXIS2_PLACEMENT_3D ( 'NONE', #944, #5583, #4533 ) ;
#5154 = CARTESIAN_POINT ( 'NONE',  ( 45.50000000000001421, -18.50000000000000355, -26.50000000000000711 ) ) ;
#5155 = DIRECTION ( 'NONE',  ( -1.000000000000000000, -0.000000000000000000, -0.000000000000000000 ) ) ;
#5156 = FACE_OUTER_BOUND ( 'NONE', #2082, .T. ) ;
#5157 = FACE_OUTER_BOUND ( 'NONE', #1626, .T. ) ;
#5158 = AXIS2_PLACEMENT_3D ( 'NONE', #17, #5117, #1442 ) ;
#5159 = SURFACE_STYLE_USAGE ( .BOTH. , #945 ) ;
#5160 = CARTESIAN_POINT ( 'NONE',  ( -44.50000000000001421, -18.50000000000000000, -29.00000000000000711 ) ) ;
#5161 = COLOUR_RGB ( '',0.5019607843137254832, 0.5019607843137254832, 1.000000000000000000 ) ;
#5162 = VERTEX_POINT ( 'NONE', #6500 ) ;
#5163 = COLOUR_RGB ( '',0.5019607843137254832, 0.5019607843137254832, 1.000000000000000000 ) ;
#5164 = DIRECTION ( 'NONE',  ( 0.000000000000000000, -0.000000000000000000, 1.000000000000000000 ) ) ;
#5165 = CARTESIAN_POINT ( 'NONE',  ( -44.50000000000001421, -6.000000000000000000, -30.75000000000001421 ) ) ;
#5166 = EDGE_CURVE ( 'NONE', #1123, #3692, #4948, .T. ) ;
#5167 = CIRCLE ( 'NONE', #657, 1.750000000000005107 ) ;
#5168 = CARTESIAN_POINT ( 'NONE',  ( 45.50000000000002132, 1.802094487897897279, -3.091507183936754721 ) ) ;
#5169 = DIRECTION ( 'NONE',  ( 0.000000000000000000, 0.000000000000000000, -1.000000000000000000 ) ) ;
#5170 = CARTESIAN_POINT ( 'NONE',  ( 15.00000000000000178, 4.000000000000000000, -26.50000000000001421 ) ) ;
#5171 = VECTOR ( 'NONE', #4079, 1000.000000000000000 ) ;
#5172 = VECTOR ( 'NONE', #5825, 1000.000000000000000 ) ;
#5173 = VERTEX_POINT ( 'NONE', #3333 ) ;
#5174 = MECHANICAL_DESIGN_GEOMETRIC_PRESENTATION_REPRESENTATION (  '', ( #4271 ), #6724 ) ;
#5175 = SURFACE_STYLE_USAGE ( .BOTH. , #1582 ) ;
#5176 =( GEOMETRIC_REPRESENTATION_CONTEXT ( 3 ) GLOBAL_UNCERTAINTY_ASSIGNED_CONTEXT ( ( #5927 ) ) GLOBAL_UNIT_ASSIGNED_CONTEXT ( ( #4943, #2643, #440 ) ) REPRESENTATION_CONTEXT ( 'NONE', 'WORKASPACE' ) );
#5177 = SURFACE_SIDE_STYLE ('',( #4218 ) ) ;
#5178 = COLOUR_RGB ( '',0.5019607843137254832, 0.5019607843137254832, 1.000000000000000000 ) ;
#5179 = PRESENTATION_STYLE_ASSIGNMENT (( #6804 ) ) ;
#5180 = ORIENTED_EDGE ( 'NONE', *, *, #471, .F. ) ;
#5181 = EDGE_CURVE ( 'NONE', #5391, #1691, #6534, .T. ) ;
#5182 = STYLED_ITEM ( 'NONE', ( #3570 ), #4189 ) ;
#5183 = PLANE ( 'NONE',  #5686 ) ;
#5184 = UNCERTAINTY_MEASURE_WITH_UNIT (LENGTH_MEASURE( 1.000000000000000082E-05 ), #6564, 'distance_accuracy_value', 'NONE');
#5185 = CIRCLE ( 'NONE', #126, 2.600000000000001421 ) ;
#5186 = LINE ( 'NONE', #6250, #2275 ) ;
#5187 = VECTOR ( 'NONE', #1586, 1000.000000000000000 ) ;
#5188 = PRESENTATION_STYLE_ASSIGNMENT (( #6672 ) ) ;
#5189 = CYLINDRICAL_SURFACE ( 'NONE', #2521, 8.500000000000010658 ) ;
#5190 = LINE ( 'NONE', #534, #3934 ) ;
#5191 = SURFACE_SIDE_STYLE ('',( #6254 ) ) ;
#5192 = ORIENTED_EDGE ( 'NONE', *, *, #4318, .T. ) ;
#5193 = LINE ( 'NONE', #6744, #742 ) ;
#5194 = EDGE_CURVE ( 'NONE', #3047, #713, #5847, .T. ) ;
#5195 = ORIENTED_EDGE ( 'NONE', *, *, #6092, .T. ) ;
#5196 = SURFACE_STYLE_USAGE ( .BOTH. , #4742 ) ;
#5197 =( NAMED_UNIT ( * ) PLANE_ANGLE_UNIT ( ) SI_UNIT ( $, .RADIAN. ) );
#5198 = PRESENTATION_STYLE_ASSIGNMENT (( #79 ) ) ;
#5199 = CARTESIAN_POINT ( 'NONE',  ( -18.59150718393674495, 0.000000000000000000, 30.00000000000001066 ) ) ;
#5200 = CARTESIAN_POINT ( 'NONE',  ( -51.68556701030929901, 0.000000000000000000, 24.45933631058685620 ) ) ;
#5201 = FILL_AREA_STYLE ('',( #3577 ) ) ;
#5202 = CARTESIAN_POINT ( 'NONE',  ( 12.49999999999999289, 4.000000000000000000, 28.00000000000001066 ) ) ;
#5203 = ORIENTED_EDGE ( 'NONE', *, *, #5787, .F. ) ;
#5204 = PLANE ( 'NONE',  #4896 ) ;
#5205 =( NAMED_UNIT ( * ) PLANE_ANGLE_UNIT ( ) SI_UNIT ( $, .RADIAN. ) );
#5206 = SURFACE_SIDE_STYLE ('',( #4808 ) ) ;
#5207 = SURFACE_SIDE_STYLE ('',( #3587 ) ) ;
#5208 = ORIENTED_EDGE ( 'NONE', *, *, #5914, .F. ) ;
#5209 = UNCERTAINTY_MEASURE_WITH_UNIT (LENGTH_MEASURE( 1.000000000000000082E-05 ), #5971, 'distance_accuracy_value', 'NONE');
#5210 = FILL_AREA_STYLE_COLOUR ( '', #4500 ) ;
#5211 = LINE ( 'NONE', #5347, #2396 ) ;
#5212 = DIRECTION ( 'NONE',  ( 0.000000000000000000, 0.000000000000000000, -1.000000000000000000 ) ) ;
#5213 = CARTESIAN_POINT ( 'NONE',  ( 19.40098788072952374, -7.853867151926287704, 30.00817220856076872 ) ) ;
#5214 = SURFACE_STYLE_FILL_AREA ( #3077 ) ;
#5215 = VECTOR ( 'NONE', #1966, 1000.000000000000000 ) ;
#5216 = ORIENTED_EDGE ( 'NONE', *, *, #4149, .T. ) ;
#5217 = EDGE_LOOP ( 'NONE', ( #530, #3011, #2292, #2476 ) ) ;
#5218 =( LENGTH_UNIT ( ) NAMED_UNIT ( * ) SI_UNIT ( .MILLI., .METRE. ) );
#5219 = PRESENTATION_STYLE_ASSIGNMENT (( #1487 ) ) ;
#5220 = COLOUR_RGB ( '',0.5019607843137254832, 0.5019607843137254832, 1.000000000000000000 ) ;
#5221 = ADVANCED_FACE ( 'NONE', ( #1810 ), #772, .T. ) ;
#5222 = COLOUR_RGB ( '',0.5019607843137254832, 0.5019607843137254832, 1.000000000000000000 ) ;
#5223 = CARTESIAN_POINT ( 'NONE',  ( -44.50000000000001421, -22.00000000000000355, -31.50000000000001421 ) ) ;
#5224 =( LENGTH_UNIT ( ) NAMED_UNIT ( * ) SI_UNIT ( .MILLI., .METRE. ) );
#5225 = VERTEX_POINT ( 'NONE', #3042 ) ;
#5226 = DIRECTION ( 'NONE',  ( 0.000000000000000000, 0.000000000000000000, 1.000000000000000000 ) ) ;
#5227 = ADVANCED_FACE ( 'NONE', ( #2481 ), #4652, .F. ) ;
#5228 = ORIENTED_EDGE ( 'NONE', *, *, #3214, .T. ) ;
#5229 = PRESENTATION_STYLE_ASSIGNMENT (( #1021 ) ) ;
#5230 = CARTESIAN_POINT ( 'NONE',  ( 44.50000000000001421, -22.00000000000000355, 29.00000000000000711 ) ) ;
#5231 = AXIS2_PLACEMENT_3D ( 'NONE', #954, #5659, #1001 ) ;
#5232 =( GEOMETRIC_REPRESENTATION_CONTEXT ( 3 ) GLOBAL_UNCERTAINTY_ASSIGNED_CONTEXT ( ( #6428 ) ) GLOBAL_UNIT_ASSIGNED_CONTEXT ( ( #3671, #5115, #5780 ) ) REPRESENTATION_CONTEXT ( 'NONE', 'WORKASPACE' ) );
#5233 = CARTESIAN_POINT ( 'NONE',  ( -42.57339518699360070, 0.000000000000000000, 10.13115200650950065 ) ) ;
#5234 = EDGE_CURVE ( 'NONE', #3473, #3600, #906, .T. ) ;
#5235 = EDGE_CURVE ( 'NONE', #6150, #1963, #6506, .T. ) ;
#5236 = ORIENTED_EDGE ( 'NONE', *, *, #809, .T. ) ;
#5237 = CIRCLE ( 'NONE', #1697, 1.999999999999999556 ) ;
#5238 = DIRECTION ( 'NONE',  ( -0.000000000000000000, 1.000000000000000000, -0.000000000000000000 ) ) ;
#5239 = DIRECTION ( 'NONE',  ( 0.000000000000000000, -1.084202172485504434E-16, -1.000000000000000000 ) ) ;
#5240 =( LENGTH_UNIT ( ) NAMED_UNIT ( * ) SI_UNIT ( .MILLI., .METRE. ) );
#5241 = DIRECTION ( 'NONE',  ( -0.000000000000000000, -1.000000000000000000, -0.000000000000000000 ) ) ;
#5242 = CARTESIAN_POINT ( 'NONE',  ( -15.50000000000001776, -15.00000000000000178, 17.40000000000000924 ) ) ;
#5243 =( GEOMETRIC_REPRESENTATION_CONTEXT ( 3 ) GLOBAL_UNCERTAINTY_ASSIGNED_CONTEXT ( ( #5278 ) ) GLOBAL_UNIT_ASSIGNED_CONTEXT ( ( #6114, #2905, #2000 ) ) REPRESENTATION_CONTEXT ( 'NONE', 'WORKASPACE' ) );
#5244 = ORIENTED_EDGE ( 'NONE', *, *, #768, .T. ) ;
#5245 = ORIENTED_EDGE ( 'NONE', *, *, #5619, .F. ) ;
#5246 = ORIENTED_EDGE ( 'NONE', *, *, #4840, .F. ) ;
#5247 = EDGE_CURVE ( 'NONE', #5709, #5759, #1665, .T. ) ;
#5248 = CIRCLE ( 'NONE', #4457, 40.00000000000000000 ) ;
#5249 = CARTESIAN_POINT ( 'NONE',  ( 22.50000000000000000, -39.31465829649864929, 24.30000000000000782 ) ) ;
#5250 = CARTESIAN_POINT ( 'NONE',  ( -15.50000000000001776, -22.00000000000000000, 17.40000000000000924 ) ) ;
#5251 = CARTESIAN_POINT ( 'NONE',  ( -51.68556701030929901, 15.00000000000000000, 24.45933631058685620 ) ) ;
#5252 =( LENGTH_UNIT ( ) NAMED_UNIT ( * ) SI_UNIT ( .MILLI., .METRE. ) );
#5253 = SURFACE_STYLE_USAGE ( .BOTH. , #5765 ) ;
#5254 = MECHANICAL_DESIGN_GEOMETRIC_PRESENTATION_REPRESENTATION (  '', ( #517 ), #6135 ) ;
#5255 = ORIENTED_EDGE ( 'NONE', *, *, #6235, .F. ) ;
#5256 = SURFACE_STYLE_USAGE ( .BOTH. , #1224 ) ;
#5257 = DIRECTION ( 'NONE',  ( 0.000000000000000000, -1.000000000000000000, 0.000000000000000000 ) ) ;
#5258 =( NAMED_UNIT ( * ) PLANE_ANGLE_UNIT ( ) SI_UNIT ( $, .RADIAN. ) );
#5259 = ORIENTED_EDGE ( 'NONE', *, *, #4287, .T. ) ;
#5260 = EDGE_CURVE ( 'NONE', #931, #5504, #1976, .T. ) ;
#5261 = CARTESIAN_POINT ( 'NONE',  ( -27.50000000000001776, -15.00000000000000178, 20.00000000000001066 ) ) ;
#5262 = VERTEX_POINT ( 'NONE', #2453 ) ;
#5263 = DIRECTION ( 'NONE',  ( 0.000000000000000000, -1.000000000000000000, 0.000000000000000000 ) ) ;
#5264 =( NAMED_UNIT ( * ) PLANE_ANGLE_UNIT ( ) SI_UNIT ( $, .RADIAN. ) );
#5265 = CYLINDRICAL_SURFACE ( 'NONE', #5158, 8.500000000000010658 ) ;
#5266 = CARTESIAN_POINT ( 'NONE',  ( 12.00000000000000178, -13.49999999999999822, 24.30000000000000782 ) ) ;
#5267 = AXIS2_PLACEMENT_3D ( 'NONE', #2661, #3144, #6319 ) ;
#5268 = COLOUR_RGB ( '',0.5019607843137254832, 0.5019607843137254832, 1.000000000000000000 ) ;
#5269 = ORIENTED_EDGE ( 'NONE', *, *, #3546, .F. ) ;
#5270 = MECHANICAL_DESIGN_GEOMETRIC_PRESENTATION_REPRESENTATION (  '', ( #2963 ), #5496 ) ;
#5271 = SURFACE_STYLE_USAGE ( .BOTH. , #6827 ) ;
#5272 = CARTESIAN_POINT ( 'NONE',  ( -46.12293727264081866, 4.000000000000000000, -10.12335836023587987 ) ) ;
#5273 = LINE ( 'NONE', #3068, #4267 ) ;
#5274 = CARTESIAN_POINT ( 'NONE',  ( 45.50000000000001421, -22.00000000000000000, 30.00000000000001066 ) ) ;
#5275 = AXIS2_PLACEMENT_3D ( 'NONE', #4872, #2198, #6442 ) ;
#5276 = FACE_OUTER_BOUND ( 'NONE', #5081, .T. ) ;
#5277 = ORIENTED_EDGE ( 'NONE', *, *, #675, .T. ) ;
#5278 = UNCERTAINTY_MEASURE_WITH_UNIT (LENGTH_MEASURE( 1.000000000000000082E-05 ), #6114, 'distance_accuracy_value', 'NONE');
#5279 = COLOUR_RGB ( '',0.5019607843137254832, 0.5019607843137254832, 1.000000000000000000 ) ;
#5280 =( GEOMETRIC_REPRESENTATION_CONTEXT ( 3 ) GLOBAL_UNCERTAINTY_ASSIGNED_CONTEXT ( ( #6063 ) ) GLOBAL_UNIT_ASSIGNED_CONTEXT ( ( #5782, #6750, #6263 ) ) REPRESENTATION_CONTEXT ( 'NONE', 'WORKASPACE' ) );
#5281 = UNCERTAINTY_MEASURE_WITH_UNIT (LENGTH_MEASURE( 1.000000000000000082E-05 ), #4191, 'distance_accuracy_value', 'NONE');
#5282 = AXIS2_PLACEMENT_3D ( 'NONE', #2290, #3259, #4374 ) ;
#5283 = FILL_AREA_STYLE ('',( #5210 ) ) ;
#5284 = DIRECTION ( 'NONE',  ( 1.000000000000000000, 0.000000000000000000, 0.000000000000000000 ) ) ;
#5285 = DIRECTION ( 'NONE',  ( 1.000000000000000000, 0.000000000000000000, 0.000000000000000000 ) ) ;
#5286 = VECTOR ( 'NONE', #1907, 1000.000000000000000 ) ;
#5287 =( NAMED_UNIT ( * ) PLANE_ANGLE_UNIT ( ) SI_UNIT ( $, .RADIAN. ) );
#5288 =( LENGTH_UNIT ( ) NAMED_UNIT ( * ) SI_UNIT ( .MILLI., .METRE. ) );
#5289 = DIRECTION ( 'NONE',  ( 4.885258803315056063E-16, 0.000000000000000000, -1.000000000000000000 ) ) ;
#5290 = EDGE_CURVE ( 'NONE', #4790, #2090, #1970, .T. ) ;
#5291 = ORIENTED_EDGE ( 'NONE', *, *, #482, .F. ) ;
#5292 = COLOUR_RGB ( '',0.5019607843137254832, 0.5019607843137254832, 1.000000000000000000 ) ;
#5293 =( NAMED_UNIT ( * ) PLANE_ANGLE_UNIT ( ) SI_UNIT ( $, .RADIAN. ) );
#5294 = PRESENTATION_LAYER_ASSIGNMENT (  '', '', ( #565 ) ) ;
#5295 = COLOUR_RGB ( '',0.5019607843137254832, 0.5019607843137254832, 1.000000000000000000 ) ;
#5296 =( NAMED_UNIT ( * ) SI_UNIT ( $, .STERADIAN. ) SOLID_ANGLE_UNIT ( ) );
#5297 = ORIENTED_EDGE ( 'NONE', *, *, #1077, .F. ) ;
#5298 = FACE_OUTER_BOUND ( 'NONE', #670, .T. ) ;
#5299 = AXIS2_PLACEMENT_3D ( 'NONE', #598, #5388, #4253 ) ;
#5300 = DIRECTION ( 'NONE',  ( 0.000000000000000000, 0.000000000000000000, -1.000000000000000000 ) ) ;
#5301 = ORIENTED_EDGE ( 'NONE', *, *, #257, .T. ) ;
#5302 = CARTESIAN_POINT ( 'NONE',  ( 42.57211781330949663, 4.000000000000000000, -10.12335836023587987 ) ) ;
#5303 = MECHANICAL_DESIGN_GEOMETRIC_PRESENTATION_REPRESENTATION (  '', ( #2988 ), #862 ) ;
#5304 = DIRECTION ( 'NONE',  ( 0.000000000000000000, 0.000000000000000000, -1.000000000000000000 ) ) ;
#5305 = FACE_OUTER_BOUND ( 'NONE', #1446, .T. ) ;
#5306 = FILL_AREA_STYLE_COLOUR ( '', #4153 ) ;
#5307 = ORIENTED_EDGE ( 'NONE', *, *, #3503, .F. ) ;
#5308 =( NAMED_UNIT ( * ) PLANE_ANGLE_UNIT ( ) SI_UNIT ( $, .RADIAN. ) );
#5309 = CARTESIAN_POINT ( 'NONE',  ( 6.500000000000001776, -18.50000000000000000, 21.50000000000000355 ) ) ;
#5310 = ADVANCED_FACE ( 'NONE', ( #3979 ), #6115, .T. ) ;
#5311 = CARTESIAN_POINT ( 'NONE',  ( 15.00000000000000178, 0.000000000000000000, -30.00000000000000000 ) ) ;
#5312 = SURFACE_STYLE_FILL_AREA ( #4210 ) ;
#5313 =( NAMED_UNIT ( * ) PLANE_ANGLE_UNIT ( ) SI_UNIT ( $, .RADIAN. ) );
#5314 = EDGE_LOOP ( 'NONE', ( #2585, #2541, #4007, #3972, #2215, #6671 ) ) ;
#5315 = EDGE_LOOP ( 'NONE', ( #2043, #6805, #5556, #1887 ) ) ;
#5316 = EDGE_CURVE ( 'NONE', #3172, #794, #4295, .T. ) ;
#5317 = FILL_AREA_STYLE_COLOUR ( '', #3399 ) ;
#5318 = DIRECTION ( 'NONE',  ( 0.000000000000000000, 1.000000000000000000, 0.000000000000000000 ) ) ;
#5319 = UNCERTAINTY_MEASURE_WITH_UNIT (LENGTH_MEASURE( 1.000000000000000082E-05 ), #5252, 'distance_accuracy_value', 'NONE');
#5320 = DIRECTION ( 'NONE',  ( 0.000000000000000000, 0.000000000000000000, 1.000000000000000000 ) ) ;
#5321 = DIRECTION ( 'NONE',  ( 0.000000000000000000, 0.000000000000000000, 1.000000000000000000 ) ) ;
#5322 = ADVANCED_FACE ( 'NONE', ( #6348 ), #2064, .T. ) ;
#5323 = ORIENTED_EDGE ( 'NONE', *, *, #1435, .F. ) ;
#5324 = ORIENTED_EDGE ( 'NONE', *, *, #4061, .T. ) ;
#5325 = EDGE_CURVE ( 'NONE', #4085, #1637, #1114, .T. ) ;
#5326 = SURFACE_SIDE_STYLE ('',( #1593 ) ) ;
#5327 = CARTESIAN_POINT ( 'NONE',  ( -85.50000000000001421, 4.000000000000000000, 3.091507183936761827 ) ) ;
#5328 = ORIENTED_EDGE ( 'NONE', *, *, #846, .T. ) ;
#5329 = DIRECTION ( 'NONE',  ( -1.000000000000000000, 0.000000000000000000, 2.312964634635743450E-16 ) ) ;
#5330 =( GEOMETRIC_REPRESENTATION_CONTEXT ( 3 ) GLOBAL_UNCERTAINTY_ASSIGNED_CONTEXT ( ( #6061 ) ) GLOBAL_UNIT_ASSIGNED_CONTEXT ( ( #2498, #6747, #5676 ) ) REPRESENTATION_CONTEXT ( 'NONE', 'WORKASPACE' ) );
#5331 = EDGE_LOOP ( 'NONE', ( #53, #4419, #1841, #4785, #1507, #5510, #1712, #3588, #3780, #3858, #1569, #2724 ) ) ;
#5332 = CARTESIAN_POINT ( 'NONE',  ( -46.12293727264082577, 0.000000000000000000, -10.12335836023587810 ) ) ;
#5333 = DIRECTION ( 'NONE',  ( -0.000000000000000000, 1.000000000000000000, -0.000000000000000000 ) ) ;
#5334 =( GEOMETRIC_REPRESENTATION_CONTEXT ( 3 ) GLOBAL_UNCERTAINTY_ASSIGNED_CONTEXT ( ( #5369 ) ) GLOBAL_UNIT_ASSIGNED_CONTEXT ( ( #5882, #5929, #5418 ) ) REPRESENTATION_CONTEXT ( 'NONE', 'WORKASPACE' ) );
#5335 = DIRECTION ( 'NONE',  ( 0.000000000000000000, 0.000000000000000000, -1.000000000000000000 ) ) ;
#5336 = SURFACE_SIDE_STYLE ('',( #3238 ) ) ;
#5337 = DIRECTION ( 'NONE',  ( -0.000000000000000000, 0.000000000000000000, 1.000000000000000000 ) ) ;
#5338 =( NAMED_UNIT ( * ) PLANE_ANGLE_UNIT ( ) SI_UNIT ( $, .RADIAN. ) );
#5339 =( NAMED_UNIT ( * ) SI_UNIT ( $, .STERADIAN. ) SOLID_ANGLE_UNIT ( ) );
#5340 = CARTESIAN_POINT ( 'NONE',  ( -27.50000000000001776, -18.50000000000000000, 20.00000000000001066 ) ) ;
#5341 = PRESENTATION_LAYER_ASSIGNMENT (  '', '', ( #4554 ) ) ;
#5342 = VERTEX_POINT ( 'NONE', #527 ) ;
#5343 = VERTEX_POINT ( 'NONE', #2623 ) ;
#5344 = EDGE_CURVE ( 'NONE', #5993, #5888, #681, .T. ) ;
#5345 = LINE ( 'NONE', #4250, #3835 ) ;
#5346 = PLANE ( 'NONE',  #1190 ) ;
#5347 = CARTESIAN_POINT ( 'NONE',  ( -3.500000000000016431, -15.00000000000000178, 24.60000000000001208 ) ) ;
#5348 = DIRECTION ( 'NONE',  ( 0.000000000000000000, 1.000000000000000000, 0.000000000000000000 ) ) ;
#5349 =( NAMED_UNIT ( * ) PLANE_ANGLE_UNIT ( ) SI_UNIT ( $, .RADIAN. ) );
#5350 = CARTESIAN_POINT ( 'NONE',  ( 45.50000000000001421, 0.000000000000000000, 30.00000000000001066 ) ) ;
#5351 = ORIENTED_EDGE ( 'NONE', *, *, #4756, .F. ) ;
#5352 = ORIENTED_EDGE ( 'NONE', *, *, #1865, .T. ) ;
#5353 = ADVANCED_FACE ( 'NONE', ( #4180, #5839, #5908, #2174 ), #6320, .T. ) ;
#5354 = PRESENTATION_LAYER_ASSIGNMENT (  '', '', ( #5012 ) ) ;
#5355 = SURFACE_STYLE_FILL_AREA ( #3256 ) ;
#5356 = STYLED_ITEM ( 'NONE', ( #6238 ), #745 ) ;
#5357 = CIRCLE ( 'NONE', #1607, 4.999999999999997335 ) ;
#5358 = CYLINDRICAL_SURFACE ( 'NONE', #5282, 1.750000000000005107 ) ;
#5359 = AXIS2_PLACEMENT_3D ( 'NONE', #5785, #2095, #950 ) ;
#5360 = ORIENTED_EDGE ( 'NONE', *, *, #4415, .F. ) ;
#5361 = CARTESIAN_POINT ( 'NONE',  ( -44.50000000000001421, -6.000000000000000000, -29.00000000000000711 ) ) ;
#5362 = AXIS2_PLACEMENT_3D ( 'NONE', #4167, #4558, #6819 ) ;
#5363 = ORIENTED_EDGE ( 'NONE', *, *, #1384, .F. ) ;
#5364 = DIRECTION ( 'NONE',  ( 1.000000000000000000, -0.000000000000000000, -2.312964634635743450E-16 ) ) ;
#5365 = CARTESIAN_POINT ( 'NONE',  ( 44.50000000000001421, -18.50000000000000000, -29.00000000000000711 ) ) ;
#5366 = DIRECTION ( 'NONE',  ( 1.020425574104003629E-16, 0.000000000000000000, 1.000000000000000000 ) ) ;
#5367 = EDGE_CURVE ( 'NONE', #1998, #59, #3391, .T. ) ;
#5368 = EDGE_LOOP ( 'NONE', ( #1895, #5328, #5121, #552 ) ) ;
#5369 = UNCERTAINTY_MEASURE_WITH_UNIT (LENGTH_MEASURE( 1.000000000000000082E-05 ), #5882, 'distance_accuracy_value', 'NONE');
#5370 = SURFACE_SIDE_STYLE ('',( #4351 ) ) ;
#5371 = CARTESIAN_POINT ( 'NONE',  ( 44.50000000000001421, 0.000000000000000000, 29.00000000000000711 ) ) ;
#5372 = FACE_OUTER_BOUND ( 'NONE', #1533, .T. ) ;
#5373 = FILL_AREA_STYLE ('',( #1655 ) ) ;
#5374 = CIRCLE ( 'NONE', #4703, 40.00000000000000000 ) ;
#5375 =( NAMED_UNIT ( * ) PLANE_ANGLE_UNIT ( ) SI_UNIT ( $, .RADIAN. ) );
#5376 = PRESENTATION_STYLE_ASSIGNMENT (( #2814 ) ) ;
#5377 = AXIS2_PLACEMENT_3D ( 'NONE', #1018, #3737, #1076 ) ;
#5378 = CARTESIAN_POINT ( 'NONE',  ( -18.59150718393674495, 0.000000000000000000, 70.00000000000000000 ) ) ;
#5379 = VERTEX_POINT ( 'NONE', #1805 ) ;
#5380 = ORIENTED_EDGE ( 'NONE', *, *, #5764, .T. ) ;
#5381 = VECTOR ( 'NONE', #280, 1000.000000000000000 ) ;
#5382 = AXIS2_PLACEMENT_3D ( 'NONE', #1207, #1721, #4806 ) ;
#5383 = COLOUR_RGB ( '',0.5019607843137254832, 0.5019607843137254832, 1.000000000000000000 ) ;
#5384 = DIRECTION ( 'NONE',  ( -1.000000000000000000, 0.000000000000000000, -0.000000000000000000 ) ) ;
#5385 = FILL_AREA_STYLE ('',( #4859 ) ) ;
#5386 = AXIS2_PLACEMENT_3D ( 'NONE', #6511, #3831, #5990 ) ;
#5387 = SURFACE_STYLE_USAGE ( .BOTH. , #665 ) ;
#5388 = DIRECTION ( 'NONE',  ( 0.000000000000000000, -1.000000000000000000, 0.000000000000000000 ) ) ;
#5389 = VECTOR ( 'NONE', #842, 1000.000000000000000 ) ;
#5390 = FACE_OUTER_BOUND ( 'NONE', #3653, .T. ) ;
#5391 = VERTEX_POINT ( 'NONE', #5942 ) ;
#5392 = ORIENTED_EDGE ( 'NONE', *, *, #5563, .F. ) ;
#5393 = PRESENTATION_LAYER_ASSIGNMENT (  '', '', ( #986 ) ) ;
#5394 = COLOUR_RGB ( '',0.5019607843137254832, 0.5019607843137254832, 1.000000000000000000 ) ;
#5395 = CIRCLE ( 'NONE', #3306, 4.999999999999997335 ) ;
#5396 = AXIS2_PLACEMENT_3D ( 'NONE', #652, #3863, #3778 ) ;
#5397 = EDGE_CURVE ( 'NONE', #3037, #4763, #5524, .T. ) ;
#5398 = LINE ( 'NONE', #633, #3621 ) ;
#5399 = LINE ( 'NONE', #4263, #3185 ) ;
#5400 = DIRECTION ( 'NONE',  ( 0.000000000000000000, 0.000000000000000000, 1.000000000000000000 ) ) ;
#5401 = VERTEX_POINT ( 'NONE', #281 ) ;
#5402 =( GEOMETRIC_REPRESENTATION_CONTEXT ( 3 ) GLOBAL_UNCERTAINTY_ASSIGNED_CONTEXT ( ( #2360 ) ) GLOBAL_UNIT_ASSIGNED_CONTEXT ( ( #3933, #893, #4454 ) ) REPRESENTATION_CONTEXT ( 'NONE', 'WORKASPACE' ) );
#5403 = VECTOR ( 'NONE', #3984, 1000.000000000000000 ) ;
#5404 = LINE ( 'NONE', #1711, #3614 ) ;
#5405 = AXIS2_PLACEMENT_3D ( 'NONE', #4436, #5560, #2425 ) ;
#5406 = ORIENTED_EDGE ( 'NONE', *, *, #832, .F. ) ;
#5407 = STYLED_ITEM ( 'NONE', ( #741 ), #4177 ) ;
#5408 = AXIS2_PLACEMENT_3D ( 'NONE', #3110, #3688, #5693 ) ;
#5409 = CARTESIAN_POINT ( 'NONE',  ( -58.34927731208833279, 0.000000000000000000, -37.51000000000001933 ) ) ;
#5410 = DIRECTION ( 'NONE',  ( -1.000000000000000000, 0.000000000000000000, 1.020425574104003629E-16 ) ) ;
#5411 =( GEOMETRIC_REPRESENTATION_CONTEXT ( 3 ) GLOBAL_UNCERTAINTY_ASSIGNED_CONTEXT ( ( #2658 ) ) GLOBAL_UNIT_ASSIGNED_CONTEXT ( ( #964, #112, #3281 ) ) REPRESENTATION_CONTEXT ( 'NONE', 'WORKASPACE' ) );
#5412 = EDGE_CURVE ( 'NONE', #5523, #1233, #1441, .T. ) ;
#5413 = UNCERTAINTY_MEASURE_WITH_UNIT (LENGTH_MEASURE( 1.000000000000000082E-05 ), #4447, 'distance_accuracy_value', 'NONE');
#5414 =( NAMED_UNIT ( * ) PLANE_ANGLE_UNIT ( ) SI_UNIT ( $, .RADIAN. ) );
#5415 = VECTOR ( 'NONE', #6026, 1000.000000000000000 ) ;
#5416 = MECHANICAL_DESIGN_GEOMETRIC_PRESENTATION_REPRESENTATION (  '', ( #6404 ), #2868 ) ;
#5417 = CARTESIAN_POINT ( 'NONE',  ( -44.50000000000001421, -2.999999999999998224, -24.00000000000001066 ) ) ;
#5418 =( NAMED_UNIT ( * ) SI_UNIT ( $, .STERADIAN. ) SOLID_ANGLE_UNIT ( ) );
#5419 = LINE ( 'NONE', #5311, #6041 ) ;
#5420 = CARTESIAN_POINT ( 'NONE',  ( 44.50000000000001421, 0.000000000000000000, 34.00000000000000000 ) ) ;
#5421 =( LENGTH_UNIT ( ) NAMED_UNIT ( * ) SI_UNIT ( .MILLI., .METRE. ) );
#5422 = CARTESIAN_POINT ( 'NONE',  ( -9.999999999999992895, -9.000000000000000000, -20.00000000000000355 ) ) ;
#5423 = EDGE_LOOP ( 'NONE', ( #5726, #4594 ) ) ;
#5424 = ORIENTED_EDGE ( 'NONE', *, *, #4538, .T. ) ;
#5425 = DIRECTION ( 'NONE',  ( 0.000000000000000000, 0.000000000000000000, 1.000000000000000000 ) ) ;
#5426 = SURFACE_STYLE_USAGE ( .BOTH. , #1217 ) ;
#5427 = DIRECTION ( 'NONE',  ( -0.000000000000000000, 1.000000000000000000, -0.000000000000000000 ) ) ;
#5428 = EDGE_LOOP ( 'NONE', ( #2720, #4970, #1353, #6635, #6157, #326 ) ) ;
#5429 = EDGE_LOOP ( 'NONE', ( #2948, #593 ) ) ;
#5430 = UNCERTAINTY_MEASURE_WITH_UNIT (LENGTH_MEASURE( 1.000000000000000082E-05 ), #4280, 'distance_accuracy_value', 'NONE');
#5431 = CARTESIAN_POINT ( 'NONE',  ( -18.59150718393674495, -22.00000000000000000, -70.00000000000000000 ) ) ;
#5432 = SURFACE_STYLE_FILL_AREA ( #2910 ) ;
#5433 = CARTESIAN_POINT ( 'NONE',  ( 44.50000000000001421, -6.000000000000001776, -29.00000000000000711 ) ) ;
#5434 = EDGE_LOOP ( 'NONE', ( #578, #3285, #754, #277 ) ) ;
#5435 = CARTESIAN_POINT ( 'NONE',  ( -3.500000000000016431, -15.00000000000000178, 22.60000000000001208 ) ) ;
#5436 = EDGE_CURVE ( 'NONE', #2485, #128, #1332, .T. ) ;
#5437 = ORIENTED_EDGE ( 'NONE', *, *, #723, .T. ) ;
#5438 = SURFACE_SIDE_STYLE ('',( #2772 ) ) ;
#5439 = SURFACE_SIDE_STYLE ('',( #3344 ) ) ;
#5440 = VECTOR ( 'NONE', #1646, 1000.000000000000000 ) ;
#5441 = VERTEX_POINT ( 'NONE', #2789 ) ;
#5442 = EDGE_CURVE ( 'NONE', #3385, #1676, #2249, .T. ) ;
#5443 =( LENGTH_UNIT ( ) NAMED_UNIT ( * ) SI_UNIT ( .MILLI., .METRE. ) );
#5444 = LINE ( 'NONE', #2810, #1885 ) ;
#5445 = EDGE_CURVE ( 'NONE', #5588, #6040, #6529, .T. ) ;
#5446 = MECHANICAL_DESIGN_GEOMETRIC_PRESENTATION_REPRESENTATION (  '', ( #6655 ), #42 ) ;
#5447 = DIRECTION ( 'NONE',  ( -1.000000000000000000, -0.000000000000000000, -0.000000000000000000 ) ) ;
#5448 =( NAMED_UNIT ( * ) SI_UNIT ( $, .STERADIAN. ) SOLID_ANGLE_UNIT ( ) );
#5449 = EDGE_CURVE ( 'NONE', #6470, #3490, #6457, .T. ) ;
#5451 =( NAMED_UNIT ( * ) SI_UNIT ( $, .STERADIAN. ) SOLID_ANGLE_UNIT ( ) );
#5450 = PRODUCT_DEFINITION_CONTEXT ( 'detailed design', #5110, 'design' ) ;
#5452 = SURFACE_STYLE_USAGE ( .BOTH. , #720 ) ;
#5453 = EDGE_LOOP ( 'NONE', ( #3475, #2561, #2670, #5392 ) ) ;
#5454 = ORIENTED_EDGE ( 'NONE', *, *, #3257, .T. ) ;
#5455 = CARTESIAN_POINT ( 'NONE',  ( 45.54309203193080435, 3.289082804604421373, -4.950112791678213497 ) ) ;
#5456 = CARTESIAN_POINT ( 'NONE',  ( 42.01052253824911986, 2.095440431761825373, -4.053810089921167759 ) ) ;
#5457 = CARTESIAN_POINT ( 'NONE',  ( 12.49999999999999112, 14.99999999999999289, 30.00000000000001066 ) ) ;
#5458 = VECTOR ( 'NONE', #1504, 1000.000000000000000 ) ;
#5459 = CARTESIAN_POINT ( 'NONE',  ( 15.00000000000000178, 4.000000000000000000, -26.50000000000001421 ) ) ;
#5460 = ORIENTED_EDGE ( 'NONE', *, *, #3991, .T. ) ;
#5461 = ORIENTED_EDGE ( 'NONE', *, *, #5068, .T. ) ;
#5462 = SURFACE_STYLE_FILL_AREA ( #2798 ) ;
#5463 = LINE ( 'NONE', #635, #2311 ) ;
#5464 = DIRECTION ( 'NONE',  ( -0.000000000000000000, 1.000000000000000000, -0.000000000000000000 ) ) ;
#5465 = VERTEX_POINT ( 'NONE', #1868 ) ;
#5466 =( LENGTH_UNIT ( ) NAMED_UNIT ( * ) SI_UNIT ( .MILLI., .METRE. ) );
#5467 = DIRECTION ( 'NONE',  ( -0.000000000000000000, -1.000000000000000000, -0.000000000000000000 ) ) ;
#5468 =( LENGTH_UNIT ( ) NAMED_UNIT ( * ) SI_UNIT ( .MILLI., .METRE. ) );
#5469 = EDGE_CURVE ( 'NONE', #3456, #4919, #5855, .T. ) ;
#5470 = CARTESIAN_POINT ( 'NONE',  ( -9.999999999999992895, -9.000000000000000000, -30.00000000000000711 ) ) ;
#5471 = EDGE_LOOP ( 'NONE', ( #2566, #1878, #426, #3610, #4433, #1220, #2578, #6406, #4625, #1847, #1802, #4032, #5886, #1187 ) ) ;
#5472 = EDGE_LOOP ( 'NONE', ( #196, #2882, #5557, #864, #5491, #2253 ) ) ;
#5473 = UNCERTAINTY_MEASURE_WITH_UNIT (LENGTH_MEASURE( 1.000000000000000082E-05 ), #2336, 'distance_accuracy_value', 'NONE');
#5474 = DIRECTION ( 'NONE',  ( 0.000000000000000000, -1.000000000000000000, 0.000000000000000000 ) ) ;
#5475 = STYLED_ITEM ( 'NONE', ( #3862 ), #2484 ) ;
#5476 = DIRECTION ( 'NONE',  ( 0.000000000000000000, 0.000000000000000000, 1.000000000000000000 ) ) ;
#5477 = CARTESIAN_POINT ( 'NONE',  ( -14.99999999999998934, 4.000000000000000000, 30.00000000000000711 ) ) ;
#5478 = CARTESIAN_POINT ( 'NONE',  ( 9.500000000000001776, -13.49999999999999822, 24.30000000000000782 ) ) ;
#5479 = CARTESIAN_POINT ( 'NONE',  ( -42.00000000000000711, 4.000000000000000000, -3.091507183936765379 ) ) ;
#5480 = DIRECTION ( 'NONE',  ( 3.469446951953614189E-15, 0.000000000000000000, -1.000000000000000000 ) ) ;
#5481 =( NAMED_UNIT ( * ) PLANE_ANGLE_UNIT ( ) SI_UNIT ( $, .RADIAN. ) );
#5482 = ADVANCED_FACE ( 'NONE', ( #3810, #6083 ), #4915, .F. ) ;
#5483 = EDGE_LOOP ( 'NONE', ( #1051, #2992, #5406, #5067 ) ) ;
#5484 = PLANE ( 'NONE',  #5359 ) ;
#5485 = CARTESIAN_POINT ( 'NONE',  ( 42.03962172643968387, 3.289094241924670481, -4.950115990012990075 ) ) ;
#5486 =( GEOMETRIC_REPRESENTATION_CONTEXT ( 3 ) GLOBAL_UNCERTAINTY_ASSIGNED_CONTEXT ( ( #2727 ) ) GLOBAL_UNIT_ASSIGNED_CONTEXT ( ( #3768, #2567, #6257 ) ) REPRESENTATION_CONTEXT ( 'NONE', 'WORKASPACE' ) );
#5487 =( NAMED_UNIT ( * ) SI_UNIT ( $, .STERADIAN. ) SOLID_ANGLE_UNIT ( ) );
#5488 = DIRECTION ( 'NONE',  ( 0.000000000000000000, 1.000000000000000000, 0.000000000000000000 ) ) ;
#5489 = CARTESIAN_POINT ( 'NONE',  ( 44.50000000000001421, -22.00000000000000000, -29.00000000000000711 ) ) ;
#5490 = DIRECTION ( 'NONE',  ( -0.000000000000000000, -1.000000000000000000, -0.000000000000000000 ) ) ;
#5491 = ORIENTED_EDGE ( 'NONE', *, *, #3115, .F. ) ;
#5492 = VERTEX_POINT ( 'NONE', #3903 ) ;
#5493 = PRESENTATION_LAYER_ASSIGNMENT (  '', '', ( #4372 ) ) ;
#5494 = AXIS2_PLACEMENT_3D ( 'NONE', #2232, #3794, #682 ) ;
#5495 = UNCERTAINTY_MEASURE_WITH_UNIT (LENGTH_MEASURE( 1.000000000000000082E-05 ), #2293, 'distance_accuracy_value', 'NONE');
#5496 =( GEOMETRIC_REPRESENTATION_CONTEXT ( 3 ) GLOBAL_UNCERTAINTY_ASSIGNED_CONTEXT ( ( #1262 ) ) GLOBAL_UNIT_ASSIGNED_CONTEXT ( ( #4537, #1957, #1449 ) ) REPRESENTATION_CONTEXT ( 'NONE', 'WORKASPACE' ) );
#5497 = DIRECTION ( 'NONE',  ( 0.000000000000000000, -1.000000000000000000, 1.084202172485504434E-16 ) ) ;
#5498 = CARTESIAN_POINT ( 'NONE',  ( 39.95933631058686331, -22.00000000000000000, -36.18556701030929901 ) ) ;
#5499 = DIRECTION ( 'NONE',  ( 0.000000000000000000, 1.000000000000000000, 0.000000000000000000 ) ) ;
#5500 = CARTESIAN_POINT ( 'NONE',  ( 45.52592858655267349, 2.510665572404139123, 4.534173856549316817 ) ) ;
#5501 = ORIENTED_EDGE ( 'NONE', *, *, #6185, .T. ) ;
#5502 = PRESENTATION_LAYER_ASSIGNMENT (  '', '', ( #1756 ) ) ;
#5503 = VECTOR ( 'NONE', #4823, 1000.000000000000000 ) ;
#5504 = VERTEX_POINT ( 'NONE', #5527 ) ;
#5505 = AXIS2_PLACEMENT_3D ( 'NONE', #2310, #619, #6524 ) ;
#5506 = MECHANICAL_DESIGN_GEOMETRIC_PRESENTATION_REPRESENTATION (  '', ( #1653 ), #3718 ) ;
#5507 = VECTOR ( 'NONE', #4650, 1000.000000000000000 ) ;
#5508 = SURFACE_STYLE_FILL_AREA ( #5660 ) ;
#5509 = UNCERTAINTY_MEASURE_WITH_UNIT (LENGTH_MEASURE( 1.000000000000000082E-05 ), #5288, 'distance_accuracy_value', 'NONE');
#5510 = ORIENTED_EDGE ( 'NONE', *, *, #6148, .F. ) ;
#5511 =( GEOMETRIC_REPRESENTATION_CONTEXT ( 3 ) GLOBAL_UNCERTAINTY_ASSIGNED_CONTEXT ( ( #168 ) ) GLOBAL_UNIT_ASSIGNED_CONTEXT ( ( #2463, #817, #6622 ) ) REPRESENTATION_CONTEXT ( 'NONE', 'WORKASPACE' ) );
#5512 = DIRECTION ( 'NONE',  ( 0.000000000000000000, 1.000000000000000000, -0.000000000000000000 ) ) ;
#5513 = STYLED_ITEM ( 'NONE', ( #6417 ), #3936 ) ;
#5514 = AXIS2_PLACEMENT_3D ( 'NONE', #3504, #3889, #1849 ) ;
#5515 = PLANE ( 'NONE',  #3096 ) ;
#5516 = CARTESIAN_POINT ( 'NONE',  ( -45.67077626419153091, 0.000000000000000000, 20.58101651390110831 ) ) ;
#5517 = DIRECTION ( 'NONE',  ( 0.000000000000000000, -0.000000000000000000, -1.000000000000000000 ) ) ;
#5518 = VECTOR ( 'NONE', #5155, 1000.000000000000000 ) ;
#5519 = DIRECTION ( 'NONE',  ( 0.000000000000000000, -1.000000000000000000, 0.000000000000000000 ) ) ;
#5520 = CARTESIAN_POINT ( 'NONE',  ( -44.50000000000001421, -18.50000000000000000, 30.75000000000001421 ) ) ;
#5521 = COLOUR_RGB ( '',0.5019607843137254832, 0.5019607843137254832, 1.000000000000000000 ) ;
#5522 = AXIS2_PLACEMENT_3D ( 'NONE', #3439, #4444, #4120 ) ;
#5523 = VERTEX_POINT ( 'NONE', #797 ) ;
#5524 = CIRCLE ( 'NONE', #1990, 2.500000000000002220 ) ;
#5525 = PLANE ( 'NONE',  #1512 ) ;
#5526 = SURFACE_STYLE_USAGE ( .BOTH. , #1310 ) ;
#5527 = CARTESIAN_POINT ( 'NONE',  ( 19.50000000000000355, -7.000000000000000000, 30.01031832080728989 ) ) ;
#5528 = ORIENTED_EDGE ( 'NONE', *, *, #4636, .T. ) ;
#5529 = ORIENTED_EDGE ( 'NONE', *, *, #6380, .F. ) ;
#5530 = ADVANCED_FACE ( 'NONE', ( #3008 ), #899, .T. ) ;
#5531 = SURFACE_STYLE_USAGE ( .BOTH. , #4616 ) ;
#5532 = SURFACE_SIDE_STYLE ('',( #391 ) ) ;
#5533 =( LENGTH_UNIT ( ) NAMED_UNIT ( * ) SI_UNIT ( .MILLI., .METRE. ) );
#5534 = EDGE_CURVE ( 'NONE', #388, #3884, #6659, .T. ) ;
#5535 = EDGE_CURVE ( 'NONE', #6693, #3538, #890, .T. ) ;
#5536 = VERTEX_POINT ( 'NONE', #1473 ) ;
#5537 =( NAMED_UNIT ( * ) PLANE_ANGLE_UNIT ( ) SI_UNIT ( $, .RADIAN. ) );
#5538 = PRESENTATION_STYLE_ASSIGNMENT (( #5076 ) ) ;
#5539 = DIRECTION ( 'NONE',  ( -0.000000000000000000, 1.000000000000000000, -0.000000000000000000 ) ) ;
#5540 = FILL_AREA_STYLE ('',( #3441 ) ) ;
#5541 = DIRECTION ( 'NONE',  ( 0.000000000000000000, 0.000000000000000000, -1.000000000000000000 ) ) ;
#5542 = EDGE_LOOP ( 'NONE', ( #6240, #1699, #6143, #3330 ) ) ;
#5543 = LINE ( 'NONE', #1335, #4844 ) ;
#5544 = CARTESIAN_POINT ( 'NONE',  ( 42.00000000000000711, -18.50000000000000355, -3.091507183936765379 ) ) ;
#5545 = SURFACE_SIDE_STYLE ('',( #3448 ) ) ;
#5546 =( NAMED_UNIT ( * ) SI_UNIT ( $, .STERADIAN. ) SOLID_ANGLE_UNIT ( ) );
#5547 = CARTESIAN_POINT ( 'NONE',  ( 19.50000000000000355, 9.004083487752723158, 28.00000000000001066 ) ) ;
#5548 = PRESENTATION_LAYER_ASSIGNMENT (  '', '', ( #3774 ) ) ;
#5549 = FILL_AREA_STYLE_COLOUR ( '', #560 ) ;
#5550 = ORIENTED_EDGE ( 'NONE', *, *, #1255, .T. ) ;
#5551 = CIRCLE ( 'NONE', #3021, 40.00000000000000711 ) ;
#5552 = FILL_AREA_STYLE ('',( #4986 ) ) ;
#5553 = DIRECTION ( 'NONE',  ( 0.000000000000000000, 1.000000000000000000, 0.000000000000000000 ) ) ;
#5554 = EDGE_CURVE ( 'NONE', #6342, #3456, #3525, .T. ) ;
#5555 = DIRECTION ( 'NONE',  ( 1.000000000000000000, -0.000000000000000000, 0.000000000000000000 ) ) ;
#5556 = ORIENTED_EDGE ( 'NONE', *, *, #2577, .F. ) ;
#5557 = ORIENTED_EDGE ( 'NONE', *, *, #1091, .F. ) ;
#5558 =( GEOMETRIC_REPRESENTATION_CONTEXT ( 3 ) GLOBAL_UNCERTAINTY_ASSIGNED_CONTEXT ( ( #2105 ) ) GLOBAL_UNIT_ASSIGNED_CONTEXT ( ( #4105, #414, #2872 ) ) REPRESENTATION_CONTEXT ( 'NONE', 'WORKASPACE' ) );
#5559 = SURFACE_STYLE_USAGE ( .BOTH. , #6045 ) ;
#5560 = DIRECTION ( 'NONE',  ( 0.000000000000000000, -1.000000000000000000, 0.000000000000000000 ) ) ;
#5561 = EDGE_CURVE ( 'NONE', #4085, #5173, #3971, .T. ) ;
#5562 = PLANE ( 'NONE',  #3830 ) ;
#5563 = EDGE_CURVE ( 'NONE', #2993, #5112, #5126, .T. ) ;
#5564 = EDGE_LOOP ( 'NONE', ( #2277, #1348 ) ) ;
#5565 = ADVANCED_FACE ( 'NONE', ( #5592 ), #313, .F. ) ;
#5566 = AXIS2_PLACEMENT_3D ( 'NONE', #6169, #1445, #5653 ) ;
#5567 = FILL_AREA_STYLE_COLOUR ( '', #6042 ) ;
#5568 = SURFACE_SIDE_STYLE ('',( #330 ) ) ;
#5569 = ORIENTED_EDGE ( 'NONE', *, *, #4794, .F. ) ;
#5570 = CARTESIAN_POINT ( 'NONE',  ( -36.08101651390111186, -9.250000000000001776, 30.17077626419151670 ) ) ;
#5571 = LINE ( 'NONE', #5042, #3079 ) ;
#5572 =( NAMED_UNIT ( * ) PLANE_ANGLE_UNIT ( ) SI_UNIT ( $, .RADIAN. ) );
#5573 =( NAMED_UNIT ( * ) PLANE_ANGLE_UNIT ( ) SI_UNIT ( $, .RADIAN. ) );
#5574 = ORIENTED_EDGE ( 'NONE', *, *, #4096, .F. ) ;
#5575 = ORIENTED_EDGE ( 'NONE', *, *, #6069, .T. ) ;
#5576 = UNCERTAINTY_MEASURE_WITH_UNIT (LENGTH_MEASURE( 1.000000000000000082E-05 ), #5641, 'distance_accuracy_value', 'NONE');
#5577 = FILL_AREA_STYLE ('',( #3476 ) ) ;
#5578 = COLOUR_RGB ( '',0.5019607843137254832, 0.5019607843137254832, 1.000000000000000000 ) ;
#5579 = PRESENTATION_LAYER_ASSIGNMENT (  '', '', ( #6015 ) ) ;
#5580 = PRESENTATION_STYLE_ASSIGNMENT (( #2846 ) ) ;
#5581 = CARTESIAN_POINT ( 'NONE',  ( 44.50000000000001421, 0.000000000000000000, -34.00000000000000000 ) ) ;
#5582 = SURFACE_STYLE_USAGE ( .BOTH. , #3513 ) ;
#5583 = DIRECTION ( 'NONE',  ( 0.000000000000000000, 1.000000000000000000, 0.000000000000000000 ) ) ;
#5584 = EDGE_CURVE ( 'NONE', #2359, #5523, #1371, .T. ) ;
#5585 = DIRECTION ( 'NONE',  ( 0.000000000000000000, -0.000000000000000000, -1.000000000000000000 ) ) ;
#5586 = AXIS2_PLACEMENT_3D ( 'NONE', #1011, #2003, #1514 ) ;
#5587 = VECTOR ( 'NONE', #2470, 1000.000000000000000 ) ;
#5588 = VERTEX_POINT ( 'NONE', #2098 ) ;
#5589 = STYLED_ITEM ( 'NONE', ( #2777 ), #2478 ) ;
#5590 = SURFACE_STYLE_USAGE ( .BOTH. , #3422 ) ;
#5591 = CARTESIAN_POINT ( 'NONE',  ( 44.50000000000001421, -18.50000000000000000, 29.00000000000000711 ) ) ;
#5592 = FACE_OUTER_BOUND ( 'NONE', #6662, .T. ) ;
#5593 = SURFACE_STYLE_FILL_AREA ( #3488 ) ;
#5594 = VERTEX_POINT ( 'NONE', #1134 ) ;
#5595 = EDGE_LOOP ( 'NONE', ( #1903, #1081, #4687, #2733 ) ) ;
#5596 = CYLINDRICAL_SURFACE ( 'NONE', #4658, 8.500000000000010658 ) ;
#5597 = SURFACE_STYLE_USAGE ( .BOTH. , #2523 ) ;
#5598 = DIRECTION ( 'NONE',  ( 0.000000000000000000, 0.000000000000000000, 1.000000000000000000 ) ) ;
#5599 = AXIS2_PLACEMENT_3D ( 'NONE', #3757, #2786, #5384 ) ;
#5600 = VERTEX_POINT ( 'NONE', #4286 ) ;
#5601 = VECTOR ( 'NONE', #139, 1000.000000000000000 ) ;
#5602 = AXIS2_PLACEMENT_3D ( 'NONE', #1471, #3941, #5685 ) ;
#5603 = AXIS2_PLACEMENT_3D ( 'NONE', #6759, #6830, #483 ) ;
#5604 = DIRECTION ( 'NONE',  ( -0.000000000000000000, 1.000000000000000000, -0.000000000000000000 ) ) ;
#5605 = PRESENTATION_STYLE_ASSIGNMENT (( #2917 ) ) ;
#5606 =( LENGTH_UNIT ( ) NAMED_UNIT ( * ) SI_UNIT ( .MILLI., .METRE. ) );
#5607 =( NAMED_UNIT ( * ) SI_UNIT ( $, .STERADIAN. ) SOLID_ANGLE_UNIT ( ) );
#5608 = VERTEX_POINT ( 'NONE', #1688 ) ;
#5609 = AXIS2_PLACEMENT_3D ( 'NONE', #2740, #686, #5963 ) ;
#5610 = ORIENTED_EDGE ( 'NONE', *, *, #4316, .T. ) ;
#5611 = DIRECTION ( 'NONE',  ( 0.000000000000000000, 0.000000000000000000, 1.000000000000000000 ) ) ;
#5612 =( GEOMETRIC_REPRESENTATION_CONTEXT ( 3 ) GLOBAL_UNCERTAINTY_ASSIGNED_CONTEXT ( ( #6388 ) ) GLOBAL_UNIT_ASSIGNED_CONTEXT ( ( #5606, #4553, #4017 ) ) REPRESENTATION_CONTEXT ( 'NONE', 'WORKASPACE' ) );
#5613 = CIRCLE ( 'NONE', #6164, 43.50000000000001421 ) ;
#5614 = VECTOR ( 'NONE', #2413, 1000.000000000000000 ) ;
#5615 = FILL_AREA_STYLE_COLOUR ( '', #522 ) ;
#5616 = CYLINDRICAL_SURFACE ( 'NONE', #3740, 2.600000000000001421 ) ;
#5617 =( NAMED_UNIT ( * ) PLANE_ANGLE_UNIT ( ) SI_UNIT ( $, .RADIAN. ) );
#5618 =( NAMED_UNIT ( * ) SI_UNIT ( $, .STERADIAN. ) SOLID_ANGLE_UNIT ( ) );
#5619 = EDGE_CURVE ( 'NONE', #2550, #6014, #1786, .T. ) ;
#5620 = DIRECTION ( 'NONE',  ( 0.000000000000000000, 0.000000000000000000, -1.000000000000000000 ) ) ;
#5621 = ORIENTED_EDGE ( 'NONE', *, *, #4010, .F. ) ;
#5622 = STYLED_ITEM ( 'NONE', ( #2443 ), #3982 ) ;
#5623 = VECTOR ( 'NONE', #2620, 1000.000000000000000 ) ;
#5624 = LINE ( 'NONE', #1928, #6237 ) ;
#5625 = DIRECTION ( 'NONE',  ( 0.000000000000000000, -1.000000000000000000, 0.000000000000000000 ) ) ;
#5626 = LINE ( 'NONE', #2935, #5614 ) ;
#5627 = CIRCLE ( 'NONE', #6619, 43.50000000000000711 ) ;
#5628 = SURFACE_STYLE_USAGE ( .BOTH. , #452 ) ;
#5629 = COLOUR_RGB ( '',0.5019607843137254832, 0.5019607843137254832, 1.000000000000000000 ) ;
#5630 = SURFACE_SIDE_STYLE ('',( #3106 ) ) ;
#5631 = DIRECTION ( 'NONE',  ( 0.000000000000000000, 0.000000000000000000, -1.000000000000000000 ) ) ;
#5632 = ORIENTED_EDGE ( 'NONE', *, *, #5260, .F. ) ;
#5633 = VECTOR ( 'NONE', #6236, 1000.000000000000000 ) ;
#5634 = VERTEX_POINT ( 'NONE', #6416 ) ;
#5635 = PRESENTATION_LAYER_ASSIGNMENT (  '', '', ( #3542 ) ) ;
#5636 = AXIS2_PLACEMENT_3D ( 'NONE', #6633, #1900, #6107 ) ;
#5637 = CARTESIAN_POINT ( 'NONE',  ( -14.99999999999999289, 0.000000000000000000, -26.50000000000000711 ) ) ;
#5638 =( NAMED_UNIT ( * ) SI_UNIT ( $, .STERADIAN. ) SOLID_ANGLE_UNIT ( ) );
#5639 = DIRECTION ( 'NONE',  ( 0.000000000000000000, 1.000000000000000000, 0.000000000000000000 ) ) ;
#5640 = ORIENTED_EDGE ( 'NONE', *, *, #716, .T. ) ;
#5641 =( LENGTH_UNIT ( ) NAMED_UNIT ( * ) SI_UNIT ( .MILLI., .METRE. ) );
#5642 = SURFACE_STYLE_USAGE ( .BOTH. , #1358 ) ;
#5643 = FILL_AREA_STYLE ('',( #3599 ) ) ;
#5644 = ORIENTED_EDGE ( 'NONE', *, *, #6584, .T. ) ;
#5645 = PRODUCT ( 'SkiSafe 01 - Front', 'SkiSafe 01 - Front', '', ( #3652 ) ) ;
#5646 = EDGE_CURVE ( 'NONE', #6033, #6799, #574, .T. ) ;
#5647 = CARTESIAN_POINT ( 'NONE',  ( -27.50000000000001776, -15.00000000000000178, 24.60000000000001208 ) ) ;
#5648 = ORIENTED_EDGE ( 'NONE', *, *, #6159, .F. ) ;
#5649 = CARTESIAN_POINT ( 'NONE',  ( -18.59150718393674850, 0.000000000000000000, -26.50000000000000711 ) ) ;
#5650 = FILL_AREA_STYLE_COLOUR ( '', #1977 ) ;
#5651 = DIRECTION ( 'NONE',  ( 0.000000000000000000, 0.000000000000000000, -1.000000000000000000 ) ) ;
#5652 = SURFACE_STYLE_FILL_AREA ( #6684 ) ;
#5653 = DIRECTION ( 'NONE',  ( 0.000000000000000000, 0.000000000000000000, -1.000000000000000000 ) ) ;
#5654 = EDGE_CURVE ( 'NONE', #5028, #5691, #3712, .T. ) ;
#5655 = ORIENTED_EDGE ( 'NONE', *, *, #2118, .T. ) ;
#5656 = ADVANCED_FACE ( 'NONE', ( #1656, #3682 ), #2583, .T. ) ;
#5657 = CYLINDRICAL_SURFACE ( 'NONE', #3082, 2.500000000000002220 ) ;
#5658 =( LENGTH_UNIT ( ) NAMED_UNIT ( * ) SI_UNIT ( .MILLI., .METRE. ) );
#5659 = DIRECTION ( 'NONE',  ( -0.000000000000000000, 1.000000000000000000, -0.000000000000000000 ) ) ;
#5660 = FILL_AREA_STYLE ('',( #3559 ) ) ;
#5661 = VERTEX_POINT ( 'NONE', #1546 ) ;
#5662 = ORIENTED_EDGE ( 'NONE', *, *, #6361, .F. ) ;
#5663 = AXIS2_PLACEMENT_3D ( 'NONE', #6346, #1479, #3143 ) ;
#5664 = FILL_AREA_STYLE ('',( #6735 ) ) ;
#5665 = FILL_AREA_STYLE ('',( #4078 ) ) ;
#5666 = DIRECTION ( 'NONE',  ( 0.000000000000000000, 1.000000000000000000, 0.000000000000000000 ) ) ;
#5667 = DIRECTION ( 'NONE',  ( 0.000000000000000000, 0.000000000000000000, 1.000000000000000000 ) ) ;
#5668 = EDGE_CURVE ( 'NONE', #873, #486, #5935, .T. ) ;
#5669 = VERTEX_POINT ( 'NONE', #5756 ) ;
#5670 = VECTOR ( 'NONE', #2108, 1000.000000000000000 ) ;
#5671 = DIRECTION ( 'NONE',  ( 0.000000000000000000, 1.000000000000000000, 0.000000000000000000 ) ) ;
#5672 = DIRECTION ( 'NONE',  ( 0.000000000000000000, -1.000000000000000000, 0.000000000000000000 ) ) ;
#5673 = ORIENTED_EDGE ( 'NONE', *, *, #5678, .F. ) ;
#5674 = CARTESIAN_POINT ( 'NONE',  ( 45.50000000000001421, 1.799999999999999600, 30.00000000000001066 ) ) ;
#5675 = ORIENTED_EDGE ( 'NONE', *, *, #2192, .F. ) ;
#5676 =( NAMED_UNIT ( * ) SI_UNIT ( $, .STERADIAN. ) SOLID_ANGLE_UNIT ( ) );
#5677 = FACE_OUTER_BOUND ( 'NONE', #267, .T. ) ;
#5678 = EDGE_CURVE ( 'NONE', #1058, #5112, #1962, .T. ) ;
#5679 = CARTESIAN_POINT ( 'NONE',  ( 44.50000000000001421, -42.54163056034263946, -29.00000000000000711 ) ) ;
#5680 = DIRECTION ( 'NONE',  ( 0.000000000000000000, 0.000000000000000000, -1.000000000000000000 ) ) ;
#5681 = DIRECTION ( 'NONE',  ( 0.000000000000000000, 0.000000000000000000, 1.000000000000000000 ) ) ;
#5682 = EDGE_LOOP ( 'NONE', ( #5363, #3253, #4535, #496 ) ) ;
#5683 = B_SPLINE_CURVE_WITH_KNOTS ( 'NONE', 3,
 ( #147, #3279, #4327, #6557, #697, #1244, #5456, #2895, #4960, #3359, #1768, #5906, #1175, #5485, #4461, #725 ),
 .UNSPECIFIED., .F., .F.,
 ( 4, 2, 2, 2, 2, 2, 2, 4 ),
 ( 0.000000000000000000, 0.0003791906699825364161, 0.0007583813399650728322, 0.001137572009947609248, 0.001516762679930145664, 0.001895953349912681864, 0.002275144019895218497, 0.003033525359860290462 ),
 .UNSPECIFIED. ) ;
#5684 = CARTESIAN_POINT ( 'NONE',  ( 22.50000000000000000, -13.50000000000000000, 28.00000000000001066 ) ) ;
#5685 = DIRECTION ( 'NONE',  ( 0.000000000000000000, 0.000000000000000000, 1.000000000000000000 ) ) ;
#5686 = AXIS2_PLACEMENT_3D ( 'NONE', #6249, #5289, #6216 ) ;
#5687 = CARTESIAN_POINT ( 'NONE',  ( -39.95933631058686331, -22.00000000000000000, -36.18556701030929901 ) ) ;
#5688 = CARTESIAN_POINT ( 'NONE',  ( 44.50000000000001421, -22.00000000000000355, 31.50000000000001421 ) ) ;
#5689 = AXIS2_PLACEMENT_3D ( 'NONE', #4241, #1204, #4777 ) ;
#5690 = CARTESIAN_POINT ( 'NONE',  ( -44.50000000000001421, -19.99999999999999645, 31.50000000000001421 ) ) ;
#5691 = VERTEX_POINT ( 'NONE', #4712 ) ;
#5692 = PRESENTATION_LAYER_ASSIGNMENT (  '', '', ( #5475 ) ) ;
#5693 = DIRECTION ( 'NONE',  ( 0.000000000000000000, -0.000000000000000000, -1.000000000000000000 ) ) ;
#5694 = FACE_OUTER_BOUND ( 'NONE', #4480, .T. ) ;
#5695 = DIRECTION ( 'NONE',  ( -1.000000000000000000, 0.000000000000000000, -0.000000000000000000 ) ) ;
#5696 = FACE_OUTER_BOUND ( 'NONE', #6641, .T. ) ;
#5697 = LINE ( 'NONE', #3662, #5019 ) ;
#5698 = ORIENTED_EDGE ( 'NONE', *, *, #4281, .F. ) ;
#5699 =( NAMED_UNIT ( * ) SI_UNIT ( $, .STERADIAN. ) SOLID_ANGLE_UNIT ( ) );
#5700 = FILL_AREA_STYLE ('',( #2490 ) ) ;
#5701 = CIRCLE ( 'NONE', #5377, 8.500000000000010658 ) ;
#5702 = CARTESIAN_POINT ( 'NONE',  ( -14.99999999999999467, 4.000000000000000000, -29.99999999999999289 ) ) ;
#5703 = CARTESIAN_POINT ( 'NONE',  ( 44.50000000000001421, -42.54163056034263946, 30.75000000000001421 ) ) ;
#5704 =( NAMED_UNIT ( * ) SI_UNIT ( $, .STERADIAN. ) SOLID_ANGLE_UNIT ( ) );
#5705 = ORIENTED_EDGE ( 'NONE', *, *, #3006, .F. ) ;
#5706 = CIRCLE ( 'NONE', #2398, 43.50000000000001421 ) ;
#5707 = DIRECTION ( 'NONE',  ( 0.000000000000000000, 0.000000000000000000, -1.000000000000000000 ) ) ;
#5708 = VECTOR ( 'NONE', #3315, 1000.000000000000000 ) ;
#5709 = VERTEX_POINT ( 'NONE', #518 ) ;
#5710 = LINE ( 'NONE', #3128, #410 ) ;
#5711 = CARTESIAN_POINT ( 'NONE',  ( 44.50000000000001421, -2.999999999999998224, -29.00000000000000711 ) ) ;
#5712 = CARTESIAN_POINT ( 'NONE',  ( 44.50000000000001421, -42.54163056034264656, -29.00000000000000711 ) ) ;
#5713 =( GEOMETRIC_REPRESENTATION_CONTEXT ( 3 ) GLOBAL_UNCERTAINTY_ASSIGNED_CONTEXT ( ( #3446 ) ) GLOBAL_UNIT_ASSIGNED_CONTEXT ( ( #5923, #4803, #3343 ) ) REPRESENTATION_CONTEXT ( 'NONE', 'WORKASPACE' ) );
#5714 = FACE_OUTER_BOUND ( 'NONE', #1908, .T. ) ;
#5715 =( NAMED_UNIT ( * ) SI_UNIT ( $, .STERADIAN. ) SOLID_ANGLE_UNIT ( ) );
#5716 = AXIS2_PLACEMENT_3D ( 'NONE', #18, #6307, #2124 ) ;
#5717 = ORIENTED_EDGE ( 'NONE', *, *, #1809, .T. ) ;
#5718 =( GEOMETRIC_REPRESENTATION_CONTEXT ( 3 ) GLOBAL_UNCERTAINTY_ASSIGNED_CONTEXT ( ( #6772 ) ) GLOBAL_UNIT_ASSIGNED_CONTEXT ( ( #733, #4751, #64 ) ) REPRESENTATION_CONTEXT ( 'NONE', 'WORKASPACE' ) );
#5719 =( NAMED_UNIT ( * ) SI_UNIT ( $, .STERADIAN. ) SOLID_ANGLE_UNIT ( ) );
#5720 = COLOUR_RGB ( '',0.5019607843137254832, 0.5019607843137254832, 1.000000000000000000 ) ;
#5721 =( LENGTH_UNIT ( ) NAMED_UNIT ( * ) SI_UNIT ( .MILLI., .METRE. ) );
#5722 = SURFACE_STYLE_FILL_AREA ( #1503 ) ;
#5723 = VECTOR ( 'NONE', #1893, 1000.000000000000000 ) ;
#5724 = SURFACE_STYLE_USAGE ( .BOTH. , #3107 ) ;
#5725 = ORIENTED_EDGE ( 'NONE', *, *, #4185, .F. ) ;
#5726 = ORIENTED_EDGE ( 'NONE', *, *, #4322, .F. ) ;
#5727 = STYLED_ITEM ( 'NONE', ( #237 ), #4965 ) ;
#5728 = VECTOR ( 'NONE', #4643, 1000.000000000000000 ) ;
#5729 = FILL_AREA_STYLE_COLOUR ( '', #3743 ) ;
#5730 = CIRCLE ( 'NONE', #2754, 43.50000000000001421 ) ;
#5731 = SURFACE_SIDE_STYLE ('',( #1063 ) ) ;
#5732 = DIRECTION ( 'NONE',  ( 0.000000000000000000, 0.000000000000000000, 1.000000000000000000 ) ) ;
#5733 = PRESENTATION_STYLE_ASSIGNMENT (( #4683 ) ) ;
#5734 = CARTESIAN_POINT ( 'NONE',  ( 19.09059517604347178, -8.656484800871085739, 30.00295602321883237 ) ) ;
#5735 = CARTESIAN_POINT ( 'NONE',  ( 85.50000000000001421, -18.50000000000000355, 3.091507183936761827 ) ) ;
#5736 = ORIENTED_EDGE ( 'NONE', *, *, #5561, .F. ) ;
#5737 = ADVANCED_FACE ( 'NONE', ( #6831 ), #2716, .F. ) ;
#5738 = UNCERTAINTY_MEASURE_WITH_UNIT (LENGTH_MEASURE( 1.000000000000000082E-05 ), #1481, 'distance_accuracy_value', 'NONE');
#5739 = AXIS2_PLACEMENT_3D ( 'NONE', #1823, #3890, #2334 ) ;
#5740 = CARTESIAN_POINT ( 'NONE',  ( -15.50000000000001776, -18.50000000000000000, 15.40000000000000924 ) ) ;
#5741 = ADVANCED_FACE ( 'NONE', ( #2889 ), #1826, .F. ) ;
#5742 = EDGE_CURVE ( 'NONE', #3881, #1947, #1411, .T. ) ;
#5743 = PLANE ( 'NONE',  #4627 ) ;
#5744 = LINE ( 'NONE', #5703, #327 ) ;
#5745 = ORIENTED_EDGE ( 'NONE', *, *, #5894, .T. ) ;
#5746 = SURFACE_STYLE_USAGE ( .BOTH. , #914 ) ;
#5747 = ORIENTED_EDGE ( 'NONE', *, *, #1774, .T. ) ;
#5748 = CARTESIAN_POINT ( 'NONE',  ( -15.50000000000001776, -11.99999999999999822, 20.00000000000001066 ) ) ;
#5749 = DIRECTION ( 'NONE',  ( -0.000000000000000000, -1.000000000000000000, -0.000000000000000000 ) ) ;
#5750 = FACE_BOUND ( 'NONE', #290, .T. ) ;
#5751 = SURFACE_STYLE_USAGE ( .BOTH. , #6267 ) ;
#5752 = APPLICATION_PROTOCOL_DEFINITION ( 'draft international standard', 'automotive_design', 1998, #5110 ) ;
#5753 = ORIENTED_EDGE ( 'NONE', *, *, #5535, .F. ) ;
#5754 = FILL_AREA_STYLE ('',( #3166 ) ) ;
#5755 = FACE_OUTER_BOUND ( 'NONE', #5816, .T. ) ;
#5756 = CARTESIAN_POINT ( 'NONE',  ( 15.00000000000000000, 0.000000000000000000, -26.50000000000000711 ) ) ;
#5757 = CARTESIAN_POINT ( 'NONE',  ( 42.00235837156902363, 1.875301995513375397, 3.599594918836927615 ) ) ;
#5758 = DIRECTION ( 'NONE',  ( 0.000000000000000000, 0.000000000000000000, -1.000000000000000000 ) ) ;
#5759 = VERTEX_POINT ( 'NONE', #5420 ) ;
#5760 = ORIENTED_EDGE ( 'NONE', *, *, #3980, .T. ) ;
#5761 = UNCERTAINTY_MEASURE_WITH_UNIT (LENGTH_MEASURE( 1.000000000000000082E-05 ), #953, 'distance_accuracy_value', 'NONE');
#5762 =( LENGTH_UNIT ( ) NAMED_UNIT ( * ) SI_UNIT ( .MILLI., .METRE. ) );
#5763 = UNCERTAINTY_MEASURE_WITH_UNIT (LENGTH_MEASURE( 1.000000000000000082E-05 ), #3447, 'distance_accuracy_value', 'NONE');
#5764 = EDGE_CURVE ( 'NONE', #5888, #2635, #6592, .T. ) ;
#5765 = SURFACE_SIDE_STYLE ('',( #4221 ) ) ;
#5766 =( GEOMETRIC_REPRESENTATION_CONTEXT ( 3 ) GLOBAL_UNCERTAINTY_ASSIGNED_CONTEXT ( ( #3960 ) ) GLOBAL_UNIT_ASSIGNED_CONTEXT ( ( #389, #419, #6044 ) ) REPRESENTATION_CONTEXT ( 'NONE', 'WORKASPACE' ) );
#5767 = VERTEX_POINT ( 'NONE', #791 ) ;
#5768 = ORIENTED_EDGE ( 'NONE', *, *, #6032, .T. ) ;
#5769 = FILL_AREA_STYLE ('',( #3120 ) ) ;
#5770 = EDGE_CURVE ( 'NONE', #637, #3702, #5706, .T. ) ;
#5771 = MECHANICAL_DESIGN_GEOMETRIC_PRESENTATION_REPRESENTATION (  '', ( #6104 ), #3133 ) ;
#5772 = EDGE_CURVE ( 'NONE', #2834, #1637, #4706, .T. ) ;
#5773 = CARTESIAN_POINT ( 'NONE',  ( -85.50000000000001421, 15.00000000000000000, 3.091507183936761827 ) ) ;
#5774 = CYLINDRICAL_SURFACE ( 'NONE', #108, 40.00000000000000711 ) ;
#5775 = FACE_OUTER_BOUND ( 'NONE', #468, .T. ) ;
#5776 = ORIENTED_EDGE ( 'NONE', *, *, #5619, .T. ) ;
#5777 = AXIS2_PLACEMENT_3D ( 'NONE', #422, #5074, #4653 ) ;
#5778 = FILL_AREA_STYLE ('',( #434 ) ) ;
#5779 = EDGE_LOOP ( 'NONE', ( #2616, #4175 ) ) ;
#5780 =( NAMED_UNIT ( * ) SI_UNIT ( $, .STERADIAN. ) SOLID_ANGLE_UNIT ( ) );
#5781 = DIRECTION ( 'NONE',  ( -0.000000000000000000, 1.000000000000000000, -0.000000000000000000 ) ) ;
#5782 =( LENGTH_UNIT ( ) NAMED_UNIT ( * ) SI_UNIT ( .MILLI., .METRE. ) );
#5783 =( NAMED_UNIT ( * ) PLANE_ANGLE_UNIT ( ) SI_UNIT ( $, .RADIAN. ) );
#5784 = ORIENTED_EDGE ( 'NONE', *, *, #416, .F. ) ;
#5785 = CARTESIAN_POINT ( 'NONE',  ( 44.50000000000001421, -2.999999999999998224, 29.00000000000000711 ) ) ;
#5786 = CARTESIAN_POINT ( 'NONE',  ( -35.50000000000001421, 11.00000000000000000, -2.500000000000000000 ) ) ;
#5787 = EDGE_CURVE ( 'NONE', #4085, #5669, #1300, .T. ) ;
#5788 =( LENGTH_UNIT ( ) NAMED_UNIT ( * ) SI_UNIT ( .MILLI., .METRE. ) );
#5789 = AXIS2_PLACEMENT_3D ( 'NONE', #2424, #3041, #4468 ) ;
#5790 = ORIENTED_EDGE ( 'NONE', *, *, #218, .T. ) ;
#5791 = MECHANICAL_DESIGN_GEOMETRIC_PRESENTATION_REPRESENTATION (  '', ( #6679 ), #4456 ) ;
#5792 = COLOUR_RGB ( '',0.5019607843137254832, 0.5019607843137254832, 1.000000000000000000 ) ;
#5793 = PRESENTATION_STYLE_ASSIGNMENT (( #5175 ) ) ;
#5794 = DIRECTION ( 'NONE',  ( 0.000000000000000000, 0.000000000000000000, -1.000000000000000000 ) ) ;
#5795 = CARTESIAN_POINT ( 'NONE',  ( 12.00000000000000178, -39.31465829649864929, 24.30000000000000782 ) ) ;
#5796 = CARTESIAN_POINT ( 'NONE',  ( -51.68556701030929901, 0.000000000000000000, -24.45933631058685620 ) ) ;
#5797 =( NAMED_UNIT ( * ) SI_UNIT ( $, .STERADIAN. ) SOLID_ANGLE_UNIT ( ) );
#5798 = ORIENTED_EDGE ( 'NONE', *, *, #1303, .F. ) ;
#5799 = VERTEX_POINT ( 'NONE', #655 ) ;
#5800 = SURFACE_STYLE_USAGE ( .BOTH. , #2112 ) ;
#5801 = COLOUR_RGB ( '',0.5019607843137254832, 0.5019607843137254832, 1.000000000000000000 ) ;
#5802 = DIRECTION ( 'NONE',  ( 0.000000000000000000, 0.000000000000000000, -1.000000000000000000 ) ) ;
#5803 = STYLED_ITEM ( 'NONE', ( #2869 ), #2700 ) ;
#5804 = CARTESIAN_POINT ( 'NONE',  ( 18.59150718393674495, 15.00000000000000000, 70.00000000000000000 ) ) ;
#5805 = DIRECTION ( 'NONE',  ( 0.000000000000000000, 0.000000000000000000, -1.000000000000000000 ) ) ;
#5806 = PLANE ( 'NONE',  #6034 ) ;
#5807 = VERTEX_POINT ( 'NONE', #2272 ) ;
#5808 = CARTESIAN_POINT ( 'NONE',  ( -44.50000000000001421, 0.000000000000000000, 29.00000000000000711 ) ) ;
#5809 = ORIENTED_EDGE ( 'NONE', *, *, #4067, .T. ) ;
#5810 = FACE_OUTER_BOUND ( 'NONE', #5829, .T. ) ;
#5811 = FILL_AREA_STYLE_COLOUR ( '', #6266 ) ;
#5812 = DIRECTION ( 'NONE',  ( -1.000000000000000000, 1.334402673828313339E-16, -0.000000000000000000 ) ) ;
#5813 =( GEOMETRIC_REPRESENTATION_CONTEXT ( 3 ) GLOBAL_UNCERTAINTY_ASSIGNED_CONTEXT ( ( #1819 ) ) GLOBAL_UNIT_ASSIGNED_CONTEXT ( ( #1120, #3698, #604 ) ) REPRESENTATION_CONTEXT ( 'NONE', 'WORKASPACE' ) );
#5814 = CIRCLE ( 'NONE', #5382, 40.00000000000000711 ) ;
#5815 = VECTOR ( 'NONE', #6815, 1000.000000000000000 ) ;
#5816 = EDGE_LOOP ( 'NONE', ( #2350, #1004, #1253, #3887, #2603, #1314 ) ) ;
#5817 = EDGE_CURVE ( 'NONE', #359, #981, #4355, .T. ) ;
#5818 = LINE ( 'NONE', #585, #2429 ) ;
#5819 = CIRCLE ( 'NONE', #5153, 1.750000000000005107 ) ;
#5820 = VECTOR ( 'NONE', #3032, 1000.000000000000000 ) ;
#5821 = MECHANICAL_DESIGN_GEOMETRIC_PRESENTATION_REPRESENTATION (  '', ( #1858 ), #648 ) ;
#5822 = PLANE ( 'NONE',  #2489 ) ;
#5823 = SURFACE_STYLE_USAGE ( .BOTH. , #6106 ) ;
#5824 = EDGE_CURVE ( 'NONE', #5262, #5888, #4951, .T. ) ;
#5825 = DIRECTION ( 'NONE',  ( -0.000000000000000000, 1.000000000000000000, -0.000000000000000000 ) ) ;
#5826 = FILL_AREA_STYLE_COLOUR ( '', #6297 ) ;
#5827 = CARTESIAN_POINT ( 'NONE',  ( 42.04188619865061582, 3.671782008058153135, 5.000000000000000000 ) ) ;
#5828 = EDGE_LOOP ( 'NONE', ( #1542, #2013, #27, #562 ) ) ;
#5829 = EDGE_LOOP ( 'NONE', ( #3371, #3436, #987, #5673 ) ) ;
#5830 = UNCERTAINTY_MEASURE_WITH_UNIT (LENGTH_MEASURE( 1.000000000000000082E-05 ), #6563, 'distance_accuracy_value', 'NONE');
#5831 = STYLED_ITEM ( 'NONE', ( #5883 ), #3739 ) ;
#5832 = UNCERTAINTY_MEASURE_WITH_UNIT (LENGTH_MEASURE( 1.000000000000000082E-05 ), #4095, 'distance_accuracy_value', 'NONE');
#5833 = AXIS2_PLACEMENT_3D ( 'NONE', #3124, #5257, #4736 ) ;
#5834 = DIRECTION ( 'NONE',  ( 3.589083053745116929E-15, 0.000000000000000000, -1.000000000000000000 ) ) ;
#5835 = LINE ( 'NONE', #596, #1405 ) ;
#5836 = FACE_BOUND ( 'NONE', #5429, .T. ) ;
#5837 =( NAMED_UNIT ( * ) PLANE_ANGLE_UNIT ( ) SI_UNIT ( $, .RADIAN. ) );
#5838 = MECHANICAL_DESIGN_GEOMETRIC_PRESENTATION_REPRESENTATION (  '', ( #5950 ), #4260 ) ;
#5839 = FACE_BOUND ( 'NONE', #3853, .T. ) ;
#5840 = LINE ( 'NONE', #1010, #925 ) ;
#5841 =( LENGTH_UNIT ( ) NAMED_UNIT ( * ) SI_UNIT ( .MILLI., .METRE. ) );
#5842 = ORIENTED_EDGE ( 'NONE', *, *, #5561, .T. ) ;
#5843 = PRESENTATION_LAYER_ASSIGNMENT (  '', '', ( #2209 ) ) ;
#5844 = ORIENTED_EDGE ( 'NONE', *, *, #1985, .T. ) ;
#5845 = AXIS2_PLACEMENT_3D ( 'NONE', #4379, #6507, #1229 ) ;
#5846 = FACE_OUTER_BOUND ( 'NONE', #2864, .T. ) ;
#5847 = CIRCLE ( 'NONE', #5959, 40.00000000000000000 ) ;
#5848 = FACE_OUTER_BOUND ( 'NONE', #1590, .T. ) ;
#5849 = SURFACE_SIDE_STYLE ('',( #6355 ) ) ;
#5850 = AXIS2_PLACEMENT_3D ( 'NONE', #299, #1431, #3402 ) ;
#5851 = DIRECTION ( 'NONE',  ( -0.000000000000000000, -1.000000000000000000, -0.000000000000000000 ) ) ;
#5852 = STYLED_ITEM ( 'NONE', ( #6646 ), #1352 ) ;
#5853 = CARTESIAN_POINT ( 'NONE',  ( 12.49999999999999467, -7.000000000000000000, 30.00000000000001066 ) ) ;
#5854 = ORIENTED_EDGE ( 'NONE', *, *, #3421, .F. ) ;
#5855 = CIRCLE ( 'NONE', #786, 40.00000000000000711 ) ;
#5856 = CARTESIAN_POINT ( 'NONE',  ( -44.50000000000001421, 15.00000000000000000, -37.50000000000002132 ) ) ;
#5857 = ORIENTED_EDGE ( 'NONE', *, *, #675, .F. ) ;
#5858 = DIRECTION ( 'NONE',  ( 0.000000000000000000, 0.000000000000000000, 1.000000000000000000 ) ) ;
#5859 = CARTESIAN_POINT ( 'NONE',  ( 45.50000000000001421, 15.00000000000000000, 30.00000000000001066 ) ) ;
#5860 = SURFACE_STYLE_USAGE ( .BOTH. , #2046 ) ;
#5861 = EDGE_CURVE ( 'NONE', #1947, #3906, #1857, .T. ) ;
#5862 = FILL_AREA_STYLE_COLOUR ( '', #1880 ) ;
#5863 = PRESENTATION_STYLE_ASSIGNMENT (( #3710 ) ) ;
#5864 = DIRECTION ( 'NONE',  ( 0.000000000000000000, 0.000000000000000000, -1.000000000000000000 ) ) ;
#5865 = PLANE ( 'NONE',  #967 ) ;
#5866 = EDGE_CURVE ( 'NONE', #6033, #435, #645, .T. ) ;
#5867 = DIRECTION ( 'NONE',  ( -4.466414466882812898E-15, 0.000000000000000000, -1.000000000000000000 ) ) ;
#5869 =( NAMED_UNIT ( * ) SI_UNIT ( $, .STERADIAN. ) SOLID_ANGLE_UNIT ( ) );
#5868 = UNCERTAINTY_MEASURE_WITH_UNIT (LENGTH_MEASURE( 1.000000000000000082E-05 ), #3554, 'distance_accuracy_value', 'NONE');
#5870 = ORIENTED_EDGE ( 'NONE', *, *, #3894, .T. ) ;
#5871 = VERTEX_POINT ( 'NONE', #4424 ) ;
#5872 = EDGE_CURVE ( 'NONE', #6460, #5152, #2622, .T. ) ;
#5873 = FACE_OUTER_BOUND ( 'NONE', #187, .T. ) ;
#5874 = DIRECTION ( 'NONE',  ( 0.000000000000000000, -0.000000000000000000, 1.000000000000000000 ) ) ;
#5875 = LINE ( 'NONE', #1145, #5670 ) ;
#5876 = SURFACE_SIDE_STYLE ('',( #630 ) ) ;
#5877 = EDGE_CURVE ( 'NONE', #5342, #2794, #6100, .T. ) ;
#5878 = ORIENTED_EDGE ( 'NONE', *, *, #1151, .T. ) ;
#5879 = EDGE_LOOP ( 'NONE', ( #5569, #5768, #609, #2029, #915, #6373, #131, #5956 ) ) ;
#5880 = UNCERTAINTY_MEASURE_WITH_UNIT (LENGTH_MEASURE( 1.000000000000000082E-05 ), #1588, 'distance_accuracy_value', 'NONE');
#5881 = CARTESIAN_POINT ( 'NONE',  ( -44.50000000000001421, -2.999999999999999112, -31.50000000000001421 ) ) ;
#5882 =( LENGTH_UNIT ( ) NAMED_UNIT ( * ) SI_UNIT ( .MILLI., .METRE. ) );
#5883 = PRESENTATION_STYLE_ASSIGNMENT (( #5256 ) ) ;
#5884 = FILL_AREA_STYLE ('',( #4795 ) ) ;
#5885 = FILL_AREA_STYLE_COLOUR ( '', #5968 ) ;
#5886 = ORIENTED_EDGE ( 'NONE', *, *, #3812, .F. ) ;
#5887 = AXIS2_PLACEMENT_3D ( 'NONE', #3966, #6101, #2966 ) ;
#5888 = VERTEX_POINT ( 'NONE', #1401 ) ;
#5889 = DIRECTION ( 'NONE',  ( -0.000000000000000000, -1.000000000000000000, -0.000000000000000000 ) ) ;
#5890 = DIRECTION ( 'NONE',  ( 0.000000000000000000, 0.000000000000000000, -1.000000000000000000 ) ) ;
#5891 = DIRECTION ( 'NONE',  ( 0.000000000000000000, 0.000000000000000000, 1.000000000000000000 ) ) ;
#5892 = CARTESIAN_POINT ( 'NONE',  ( 55.50000000000001421, 12.26513208105595076, 5.000000000000000000 ) ) ;
#5893 = STYLED_ITEM ( 'NONE', ( #3994 ), #1703 ) ;
#5894 = EDGE_CURVE ( 'NONE', #4753, #637, #4251, .T. ) ;
#5895 = AXIS2_PLACEMENT_3D ( 'NONE', #3896, #4357, #1302 ) ;
#5896 = COLOUR_RGB ( '',0.5019607843137254832, 0.5019607843137254832, 1.000000000000000000 ) ;
#5897 = CARTESIAN_POINT ( 'NONE',  ( -44.50000000000001421, -2.999999999999998224, 29.00000000000000711 ) ) ;
#5898 = LINE ( 'NONE', #2682, #4774 ) ;
#5899 = DIRECTION ( 'NONE',  ( 0.000000000000000000, 0.000000000000000000, 1.000000000000000000 ) ) ;
#5900 = LINE ( 'NONE', #656, #661 ) ;
#5901 = CARTESIAN_POINT ( 'NONE',  ( 42.02384130253816608, 2.510669078557897116, 4.534177089409962669 ) ) ;
#5902 = EDGE_LOOP ( 'NONE', ( #1034, #5307, #680, #67, #4883, #1516, #5021, #2450 ) ) ;
#5903 = ORIENTED_EDGE ( 'NONE', *, *, #2397, .T. ) ;
#5904 = EDGE_CURVE ( 'NONE', #3490, #5767, #1952, .T. ) ;
#5905 = DIRECTION ( 'NONE',  ( 0.000000000000000000, -1.000000000000000000, 0.000000000000000000 ) ) ;
#5906 = CARTESIAN_POINT ( 'NONE',  ( 42.03155428535627891, 2.822571859249062509, -4.749513046810367456 ) ) ;
#5907 = SURFACE_STYLE_USAGE ( .BOTH. , #6006 ) ;
#5908 = FACE_BOUND ( 'NONE', #3716, .T. ) ;
#5909 = DIRECTION ( 'NONE',  ( 0.000000000000000000, 1.000000000000000000, 0.000000000000000000 ) ) ;
#5910 = VERTEX_POINT ( 'NONE', #5086 ) ;
#5911 = ORIENTED_EDGE ( 'NONE', *, *, #2314, .F. ) ;
#5912 = PRESENTATION_LAYER_ASSIGNMENT (  '', '', ( #4565 ) ) ;
#5913 = DIRECTION ( 'NONE',  ( 0.000000000000000000, -0.000000000000000000, 1.000000000000000000 ) ) ;
#5914 = EDGE_CURVE ( 'NONE', #6593, #6746, #6624, .T. ) ;
#5915 =( NAMED_UNIT ( * ) SI_UNIT ( $, .STERADIAN. ) SOLID_ANGLE_UNIT ( ) );
#5916 = FILL_AREA_STYLE_COLOUR ( '', #217 ) ;
#5917 = AXIS2_PLACEMENT_3D ( 'NONE', #1095, #6378, #4876 ) ;
#5918 = LINE ( 'NONE', #703, #4920 ) ;
#5919 = ORIENTED_EDGE ( 'NONE', *, *, #3506, .F. ) ;
#5920 = AXIS2_PLACEMENT_3D ( 'NONE', #1853, #6581, #1337 ) ;
#5921 = ORIENTED_EDGE ( 'NONE', *, *, #2332, .T. ) ;
#5922 = CARTESIAN_POINT ( 'NONE',  ( 55.50000000000001421, 1.800000000000000044, 2.999999999999984901 ) ) ;
#5923 =( LENGTH_UNIT ( ) NAMED_UNIT ( * ) SI_UNIT ( .MILLI., .METRE. ) );
#5924 = FILL_AREA_STYLE ('',( #89 ) ) ;
#5925 = CARTESIAN_POINT ( 'NONE',  ( 42.57339518699360070, 4.000000000000000000, 10.13115200650950065 ) ) ;
#5926 =( NAMED_UNIT ( * ) SI_UNIT ( $, .STERADIAN. ) SOLID_ANGLE_UNIT ( ) );
#5927 = UNCERTAINTY_MEASURE_WITH_UNIT (LENGTH_MEASURE( 1.000000000000000082E-05 ), #4943, 'distance_accuracy_value', 'NONE');
#5928 = SURFACE_STYLE_USAGE ( .BOTH. , #5370 ) ;
#5929 =( NAMED_UNIT ( * ) PLANE_ANGLE_UNIT ( ) SI_UNIT ( $, .RADIAN. ) );
#5930 = AXIS2_PLACEMENT_3D ( 'NONE', #1143, #3689, #4821 ) ;
#5931 = CARTESIAN_POINT ( 'NONE',  ( -46.12293727264081866, 4.000000000000000000, -10.12335836023587987 ) ) ;
#5932 = DIRECTION ( 'NONE',  ( -1.927470528863119049E-16, -1.000000000000000000, 0.000000000000000000 ) ) ;
#5933 = COLOUR_RGB ( '',0.5019607843137254832, 0.5019607843137254832, 1.000000000000000000 ) ;
#5934 = EDGE_LOOP ( 'NONE', ( #6102, #5047 ) ) ;
#5935 = CIRCLE ( 'NONE', #4132, 4.599999999999999645 ) ;
#5936 = ORIENTED_EDGE ( 'NONE', *, *, #1349, .F. ) ;
#5937 = AXIS2_PLACEMENT_3D ( 'NONE', #181, #2315, #4402 ) ;
#5938 = AXIS2_PLACEMENT_3D ( 'NONE', #256, #292, #4999 ) ;
#5939 =( LENGTH_UNIT ( ) NAMED_UNIT ( * ) SI_UNIT ( .MILLI., .METRE. ) );
#5940 = SURFACE_SIDE_STYLE ('',( #2856 ) ) ;
#5941 = STYLED_ITEM ( 'NONE', ( #710 ), #6119 ) ;
#5942 = CARTESIAN_POINT ( 'NONE',  ( -45.50000000000001421, 4.000000000000000000, -2.499999999999999112 ) ) ;
#5943 = VECTOR ( 'NONE', #3568, 1000.000000000000000 ) ;
#5944 = MECHANICAL_DESIGN_GEOMETRIC_PRESENTATION_REPRESENTATION (  '', ( #2191 ), #5713 ) ;
#5945 = ADVANCED_FACE ( 'NONE', ( #1892 ), #5017, .F. ) ;
#5946 = SURFACE_STYLE_USAGE ( .BOTH. , #6458 ) ;
#5947 = ORIENTED_EDGE ( 'NONE', *, *, #3556, .T. ) ;
#5948 = ORIENTED_EDGE ( 'NONE', *, *, #5904, .T. ) ;
#5949 = COLOUR_RGB ( '',0.5019607843137254832, 0.5019607843137254832, 1.000000000000000000 ) ;
#5950 = STYLED_ITEM ( 'NONE', ( #3280 ), #2930 ) ;
#5951 = DIRECTION ( 'NONE',  ( -0.000000000000000000, -1.000000000000000000, -0.000000000000000000 ) ) ;
#5952 =( LENGTH_UNIT ( ) NAMED_UNIT ( * ) SI_UNIT ( .MILLI., .METRE. ) );
#5953 = EDGE_CURVE ( 'NONE', #2339, #637, #4026, .T. ) ;
#5954 = CARTESIAN_POINT ( 'NONE',  ( -39.95933631058686331, 15.00000000000000000, -36.18556701030929901 ) ) ;
#5955 = FILL_AREA_STYLE ('',( #5885 ) ) ;
#5956 = ORIENTED_EDGE ( 'NONE', *, *, #353, .F. ) ;
#5957 = CARTESIAN_POINT ( 'NONE',  ( -3.500000000000016875, -15.00000000000000178, 15.40000000000000924 ) ) ;
#5958 = EDGE_CURVE ( 'NONE', #1486, #1776, #5819, .T. ) ;
#5959 = AXIS2_PLACEMENT_3D ( 'NONE', #5431, #3910, #4373 ) ;
#5960 = EDGE_CURVE ( 'NONE', #4303, #3456, #442, .T. ) ;
#5961 = DIRECTION ( 'NONE',  ( 0.000000000000000000, 0.000000000000000000, 1.000000000000000000 ) ) ;
#5962 = UNCERTAINTY_MEASURE_WITH_UNIT (LENGTH_MEASURE( 1.000000000000000082E-05 ), #1365, 'distance_accuracy_value', 'NONE');
#5963 = DIRECTION ( 'NONE',  ( -9.730402945708984762E-15, 0.000000000000000000, -1.000000000000000000 ) ) ;
#5964 = FILL_AREA_STYLE_COLOUR ( '', #5161 ) ;
#5965 = COLOUR_RGB ( '',0.5019607843137254832, 0.5019607843137254832, 1.000000000000000000 ) ;
#5966 = ORIENTED_EDGE ( 'NONE', *, *, #29, .F. ) ;
#5967 = UNCERTAINTY_MEASURE_WITH_UNIT (LENGTH_MEASURE( 1.000000000000000082E-05 ), #3857, 'distance_accuracy_value', 'NONE');
#5968 = COLOUR_RGB ( '',0.5019607843137254832, 0.5019607843137254832, 1.000000000000000000 ) ;
#5969 =( GEOMETRIC_REPRESENTATION_CONTEXT ( 3 ) GLOBAL_UNCERTAINTY_ASSIGNED_CONTEXT ( ( #1163 ) ) GLOBAL_UNIT_ASSIGNED_CONTEXT ( ( #4055, #5141, #3123 ) ) REPRESENTATION_CONTEXT ( 'NONE', 'WORKASPACE' ) );
#5970 = VECTOR ( 'NONE', #1613, 1000.000000000000000 ) ;
#5971 =( LENGTH_UNIT ( ) NAMED_UNIT ( * ) SI_UNIT ( .MILLI., .METRE. ) );
#5972 = EDGE_CURVE ( 'NONE', #2177, #6778, #3932, .T. ) ;
#5973 = SURFACE_SIDE_STYLE ('',( #1762 ) ) ;
#5974 = ORIENTED_EDGE ( 'NONE', *, *, #5412, .F. ) ;
#5975 = ORIENTED_EDGE ( 'NONE', *, *, #4418, .T. ) ;
#5976 = CARTESIAN_POINT ( 'NONE',  ( -85.50000000000001421, -18.50000000000000355, -3.091507183936761827 ) ) ;
#5977 = CARTESIAN_POINT ( 'NONE',  ( 44.50000000000001421, -2.999999999999998224, -34.00000000000000000 ) ) ;
#5978 = EDGE_LOOP ( 'NONE', ( #3397, #2719 ) ) ;
#5979 = ORIENTED_EDGE ( 'NONE', *, *, #4220, .F. ) ;
#5980 = UNCERTAINTY_MEASURE_WITH_UNIT (LENGTH_MEASURE( 1.000000000000000082E-05 ), #5466, 'distance_accuracy_value', 'NONE');
#5981 = EDGE_CURVE ( 'NONE', #388, #6420, #962, .T. ) ;
#5982 = SURFACE_SIDE_STYLE ('',( #5462 ) ) ;
#5983 = PRESENTATION_STYLE_ASSIGNMENT (( #252 ) ) ;
#5984 = LINE ( 'NONE', #2325, #1742 ) ;
#5985 = ORIENTED_EDGE ( 'NONE', *, *, #1935, .T. ) ;
#5986 = SURFACE_STYLE_FILL_AREA ( #2877 ) ;
#5987 = CARTESIAN_POINT ( 'NONE',  ( -3.500000000000016875, -22.00000000000000000, 20.00000000000001066 ) ) ;
#5988 = ADVANCED_FACE ( 'NONE', ( #5157 ), #2465, .T. ) ;
#5989 = CYLINDRICAL_SURFACE ( 'NONE', #6821, 40.00000000000000000 ) ;
#5990 = DIRECTION ( 'NONE',  ( 0.000000000000000000, -0.000000000000000000, -1.000000000000000000 ) ) ;
#5991 = CARTESIAN_POINT ( 'NONE',  ( 18.59150718393674495, 0.000000000000000000, -26.50000000000000711 ) ) ;
#5992 = STYLED_ITEM ( 'NONE', ( #3797 ), #2114 ) ;
#5993 = VERTEX_POINT ( 'NONE', #3674 ) ;
#5994 =( LENGTH_UNIT ( ) NAMED_UNIT ( * ) SI_UNIT ( .MILLI., .METRE. ) );
#5995 = DIRECTION ( 'NONE',  ( 0.000000000000000000, -1.000000000000000000, 0.000000000000000000 ) ) ;
#5996 = EDGE_CURVE ( 'NONE', #5028, #806, #3606, .T. ) ;
#5997 = COLOUR_RGB ( '',0.5019607843137254832, 0.5019607843137254832, 1.000000000000000000 ) ;
#5998 = LINE ( 'NONE', #5479, #1916 ) ;
#5999 = CARTESIAN_POINT ( 'NONE',  ( 45.50000000000000711, -9.000000000000010658, -26.50000000000000711 ) ) ;
#6000 = CARTESIAN_POINT ( 'NONE',  ( -44.50000000000001421, -22.00000000000000355, -31.50000000000001421 ) ) ;
#6001 = DIRECTION ( 'NONE',  ( 0.000000000000000000, 1.000000000000000000, 0.000000000000000000 ) ) ;
#6002 = EDGE_LOOP ( 'NONE', ( #66, #5323, #5424, #2901 ) ) ;
#6003 = PRESENTATION_LAYER_ASSIGNMENT (  '', '', ( #5104 ) ) ;
#6004 = EDGE_CURVE ( 'NONE', #68, #2825, #6491, .T. ) ;
#6005 = FILL_AREA_STYLE ('',( #2970 ) ) ;
#6006 = SURFACE_SIDE_STYLE ('',( #2822 ) ) ;
#6007 = LINE ( 'NONE', #1277, #6429 ) ;
#6008 = COLOUR_RGB ( '',0.5019607843137254832, 0.5019607843137254832, 1.000000000000000000 ) ;
#6009 = PRESENTATION_STYLE_ASSIGNMENT (( #2376 ) ) ;
#6010 = EDGE_LOOP ( 'NONE', ( #3354, #6586, #2263, #6722, #6562, #4124, #4193, #4125, #2527, #6594, #1764, #2591, #3331, #1273 ) ) ;
#6011 = ORIENTED_EDGE ( 'NONE', *, *, #1985, .F. ) ;
#6012 = CARTESIAN_POINT ( 'NONE',  ( 44.50000000000001421, -6.000000000000001776, 29.00000000000000711 ) ) ;
#6013 = CARTESIAN_POINT ( 'NONE',  ( 45.53437937844740446, 2.825272604931442277, 4.750984115577654876 ) ) ;
#6014 = VERTEX_POINT ( 'NONE', #5233 ) ;
#6015 = STYLED_ITEM ( 'NONE', ( #4772 ), #2769 ) ;
#6016 = PRESENTATION_STYLE_ASSIGNMENT (( #2949 ) ) ;
#6017 =( GEOMETRIC_REPRESENTATION_CONTEXT ( 3 ) GLOBAL_UNCERTAINTY_ASSIGNED_CONTEXT ( ( #5430 ) ) GLOBAL_UNIT_ASSIGNED_CONTEXT ( ( #4280, #955, #6798 ) ) REPRESENTATION_CONTEXT ( 'NONE', 'WORKASPACE' ) );
#6018 = ORIENTED_EDGE ( 'NONE', *, *, #2514, .F. ) ;
#6019 = VECTOR ( 'NONE', #2386, 1000.000000000000000 ) ;
#6020 = MECHANICAL_DESIGN_GEOMETRIC_PRESENTATION_REPRESENTATION (  '', ( #938 ), #1834 ) ;
#6021 = LINE ( 'NONE', #5078, #5389 ) ;
#6022 = DIRECTION ( 'NONE',  ( -0.000000000000000000, -0.000000000000000000, -1.000000000000000000 ) ) ;
#6023 = EDGE_LOOP ( 'NONE', ( #365, #6403, #4868, #5269 ) ) ;
#6024 = UNCERTAINTY_MEASURE_WITH_UNIT (LENGTH_MEASURE( 1.000000000000000082E-05 ), #1730, 'distance_accuracy_value', 'NONE');
#6025 = MECHANICAL_DESIGN_GEOMETRIC_PRESENTATION_REPRESENTATION (  '', ( #3801 ), #947 ) ;
#6026 = DIRECTION ( 'NONE',  ( -0.000000000000000000, 1.000000000000000000, 0.000000000000000000 ) ) ;
#6027 = DIRECTION ( 'NONE',  ( 0.000000000000000000, 1.000000000000000000, 0.000000000000000000 ) ) ;
#6028 = SURFACE_STYLE_FILL_AREA ( #4905 ) ;
#6029 = DIRECTION ( 'NONE',  ( -0.000000000000000000, 1.000000000000000000, -0.000000000000000000 ) ) ;
#6030 = CARTESIAN_POINT ( 'NONE',  ( 45.50000000000001421, 0.000000000000000000, -26.50000000000000711 ) ) ;
#6031 = FACE_OUTER_BOUND ( 'NONE', #3092, .T. ) ;
#6032 = EDGE_CURVE ( 'NONE', #5225, #1987, #6230, .T. ) ;
#6033 = VERTEX_POINT ( 'NONE', #5200 ) ;
#6034 = AXIS2_PLACEMENT_3D ( 'NONE', #3791, #1675, #636 ) ;
#6035 = ADVANCED_FACE ( 'NONE', ( #5305 ), #4745, .F. ) ;
#6036 = SURFACE_STYLE_USAGE ( .BOTH. , #2341 ) ;
#6037 =( NAMED_UNIT ( * ) PLANE_ANGLE_UNIT ( ) SI_UNIT ( $, .RADIAN. ) );
#6038 = DIRECTION ( 'NONE',  ( -2.167851070390029859E-16, 1.000000000000000000, 0.000000000000000000 ) ) ;
#6039 = ORIENTED_EDGE ( 'NONE', *, *, #3209, .T. ) ;
#6040 = VERTEX_POINT ( 'NONE', #3651 ) ;
#6041 = VECTOR ( 'NONE', #1686, 1000.000000000000000 ) ;
#6042 = COLOUR_RGB ( '',0.5019607843137254832, 0.5019607843137254832, 1.000000000000000000 ) ;
#6043 = COLOUR_RGB ( '',0.5019607843137254832, 0.5019607843137254832, 1.000000000000000000 ) ;
#6044 =( NAMED_UNIT ( * ) SI_UNIT ( $, .STERADIAN. ) SOLID_ANGLE_UNIT ( ) );
#6045 = SURFACE_SIDE_STYLE ('',( #929 ) ) ;
#6046 = COLOUR_RGB ( '',0.5019607843137254832, 0.5019607843137254832, 1.000000000000000000 ) ;
#6047 = CIRCLE ( 'NONE', #3071, 2.500000000000005773 ) ;
#6048 = SURFACE_SIDE_STYLE ('',( #2870 ) ) ;
#6049 = CARTESIAN_POINT ( 'NONE',  ( 45.51150652149521392, 2.097041631387313476, 4.056453570807308395 ) ) ;
#6050 = ORIENTED_EDGE ( 'NONE', *, *, #3522, .F. ) ;
#6051 = CIRCLE ( 'NONE', #1082, 2.500000000000002220 ) ;
#6052 = AXIS2_PLACEMENT_3D ( 'NONE', #74, #4651, #5695 ) ;
#6053 = DIRECTION ( 'NONE',  ( -1.000000000000000000, 0.000000000000000000, 0.000000000000000000 ) ) ;
#6054 = CARTESIAN_POINT ( 'NONE',  ( -44.50000000000001421, -18.50000000000000000, 29.00000000000000711 ) ) ;
#6055 = STYLED_ITEM ( 'NONE', ( #2596 ), #6298 ) ;
#6056 = B_SPLINE_CURVE_WITH_KNOTS ( 'NONE', 3,
 ( #4246, #5827, #2166, #1167, #104, #519, #3242, #1101, #5901, #1547, #6383, #1057, #2615, #5757, #3171, #2213 ),
 .UNSPECIFIED., .F., .F.,
 ( 4, 2, 2, 2, 2, 2, 2, 4 ),
 ( 0.000000000000000000, 0.0003791907705395513879, 0.0007583815410791027757, 0.001137572311618654164, 0.001516763082158205551, 0.001895953852697756939, 0.002275144623237308327, 0.003033526164316408501 ),
 .UNSPECIFIED. ) ;
#6057 = DIRECTION ( 'NONE',  ( -0.000000000000000000, 1.000000000000000000, -0.000000000000000000 ) ) ;
#6058 = PRESENTATION_LAYER_ASSIGNMENT (  '', '', ( #1653 ) ) ;
#6059 =( NAMED_UNIT ( * ) PLANE_ANGLE_UNIT ( ) SI_UNIT ( $, .RADIAN. ) );
#6060 = ORIENTED_EDGE ( 'NONE', *, *, #1255, .F. ) ;
#6061 = UNCERTAINTY_MEASURE_WITH_UNIT (LENGTH_MEASURE( 1.000000000000000082E-05 ), #2498, 'distance_accuracy_value', 'NONE');
#6062 = ORIENTED_EDGE ( 'NONE', *, *, #5445, .F. ) ;
#6063 = UNCERTAINTY_MEASURE_WITH_UNIT (LENGTH_MEASURE( 1.000000000000000082E-05 ), #5782, 'distance_accuracy_value', 'NONE');
#6064 = FACE_OUTER_BOUND ( 'NONE', #1671, .T. ) ;
#6065 = PRESENTATION_LAYER_ASSIGNMENT (  '', '', ( #4944 ) ) ;
#6066 = VECTOR ( 'NONE', #5749, 1000.000000000000000 ) ;
#6067 = CARTESIAN_POINT ( 'NONE',  ( 44.50000000000001421, -18.50000000000000000, 29.00000000000000711 ) ) ;
#6068 = PRESENTATION_STYLE_ASSIGNMENT (( #3379 ) ) ;
#6069 = EDGE_CURVE ( 'NONE', #2409, #4894, #4198, .T. ) ;
#6070 = SURFACE_STYLE_USAGE ( .BOTH. , #4024 ) ;
#6071 = PRESENTATION_LAYER_ASSIGNMENT (  '', '', ( #3314 ) ) ;
#6072 = DIRECTION ( 'NONE',  ( -0.000000000000000000, -0.000000000000000000, -1.000000000000000000 ) ) ;
#6073 = DIRECTION ( 'NONE',  ( 0.000000000000000000, 0.000000000000000000, 1.000000000000000000 ) ) ;
#6074 = LINE ( 'NONE', #5422, #6773 ) ;
#6075 = STYLED_ITEM ( 'NONE', ( #4479 ), #4187 ) ;
#6076 = ORIENTED_EDGE ( 'NONE', *, *, #690, .F. ) ;
#6077 = PRESENTATION_LAYER_ASSIGNMENT (  '', '', ( #2436 ) ) ;
#6078 = ADVANCED_FACE ( 'NONE', ( #5750, #6367 ), #583, .F. ) ;
#6079 = ADVANCED_FACE ( 'NONE', ( #2299, #2330 ), #6542, .F. ) ;
#6080 =( NAMED_UNIT ( * ) SI_UNIT ( $, .STERADIAN. ) SOLID_ANGLE_UNIT ( ) );
#6081 = CARTESIAN_POINT ( 'NONE',  ( 44.50000000000001421, -2.999999999999999112, -31.50000000000001421 ) ) ;
#6082 = CARTESIAN_POINT ( 'NONE',  ( -42.00000000000000711, 3.000000000000000000, 2.499999999999999112 ) ) ;
#6083 = FACE_BOUND ( 'NONE', #3452, .T. ) ;
#6084 = ORIENTED_EDGE ( 'NONE', *, *, #5981, .T. ) ;
#6085 = ORIENTED_EDGE ( 'NONE', *, *, #958, .T. ) ;
#6086 = CARTESIAN_POINT ( 'NONE',  ( 55.50000000000001421, 3.800000000000014477, 4.999999999999999112 ) ) ;
#6087 = FACE_OUTER_BOUND ( 'NONE', #285, .T. ) ;
#6088 = VERTEX_POINT ( 'NONE', #4939 ) ;
#6089 = FACE_OUTER_BOUND ( 'NONE', #1608, .T. ) ;
#6090 = CARTESIAN_POINT ( 'NONE',  ( -44.50000000000001421, -22.00000000000000355, 26.50000000000000711 ) ) ;
#6091 = DIRECTION ( 'NONE',  ( 0.000000000000000000, 1.000000000000000000, 0.000000000000000000 ) ) ;
#6092 = EDGE_CURVE ( 'NONE', #433, #5588, #1417, .T. ) ;
#6093 = CARTESIAN_POINT ( 'NONE',  ( -44.50000000000001421, -19.99999999999999645, -29.00000000000000711 ) ) ;
#6094 = FACE_OUTER_BOUND ( 'NONE', #5423, .T. ) ;
#6095 = ORIENTED_EDGE ( 'NONE', *, *, #2626, .T. ) ;
#6096 = ORIENTED_EDGE ( 'NONE', *, *, #684, .F. ) ;
#6097 = PRESENTATION_STYLE_ASSIGNMENT (( #6548 ) ) ;
#6098 = FILL_AREA_STYLE ('',( #5615 ) ) ;
#6099 = FACE_OUTER_BOUND ( 'NONE', #704, .T. ) ;
#6100 = LINE ( 'NONE', #4561, #2728 ) ;
#6101 = DIRECTION ( 'NONE',  ( 0.000000000000000000, 1.000000000000000000, 0.000000000000000000 ) ) ;
#6102 = ORIENTED_EDGE ( 'NONE', *, *, #76, .F. ) ;
#6103 = AXIS2_PLACEMENT_3D ( 'NONE', #477, #2125, #57 ) ;
#6104 = STYLED_ITEM ( 'NONE', ( #6667 ), #1739 ) ;
#6105 = CARTESIAN_POINT ( 'NONE',  ( 36.08101651390111897, 0.000000000000000000, 30.17077626419152736 ) ) ;
#6106 = SURFACE_SIDE_STYLE ('',( #4504 ) ) ;
#6107 = DIRECTION ( 'NONE',  ( 0.000000000000000000, 0.000000000000000000, 1.000000000000000000 ) ) ;
#6108 = DIRECTION ( 'NONE',  ( 0.000000000000000000, 0.000000000000000000, -1.000000000000000000 ) ) ;
#6109 = AXIS2_PLACEMENT_3D ( 'NONE', #2945, #4111, #1455 ) ;
#6110 = ORIENTED_EDGE ( 'NONE', *, *, #1062, .T. ) ;
#6111 = ORIENTED_EDGE ( 'NONE', *, *, #76, .T. ) ;
#6112 = EDGE_CURVE ( 'NONE', #1038, #6737, #320, .T. ) ;
#6113 = COLOUR_RGB ( '',0.5019607843137254832, 0.5019607843137254832, 1.000000000000000000 ) ;
#6114 =( LENGTH_UNIT ( ) NAMED_UNIT ( * ) SI_UNIT ( .MILLI., .METRE. ) );
#6115 = CYLINDRICAL_SURFACE ( 'NONE', #5299, 43.50000000000000711 ) ;
#6116 = FILL_AREA_STYLE ('',( #3981 ) ) ;
#6117 = ORIENTED_EDGE ( 'NONE', *, *, #6290, .F. ) ;
#6118 = LINE ( 'NONE', #4052, #6276 ) ;
#6119 = ADVANCED_FACE ( 'NONE', ( #4277 ), #4345, .F. ) ;
#6120 = SURFACE_STYLE_FILL_AREA ( #5700 ) ;
#6121 = DIRECTION ( 'NONE',  ( 5.290906601729261638E-15, 0.000000000000000000, -1.000000000000000000 ) ) ;
#6122 = CARTESIAN_POINT ( 'NONE',  ( -45.50000000000001421, -22.00000000000000000, 3.091507183936761827 ) ) ;
#6123 = ORIENTED_EDGE ( 'NONE', *, *, #218, .F. ) ;
#6124 = ORIENTED_EDGE ( 'NONE', *, *, #2104, .T. ) ;
#6125 = UNCERTAINTY_MEASURE_WITH_UNIT (LENGTH_MEASURE( 1.000000000000000082E-05 ), #5952, 'distance_accuracy_value', 'NONE');
#6126 = SURFACE_SIDE_STYLE ('',( #370 ) ) ;
#6127 = AXIS2_PLACEMENT_3D ( 'NONE', #3046, #4654, #5667 ) ;
#6128 = CARTESIAN_POINT ( 'NONE',  ( 42.00000000000000711, 15.00000000000000000, -3.091507183936765379 ) ) ;
#6129 = FILL_AREA_STYLE_COLOUR ( '', #3701 ) ;
#6130 = CYLINDRICAL_SURFACE ( 'NONE', #2748, 1.750000000000005107 ) ;
#6131 = PRESENTATION_STYLE_ASSIGNMENT (( #5582 ) ) ;
#6132 = DIRECTION ( 'NONE',  ( -0.000000000000000000, 1.000000000000000000, -0.000000000000000000 ) ) ;
#6133 = LINE ( 'NONE', #2369, #666 ) ;
#6134 = CARTESIAN_POINT ( 'NONE',  ( -11.99999999999999645, 15.00000000000000000, -26.50000000000000711 ) ) ;
#6135 =( GEOMETRIC_REPRESENTATION_CONTEXT ( 3 ) GLOBAL_UNCERTAINTY_ASSIGNED_CONTEXT ( ( #2254 ) ) GLOBAL_UNIT_ASSIGNED_CONTEXT ( ( #2067, #4148, #4080 ) ) REPRESENTATION_CONTEXT ( 'NONE', 'WORKASPACE' ) );
#6136 = CIRCLE ( 'NONE', #3496, 1.750000000000005107 ) ;
#6137 = VERTEX_POINT ( 'NONE', #6122 ) ;
#6138 = VECTOR ( 'NONE', #2085, 1000.000000000000000 ) ;
#6139 = LINE ( 'NONE', #3969, #6344 ) ;
#6140 = PLANE ( 'NONE',  #4940 ) ;
#6141 = CARTESIAN_POINT ( 'NONE',  ( 44.50000000000001421, 15.00000000000000000, -37.50000000000002132 ) ) ;
#6142 = ORIENTED_EDGE ( 'NONE', *, *, #3556, .F. ) ;
#6143 = ORIENTED_EDGE ( 'NONE', *, *, #903, .T. ) ;
#6144 = VECTOR ( 'NONE', #1278, 1000.000000000000000 ) ;
#6145 = CYLINDRICAL_SURFACE ( 'NONE', #5663, 2.600000000000001421 ) ;
#6146 = LINE ( 'NONE', #6086, #6792 ) ;
#6147 = SURFACE_SIDE_STYLE ('',( #6666 ) ) ;
#6148 = EDGE_CURVE ( 'NONE', #2830, #2686, #4446, .T. ) ;
#6149 = SURFACE_STYLE_FILL_AREA ( #6639 ) ;
#6150 = VERTEX_POINT ( 'NONE', #6575 ) ;
#6151 = AXIS2_PLACEMENT_3D ( 'NONE', #1761, #1269, #5480 ) ;
#6152 = PLANE ( 'NONE',  #6834 ) ;
#6153 = VECTOR ( 'NONE', #951, 1000.000000000000000 ) ;
#6154 = EDGE_CURVE ( 'NONE', #5343, #3839, #6051, .T. ) ;
#6155 = CARTESIAN_POINT ( 'NONE',  ( 12.00000000000000178, 0.000000000000000000, 21.50000000000000355 ) ) ;
#6156 = FACE_OUTER_BOUND ( 'NONE', #5314, .T. ) ;
#6157 = ORIENTED_EDGE ( 'NONE', *, *, #2284, .T. ) ;
#6158 = CIRCLE ( 'NONE', #4931, 43.50000000000001421 ) ;
#6159 = EDGE_CURVE ( 'NONE', #3036, #3047, #6707, .T. ) ;
#6160 = FILL_AREA_STYLE ('',( #3158 ) ) ;
#6161 = ADVANCED_FACE ( 'NONE', ( #6094, #5108 ), #6643, .T. ) ;
#6162 = AXIS2_PLACEMENT_3D ( 'NONE', #1119, #2732, #1783 ) ;
#6163 = VERTEX_POINT ( 'NONE', #934 ) ;
#6164 = AXIS2_PLACEMENT_3D ( 'NONE', #6669, #5666, #5598 ) ;
#6165 = CARTESIAN_POINT ( 'NONE',  ( -18.59150718393674850, -18.50000000000000355, -26.50000000000000711 ) ) ;
#6166 = SURFACE_SIDE_STYLE ('',( #5652 ) ) ;
#6167 =( NAMED_UNIT ( * ) PLANE_ANGLE_UNIT ( ) SI_UNIT ( $, .RADIAN. ) );
#6168 = CIRCLE ( 'NONE', #991, 4.999999999999997335 ) ;
#6169 = CARTESIAN_POINT ( 'NONE',  ( -15.50000000000001776, -22.00000000000000000, 20.00000000000001066 ) ) ;
#6170 = ORIENTED_EDGE ( 'NONE', *, *, #966, .T. ) ;
#6171 =( GEOMETRIC_REPRESENTATION_CONTEXT ( 3 ) GLOBAL_UNCERTAINTY_ASSIGNED_CONTEXT ( ( #4420 ) ) GLOBAL_UNIT_ASSIGNED_CONTEXT ( ( #1023, #1606, #3101 ) ) REPRESENTATION_CONTEXT ( 'NONE', 'WORKASPACE' ) );
#6172 =( GEOMETRIC_REPRESENTATION_CONTEXT ( 3 ) GLOBAL_UNCERTAINTY_ASSIGNED_CONTEXT ( ( #189 ) ) GLOBAL_UNIT_ASSIGNED_CONTEXT ( ( #838, #2456, #4473 ) ) REPRESENTATION_CONTEXT ( 'NONE', 'WORKASPACE' ) );
#6173 = COLOUR_RGB ( '',0.5019607843137254832, 0.5019607843137254832, 1.000000000000000000 ) ;
#6174 = EDGE_CURVE ( 'NONE', #713, #59, #5571, .T. ) ;
#6175 = PRESENTATION_LAYER_ASSIGNMENT (  '', '', ( #5407 ) ) ;
#6176 = CARTESIAN_POINT ( 'NONE',  ( 18.59150718393674495, 15.00000000000000000, -26.50000000000000711 ) ) ;
#6177 = CARTESIAN_POINT ( 'NONE',  ( 22.50000000000000000, 0.000000000000000000, 28.00000000000001066 ) ) ;
#6178 = DIRECTION ( 'NONE',  ( 0.000000000000000000, 0.000000000000000000, 1.000000000000000000 ) ) ;
#6179 = VERTEX_POINT ( 'NONE', #880 ) ;
#6180 = SURFACE_STYLE_FILL_AREA ( #3013 ) ;
#6181 = DIRECTION ( 'NONE',  ( -1.000000000000000000, 0.000000000000000000, 0.000000000000000000 ) ) ;
#6182 = CYLINDRICAL_SURFACE ( 'NONE', #3985, 2.500000000000002220 ) ;
#6183 = CARTESIAN_POINT ( 'NONE',  ( 44.50000000000001421, -42.54163056034263946, -29.00000000000000711 ) ) ;
#6184 = ORIENTED_EDGE ( 'NONE', *, *, #4220, .T. ) ;
#6185 = EDGE_CURVE ( 'NONE', #3906, #2599, #4832, .T. ) ;
#6186 = CARTESIAN_POINT ( 'NONE',  ( 25.50000000000000000, -18.50000000000000000, 21.50000000000000355 ) ) ;
#6187 = FILL_AREA_STYLE_COLOUR ( '', #124 ) ;
#6188 = VERTEX_POINT ( 'NONE', #334 ) ;
#6189 = PRESENTATION_STYLE_ASSIGNMENT (( #5746 ) ) ;
#6190 = ADVANCED_FACE ( 'NONE', ( #6156 ), #3987, .F. ) ;
#6191 = ORIENTED_EDGE ( 'NONE', *, *, #353, .T. ) ;
#6192 =( LENGTH_UNIT ( ) NAMED_UNIT ( * ) SI_UNIT ( .MILLI., .METRE. ) );
#6193 =( LENGTH_UNIT ( ) NAMED_UNIT ( * ) SI_UNIT ( .MILLI., .METRE. ) );
#6194 = FILL_AREA_STYLE_COLOUR ( '', #2639 ) ;
#6195 = DIRECTION ( 'NONE',  ( 0.000000000000000000, 1.000000000000000000, 0.000000000000000000 ) ) ;
#6196 =( LENGTH_UNIT ( ) NAMED_UNIT ( * ) SI_UNIT ( .MILLI., .METRE. ) );
#6197 = DIRECTION ( 'NONE',  ( 0.000000000000000000, -1.000000000000000000, 0.000000000000000000 ) ) ;
#6198 = DIRECTION ( 'NONE',  ( 0.000000000000000000, 1.000000000000000000, 0.000000000000000000 ) ) ;
#6199 = CARTESIAN_POINT ( 'NONE',  ( -42.00000000000000711, 4.000000000000000000, 3.091507183936764491 ) ) ;
#6200 = ORIENTED_EDGE ( 'NONE', *, *, #6471, .T. ) ;
#6201 = FACE_OUTER_BOUND ( 'NONE', #1305, .T. ) ;
#6202 = CARTESIAN_POINT ( 'NONE',  ( 44.50000000000001421, -42.54163056034263946, -30.75000000000001421 ) ) ;
#6203 = AXIS2_PLACEMENT_3D ( 'NONE', #4195, #5263, #1494 ) ;
#6204 = CYLINDRICAL_SURFACE ( 'NONE', #3515, 2.500000000000002220 ) ;
#6205 = CARTESIAN_POINT ( 'NONE',  ( -3.500000000000016875, -15.00000000000000178, 20.00000000000001066 ) ) ;
#6206 = CARTESIAN_POINT ( 'NONE',  ( -44.50000000000001421, -22.00000000000000355, 29.00000000000000711 ) ) ;
#6207 = ORIENTED_EDGE ( 'NONE', *, *, #3357, .F. ) ;
#6208 = ORIENTED_EDGE ( 'NONE', *, *, #5260, .T. ) ;
#6209 = AXIS2_PLACEMENT_3D ( 'NONE', #2576, #19, #1572 ) ;
#6210 = COLOUR_RGB ( '',0.5019607843137254832, 0.5019607843137254832, 1.000000000000000000 ) ;
#6211 = CARTESIAN_POINT ( 'NONE',  ( 12.00000000000000178, -39.31465829649864929, 21.50000000000000355 ) ) ;
#6212 = FILL_AREA_STYLE_COLOUR ( '', #3693 ) ;
#6213 = CARTESIAN_POINT ( 'NONE',  ( 44.50000000000001421, 0.000000000000000000, 29.00000000000000711 ) ) ;
#6214 = PRESENTATION_LAYER_ASSIGNMENT (  '', '', ( #4325 ) ) ;
#6215 = CARTESIAN_POINT ( 'NONE',  ( -44.50000000000001421, -6.000000000000001776, -26.50000000000000711 ) ) ;
#6216 = DIRECTION ( 'NONE',  ( -1.000000000000000000, 0.000000000000000000, -4.885258803315056063E-16 ) ) ;
#6217 = VERTEX_POINT ( 'NONE', #2533 ) ;
#6218 = VECTOR ( 'NONE', #4752, 1000.000000000000000 ) ;
#6219 = FACE_BOUND ( 'NONE', #2009, .T. ) ;
#6220 = AXIS2_PLACEMENT_3D ( 'NONE', #3362, #6492, #1773 ) ;
#6221 = DIRECTION ( 'NONE',  ( 0.000000000000000000, -1.000000000000000000, 0.000000000000000000 ) ) ;
#6222 = FACE_OUTER_BOUND ( 'NONE', #4297, .T. ) ;
#6223 = VECTOR ( 'NONE', #2054, 1000.000000000000000 ) ;
#6224 = SURFACE_STYLE_FILL_AREA ( #5643 ) ;
#6225 = ORIENTED_EDGE ( 'NONE', *, *, #338, .F. ) ;
#6226 = DIRECTION ( 'NONE',  ( 0.000000000000000000, 0.000000000000000000, 1.000000000000000000 ) ) ;
#6227 = ORIENTED_EDGE ( 'NONE', *, *, #1573, .T. ) ;
#6228 = DIRECTION ( 'NONE',  ( -0.000000000000000000, 1.000000000000000000, -0.000000000000000000 ) ) ;
#6229 = LINE ( 'NONE', #2644, #870 ) ;
#6230 = LINE ( 'NONE', #3100, #6818 ) ;
#6231 = PLANE ( 'NONE',  #1979 ) ;
#6232 = ORIENTED_EDGE ( 'NONE', *, *, #1687, .F. ) ;
#6233 = CARTESIAN_POINT ( 'NONE',  ( -42.00000000000000711, 4.000000000000000000, -3.091507183936765379 ) ) ;
#6234 =( NAMED_UNIT ( * ) SI_UNIT ( $, .STERADIAN. ) SOLID_ANGLE_UNIT ( ) );
#6235 = EDGE_CURVE ( 'NONE', #6593, #584, #5167, .T. ) ;
#6236 = DIRECTION ( 'NONE',  ( 1.000000000000000000, 0.000000000000000000, -0.000000000000000000 ) ) ;
#6237 = VECTOR ( 'NONE', #1308, 1000.000000000000000 ) ;
#6238 = PRESENTATION_STYLE_ASSIGNMENT (( #5724 ) ) ;
#6239 = ORIENTED_EDGE ( 'NONE', *, *, #1049, .F. ) ;
#6240 = ORIENTED_EDGE ( 'NONE', *, *, #1559, .T. ) ;
#6241 = EDGE_CURVE ( 'NONE', #621, #216, #577, .T. ) ;
#6242 = CARTESIAN_POINT ( 'NONE',  ( -42.00000000000000711, 3.000000000000000000, -2.499999999999999112 ) ) ;
#6243 = SURFACE_STYLE_FILL_AREA ( #4109 ) ;
#6244 = FILL_AREA_STYLE ('',( #5135 ) ) ;
#6245 = SURFACE_STYLE_USAGE ( .BOTH. , #4491 ) ;
#6246 = CARTESIAN_POINT ( 'NONE',  ( -27.50000000000001776, -15.00000000000000178, 15.40000000000001101 ) ) ;
#6247 = ORIENTED_EDGE ( 'NONE', *, *, #6112, .F. ) ;
#6248 = VERTEX_POINT ( 'NONE', #4122 ) ;
#6249 = CARTESIAN_POINT ( 'NONE',  ( -46.12432983716945500, 4.000000000000000000, 10.13115200650949888 ) ) ;
#6250 = CARTESIAN_POINT ( 'NONE',  ( 15.00000000000000178, 4.000000000000000000, -26.50000000000001421 ) ) ;
#6251 = MECHANICAL_DESIGN_GEOMETRIC_PRESENTATION_REPRESENTATION (  '', ( #4366 ), #204 ) ;
#6252 = EDGE_CURVE ( 'NONE', #11, #1486, #5744, .T. ) ;
#6253 = DIRECTION ( 'NONE',  ( -0.000000000000000000, 1.000000000000000000, -0.000000000000000000 ) ) ;
#6254 = SURFACE_STYLE_FILL_AREA ( #432 ) ;
#6255 = ORIENTED_EDGE ( 'NONE', *, *, #6235, .T. ) ;
#6256 = VECTOR ( 'NONE', #6197, 1000.000000000000000 ) ;
#6257 =( NAMED_UNIT ( * ) SI_UNIT ( $, .STERADIAN. ) SOLID_ANGLE_UNIT ( ) );
#6258 = STYLED_ITEM ( 'NONE', ( #1096 ), #4769 ) ;
#6259 = CIRCLE ( 'NONE', #2406, 3.500000000000003109 ) ;
#6260 = ORIENTED_EDGE ( 'NONE', *, *, #5344, .F. ) ;
#6261 = PRESENTATION_LAYER_ASSIGNMENT (  '', '', ( #2071 ) ) ;
#6262 = CARTESIAN_POINT ( 'NONE',  ( 51.68556701030929901, 0.000000000000000000, -24.45933631058685620 ) ) ;
#6263 =( NAMED_UNIT ( * ) SI_UNIT ( $, .STERADIAN. ) SOLID_ANGLE_UNIT ( ) );
#6264 = COLOUR_RGB ( '',0.5019607843137254832, 0.5019607843137254832, 1.000000000000000000 ) ;
#6265 =( NAMED_UNIT ( * ) SI_UNIT ( $, .STERADIAN. ) SOLID_ANGLE_UNIT ( ) );
#6266 = COLOUR_RGB ( '',0.5019607843137254832, 0.5019607843137254832, 1.000000000000000000 ) ;
#6267 = SURFACE_SIDE_STYLE ('',( #2047 ) ) ;
#6268 = VERTEX_POINT ( 'NONE', #1015 ) ;
#6269 =( GEOMETRIC_REPRESENTATION_CONTEXT ( 3 ) GLOBAL_UNCERTAINTY_ASSIGNED_CONTEXT ( ( #971 ) ) GLOBAL_UNIT_ASSIGNED_CONTEXT ( ( #6601, #6640, #4437 ) ) REPRESENTATION_CONTEXT ( 'NONE', 'WORKASPACE' ) );
#6270 = CIRCLE ( 'NONE', #329, 2.500000000000005773 ) ;
#6271 = EDGE_CURVE ( 'NONE', #4176, #3036, #2203, .T. ) ;
#6272 = CIRCLE ( 'NONE', #221, 4.999999999999993783 ) ;
#6273 = DIRECTION ( 'NONE',  ( 1.000000000000000000, 0.000000000000000000, 0.000000000000000000 ) ) ;
#6274 = CARTESIAN_POINT ( 'NONE',  ( -14.99999999999998934, 4.000000000000000000, 26.50000000000001066 ) ) ;
#6275 = STYLED_ITEM ( 'NONE', ( #1047 ), #4028 ) ;
#6276 = VECTOR ( 'NONE', #6607, 1000.000000000000000 ) ;
#6277 = DIRECTION ( 'NONE',  ( -0.000000000000000000, 1.000000000000000000, -0.000000000000000000 ) ) ;
#6278 = ORIENTED_EDGE ( 'NONE', *, *, #3991, .F. ) ;
#6279 = EDGE_CURVE ( 'NONE', #6362, #5225, #5190, .T. ) ;
#6280 = COLOUR_RGB ( '',0.5019607843137254832, 0.5019607843137254832, 1.000000000000000000 ) ;
#6281 = EDGE_CURVE ( 'NONE', #3405, #316, #3523, .T. ) ;
#6282 = DIRECTION ( 'NONE',  ( -1.000000000000000000, 0.000000000000000000, 0.000000000000000000 ) ) ;
#6283 = AXIS2_PLACEMENT_3D ( 'NONE', #1999, #3374, #4614 ) ;
#6284 = AXIS2_PLACEMENT_3D ( 'NONE', #2157, #163, #5891 ) ;
#6285 =( LENGTH_UNIT ( ) NAMED_UNIT ( * ) SI_UNIT ( .MILLI., .METRE. ) );
#6286 = DIRECTION ( 'NONE',  ( 0.000000000000000000, 0.000000000000000000, 1.000000000000000000 ) ) ;
#6287 = DIRECTION ( 'NONE',  ( 1.000000000000000000, 0.000000000000000000, -0.000000000000000000 ) ) ;
#6288 = DIRECTION ( 'NONE',  ( 0.000000000000000000, 1.000000000000000000, 0.000000000000000000 ) ) ;
#6289 = VECTOR ( 'NONE', #245, 1000.000000000000000 ) ;
#6290 = EDGE_CURVE ( 'NONE', #5343, #5129, #4228, .T. ) ;
#6291 = SURFACE_STYLE_FILL_AREA ( #2033 ) ;
#6292 = ORIENTED_EDGE ( 'NONE', *, *, #5824, .T. ) ;
#6293 = AXIS2_PLACEMENT_3D ( 'NONE', #3734, #4766, #2766 ) ;
#6294 = UNCERTAINTY_MEASURE_WITH_UNIT (LENGTH_MEASURE( 1.000000000000000082E-05 ), #238, 'distance_accuracy_value', 'NONE');
#6295 = VECTOR ( 'NONE', #268, 1000.000000000000000 ) ;
#6296 = DIRECTION ( 'NONE',  ( 0.000000000000000000, 0.000000000000000000, -1.000000000000000000 ) ) ;
#6297 = COLOUR_RGB ( '',0.5019607843137254832, 0.5019607843137254832, 1.000000000000000000 ) ;
#6298 = ADVANCED_FACE ( 'NONE', ( #9 ), #5774, .F. ) ;
#6299 = DIRECTION ( 'NONE',  ( -0.000000000000000000, -1.000000000000000000, -0.000000000000000000 ) ) ;
#6300 = SURFACE_STYLE_FILL_AREA ( #3023 ) ;
#6301 = EDGE_LOOP ( 'NONE', ( #1458, #5246 ) ) ;
#6302 = CARTESIAN_POINT ( 'NONE',  ( -42.00000000000000711, 14.99999999999999645, -2.499999999999998668 ) ) ;
#6303 = EDGE_CURVE ( 'NONE', #2320, #1423, #6811, .T. ) ;
#6304 = EDGE_LOOP ( 'NONE', ( #5437, #6800, #1241, #2557 ) ) ;
#6305 = LINE ( 'NONE', #6784, #1388 ) ;
#6306 = DIRECTION ( 'NONE',  ( 0.000000000000000000, 1.000000000000000000, 0.000000000000000000 ) ) ;
#6307 = DIRECTION ( 'NONE',  ( 1.000000000000000000, 0.000000000000000000, 0.000000000000000000 ) ) ;
#6308 = CARTESIAN_POINT ( 'NONE',  ( 12.49999999999999289, 4.000000000000000000, 0.000000000000000000 ) ) ;
#6309 = CARTESIAN_POINT ( 'NONE',  ( -18.59150718393674495, 0.000000000000000000, -30.00000000000000711 ) ) ;
#6310 = VERTEX_POINT ( 'NONE', #3598 ) ;
#6311 = PLANE ( 'NONE',  #331 ) ;
#6312 = EDGE_CURVE ( 'NONE', #4165, #3473, #2850, .T. ) ;
#6313 = CARTESIAN_POINT ( 'NONE',  ( -27.50000000000001776, -15.00000000000000178, 20.00000000000001066 ) ) ;
#6314 = ORIENTED_EDGE ( 'NONE', *, *, #3705, .T. ) ;
#6315 = ORIENTED_EDGE ( 'NONE', *, *, #246, .T. ) ;
#6316 = UNCERTAINTY_MEASURE_WITH_UNIT (LENGTH_MEASURE( 1.000000000000000082E-05 ), #6565, 'distance_accuracy_value', 'NONE');
#6317 = FACE_OUTER_BOUND ( 'NONE', #1863, .T. ) ;
#6318 = PRESENTATION_STYLE_ASSIGNMENT (( #2030 ) ) ;
#6319 = DIRECTION ( 'NONE',  ( 1.000000000000000000, 0.000000000000000000, 0.000000000000000000 ) ) ;
#6320 = PLANE ( 'NONE',  #346 ) ;
#6321 = CARTESIAN_POINT ( 'NONE',  ( -11.99999999999999645, 4.000000000000000000, -26.50000000000000711 ) ) ;
#6322 =( GEOMETRIC_REPRESENTATION_CONTEXT ( 3 ) GLOBAL_UNCERTAINTY_ASSIGNED_CONTEXT ( ( #1362 ) ) GLOBAL_UNIT_ASSIGNED_CONTEXT ( ( #1583, #4217, #2660 ) ) REPRESENTATION_CONTEXT ( 'NONE', 'WORKASPACE' ) );
#6323 = VERTEX_POINT ( 'NONE', #1565 ) ;
#6324 = EDGE_CURVE ( 'NONE', #5057, #6362, #2972, .T. ) ;
#6325 = ORIENTED_EDGE ( 'NONE', *, *, #246, .F. ) ;
#6326 = DIRECTION ( 'NONE',  ( 1.000000000000000000, 0.000000000000000000, 4.885258803315056063E-16 ) ) ;
#6327 = AXIS2_PLACEMENT_3D ( 'NONE', #2927, #2995, #1299 ) ;
#6328 = SURFACE_STYLE_USAGE ( .BOTH. , #2667 ) ;
#6329 = DIRECTION ( 'NONE',  ( 0.000000000000000000, 0.000000000000000000, -1.000000000000000000 ) ) ;
#6330 = ORIENTED_EDGE ( 'NONE', *, *, #1444, .T. ) ;
#6331 = CARTESIAN_POINT ( 'NONE',  ( 44.50000000000001421, -22.00000000000000000, 29.00000000000000711 ) ) ;
#6332 = EDGE_CURVE ( 'NONE', #3770, #3047, #6357, .T. ) ;
#6333 = ORIENTED_EDGE ( 'NONE', *, *, #2908, .F. ) ;
#6334 = FILL_AREA_STYLE_COLOUR ( '', #3590 ) ;
#6335 = CARTESIAN_POINT ( 'NONE',  ( -18.59150718393674495, -18.50000000000000355, 70.00000000000000000 ) ) ;
#6336 = FILL_AREA_STYLE ('',( #3162 ) ) ;
#6337 = ORIENTED_EDGE ( 'NONE', *, *, #5770, .F. ) ;
#6338 = SURFACE_STYLE_FILL_AREA ( #3680 ) ;
#6339 = SURFACE_STYLE_USAGE ( .BOTH. , #3536 ) ;
#6340 = CIRCLE ( 'NONE', #5122, 40.00000000000000000 ) ;
#6341 = VERTEX_POINT ( 'NONE', #6536 ) ;
#6342 = VERTEX_POINT ( 'NONE', #4337 ) ;
#6343 = VECTOR ( 'NONE', #3225, 1000.000000000000000 ) ;
#6344 = VECTOR ( 'NONE', #3870, 1000.000000000000000 ) ;
#6345 = SURFACE_SIDE_STYLE ('',( #490 ) ) ;
#6346 = CARTESIAN_POINT ( 'NONE',  ( -15.50000000000001776, -11.99999999999999822, 20.00000000000001066 ) ) ;
#6347 = DIRECTION ( 'NONE',  ( 0.000000000000000000, 0.000000000000000000, 1.000000000000000000 ) ) ;
#6348 = FACE_OUTER_BOUND ( 'NONE', #2819, .T. ) ;
#6349 = DIRECTION ( 'NONE',  ( 0.000000000000000000, 0.000000000000000000, 1.000000000000000000 ) ) ;
#6350 = ORIENTED_EDGE ( 'NONE', *, *, #3980, .F. ) ;
#6351 = ORIENTED_EDGE ( 'NONE', *, *, #428, .T. ) ;
#6352 = DIRECTION ( 'NONE',  ( 0.000000000000000000, -1.000000000000000000, -0.000000000000000000 ) ) ;
#6353 = ADVANCED_FACE ( 'NONE', ( #3369 ), #5358, .F. ) ;
#6354 =( LENGTH_UNIT ( ) NAMED_UNIT ( * ) SI_UNIT ( .MILLI., .METRE. ) );
#6355 = SURFACE_STYLE_FILL_AREA ( #4261 ) ;
#6356 = DIRECTION ( 'NONE',  ( 0.000000000000000000, 1.000000000000000000, 0.000000000000000000 ) ) ;
#6357 = LINE ( 'NONE', #5954, #6825 ) ;
#6358 = FACE_OUTER_BOUND ( 'NONE', #4022, .T. ) ;
#6359 = EDGE_LOOP ( 'NONE', ( #5245, #1075, #1247, #86, #2187, #6547 ) ) ;
#6360 = CARTESIAN_POINT ( 'NONE',  ( 44.50000000000001421, 15.00000000000000000, 29.00000000000000711 ) ) ;
#6361 = EDGE_CURVE ( 'NONE', #5691, #728, #5463, .T. ) ;
#6362 = VERTEX_POINT ( 'NONE', #2229 ) ;
#6363 = MECHANICAL_DESIGN_GEOMETRIC_PRESENTATION_REPRESENTATION (  '', ( #4585 ), #417 ) ;
#6364 = CARTESIAN_POINT ( 'NONE',  ( -14.99999999999999467, 4.000000000000000000, -26.50000000000000711 ) ) ;
#6365 =( LENGTH_UNIT ( ) NAMED_UNIT ( * ) SI_UNIT ( .MILLI., .METRE. ) );
#6366 = PLANE ( 'NONE',  #2516 ) ;
#6367 = FACE_OUTER_BOUND ( 'NONE', #5331, .T. ) ;
#6368 =( NAMED_UNIT ( * ) PLANE_ANGLE_UNIT ( ) SI_UNIT ( $, .RADIAN. ) );
#6369 = VECTOR ( 'NONE', #1621, 1000.000000000000000 ) ;
#6370 = EDGE_CURVE ( 'NONE', #6341, #3634, #551, .T. ) ;
#6371 = VECTOR ( 'NONE', #6108, 1000.000000000000000 ) ;
#6372 = MECHANICAL_DESIGN_GEOMETRIC_PRESENTATION_REPRESENTATION (  '', ( #4137 ), #2069 ) ;
#6373 = ORIENTED_EDGE ( 'NONE', *, *, #4443, .T. ) ;
#6374 = FILL_AREA_STYLE ('',( #6476 ) ) ;
#6375 = STYLED_ITEM ( 'NONE', ( #6795 ), #5737 ) ;
#6376 = AXIS2_PLACEMENT_3D ( 'NONE', #480, #2680, #4674 ) ;
#6377 = MECHANICAL_DESIGN_GEOMETRIC_PRESENTATION_REPRESENTATION (  '', ( #3724 ), #1757 ) ;
#6378 = DIRECTION ( 'NONE',  ( -0.000000000000000000, -1.000000000000000000, -0.000000000000000000 ) ) ;
#6379 = DIRECTION ( 'NONE',  ( -0.000000000000000000, -1.000000000000000000, -0.000000000000000000 ) ) ;
#6380 = EDGE_CURVE ( 'NONE', #5504, #5767, #5399, .T. ) ;
#6381 = DIRECTION ( 'NONE',  ( -1.000000000000000000, 0.000000000000000000, -0.000000000000000000 ) ) ;
#6382 = DIRECTION ( 'NONE',  ( 0.000000000000000000, 0.000000000000000000, -1.000000000000000000 ) ) ;
#6383 = CARTESIAN_POINT ( 'NONE',  ( 42.01566946000195912, 2.244508064276253378, 4.263568906960428784 ) ) ;
#6384 = ORIENTED_EDGE ( 'NONE', *, *, #4921, .F. ) ;
#6385 = ORIENTED_EDGE ( 'NONE', *, *, #2922, .T. ) ;
#6386 = STYLED_ITEM ( 'NONE', ( #3821 ), #3700 ) ;
#6387 = MECHANICAL_DESIGN_GEOMETRIC_PRESENTATION_REPRESENTATION (  '', ( #3190 ), #4384 ) ;
#6388 = UNCERTAINTY_MEASURE_WITH_UNIT (LENGTH_MEASURE( 1.000000000000000082E-05 ), #5606, 'distance_accuracy_value', 'NONE');
#6389 = DIRECTION ( 'NONE',  ( -0.000000000000000000, 1.000000000000000000, -0.000000000000000000 ) ) ;
#6390 = CARTESIAN_POINT ( 'NONE',  ( -27.50000000000001776, -15.00000000000000178, 20.00000000000001066 ) ) ;
#6391 = PRESENTATION_STYLE_ASSIGNMENT (( #6841 ) ) ;
#6392 = MECHANICAL_DESIGN_GEOMETRIC_PRESENTATION_REPRESENTATION (  '', ( #2197 ), #6269 ) ;
#6393 = CARTESIAN_POINT ( 'NONE',  ( 0.000000000000000000, -18.50000000000000000, 0.000000000000000000 ) ) ;
#6394 = PRESENTATION_STYLE_ASSIGNMENT (( #4256 ) ) ;
#6395 = VERTEX_POINT ( 'NONE', #4301 ) ;
#6396 = AXIS2_PLACEMENT_3D ( 'NONE', #2228, #942, #1496 ) ;
#6397 = EDGE_LOOP ( 'NONE', ( #4332, #2697, #1162, #2034 ) ) ;
#6398 = STYLED_ITEM ( 'NONE', ( #1924 ), #4005 ) ;
#6399 = AXIS2_PLACEMENT_3D ( 'NONE', #4064, #6195, #4093 ) ;
#6400 = CARTESIAN_POINT ( 'NONE',  ( 6.500000000000001776, 0.000000000000000000, 21.50000000000000355 ) ) ;
#6401 = COLOUR_RGB ( '',0.5019607843137254832, 0.5019607843137254832, 1.000000000000000000 ) ;
#6402 = MECHANICAL_DESIGN_GEOMETRIC_PRESENTATION_REPRESENTATION (  '', ( #3948 ), #782 ) ;
#6403 = ORIENTED_EDGE ( 'NONE', *, *, #4576, .T. ) ;
#6404 = STYLED_ITEM ( 'NONE', ( #3219 ), #5353 ) ;
#6405 = DIRECTION ( 'NONE',  ( 0.000000000000000000, 1.000000000000000000, 0.000000000000000000 ) ) ;
#6406 = ORIENTED_EDGE ( 'NONE', *, *, #5972, .F. ) ;
#6407 = CARTESIAN_POINT ( 'NONE',  ( -44.50000000000001421, -2.999999999999998224, 29.00000000000000711 ) ) ;
#6408 = CYLINDRICAL_SURFACE ( 'NONE', #3999, 2.500000000000005773 ) ;
#6409 = DIRECTION ( 'NONE',  ( -0.000000000000000000, 1.000000000000000000, -0.000000000000000000 ) ) ;
#6410 = FILL_AREA_STYLE ('',( #5964 ) ) ;
#6411 = ADVANCED_FACE ( 'NONE', ( #677 ), #1706, .F. ) ;
#6412 = UNCERTAINTY_MEASURE_WITH_UNIT (LENGTH_MEASURE( 1.000000000000000082E-05 ), #5994, 'distance_accuracy_value', 'NONE');
#6413 = FACE_BOUND ( 'NONE', #4685, .T. ) ;
#6414 = CARTESIAN_POINT ( 'NONE',  ( 0.000000000000000000, 4.000000000000000000, 28.00000000000001066 ) ) ;
#6415 = DIRECTION ( 'NONE',  ( 0.000000000000000000, 0.000000000000000000, 1.000000000000000000 ) ) ;
#6416 = CARTESIAN_POINT ( 'NONE',  ( 44.50000000000001421, -6.000000000000001776, 26.50000000000000711 ) ) ;
#6417 = PRESENTATION_STYLE_ASSIGNMENT (( #1271 ) ) ;
#6418 = FILL_AREA_STYLE_COLOUR ( '', #2803 ) ;
#6419 = VERTEX_POINT ( 'NONE', #1811 ) ;
#6420 = VERTEX_POINT ( 'NONE', #194 ) ;
#6421 = EDGE_CURVE ( 'NONE', #4485, #144, #2468, .T. ) ;
#6422 = FILL_AREA_STYLE ('',( #597 ) ) ;
#6423 = SURFACE_STYLE_FILL_AREA ( #667 ) ;
#6424 =( NAMED_UNIT ( * ) SI_UNIT ( $, .STERADIAN. ) SOLID_ANGLE_UNIT ( ) );
#6425 = CARTESIAN_POINT ( 'NONE',  ( 44.50000000000001421, -2.999999999999998224, -29.00000000000000711 ) ) ;
#6426 = VERTEX_POINT ( 'NONE', #6177 ) ;
#6427 = EDGE_LOOP ( 'NONE', ( #1170, #2808, #186, #4679 ) ) ;
#6428 = UNCERTAINTY_MEASURE_WITH_UNIT (LENGTH_MEASURE( 1.000000000000000082E-05 ), #3671, 'distance_accuracy_value', 'NONE');
#6429 = VECTOR ( 'NONE', #5909, 1000.000000000000000 ) ;
#6430 = SURFACE_STYLE_FILL_AREA ( #576 ) ;
#6431 = DIRECTION ( 'NONE',  ( 0.000000000000000000, -1.000000000000000000, 0.000000000000000000 ) ) ;
#6432 = LINE ( 'NONE', #2186, #349 ) ;
#6433 = ORIENTED_EDGE ( 'NONE', *, *, #6380, .T. ) ;
#6434 = FILL_AREA_STYLE_COLOUR ( '', #5268 ) ;
#6435 = LINE ( 'NONE', #5856, #4922 ) ;
#6436 = CIRCLE ( 'NONE', #4544, 2.000000000000000000 ) ;
#6437 = MECHANICAL_DESIGN_GEOMETRIC_PRESENTATION_REPRESENTATION (  '', ( #4543 ), #5097 ) ;
#6438 = ORIENTED_EDGE ( 'NONE', *, *, #2192, .T. ) ;
#6439 = SURFACE_STYLE_FILL_AREA ( #1192 ) ;
#6440 = UNCERTAINTY_MEASURE_WITH_UNIT (LENGTH_MEASURE( 1.000000000000000082E-05 ), #3557, 'distance_accuracy_value', 'NONE');
#6441 = CARTESIAN_POINT ( 'NONE',  ( 42.57339518699360070, 4.000000000000000000, 10.13115200650950065 ) ) ;
#6442 = DIRECTION ( 'NONE',  ( 1.000000000000000000, 0.000000000000000000, 0.000000000000000000 ) ) ;
#6443 = PRESENTATION_LAYER_ASSIGNMENT (  '', '', ( #5893 ) ) ;
#6444 = FILL_AREA_STYLE ('',( #134 ) ) ;
#6445 = UNCERTAINTY_MEASURE_WITH_UNIT (LENGTH_MEASURE( 1.000000000000000082E-05 ), #1360, 'distance_accuracy_value', 'NONE');
#6446 = EDGE_CURVE ( 'NONE', #2100, #2090, #1931, .T. ) ;
#6447 = CARTESIAN_POINT ( 'NONE',  ( 44.50000000000001421, -2.999999999999998224, 24.00000000000001066 ) ) ;
#6448 = DIRECTION ( 'NONE',  ( -0.000000000000000000, 1.000000000000000000, -0.000000000000000000 ) ) ;
#6449 = CARTESIAN_POINT ( 'NONE',  ( -18.59150718393674495, 15.00000000000000000, 70.00000000000000000 ) ) ;
#6450 = DIRECTION ( 'NONE',  ( -0.000000000000000000, 1.000000000000000000, -0.000000000000000000 ) ) ;
#6451 = MECHANICAL_DESIGN_GEOMETRIC_PRESENTATION_REPRESENTATION (  '', ( #6764 ), #1915 ) ;
#6452 = ORIENTED_EDGE ( 'NONE', *, *, #192, .T. ) ;
#6453 = EDGE_LOOP ( 'NONE', ( #3686, #4074 ) ) ;
#6454 = ADVANCED_FACE ( 'NONE', ( #2474 ), #2348, .T. ) ;
#6455 = CARTESIAN_POINT ( 'NONE',  ( 45.53684714403362221, 2.937031687249003209, -4.808667952221237663 ) ) ;
#6456 = SURFACE_STYLE_USAGE ( .BOTH. , #2340 ) ;
#6457 = LINE ( 'NONE', #4887, #2224 ) ;
#6458 = SURFACE_SIDE_STYLE ('',( #3846 ) ) ;
#6459 = EDGE_CURVE ( 'NONE', #6137, #3937, #3035, .T. ) ;
#6460 = VERTEX_POINT ( 'NONE', #5690 ) ;
#6461 = ADVANCED_FACE ( 'NONE', ( #6797 ), #1412, .F. ) ;
#6462 = PRESENTATION_LAYER_ASSIGNMENT (  '', '', ( #1282 ) ) ;
#6463 = UNCERTAINTY_MEASURE_WITH_UNIT (LENGTH_MEASURE( 1.000000000000000082E-05 ), #3392, 'distance_accuracy_value', 'NONE');
#6464 = COLOUR_RGB ( '',0.5019607843137254832, 0.5019607843137254832, 1.000000000000000000 ) ;
#6465 = DIRECTION ( 'NONE',  ( 0.000000000000000000, 0.000000000000000000, -1.000000000000000000 ) ) ;
#6466 = FILL_AREA_STYLE ('',( #5916 ) ) ;
#6467 = SURFACE_STYLE_FILL_AREA ( #5955 ) ;
#6468 = VERTEX_POINT ( 'NONE', #6730 ) ;
#6469 = LINE ( 'NONE', #84, #427 ) ;
#6470 = VERTEX_POINT ( 'NONE', #1475 ) ;
#6471 = EDGE_CURVE ( 'NONE', #6362, #4863, #455, .T. ) ;
#6472 =( NAMED_UNIT ( * ) SI_UNIT ( $, .STERADIAN. ) SOLID_ANGLE_UNIT ( ) );
#6473 =( LENGTH_UNIT ( ) NAMED_UNIT ( * ) SI_UNIT ( .MILLI., .METRE. ) );
#6474 = DIRECTION ( 'NONE',  ( 0.000000000000000000, 1.000000000000000000, 0.000000000000000000 ) ) ;
#6475 =( LENGTH_UNIT ( ) NAMED_UNIT ( * ) SI_UNIT ( .MILLI., .METRE. ) );
#6476 = FILL_AREA_STYLE_COLOUR ( '', #5295 ) ;
#6477 = CARTESIAN_POINT ( 'NONE',  ( 44.50000000000001421, 0.000000000000000000, -29.00000000000000711 ) ) ;
#6478 = DIRECTION ( 'NONE',  ( 0.000000000000000000, 0.000000000000000000, 1.000000000000000000 ) ) ;
#6479 = CARTESIAN_POINT ( 'NONE',  ( 18.59150718393674495, -18.50000000000000355, -70.00000000000000000 ) ) ;
#6480 = COLOUR_RGB ( '',0.5019607843137254832, 0.5019607843137254832, 1.000000000000000000 ) ;
#6481 = DIRECTION ( 'NONE',  ( 1.000000000000000000, 0.000000000000000000, -0.000000000000000000 ) ) ;
#6482 = FILL_AREA_STYLE_COLOUR ( '', #1770 ) ;
#6483 = AXIS2_PLACEMENT_3D ( 'NONE', #1531, #2040, #6226 ) ;
#6484 = ORIENTED_EDGE ( 'NONE', *, *, #2469, .F. ) ;
#6485 = MECHANICAL_DESIGN_GEOMETRIC_PRESENTATION_REPRESENTATION (  '', ( #2836 ), #1638 ) ;
#6486 = ORIENTED_EDGE ( 'NONE', *, *, #3000, .T. ) ;
#6487 = EDGE_CURVE ( 'NONE', #4633, #621, #5093, .T. ) ;
#6488 = AXIS2_PLACEMENT_3D ( 'NONE', #5786, #5239, #4710 ) ;
#6489 = VECTOR ( 'NONE', #2271, 1000.000000000000000 ) ;
#6490 = CARTESIAN_POINT ( 'NONE',  ( 1.000000000000007772, 4.000000000000000000, -26.50000000000000711 ) ) ;
#6491 = CIRCLE ( 'NONE', #4929, 2.000000000000000444 ) ;
#6492 = DIRECTION ( 'NONE',  ( 0.000000000000000000, -1.000000000000000000, 0.000000000000000000 ) ) ;
#6493 = VECTOR ( 'NONE', #5539, 1000.000000000000000 ) ;
#6494 = ADVANCED_FACE ( 'NONE', ( #2656 ), #620, .T. ) ;
#6495 = DIRECTION ( 'NONE',  ( 0.000000000000000000, 0.000000000000000000, 1.000000000000000000 ) ) ;
#6496 = ORIENTED_EDGE ( 'NONE', *, *, #2486, .F. ) ;
#6497 = ORIENTED_EDGE ( 'NONE', *, *, #3817, .F. ) ;
#6498 = AXIS2_PLACEMENT_3D ( 'NONE', #834, #2871, #222 ) ;
#6499 = VECTOR ( 'NONE', #3007, 1000.000000000000000 ) ;
#6500 = CARTESIAN_POINT ( 'NONE',  ( 39.95933631058686331, 0.000000000000000000, 36.18556701030929901 ) ) ;
#6501 = SURFACE_STYLE_FILL_AREA ( #6466 ) ;
#6502 = DIRECTION ( 'NONE',  ( 0.000000000000000000, 1.000000000000000000, 0.000000000000000000 ) ) ;
#6503 = EDGE_LOOP ( 'NONE', ( #6433, #5717, #6060, #5297, #6208 ) ) ;
#6504 = VECTOR ( 'NONE', #5119, 1000.000000000000000 ) ;
#6505 = EDGE_CURVE ( 'NONE', #6426, #2409, #3714, .T. ) ;
#6506 = CIRCLE ( 'NONE', #4393, 4.999999999999997335 ) ;
#6507 = DIRECTION ( 'NONE',  ( 0.000000000000000000, 1.000000000000000000, 0.000000000000000000 ) ) ;
#6508 = STYLED_ITEM ( 'NONE', ( #199 ), #4100 ) ;
#6509 = PRESENTATION_LAYER_ASSIGNMENT (  '', '', ( #2649 ) ) ;
#6510 = LINE ( 'NONE', #1886, #1307 ) ;
#6511 = CARTESIAN_POINT ( 'NONE',  ( -58.34927731208833279, 0.000000000000000000, -37.51000000000001933 ) ) ;
#6512 = MECHANICAL_DESIGN_GEOMETRIC_PRESENTATION_REPRESENTATION (  '', ( #5066 ), #4053 ) ;
#6513 = EDGE_CURVE ( 'NONE', #4338, #5342, #2718, .T. ) ;
#6514 = ORIENTED_EDGE ( 'NONE', *, *, #1594, .F. ) ;
#6515 = UNCERTAINTY_MEASURE_WITH_UNIT (LENGTH_MEASURE( 1.000000000000000082E-05 ), #3871, 'distance_accuracy_value', 'NONE');
#6516 = CARTESIAN_POINT ( 'NONE',  ( 44.50000000000001421, -2.999999999999998224, -29.00000000000000711 ) ) ;
#6517 = AXIS2_PLACEMENT_3D ( 'NONE', #3766, #3187, #1154 ) ;
#6518 = AXIS2_PLACEMENT_3D ( 'NONE', #4245, #4174, #5867 ) ;
#6519 =( NAMED_UNIT ( * ) SI_UNIT ( $, .STERADIAN. ) SOLID_ANGLE_UNIT ( ) );
#6520 = LINE ( 'NONE', #4489, #3899 ) ;
#6521 = DIRECTION ( 'NONE',  ( 0.000000000000000000, 1.000000000000000000, 0.000000000000000000 ) ) ;
#6522 = FILL_AREA_STYLE_COLOUR ( '', #866 ) ;
#6523 = DIRECTION ( 'NONE',  ( 0.000000000000000000, 0.000000000000000000, -1.000000000000000000 ) ) ;
#6524 = DIRECTION ( 'NONE',  ( 0.000000000000000000, 0.000000000000000000, 1.000000000000000000 ) ) ;
#6525 = ORIENTED_EDGE ( 'NONE', *, *, #4316, .F. ) ;
#6526 = CARTESIAN_POINT ( 'NONE',  ( 45.54555525137367766, 3.800000000000014477, -5.000000000000000888 ) ) ;
#6527 = SURFACE_STYLE_USAGE ( .BOTH. , #5940 ) ;
#6528 =( LENGTH_UNIT ( ) NAMED_UNIT ( * ) SI_UNIT ( .MILLI., .METRE. ) );
#6529 = LINE ( 'NONE', #149, #2650 ) ;
#6530 = CARTESIAN_POINT ( 'NONE',  ( 44.50000000000001421, -22.00000000000000355, -29.00000000000000711 ) ) ;
#6531 = ORIENTED_EDGE ( 'NONE', *, *, #1685, .T. ) ;
#6532 = EDGE_LOOP ( 'NONE', ( #4662, #13, #6076, #1670, #4858, #4089 ) ) ;
#6533 = UNCERTAINTY_MEASURE_WITH_UNIT (LENGTH_MEASURE( 1.000000000000000082E-05 ), #5218, 'distance_accuracy_value', 'NONE');
#6534 = LINE ( 'NONE', #191, #2757 ) ;
#6535 = PRESENTATION_STYLE_ASSIGNMENT (( #2347 ) ) ;
#6536 = CARTESIAN_POINT ( 'NONE',  ( 44.50000000000001421, -2.999999999999998224, 24.00000000000001066 ) ) ;
#6537 = CARTESIAN_POINT ( 'NONE',  ( 20.00000000000000000, -39.31465829649864929, 21.50000000000000355 ) ) ;
#6538 = ORIENTED_EDGE ( 'NONE', *, *, #1643, .F. ) ;
#6539 =( NAMED_UNIT ( * ) SI_UNIT ( $, .STERADIAN. ) SOLID_ANGLE_UNIT ( ) );
#6540 = CARTESIAN_POINT ( 'NONE',  ( 44.50000000000001421, -18.50000000000000000, 30.75000000000001421 ) ) ;
#6541 = EDGE_CURVE ( 'NONE', #1987, #3108, #6056, .T. ) ;
#6542 = PLANE ( 'NONE',  #5386 ) ;
#6543 = VECTOR ( 'NONE', #5364, 1000.000000000000000 ) ;
#6544 = ORIENTED_EDGE ( 'NONE', *, *, #3908, .T. ) ;
#6545 =( LENGTH_UNIT ( ) NAMED_UNIT ( * ) SI_UNIT ( .MILLI., .METRE. ) );
#6546 = EDGE_CURVE ( 'NONE', #3365, #6799, #3581, .T. ) ;
#6547 = ORIENTED_EDGE ( 'NONE', *, *, #4853, .T. ) ;
#6548 = SURFACE_STYLE_USAGE ( .BOTH. , #616 ) ;
#6549 = SURFACE_STYLE_FILL_AREA ( #6098 ) ;
#6550 = SURFACE_SIDE_STYLE ('',( #6028 ) ) ;
#6551 = PRESENTATION_LAYER_ASSIGNMENT (  '', '', ( #6104 ) ) ;
#6552 = SURFACE_STYLE_FILL_AREA ( #2368 ) ;
#6553 = CARTESIAN_POINT ( 'NONE',  ( -44.50000000000001421, -19.99999999999999645, 29.00000000000000711 ) ) ;
#6554 = SURFACE_STYLE_FILL_AREA ( #2891 ) ;
#6555 = ORIENTED_EDGE ( 'NONE', *, *, #2652, .F. ) ;
#6556 = FILL_AREA_STYLE_COLOUR ( '', #6796 ) ;
#6557 = CARTESIAN_POINT ( 'NONE',  ( 42.00269256595925782, 1.885093935354461347, -3.590861593041502875 ) ) ;
#6558 = FACE_OUTER_BOUND ( 'NONE', #6571, .T. ) ;
#6559 = VECTOR ( 'NONE', #3657, 1000.000000000000000 ) ;
#6560 =( NAMED_UNIT ( * ) SI_UNIT ( $, .STERADIAN. ) SOLID_ANGLE_UNIT ( ) );
#6561 = ORIENTED_EDGE ( 'NONE', *, *, #1657, .T. ) ;
#6562 = ORIENTED_EDGE ( 'NONE', *, *, #6789, .T. ) ;
#6563 =( LENGTH_UNIT ( ) NAMED_UNIT ( * ) SI_UNIT ( .MILLI., .METRE. ) );
#6564 =( LENGTH_UNIT ( ) NAMED_UNIT ( * ) SI_UNIT ( .MILLI., .METRE. ) );
#6565 =( LENGTH_UNIT ( ) NAMED_UNIT ( * ) SI_UNIT ( .MILLI., .METRE. ) );
#6566 = CARTESIAN_POINT ( 'NONE',  ( 45.52892837307424401, 2.612190991007328211, 4.614047281171850479 ) ) ;
#6567 = VERTEX_POINT ( 'NONE', #1659 ) ;
#6568 = CARTESIAN_POINT ( 'NONE',  ( -44.50000000000001421, -22.00000000000000355, 29.00000000000000711 ) ) ;
#6569 = STYLED_ITEM ( 'NONE', ( #3177 ), #2873 ) ;
#6570 = EDGE_CURVE ( 'NONE', #3024, #6763, #3138, .T. ) ;
#6571 = EDGE_LOOP ( 'NONE', ( #2665, #1158, #2702, #4575, #3763, #3001 ) ) ;
#6572 = AXIS2_PLACEMENT_3D ( 'NONE', #36, #5138, #2664 ) ;
#6573 = COLOUR_RGB ( '',0.5019607843137254832, 0.5019607843137254832, 1.000000000000000000 ) ;
#6574 = CARTESIAN_POINT ( 'NONE',  ( -27.50000000000001776, -15.00000000000000178, 15.40000000000001101 ) ) ;
#6575 = CARTESIAN_POINT ( 'NONE',  ( 44.50000000000001421, -2.999999999999998224, -24.00000000000001066 ) ) ;
#6576 =( NAMED_UNIT ( * ) SI_UNIT ( $, .STERADIAN. ) SOLID_ANGLE_UNIT ( ) );
#6577 = VERTEX_POINT ( 'NONE', #5242 ) ;
#6578 = EDGE_CURVE ( 'NONE', #2841, #1994, #612, .T. ) ;
#6579 = DIRECTION ( 'NONE',  ( 0.000000000000000000, 0.000000000000000000, -1.000000000000000000 ) ) ;
#6580 = PRESENTATION_LAYER_ASSIGNMENT (  '', '', ( #6686 ) ) ;
#6581 = DIRECTION ( 'NONE',  ( -0.000000000000000000, -0.000000000000000000, -1.000000000000000000 ) ) ;
#6582 = DIRECTION ( 'NONE',  ( 0.000000000000000000, 0.000000000000000000, -1.000000000000000000 ) ) ;
#6583 = CARTESIAN_POINT ( 'NONE',  ( 44.50000000000001421, -22.00000000000000355, 29.00000000000000711 ) ) ;
#6584 = EDGE_CURVE ( 'NONE', #806, #78, #4140, .T. ) ;
#6585 = SURFACE_STYLE_FILL_AREA ( #4455 ) ;
#6586 = ORIENTED_EDGE ( 'NONE', *, *, #2181, .F. ) ;
#6587 = ADVANCED_FACE ( 'NONE', ( #5276, #559 ), #26, .T. ) ;
#6588 = CIRCLE ( 'NONE', #3061, 2.500000000000002220 ) ;
#6589 = DIRECTION ( 'NONE',  ( 0.000000000000000000, -0.000000000000000000, 1.000000000000000000 ) ) ;
#6590 = CARTESIAN_POINT ( 'NONE',  ( -85.50000000000001421, 15.00000000000000000, 3.091507183936761827 ) ) ;
#6591 = CARTESIAN_POINT ( 'NONE',  ( 18.59150718393674495, -22.00000000000000000, -30.00000000000000711 ) ) ;
#6592 = CIRCLE ( 'NONE', #1851, 43.50000000000000711 ) ;
#6593 = VERTEX_POINT ( 'NONE', #5520 ) ;
#6594 = ORIENTED_EDGE ( 'NONE', *, *, #3438, .T. ) ;
#6595 = AXIS2_PLACEMENT_3D ( 'NONE', #6331, #1228, #638 ) ;
#6596 = COLOUR_RGB ( '',0.5019607843137254832, 0.5019607843137254832, 1.000000000000000000 ) ;
#6597 = LINE ( 'NONE', #2979, #2038 ) ;
#6598 =( GEOMETRIC_REPRESENTATION_CONTEXT ( 3 ) GLOBAL_UNCERTAINTY_ASSIGNED_CONTEXT ( ( #6125 ) ) GLOBAL_UNIT_ASSIGNED_CONTEXT ( ( #5952, #80, #123 ) ) REPRESENTATION_CONTEXT ( 'NONE', 'WORKASPACE' ) );
#6599 = PRESENTATION_LAYER_ASSIGNMENT (  '', '', ( #975 ) ) ;
#6600 = SURFACE_STYLE_USAGE ( .BOTH. , #6048 ) ;
#6601 =( LENGTH_UNIT ( ) NAMED_UNIT ( * ) SI_UNIT ( .MILLI., .METRE. ) );
#6602 = ORIENTED_EDGE ( 'NONE', *, *, #3645, .T. ) ;
#6603 = AXIS2_PLACEMENT_3D ( 'NONE', #47, #5805, #3639 ) ;
#6604 = CARTESIAN_POINT ( 'NONE',  ( 85.50000000000001421, 15.00000000000000000, -3.091507183936761827 ) ) ;
#6605 = CARTESIAN_POINT ( 'NONE',  ( 44.50000000000001421, -6.000000000000001776, -31.50000000000001421 ) ) ;
#6606 = AXIS2_PLACEMENT_3D ( 'NONE', #4320, #5932, #142 ) ;
#6607 = DIRECTION ( 'NONE',  ( -0.000000000000000000, -1.000000000000000000, -0.000000000000000000 ) ) ;
#6608 = EDGE_CURVE ( 'NONE', #6737, #1038, #1592, .T. ) ;
#6609 = AXIS2_PLACEMENT_3D ( 'NONE', #3155, #2634, #3733 ) ;
#6610 = DIRECTION ( 'NONE',  ( 0.000000000000000000, 0.000000000000000000, 1.000000000000000000 ) ) ;
#6611 = CIRCLE ( 'NONE', #1660, 4.600000000000001421 ) ;
#6612 = SURFACE_STYLE_USAGE ( .BOTH. , #4478 ) ;
#6613 = SURFACE_STYLE_FILL_AREA ( #5006 ) ;
#6614 = ORIENTED_EDGE ( 'NONE', *, *, #2908, .T. ) ;
#6615 = UNCERTAINTY_MEASURE_WITH_UNIT (LENGTH_MEASURE( 1.000000000000000082E-05 ), #3742, 'distance_accuracy_value', 'NONE');
#6616 = ORIENTED_EDGE ( 'NONE', *, *, #3410, .F. ) ;
#6617 = UNCERTAINTY_MEASURE_WITH_UNIT (LENGTH_MEASURE( 1.000000000000000082E-05 ), #6528, 'distance_accuracy_value', 'NONE');
#6618 = DIRECTION ( 'NONE',  ( 0.000000000000000000, 0.000000000000000000, 1.000000000000000000 ) ) ;
#6619 = AXIS2_PLACEMENT_3D ( 'NONE', #2390, #1391, #5541 ) ;
#6620 = CLOSED_SHELL ( 'NONE', ( #2659, #6353, #3982, #3033, #3826, #586, #1703, #2951, #2769, #575, #5945, #6663, #3386, #6494, #2153, #5988, #3788, #2056, #5008, #5221, #3339, #5131, #2074, #3849, #1910, #6461, #4100, #3135, #3739, #2208, #2245, #3700, #4875, #5353, #696, #2114, #4028, #1292, #848, #1611, #5310, #4664, #840, #6587, #5565, #4202, #6668, #220, #2478, #40, #3936, #1469, #4530, #5530, #949, #780, #4177, #2239, #5011, #2700, #2866, #138, #6411, #4645, #3796, #4536, #2965, #1587, #6298, #4188, #2795, #6190, #1189, #6654, #275, #3663, #6079, #6119, #4187, #6454, #2873, #5741, #6078, #2358, #976, #1459, #3561, #3459, #4747, #1264, #2322, #6035, #3292, #5737, #3695, #3623, #463, #5140, #5656, #564, #2354, #3300, #5037, #1232, #4965, #1693, #4630, #5002, #4311, #1789, #745, #3122, #1816, #3332, #6161, #2600, #5227, #2484, #5482, #563, #384, #2710, #4086, #4019, #2012, #3883, #295, #2287, #3085, #3419, #1739, #2394, #2058, #4769, #2930, #3027, #4054, #5322, #3783, #2898, #634, #1352, #4831, #2444, #4005, #4189, #4501 ) ) ;
#6621 = AXIS2_PLACEMENT_3D ( 'NONE', #2438, #5082, #5611 ) ;
#6622 =( NAMED_UNIT ( * ) SI_UNIT ( $, .STERADIAN. ) SOLID_ANGLE_UNIT ( ) );
#6623 = AXIS2_PLACEMENT_3D ( 'NONE', #6012, #2288, #3367 ) ;
#6624 = LINE ( 'NONE', #3449, #208 ) ;
#6625 = LINE ( 'NONE', #852, #5723 ) ;
#6626 = DIRECTION ( 'NONE',  ( -1.000000000000000000, -0.000000000000000000, -0.000000000000000000 ) ) ;
#6627 = EDGE_CURVE ( 'NONE', #472, #6217, #793, .T. ) ;
#6628 = AXIS2_PLACEMENT_3D ( 'NONE', #3773, #712, #167 ) ;
#6629 = CIRCLE ( 'NONE', #3429, 2.500000000000005773 ) ;
#6630 = ORIENTED_EDGE ( 'NONE', *, *, #5247, .F. ) ;
#6631 = PRESENTATION_LAYER_ASSIGNMENT (  '', '', ( #6404 ) ) ;
#6632 = DIRECTION ( 'NONE',  ( 0.000000000000000000, -1.000000000000000000, 0.000000000000000000 ) ) ;
#6633 = CARTESIAN_POINT ( 'NONE',  ( -44.50000000000001421, -42.54163056034263946, 29.00000000000000711 ) ) ;
#6634 =( LENGTH_UNIT ( ) NAMED_UNIT ( * ) SI_UNIT ( .MILLI., .METRE. ) );
#6635 = ORIENTED_EDGE ( 'NONE', *, *, #5077, .T. ) ;
#6636 = ORIENTED_EDGE ( 'NONE', *, *, #2775, .F. ) ;
#6637 = EDGE_CURVE ( 'NONE', #3336, #4165, #6074, .T. ) ;
#6638 = CARTESIAN_POINT ( 'NONE',  ( 16.00000000000000000, -7.000000000000000000, 40.00000000000000711 ) ) ;
#6639 = FILL_AREA_STYLE ('',( #965 ) ) ;
#6640 =( NAMED_UNIT ( * ) PLANE_ANGLE_UNIT ( ) SI_UNIT ( $, .RADIAN. ) );
#6641 = EDGE_LOOP ( 'NONE', ( #6117, #542, #3213, #6484 ) ) ;
#6642 =( LENGTH_UNIT ( ) NAMED_UNIT ( * ) SI_UNIT ( .MILLI., .METRE. ) );
#6643 = PLANE ( 'NONE',  #2075 ) ;
#6644 = LINE ( 'NONE', #264, #1986 ) ;
#6645 = VERTEX_POINT ( 'NONE', #207 ) ;
#6646 = PRESENTATION_STYLE_ASSIGNMENT (( #847 ) ) ;
#6647 = SURFACE_STYLE_FILL_AREA ( #4902 ) ;
#6648 = CARTESIAN_POINT ( 'NONE',  ( -14.99999999999999467, 4.000000000000000000, -29.99999999999999289 ) ) ;
#6649 = FILL_AREA_STYLE_COLOUR ( '', #3065 ) ;
#6650 = STYLED_ITEM ( 'NONE', ( #6318 ), #2239 ) ;
#6651 = SURFACE_STYLE_USAGE ( .BOTH. , #1953 ) ;
#6652 = DIRECTION ( 'NONE',  ( 0.000000000000000000, 0.000000000000000000, 1.000000000000000000 ) ) ;
#6653 = ORIENTED_EDGE ( 'NONE', *, *, #6570, .F. ) ;
#6654 = ADVANCED_FACE ( 'NONE', ( #6031 ), #3867, .F. ) ;
#6655 = STYLED_ITEM ( 'NONE', ( #5100 ), #1789 ) ;
#6656 = DIRECTION ( 'NONE',  ( 0.000000000000000000, 1.000000000000000000, 0.000000000000000000 ) ) ;
#6657 = FACE_OUTER_BOUND ( 'NONE', #6359, .T. ) ;
#6658 = SURFACE_STYLE_FILL_AREA ( #5552 ) ;
#6659 = LINE ( 'NONE', #6141, #4161 ) ;
#6660 = CIRCLE ( 'NONE', #5777, 3.500000000000004885 ) ;
#6661 = EDGE_LOOP ( 'NONE', ( #4062, #2940, #3097, #6142 ) ) ;
#6662 = EDGE_LOOP ( 'NONE', ( #3620, #4247, #3055, #6111 ) ) ;
#6663 = ADVANCED_FACE ( 'NONE', ( #3382 ), #2851, .F. ) ;
#6664 = CARTESIAN_POINT ( 'NONE',  ( -58.34927731208833279, 0.000000000000000000, 28.00000000000001776 ) ) ;
#6665 = FACE_OUTER_BOUND ( 'NONE', #3127, .T. ) ;
#6666 = SURFACE_STYLE_FILL_AREA ( #6244 ) ;
#6667 = PRESENTATION_STYLE_ASSIGNMENT (( #6245 ) ) ;
#6668 = ADVANCED_FACE ( 'NONE', ( #3030 ), #2021, .F. ) ;
#6669 = CARTESIAN_POINT ( 'NONE',  ( 85.50000000000001421, 4.000000000000000000, -3.091507183936761827 ) ) ;
#6670 = EDGE_CURVE ( 'NONE', #1233, #5993, #2589, .T. ) ;
#6671 = ORIENTED_EDGE ( 'NONE', *, *, #2328, .F. ) ;
#6672 = SURFACE_STYLE_USAGE ( .BOTH. , #2458 ) ;
#6673 = AXIS2_PLACEMENT_3D ( 'NONE', #1350, #4993, #5072 ) ;
#6674 = FACE_OUTER_BOUND ( 'NONE', #2571, .T. ) ;
#6675 = ORIENTED_EDGE ( 'NONE', *, *, #1402, .F. ) ;
#6676 = EDGE_LOOP ( 'NONE', ( #5698, #4358 ) ) ;
#6677 = LINE ( 'NONE', #5674, #5815 ) ;
#6678 = EDGE_CURVE ( 'NONE', #683, #11, #4334, .T. ) ;
#6679 = STYLED_ITEM ( 'NONE', ( #5219 ), #384 ) ;
#6680 = MECHANICAL_DESIGN_GEOMETRIC_PRESENTATION_REPRESENTATION (  '', ( #2817 ), #402 ) ;
#6681 = ORIENTED_EDGE ( 'NONE', *, *, #5325, .T. ) ;
#6682 = PLANE ( 'NONE',  #1168 ) ;
#6683 = SURFACE_STYLE_FILL_AREA ( #2338 ) ;
#6684 = FILL_AREA_STYLE ('',( #2998 ) ) ;
#6685 = DIRECTION ( 'NONE',  ( 0.000000000000000000, 1.000000000000000000, 0.000000000000000000 ) ) ;
#6686 = STYLED_ITEM ( 'NONE', ( #6068 ), #2600 ) ;
#6687 = ORIENTED_EDGE ( 'NONE', *, *, #858, .F. ) ;
#6688 = CARTESIAN_POINT ( 'NONE',  ( -14.99999999999998934, 0.000000000000000000, 26.50000000000001066 ) ) ;
#6689 = SURFACE_STYLE_USAGE ( .BOTH. , #4570 ) ;
#6690 = DIRECTION ( 'NONE',  ( 1.000000000000000000, -0.000000000000000000, -2.312964634635743450E-16 ) ) ;
#6691 = EDGE_CURVE ( 'NONE', #5799, #2244, #2460, .T. ) ;
#6692 = FILL_AREA_STYLE ('',( #3618 ) ) ;
#6693 = VERTEX_POINT ( 'NONE', #2549 ) ;
#6694 = VERTEX_POINT ( 'NONE', #946 ) ;
#6695 = CARTESIAN_POINT ( 'NONE',  ( 19.50000000000000355, -7.000000000000000000, 30.01031832080728989 ) ) ;
#6696 =( LENGTH_UNIT ( ) NAMED_UNIT ( * ) SI_UNIT ( .MILLI., .METRE. ) );
#6697 = LINE ( 'NONE', #4623, #5171 ) ;
#6698 = VECTOR ( 'NONE', #4413, 1000.000000000000000 ) ;
#6699 = COLOUR_RGB ( '',0.5019607843137254832, 0.5019607843137254832, 1.000000000000000000 ) ;
#6700 = ORIENTED_EDGE ( 'NONE', *, *, #253, .F. ) ;
#6701 = STYLED_ITEM ( 'NONE', ( #83 ), #840 ) ;
#6702 = EDGE_CURVE ( 'NONE', #3181, #1833, #3997, .T. ) ;
#6703 = AXIS2_PLACEMENT_3D ( 'NONE', #2547, #6132, #2404 ) ;
#6704 = DIRECTION ( 'NONE',  ( 0.000000000000000000, 0.000000000000000000, 1.000000000000000000 ) ) ;
#6705 = PRESENTATION_LAYER_ASSIGNMENT (  '', '', ( #6258 ) ) ;
#6706 = PRESENTATION_LAYER_ASSIGNMENT (  '', '', ( #2191 ) ) ;
#6707 = CIRCLE ( 'NONE', #3072, 8.500000000000010658 ) ;
#6708 = CARTESIAN_POINT ( 'NONE',  ( 45.50000000000001421, 0.000000000000000000, -26.50000000000000711 ) ) ;
#6709 = ORIENTED_EDGE ( 'NONE', *, *, #6271, .T. ) ;
#6710 = AXIS2_PLACEMENT_3D ( 'NONE', #6335, #2196, #4276 ) ;
#6711 = CARTESIAN_POINT ( 'NONE',  ( 44.50000000000001421, -6.000000000000000000, -27.25000000000000355 ) ) ;
#6712 = STYLED_ITEM ( 'NONE', ( #3851 ), #6411 ) ;
#6713 = ORIENTED_EDGE ( 'NONE', *, *, #3080, .F. ) ;
#6714 = PLANE ( 'NONE',  #6203 ) ;
#6715 = STYLED_ITEM ( 'NONE', ( #5031 ), #3796 ) ;
#6716 = PRESENTATION_LAYER_ASSIGNMENT (  '', '', ( #107 ) ) ;
#6717 = SURFACE_SIDE_STYLE ('',( #2014 ) ) ;
#6718 = LINE ( 'NONE', #2264, #4932 ) ;
#6719 =( NAMED_UNIT ( * ) SI_UNIT ( $, .STERADIAN. ) SOLID_ANGLE_UNIT ( ) );
#6720 = EDGE_CURVE ( 'NONE', #4176, #1872, #4066, .T. ) ;
#6721 = PRESENTATION_STYLE_ASSIGNMENT (( #2466 ) ) ;
#6722 = ORIENTED_EDGE ( 'NONE', *, *, #3589, .F. ) ;
#6723 = MECHANICAL_DESIGN_GEOMETRIC_PRESENTATION_REPRESENTATION (  '', ( #4944 ), #3947 ) ;
#6724 =( GEOMETRIC_REPRESENTATION_CONTEXT ( 3 ) GLOBAL_UNCERTAINTY_ASSIGNED_CONTEXT ( ( #1552 ) ) GLOBAL_UNIT_ASSIGNED_CONTEXT ( ( #1702, #3605, #603 ) ) REPRESENTATION_CONTEXT ( 'NONE', 'WORKASPACE' ) );
#6725 = CARTESIAN_POINT ( 'NONE',  ( -44.50000000000001421, -2.999999999999998224, -29.00000000000000711 ) ) ;
#6726 =( NAMED_UNIT ( * ) SI_UNIT ( $, .STERADIAN. ) SOLID_ANGLE_UNIT ( ) );
#6727 = CARTESIAN_POINT ( 'NONE',  ( 44.50000000000001421, -22.00000000000000355, 26.50000000000000711 ) ) ;
#6728 = FILL_AREA_STYLE_COLOUR ( '', #3544 ) ;
#6729 =( GEOMETRIC_REPRESENTATION_CONTEXT ( 3 ) GLOBAL_UNCERTAINTY_ASSIGNED_CONTEXT ( ( #4315 ) ) GLOBAL_UNIT_ASSIGNED_CONTEXT ( ( #4901, #2362, #4556 ) ) REPRESENTATION_CONTEXT ( 'NONE', 'WORKASPACE' ) );
#6730 = CARTESIAN_POINT ( 'NONE',  ( -14.99999999999999467, 4.000000000000000000, -26.50000000000000711 ) ) ;
#6731 = DIRECTION ( 'NONE',  ( -0.000000000000000000, -1.000000000000000000, -0.000000000000000000 ) ) ;
#6732 = AXIS2_PLACEMENT_3D ( 'NONE', #2373, #2282, #4463 ) ;
#6733 = VERTEX_POINT ( 'NONE', #6199 ) ;
#6734 = ORIENTED_EDGE ( 'NONE', *, *, #1971, .F. ) ;
#6735 = FILL_AREA_STYLE_COLOUR ( '', #1276 ) ;
#6736 = CARTESIAN_POINT ( 'NONE',  ( -45.50000000000001421, 15.00000000000000000, 30.00000000000001066 ) ) ;
#6737 = VERTEX_POINT ( 'NONE', #3060 ) ;
#6738 = DIRECTION ( 'NONE',  ( 0.000000000000000000, -1.000000000000000000, 0.000000000000000000 ) ) ;
#6739 = DIRECTION ( 'NONE',  ( 0.000000000000000000, -1.000000000000000000, 0.000000000000000000 ) ) ;
#6740 = CARTESIAN_POINT ( 'NONE',  ( 15.00000000000000178, 4.000000000000000000, -30.00000000000000000 ) ) ;
#6741 = SURFACE_STYLE_FILL_AREA ( #2459 ) ;
#6742 = DIRECTION ( 'NONE',  ( -1.000000000000000000, 0.000000000000000000, 0.000000000000000000 ) ) ;
#6743 = ORIENTED_EDGE ( 'NONE', *, *, #6004, .T. ) ;
#6744 = CARTESIAN_POINT ( 'NONE',  ( -44.50000000000001421, -2.999999999999998224, 34.00000000000000000 ) ) ;
#6745 = EDGE_CURVE ( 'NONE', #3839, #5343, #4984, .T. ) ;
#6746 = VERTEX_POINT ( 'NONE', #3480 ) ;
#6747 =( NAMED_UNIT ( * ) PLANE_ANGLE_UNIT ( ) SI_UNIT ( $, .RADIAN. ) );
#6748 = CYLINDRICAL_SURFACE ( 'NONE', #197, 2.500000000000005773 ) ;
#6749 = SURFACE_STYLE_USAGE ( .BOTH. , #4639 ) ;
#6750 =( NAMED_UNIT ( * ) PLANE_ANGLE_UNIT ( ) SI_UNIT ( $, .RADIAN. ) );
#6751 = DIRECTION ( 'NONE',  ( -0.000000000000000000, 1.000000000000000000, -0.000000000000000000 ) ) ;
#6752 = EDGE_CURVE ( 'NONE', #3118, #4408, #5237, .T. ) ;
#6753 = FILL_AREA_STYLE ('',( #5306 ) ) ;
#6754 = DIRECTION ( 'NONE',  ( -0.000000000000000000, 1.000000000000000000, -0.000000000000000000 ) ) ;
#6755 = EDGE_CURVE ( 'NONE', #669, #6137, #2018, .T. ) ;
#6756 = ORIENTED_EDGE ( 'NONE', *, *, #4711, .F. ) ;
#6757 = APPLICATION_CONTEXT ( 'automotive_design' ) ;
#6758 = CIRCLE ( 'NONE', #4092, 2.500000000000005773 ) ;
#6759 = CARTESIAN_POINT ( 'NONE',  ( 55.50000000000001421, 3.799999999999999378, -3.000000000000001332 ) ) ;
#6760 = FILL_AREA_STYLE ('',( #4572 ) ) ;
#6761 = PLANE ( 'NONE',  #3045 ) ;
#6762 = ORIENTED_EDGE ( 'NONE', *, *, #2806, .F. ) ;
#6763 = VERTEX_POINT ( 'NONE', #5202 ) ;
#6764 = STYLED_ITEM ( 'NONE', ( #821 ), #6663 ) ;
#6765 = VECTOR ( 'NONE', #5889, 1000.000000000000000 ) ;
#6766 = LINE ( 'NONE', #4723, #1103 ) ;
#6767 = SURFACE_SIDE_STYLE ('',( #3146 ) ) ;
#6768 = DIRECTION ( 'NONE',  ( 0.000000000000000000, -1.000000000000000000, 0.000000000000000000 ) ) ;
#6769 = PLANE ( 'NONE',  #259 ) ;
#6770 = FILL_AREA_STYLE_COLOUR ( '', #193 ) ;
#6771 = ORIENTED_EDGE ( 'NONE', *, *, #1077, .T. ) ;
#6772 = UNCERTAINTY_MEASURE_WITH_UNIT (LENGTH_MEASURE( 1.000000000000000082E-05 ), #733, 'distance_accuracy_value', 'NONE');
#6773 = VECTOR ( 'NONE', #693, 1000.000000000000000 ) ;
#6774 = CARTESIAN_POINT ( 'NONE',  ( 9.500000000000001776, 0.000000000000000000, 24.30000000000000782 ) ) ;
#6775 = MECHANICAL_DESIGN_GEOMETRIC_PRESENTATION_REPRESENTATION (  '', ( #3474 ), #5232 ) ;
#6776 = CYLINDRICAL_SURFACE ( 'NONE', #3782, 40.00000000000000000 ) ;
#6777 = SURFACE_SIDE_STYLE ('',( #4121 ) ) ;
#6778 = VERTEX_POINT ( 'NONE', #6309 ) ;
#6779 = LINE ( 'NONE', #12, #4704 ) ;
#6780 = EDGE_CURVE ( 'NONE', #5096, #2834, #2346, .T. ) ;
#6781 =( NAMED_UNIT ( * ) SI_UNIT ( $, .STERADIAN. ) SOLID_ANGLE_UNIT ( ) );
#6782 = ORIENTED_EDGE ( 'NONE', *, *, #3589, .T. ) ;
#6783 = SURFACE_STYLE_USAGE ( .BOTH. , #1534 ) ;
#6784 = CARTESIAN_POINT ( 'NONE',  ( -18.59150718393674495, 15.00000000000000000, -30.00000000000000711 ) ) ;
#6785 = LINE ( 'NONE', #1537, #6066 ) ;
#6786 =( LENGTH_UNIT ( ) NAMED_UNIT ( * ) SI_UNIT ( .MILLI., .METRE. ) );
#6787 =( LENGTH_UNIT ( ) NAMED_UNIT ( * ) SI_UNIT ( .MILLI., .METRE. ) );
#6788 = CARTESIAN_POINT ( 'NONE',  ( -14.99999999999999467, 4.000000000000000000, -29.99999999999999289 ) ) ;
#6789 = EDGE_CURVE ( 'NONE', #5162, #3393, #2906, .T. ) ;
#6790 = EDGE_CURVE ( 'NONE', #3277, #2177, #3202, .T. ) ;
#6791 = VERTEX_POINT ( 'NONE', #3747 ) ;
#6792 = VECTOR ( 'NONE', #6181, 1000.000000000000000 ) ;
#6793 = SURFACE_STYLE_USAGE ( .BOTH. , #4035 ) ;
#6794 = SURFACE_SIDE_STYLE ('',( #3584 ) ) ;
#6795 = PRESENTATION_STYLE_ASSIGNMENT (( #4676 ) ) ;
#6796 = COLOUR_RGB ( '',0.5019607843137254832, 0.5019607843137254832, 1.000000000000000000 ) ;
#6797 = FACE_OUTER_BOUND ( 'NONE', #233, .T. ) ;
#6798 =( NAMED_UNIT ( * ) SI_UNIT ( $, .STERADIAN. ) SOLID_ANGLE_UNIT ( ) );
#6799 = VERTEX_POINT ( 'NONE', #550 ) ;
#6800 = ORIENTED_EDGE ( 'NONE', *, *, #4755, .T. ) ;
#6801 = UNCERTAINTY_MEASURE_WITH_UNIT (LENGTH_MEASURE( 1.000000000000000082E-05 ), #1714, 'distance_accuracy_value', 'NONE');
#6802 = PRESENTATION_STYLE_ASSIGNMENT (( #566 ) ) ;
#6803 = DIRECTION ( 'NONE',  ( 0.000000000000000000, -1.000000000000000000, 0.000000000000000000 ) ) ;
#6804 = SURFACE_STYLE_USAGE ( .BOTH. , #2590 ) ;
#6805 = ORIENTED_EDGE ( 'NONE', *, *, #135, .T. ) ;
#6806 = VERTEX_POINT ( 'NONE', #2709 ) ;
#6807 = FILL_AREA_STYLE ('',( #1519 ) ) ;
#6808 = COLOUR_RGB ( '',0.5019607843137254832, 0.5019607843137254832, 1.000000000000000000 ) ;
#6809 = MECHANICAL_DESIGN_GEOMETRIC_PRESENTATION_REPRESENTATION (  '', ( #1070 ), #210 ) ;
#6810 = FILL_AREA_STYLE_COLOUR ( '', #3183 ) ;
#6811 = LINE ( 'NONE', #4158, #5049 ) ;
#6812 = CYLINDRICAL_SURFACE ( 'NONE', #4282, 8.500000000000010658 ) ;
#6813 = ORIENTED_EDGE ( 'NONE', *, *, #1478, .F. ) ;
#6814 = MECHANICAL_DESIGN_GEOMETRIC_PRESENTATION_REPRESENTATION (  '', ( #6375 ), #4370 ) ;
#6815 = DIRECTION ( 'NONE',  ( 0.000000000000000000, 0.000000000000000000, 1.000000000000000000 ) ) ;
#6816 = VECTOR ( 'NONE', #1238, 1000.000000000000000 ) ;
#6817 = ORIENTED_EDGE ( 'NONE', *, *, #2610, .T. ) ;
#6818 = VECTOR ( 'NONE', #1045, 1000.000000000000000 ) ;
#6819 = DIRECTION ( 'NONE',  ( 0.000000000000000000, 0.000000000000000000, 1.000000000000000000 ) ) ;
#6820 = SURFACE_STYLE_USAGE ( .BOTH. , #918 ) ;
#6821 = AXIS2_PLACEMENT_3D ( 'NONE', #5773, #6221, #465 ) ;
#6822 =( NAMED_UNIT ( * ) PLANE_ANGLE_UNIT ( ) SI_UNIT ( $, .RADIAN. ) );
#6823 = SURFACE_SIDE_STYLE ('',( #4701 ) ) ;
#6824 = DIRECTION ( 'NONE',  ( -1.000000000000000000, -0.000000000000000000, -0.000000000000000000 ) ) ;
#6825 = VECTOR ( 'NONE', #6431, 1000.000000000000000 ) ;
#6826 = VERTEX_POINT ( 'NONE', #2646 ) ;
#6827 = SURFACE_SIDE_STYLE ('',( #2612 ) ) ;
#6828 = STYLED_ITEM ( 'NONE', ( #2439 ), #5002 ) ;
#6829 = EDGE_CURVE ( 'NONE', #3231, #3108, #6436, .T. ) ;
#6830 = DIRECTION ( 'NONE',  ( -1.000000000000000000, 0.000000000000000000, 0.000000000000000000 ) ) ;
#6831 = FACE_OUTER_BOUND ( 'NONE', #5483, .T. ) ;
#6832 = DIRECTION ( 'NONE',  ( 0.000000000000000000, 1.000000000000000000, 0.000000000000000000 ) ) ;
#6833 = PRESENTATION_LAYER_ASSIGNMENT (  '', '', ( #5513 ) ) ;
#6834 = AXIS2_PLACEMENT_3D ( 'NONE', #1325, #1425, #3540 ) ;
#6835 = ORIENTED_EDGE ( 'NONE', *, *, #6312, .T. ) ;
#6836 = ORIENTED_EDGE ( 'NONE', *, *, #4227, .F. ) ;
#6837 = AXIS2_PLACEMENT_3D ( 'NONE', #4994, #4891, #3951 ) ;
#6838 = MECHANICAL_DESIGN_GEOMETRIC_PRESENTATION_REPRESENTATION (  '', ( #5407 ), #2427 ) ;
#6839 = CARTESIAN_POINT ( 'NONE',  ( 15.00000000000000178, 4.000000000000000000, -30.00000000000000000 ) ) ;
#6840 =( GEOMETRIC_REPRESENTATION_CONTEXT ( 3 ) GLOBAL_UNCERTAINTY_ASSIGNED_CONTEXT ( ( #136 ) ) GLOBAL_UNIT_ASSIGNED_CONTEXT ( ( #5443, #5414, #169 ) ) REPRESENTATION_CONTEXT ( 'NONE', 'WORKASPACE' ) );
#6841 = SURFACE_STYLE_USAGE ( .BOTH. , #568 ) ;
ENDSEC;
END-ISO-10303-21;
