ISO-10303-21;
HEADER;
FILE_DESCRIPTION (( 'STEP AP214' ),
    '1' );
FILE_NAME ('SkiSafe CamelBack 01 - TOP.STEP',
    '2026-05-26T13:04:56',
    ( '' ),
    ( '' ),
    'SwSTEP 2.0',
    'SolidWorks 2026',
    '' );
FILE_SCHEMA (( 'AUTOMOTIVE_DESIGN' ));
ENDSEC;

DATA;
#1 = FACE_OUTER_BOUND ( 'NONE', #1522, .T. ) ;
#2 = CARTESIAN_POINT ( 'NONE',  ( -28.00000000000000355, 2.264718625761417137, 32.76393202250021375 ) ) ;
#3 = VERTEX_POINT ( 'NONE', #736 ) ;
#4 = FACE_OUTER_BOUND ( 'NONE', #331, .T. ) ;
#5 = ORIENTED_EDGE ( 'NONE', *, *, #1751, .T. ) ;
#6 = DIRECTION ( 'NONE',  ( 0.000000000000000000, 0.000000000000000000, 1.000000000000000000 ) ) ;
#7 = DIRECTION ( 'NONE',  ( -1.734723475976805319E-15, 0.000000000000000000, -1.000000000000000000 ) ) ;
#8 = CARTESIAN_POINT ( 'NONE',  ( -30.00000000000000711, 2.264718625761417137, 35.00000000000000000 ) ) ;
#9 = ORIENTED_EDGE ( 'NONE', *, *, #1714, .F. ) ;
#10 = DIRECTION ( 'NONE',  ( 0.000000000000000000, -1.000000000000000000, 0.000000000000000000 ) ) ;
#11 = DIRECTION ( 'NONE',  ( 0.000000000000000000, 0.000000000000000000, 1.000000000000000000 ) ) ;
#12 = ADVANCED_FACE ( 'NONE', ( #2217 ), #2007, .T. ) ;
#13 = EDGE_LOOP ( 'NONE', ( #132, #1825, #163, #1389 ) ) ;
#14 = PLANE ( 'NONE',  #66 ) ;
#15 = EDGE_CURVE ( 'NONE', #2564, #2046, #393, .T. ) ;
#16 = EDGE_LOOP ( 'NONE', ( #1699, #1068 ) ) ;
#17 = VERTEX_POINT ( 'NONE', #2172 ) ;
#18 = DIRECTION ( 'NONE',  ( -0.000000000000000000, 1.000000000000000000, -0.000000000000000000 ) ) ;
#19 = DIRECTION ( 'NONE',  ( 0.000000000000000000, 0.000000000000000000, -1.000000000000000000 ) ) ;
#20 = CARTESIAN_POINT ( 'NONE',  ( -35.01000000000000512, 13.74999999999999822, 39.99999999999998579 ) ) ;
#21 = CIRCLE ( 'NONE', #1502, 4.999999999999997335 ) ;
#22 = ORIENTED_EDGE ( 'NONE', *, *, #1105, .T. ) ;
#23 = VECTOR ( 'NONE', #1062, 1000.000000000000000 ) ;
#24 = CARTESIAN_POINT ( 'NONE',  ( -28.00000000000000355, 13.74999999999999822, 39.99999999999998579 ) ) ;
#25 = AXIS2_PLACEMENT_3D ( 'NONE', #45, #1651, #477 ) ;
#26 = EDGE_CURVE ( 'NONE', #2031, #1733, #1655, .T. ) ;
#27 = VECTOR ( 'NONE', #1320, 1000.000000000000000 ) ;
#28 = DIRECTION ( 'NONE',  ( -0.000000000000000000, 1.000000000000000000, -0.000000000000000000 ) ) ;
#29 = ORIENTED_EDGE ( 'NONE', *, *, #300, .T. ) ;
#30 = ORIENTED_EDGE ( 'NONE', *, *, #1059, .F. ) ;
#31 = PLANE ( 'NONE',  #1812 ) ;
#32 = CARTESIAN_POINT ( 'NONE',  ( -23.50000000000000355, 4.750000000000001776, 37.00000000000000000 ) ) ;
#33 = DIRECTION ( 'NONE',  ( -0.000000000000000000, 1.000000000000000000, -0.000000000000000000 ) ) ;
#34 = VERTEX_POINT ( 'NONE', #1982 ) ;
#35 = DIRECTION ( 'NONE',  ( -1.982541115402065110E-16, 0.000000000000000000, -1.000000000000000000 ) ) ;
#36 = CARTESIAN_POINT ( 'NONE',  ( 11.00000000000001066, 11.95000000000000284, 36.99999999999999289 ) ) ;
#37 = CARTESIAN_POINT ( 'NONE',  ( -23.50000000000000000, 16.75000000000000000, 39.99999999999999289 ) ) ;
#38 = ADVANCED_FACE ( 'NONE', ( #963 ), #2588, .T. ) ;
#39 = ORIENTED_EDGE ( 'NONE', *, *, #2595, .F. ) ;
#40 = CARTESIAN_POINT ( 'NONE',  ( 25.41742430504416106, 10.75000000000000000, -37.00000000000000711 ) ) ;
#41 = DIRECTION ( 'NONE',  ( -0.000000000000000000, 1.000000000000000000, -0.000000000000000000 ) ) ;
#42 = ADVANCED_FACE ( 'NONE', ( #368 ), #164, .T. ) ;
#43 = AXIS2_PLACEMENT_3D ( 'NONE', #458, #1469, #1415 ) ;
#44 = ORIENTED_EDGE ( 'NONE', *, *, #1947, .F. ) ;
#45 = CARTESIAN_POINT ( 'NONE',  ( -23.50000000000000000, 4.750000000000001776, 47.00000000000000000 ) ) ;
#46 = CARTESIAN_POINT ( 'NONE',  ( -32.00000000000000000, 10.75000000000000000, 30.41742430504416106 ) ) ;
#47 = EDGE_CURVE ( 'NONE', #1844, #108, #1630, .T. ) ;
#48 = VERTEX_POINT ( 'NONE', #2073 ) ;
#49 = CARTESIAN_POINT ( 'NONE',  ( 34.99999999999999289, 21.50000000000000000, 36.99999999999998579 ) ) ;
#50 = LINE ( 'NONE', #217, #1419 ) ;
#51 = CARTESIAN_POINT ( 'NONE',  ( -25.00000000000000000, 10.75000000000000000, -25.36749476012786175 ) ) ;
#52 = ORIENTED_EDGE ( 'NONE', *, *, #734, .F. ) ;
#53 = LINE ( 'NONE', #1434, #2191 ) ;
#54 = LINE ( 'NONE', #2467, #480 ) ;
#55 = LINE ( 'NONE', #2290, #1378 ) ;
#56 = ADVANCED_FACE ( 'NONE', ( #248 ), #846, .F. ) ;
#57 = LINE ( 'NONE', #478, #1462 ) ;
#58 = ORIENTED_EDGE ( 'NONE', *, *, #1350, .F. ) ;
#59 = ADVANCED_FACE ( 'NONE', ( #1455 ), #2424, .F. ) ;
#60 = LINE ( 'NONE', #298, #219 ) ;
#61 = LINE ( 'NONE', #1889, #2521 ) ;
#62 = VECTOR ( 'NONE', #2267, 1000.000000000000000 ) ;
#63 = DIRECTION ( 'NONE',  ( 0.000000000000000000, 0.000000000000000000, -1.000000000000000000 ) ) ;
#64 = VECTOR ( 'NONE', #33, 1000.000000000000000 ) ;
#65 = CIRCLE ( 'NONE', #1464, 4.999999999999997335 ) ;
#66 = AXIS2_PLACEMENT_3D ( 'NONE', #2285, #848, #1472 ) ;
#67 = ORIENTED_EDGE ( 'NONE', *, *, #1350, .T. ) ;
#68 = FACE_OUTER_BOUND ( 'NONE', #1183, .T. ) ;
#69 = CARTESIAN_POINT ( 'NONE',  ( -30.00000000000000355, 2.264718625761417137, -35.00000000000000711 ) ) ;
#70 = ORIENTED_EDGE ( 'NONE', *, *, #1105, .F. ) ;
#71 = DIRECTION ( 'NONE',  ( 0.000000000000000000, 0.000000000000000000, -1.000000000000000000 ) ) ;
#72 = DIRECTION ( 'NONE',  ( 0.000000000000000000, -0.000000000000000000, -1.000000000000000000 ) ) ;
#73 = EDGE_CURVE ( 'NONE', #1006, #1467, #2229, .T. ) ;
#74 = ORIENTED_EDGE ( 'NONE', *, *, #2251, .T. ) ;
#75 = CARTESIAN_POINT ( 'NONE',  ( 34.99999999999999289, 12.75000000000000000, 39.99999999999998579 ) ) ;
#76 = FACE_BOUND ( 'NONE', #2543, .T. ) ;
#77 = EDGE_CURVE ( 'NONE', #1166, #762, #231, .T. ) ;
#78 = VERTEX_POINT ( 'NONE', #633 ) ;
#79 = DIRECTION ( 'NONE',  ( -1.000000000000000000, 0.000000000000000000, 0.000000000000000000 ) ) ;
#80 = CARTESIAN_POINT ( 'NONE',  ( -23.50000000000000000, 10.75000000000000000, 39.99999999999998579 ) ) ;
#81 = CARTESIAN_POINT ( 'NONE',  ( -33.50000000000000000, 10.75000000000000000, 35.00000000000000000 ) ) ;
#82 = AXIS2_PLACEMENT_3D ( 'NONE', #49, #407, #819 ) ;
#83 = ORIENTED_EDGE ( 'NONE', *, *, #1194, .T. ) ;
#84 = CARTESIAN_POINT ( 'NONE',  ( 16.00000000000000711, 11.95000000000000284, 36.99999999999999289 ) ) ;
#85 = LINE ( 'NONE', #2518, #441 ) ;
#86 = ORIENTED_EDGE ( 'NONE', *, *, #1537, .F. ) ;
#87 = ADVANCED_FACE ( 'NONE', ( #1241 ), #2437, .F. ) ;
#88 = DIRECTION ( 'NONE',  ( 0.000000000000000000, 0.000000000000000000, 1.000000000000000000 ) ) ;
#89 = ORIENTED_EDGE ( 'NONE', *, *, #460, .T. ) ;
#90 = DIRECTION ( 'NONE',  ( -1.000000000000000000, 0.000000000000000000, 1.982541115402065110E-16 ) ) ;
#91 = CARTESIAN_POINT ( 'NONE',  ( 31.99999999999999289, 10.75000000000000000, 30.41742430504414685 ) ) ;
#92 = CIRCLE ( 'NONE', #2010, 2.999999999999995559 ) ;
#93 = CARTESIAN_POINT ( 'NONE',  ( -28.00000000000000355, 13.74999999999999822, 37.23606797749979336 ) ) ;
#94 = CARTESIAN_POINT ( 'NONE',  ( -30.00000000000000355, 0.000000000000000000, -36.00000000000001421 ) ) ;
#95 = ORIENTED_EDGE ( 'NONE', *, *, #214, .F. ) ;
#96 = DIRECTION ( 'NONE',  ( 0.000000000000000000, 1.000000000000000000, 0.000000000000000000 ) ) ;
#97 = CARTESIAN_POINT ( 'NONE',  ( 11.14613556019537199, 10.75000000000000000, 29.99999999999999289 ) ) ;
#98 = ORIENTED_EDGE ( 'NONE', *, *, #47, .F. ) ;
#99 = SURFACE_STYLE_USAGE ( .BOTH. , #2125 ) ;
#100 = AXIS2_PLACEMENT_3D ( 'NONE', #1603, #2614, #946 ) ;
#101 = ADVANCED_FACE ( 'NONE', ( #1 ), #2038, .F. ) ;
#102 = AXIS2_PLACEMENT_3D ( 'NONE', #1001, #363, #1788 ) ;
#103 = ORIENTED_EDGE ( 'NONE', *, *, #186, .T. ) ;
#104 = CYLINDRICAL_SURFACE ( 'NONE', #2048, 4.999999999999997335 ) ;
#105 = CIRCLE ( 'NONE', #786, 3.000000000000002665 ) ;
#106 = VECTOR ( 'NONE', #512, 1000.000000000000000 ) ;
#107 = EDGE_CURVE ( 'NONE', #1337, #1300, #1670, .T. ) ;
#108 = VERTEX_POINT ( 'NONE', #260 ) ;
#109 = CARTESIAN_POINT ( 'NONE',  ( 29.99999999999999645, 12.75000000000000000, 38.49999999999998579 ) ) ;
#110 = VECTOR ( 'NONE', #808, 1000.000000000000000 ) ;
#111 = FACE_OUTER_BOUND ( 'NONE', #2607, .T. ) ;
#112 = DIRECTION ( 'NONE',  ( 0.000000000000000000, 1.000000000000000000, 0.000000000000000000 ) ) ;
#113 = LINE ( 'NONE', #1536, #2180 ) ;
#114 = ORIENTED_EDGE ( 'NONE', *, *, #2361, .T. ) ;
#115 = LINE ( 'NONE', #2506, #279 ) ;
#116 = ORIENTED_EDGE ( 'NONE', *, *, #2391, .T. ) ;
#117 = CARTESIAN_POINT ( 'NONE',  ( 33.49999999999999289, 12.75000000000000000, -35.00000000000000711 ) ) ;
#118 = EDGE_CURVE ( 'NONE', #1135, #2026, #1053, .T. ) ;
#119 = VERTEX_POINT ( 'NONE', #1835 ) ;
#121 = CIRCLE ( 'NONE', #1080, 1.000000000000000888 ) ;
#120 = CARTESIAN_POINT ( 'NONE',  ( -30.00000000000000711, 21.50000000000000000, 40.00000000000000000 ) ) ;
#122 = EDGE_CURVE ( 'NONE', #1840, #813, #2057, .T. ) ;
#123 = CARTESIAN_POINT ( 'NONE',  ( -30.00000000000000355, 12.75000000000000000, -35.00000000000000711 ) ) ;
#124 = CARTESIAN_POINT ( 'NONE',  ( 29.99999999999999645, 2.264718625761417137, -35.00000000000000711 ) ) ;
#125 = VERTEX_POINT ( 'NONE', #1231 ) ;
#126 = ORIENTED_EDGE ( 'NONE', *, *, #77, .F. ) ;
#127 = ADVANCED_FACE ( 'NONE', ( #1845 ), #2049, .T. ) ;
#128 = CARTESIAN_POINT ( 'NONE',  ( -23.50000000000000355, 18.50000000000000000, 34.99999999999999289 ) ) ;
#129 = EDGE_LOOP ( 'NONE', ( #2162, #814, #1798, #2265 ) ) ;
#130 = AXIS2_PLACEMENT_3D ( 'NONE', #1196, #1999, #1784 ) ;
#131 = CARTESIAN_POINT ( 'NONE',  ( 34.99999999999999289, 21.50000000000000000, 34.99999999999999289 ) ) ;
#132 = ORIENTED_EDGE ( 'NONE', *, *, #2188, .F. ) ;
#133 = DIRECTION ( 'NONE',  ( -0.000000000000000000, 1.000000000000000000, 0.000000000000000000 ) ) ;
#134 = EDGE_CURVE ( 'NONE', #1986, #157, #1873, .T. ) ;
#135 = CARTESIAN_POINT ( 'NONE',  ( -30.00000000000000711, 10.75000000000000000, 34.00000000000000000 ) ) ;
#136 = DIRECTION ( 'NONE',  ( 0.000000000000000000, 1.000000000000000000, 0.000000000000000000 ) ) ;
#137 = ORIENTED_EDGE ( 'NONE', *, *, #300, .F. ) ;
#138 = ORIENTED_EDGE ( 'NONE', *, *, #2150, .T. ) ;
#139 = DIRECTION ( 'NONE',  ( -0.000000000000000000, -0.000000000000000000, 1.000000000000000000 ) ) ;
#140 = ORIENTED_EDGE ( 'NONE', *, *, #1421, .F. ) ;
#141 = LINE ( 'NONE', #2337, #1724 ) ;
#142 = ORIENTED_EDGE ( 'NONE', *, *, #2167, .F. ) ;
#143 = ORIENTED_EDGE ( 'NONE', *, *, #2504, .F. ) ;
#144 = LINE ( 'NONE', #692, #1250 ) ;
#145 = AXIS2_PLACEMENT_3D ( 'NONE', #1158, #1804, #1820 ) ;
#146 = VECTOR ( 'NONE', #2002, 1000.000000000000000 ) ;
#147 = AXIS2_PLACEMENT_3D ( 'NONE', #795, #764, #950 ) ;
#148 = DIRECTION ( 'NONE',  ( 0.000000000000000000, 0.000000000000000000, -1.000000000000000000 ) ) ;
#149 = LINE ( 'NONE', #2397, #187 ) ;
#150 = EDGE_CURVE ( 'NONE', #119, #2471, #2473, .T. ) ;
#151 = AXIS2_PLACEMENT_3D ( 'NONE', #1662, #1460, #2482 ) ;
#152 = ORIENTED_EDGE ( 'NONE', *, *, #934, .F. ) ;
#153 = DIRECTION ( 'NONE',  ( 0.000000000000000000, 1.000000000000000000, 0.000000000000000000 ) ) ;
#154 = ADVANCED_FACE ( 'NONE', ( #444 ), #1039, .F. ) ;
#155 = VERTEX_POINT ( 'NONE', #469 ) ;
#156 = CARTESIAN_POINT ( 'NONE',  ( -3.469446951953614189E-15, 12.75000000000000000, -3.469446951953614189E-15 ) ) ;
#157 = VERTEX_POINT ( 'NONE', #696 ) ;
#158 = ORIENTED_EDGE ( 'NONE', *, *, #333, .T. ) ;
#159 = DIRECTION ( 'NONE',  ( -0.000000000000000000, 1.000000000000000000, -0.000000000000000000 ) ) ;
#160 = DIRECTION ( 'NONE',  ( 0.000000000000000000, 0.000000000000000000, -1.000000000000000000 ) ) ;
#161 = FACE_OUTER_BOUND ( 'NONE', #210, .T. ) ;
#162 = FACE_OUTER_BOUND ( 'NONE', #2338, .T. ) ;
#163 = ORIENTED_EDGE ( 'NONE', *, *, #609, .F. ) ;
#164 = PLANE ( 'NONE',  #82 ) ;
#165 = CARTESIAN_POINT ( 'NONE',  ( -23.50000000000000355, -28.29484601070928207, 31.99999999999999289 ) ) ;
#166 = ADVANCED_FACE ( 'NONE', ( #2535 ), #1706, .F. ) ;
#167 = ORIENTED_EDGE ( 'NONE', *, *, #26, .F. ) ;
#168 = FACE_OUTER_BOUND ( 'NONE', #914, .T. ) ;
#169 = ORIENTED_EDGE ( 'NONE', *, *, #982, .F. ) ;
#170 = CIRCLE ( 'NONE', #853, 4.999999999999997335 ) ;
#171 = EDGE_CURVE ( 'NONE', #1587, #1960, #272, .T. ) ;
#172 = ORIENTED_EDGE ( 'NONE', *, *, #2205, .F. ) ;
#173 = CARTESIAN_POINT ( 'NONE',  ( -33.50000000000000000, 12.75000000000000000, 35.00000000000000000 ) ) ;
#174 = LINE ( 'NONE', #1219, #1765 ) ;
#175 = CARTESIAN_POINT ( 'NONE',  ( -30.00000000000001066, 12.75000000000000000, -38.50000000000000711 ) ) ;
#176 = DIRECTION ( 'NONE',  ( 0.000000000000000000, 0.000000000000000000, -1.000000000000000000 ) ) ;
#177 = VERTEX_POINT ( 'NONE', #1077 ) ;
#178 = ORIENTED_EDGE ( 'NONE', *, *, #613, .F. ) ;
#179 = CARTESIAN_POINT ( 'NONE',  ( 29.99999999999999645, 18.50000000000000000, -35.00000000000000711 ) ) ;
#180 = ORIENTED_EDGE ( 'NONE', *, *, #641, .T. ) ;
#181 = CARTESIAN_POINT ( 'NONE',  ( -23.50000000000000355, -28.29484601070928207, 34.99999999999999289 ) ) ;
#182 = EDGE_CURVE ( 'NONE', #1391, #2101, #2331, .T. ) ;
#183 = ORIENTED_EDGE ( 'NONE', *, *, #1885, .T. ) ;
#184 = VERTEX_POINT ( 'NONE', #2321 ) ;
#185 = CARTESIAN_POINT ( 'NONE',  ( 29.99999999999999645, 10.75000000000000000, 34.99999999999999289 ) ) ;
#186 = EDGE_CURVE ( 'NONE', #1766, #956, #2096, .T. ) ;
#187 = VECTOR ( 'NONE', #592, 1000.000000000000000 ) ;
#188 = DIRECTION ( 'NONE',  ( -0.000000000000000000, -1.000000000000000000, -0.000000000000000000 ) ) ;
#189 = VECTOR ( 'NONE', #1584, 1000.000000000000000 ) ;
#190 = CARTESIAN_POINT ( 'NONE',  ( 5.999999999999996447, 5.749999999999999112, 31.99999999999999289 ) ) ;
#191 = CYLINDRICAL_SURFACE ( 'NONE', #951, 3.499999999999996003 ) ;
#192 = ORIENTED_EDGE ( 'NONE', *, *, #1687, .F. ) ;
#193 = CIRCLE ( 'NONE', #1296, 3.000000000000002665 ) ;
#194 = AXIS2_PLACEMENT_3D ( 'NONE', #1606, #1781, #2204 ) ;
#195 = ORIENTED_EDGE ( 'NONE', *, *, #450, .T. ) ;
#196 = DIRECTION ( 'NONE',  ( 0.000000000000000000, 0.000000000000000000, 1.000000000000000000 ) ) ;
#197 = ORIENTED_EDGE ( 'NONE', *, *, #1448, .T. ) ;
#198 = CARTESIAN_POINT ( 'NONE',  ( 29.99999999999999645, 12.75000000000000000, -35.00000000000000711 ) ) ;
#199 = VERTEX_POINT ( 'NONE', #1316 ) ;
#200 = ORIENTED_EDGE ( 'NONE', *, *, #935, .F. ) ;
#201 = DIRECTION ( 'NONE',  ( -1.000000000000000000, 0.000000000000000000, 2.312964634635742957E-16 ) ) ;
#202 = CIRCLE ( 'NONE', #1732, 4.999999999999997335 ) ;
#203 = LINE ( 'NONE', #1227, #782 ) ;
#204 = EDGE_CURVE ( 'NONE', #1359, #1513, #925, .T. ) ;
#205 = PLANE ( 'NONE',  #1719 ) ;
#206 = VERTEX_POINT ( 'NONE', #2490 ) ;
#207 = CARTESIAN_POINT ( 'NONE',  ( 11.00000000000001066, 11.95000000000000284, 29.99999999999999289 ) ) ;
#208 = LINE ( 'NONE', #1645, #1544 ) ;
#209 = CYLINDRICAL_SURFACE ( 'NONE', #342, 3.499999999999996003 ) ;
#210 = EDGE_LOOP ( 'NONE', ( #2550, #289, #410, #1980 ) ) ;
#211 = CARTESIAN_POINT ( 'NONE',  ( -28.00000000000000355, 18.50000000000000000, 31.99999999999999289 ) ) ;
#212 = FACE_OUTER_BOUND ( 'NONE', #1420, .T. ) ;
#213 = DIRECTION ( 'NONE',  ( -1.000000000000000000, 0.000000000000000000, 0.000000000000000000 ) ) ;
#214 = EDGE_CURVE ( 'NONE', #2383, #386, #684, .T. ) ;
#215 = VERTEX_POINT ( 'NONE', #309 ) ;
#216 = DIRECTION ( 'NONE',  ( -1.000000000000000000, 0.000000000000000000, 1.982541115402065110E-16 ) ) ;
#217 = CARTESIAN_POINT ( 'NONE',  ( -28.00000000000000355, 10.75000000000000000, 31.99999999999999289 ) ) ;
#218 = EDGE_CURVE ( 'NONE', #714, #384, #92, .T. ) ;
#219 = VECTOR ( 'NONE', #1924, 1000.000000000000000 ) ;
#220 = LINE ( 'NONE', #51, #2013 ) ;
#221 = EDGE_LOOP ( 'NONE', ( #2210, #83, #228, #825 ) ) ;
#222 = AXIS2_PLACEMENT_3D ( 'NONE', #1691, #254, #1488 ) ;
#223 = ORIENTED_EDGE ( 'NONE', *, *, #810, .F. ) ;
#224 = CARTESIAN_POINT ( 'NONE',  ( -35.01000000000000512, 10.75000000000000000, 39.99999999999998579 ) ) ;
#225 = DIRECTION ( 'NONE',  ( 0.000000000000000000, -1.000000000000000000, 0.000000000000000000 ) ) ;
#226 = CARTESIAN_POINT ( 'NONE',  ( -33.49999999999999289, 12.75000000000000000, -25.44150714416511860 ) ) ;
#227 = VECTOR ( 'NONE', #2058, 1000.000000000000000 ) ;
#228 = ORIENTED_EDGE ( 'NONE', *, *, #593, .F. ) ;
#229 = CIRCLE ( 'NONE', #1118, 4.999999999999997335 ) ;
#230 = CIRCLE ( 'NONE', #2024, 3.000000000000002665 ) ;
#231 = LINE ( 'NONE', #1823, #759 ) ;
#232 = EDGE_CURVE ( 'NONE', #942, #2324, #2502, .T. ) ;
#233 = DIRECTION ( 'NONE',  ( 0.000000000000000000, 0.000000000000000000, -1.000000000000000000 ) ) ;
#234 = VECTOR ( 'NONE', #1626, 1000.000000000000000 ) ;
#235 = AXIS2_PLACEMENT_3D ( 'NONE', #864, #18, #1879 ) ;
#236 = ADVANCED_FACE ( 'NONE', ( #885 ), #671, .T. ) ;
#237 = DIRECTION ( 'NONE',  ( 0.000000000000000000, 1.000000000000000000, -0.000000000000000000 ) ) ;
#238 = ORIENTED_EDGE ( 'NONE', *, *, #1934, .F. ) ;
#239 = ORIENTED_EDGE ( 'NONE', *, *, #1918, .F. ) ;
#240 = PLANE ( 'NONE',  #576 ) ;
#241 = DIRECTION ( 'NONE',  ( 0.000000000000000000, 0.000000000000000000, 1.000000000000000000 ) ) ;
#242 = ORIENTED_EDGE ( 'NONE', *, *, #2235, .T. ) ;
#243 = CARTESIAN_POINT ( 'NONE',  ( 29.99999999999999645, 13.74999999999999822, 31.99999999999999289 ) ) ;
#244 = DIRECTION ( 'NONE',  ( 0.000000000000000000, 0.000000000000000000, -1.000000000000000000 ) ) ;
#245 = VECTOR ( 'NONE', #453, 1000.000000000000000 ) ;
#246 = PRODUCT ( 'SkiSafe CamelBack 01 - TOP', 'SkiSafe CamelBack 01 - TOP', '', ( #1931 ) ) ;
#247 = ORIENTED_EDGE ( 'NONE', *, *, #1003, .T. ) ;
#248 = FACE_OUTER_BOUND ( 'NONE', #2193, .T. ) ;
#249 = DIRECTION ( 'NONE',  ( 0.000000000000000000, 0.000000000000000000, -1.000000000000000000 ) ) ;
#250 = FACE_OUTER_BOUND ( 'NONE', #2081, .T. ) ;
#251 = EDGE_CURVE ( 'NONE', #881, #1240, #1576, .T. ) ;
#252 = ORIENTED_EDGE ( 'NONE', *, *, #349, .F. ) ;
#253 = LINE ( 'NONE', #264, #838 ) ;
#254 = DIRECTION ( 'NONE',  ( 1.000000000000000000, -0.000000000000000000, 0.000000000000000000 ) ) ;
#255 = EDGE_CURVE ( 'NONE', #1409, #48, #1294, .T. ) ;
#256 = EDGE_LOOP ( 'NONE', ( #463, #620 ) ) ;
#257 = CARTESIAN_POINT ( 'NONE',  ( -33.50000000000000000, 12.75000000000000000, 35.00000000000000000 ) ) ;
#258 = DIRECTION ( 'NONE',  ( -9.912705577010325549E-17, 0.000000000000000000, 1.000000000000000000 ) ) ;
#259 = ORIENTED_EDGE ( 'NONE', *, *, #2009, .F. ) ;
#260 = CARTESIAN_POINT ( 'NONE',  ( 20.93558507170123306, 12.75000000000000000, 39.99999999999999289 ) ) ;
#261 = LINE ( 'NONE', #24, #1715 ) ;
#262 = CARTESIAN_POINT ( 'NONE',  ( 29.99999999999999645, 13.74999999999999822, -35.00000000000000711 ) ) ;
#263 = VERTEX_POINT ( 'NONE', #2112 ) ;
#264 = CARTESIAN_POINT ( 'NONE',  ( -25.00000000000000000, 11.95000000000000284, -14.50000000000000355 ) ) ;
#265 = FACE_OUTER_BOUND ( 'NONE', #716, .T. ) ;
#266 = PRODUCT_DEFINITION_SHAPE ( 'NONE', 'NONE',  #1342 ) ;
#267 = EDGE_CURVE ( 'NONE', #632, #604, #1091, .T. ) ;
#268 = CARTESIAN_POINT ( 'NONE',  ( -33.49999999999999289, 10.75000000000000000, -35.00000000000000711 ) ) ;
#269 = EDGE_CURVE ( 'NONE', #1130, #1337, #646, .T. ) ;
#270 = PLANE ( 'NONE',  #2570 ) ;
#271 = EDGE_LOOP ( 'NONE', ( #1604, #793, #2630, #781 ) ) ;
#272 = LINE ( 'NONE', #1520, #2510 ) ;
#273 = DIRECTION ( 'NONE',  ( 0.000000000000000000, -1.000000000000000000, 0.000000000000000000 ) ) ;
#274 = CIRCLE ( 'NONE', #2307, 3.499999999999996003 ) ;
#275 = VERTEX_POINT ( 'NONE', #496 ) ;
#276 = CARTESIAN_POINT ( 'NONE',  ( 16.00000000000000711, 11.95000000000000284, 39.99999999999999289 ) ) ;
#277 = CIRCLE ( 'NONE', #2062, 1.000000000000000888 ) ;
#278 = VECTOR ( 'NONE', #2407, 1000.000000000000000 ) ;
#279 = VECTOR ( 'NONE', #2539, 1000.000000000000000 ) ;
#280 = ORIENTED_EDGE ( 'NONE', *, *, #118, .F. ) ;
#281 = CARTESIAN_POINT ( 'NONE',  ( -26.00000000000001421, 10.75000000000000000, 31.99999999999999289 ) ) ;
#282 = ORIENTED_EDGE ( 'NONE', *, *, #678, .F. ) ;
#283 = DIRECTION ( 'NONE',  ( 0.000000000000000000, 0.000000000000000000, -1.000000000000000000 ) ) ;
#284 = DIRECTION ( 'NONE',  ( 0.000000000000000000, -1.000000000000000000, 0.000000000000000000 ) ) ;
#285 = EDGE_LOOP ( 'NONE', ( #2540, #2534, #2133, #428 ) ) ;
#286 = ADVANCED_FACE ( 'NONE', ( #723 ), #2342, .T. ) ;
#287 = DIRECTION ( 'NONE',  ( 0.000000000000000000, 0.000000000000000000, 1.000000000000000000 ) ) ;
#288 = CARTESIAN_POINT ( 'NONE',  ( -23.50000000000000000, 21.50000000000000000, 40.00000000000000000 ) ) ;
#289 = ORIENTED_EDGE ( 'NONE', *, *, #2201, .F. ) ;
#290 = CARTESIAN_POINT ( 'NONE',  ( -33.49999999999999289, 12.75000000000000000, -14.55849285583488850 ) ) ;
#291 = VERTEX_POINT ( 'NONE', #2122 ) ;
#292 = DIRECTION ( 'NONE',  ( 0.000000000000000000, 0.000000000000000000, 1.000000000000000000 ) ) ;
#293 = DIRECTION ( 'NONE',  ( 0.000000000000000000, 1.000000000000000000, 0.000000000000000000 ) ) ;
#294 = ORIENTED_EDGE ( 'NONE', *, *, #2059, .F. ) ;
#295 = LINE ( 'NONE', #1098, #1122 ) ;
#296 = CARTESIAN_POINT ( 'NONE',  ( -20.00000000000000000, 16.75000000000000355, 39.99999999999999289 ) ) ;
#297 = ORIENTED_EDGE ( 'NONE', *, *, #2077, .F. ) ;
#298 = CARTESIAN_POINT ( 'NONE',  ( -25.00000000000000000, 11.95000000000000284, -25.50000000000000355 ) ) ;
#299 = CARTESIAN_POINT ( 'NONE',  ( -35.00000000000000000, 21.50000000000000000, 35.00000000000000000 ) ) ;
#300 = EDGE_CURVE ( 'NONE', #1433, #881, #60, .T. ) ;
#301 = ORIENTED_EDGE ( 'NONE', *, *, #1782, .F. ) ;
#302 = DIRECTION ( 'NONE',  ( -0.000000000000000000, -0.000000000000000000, 1.000000000000000000 ) ) ;
#303 = EDGE_CURVE ( 'NONE', #1960, #2203, #2341, .T. ) ;
#304 = ORIENTED_EDGE ( 'NONE', *, *, #475, .T. ) ;
#305 = CARTESIAN_POINT ( 'NONE',  ( 6.000000000000000000, 16.74999999999999645, 46.99999999999999289 ) ) ;
#306 = ORIENTED_EDGE ( 'NONE', *, *, #214, .T. ) ;
#307 = DIRECTION ( 'NONE',  ( 0.000000000000000000, 1.000000000000000000, 0.000000000000000000 ) ) ;
#308 = CARTESIAN_POINT ( 'NONE',  ( 29.99999999999999645, 12.75000000000000000, 34.99999999999999289 ) ) ;
#309 = CARTESIAN_POINT ( 'NONE',  ( -30.00000000000000355, 10.75000000000000000, -36.00000000000001421 ) ) ;
#310 = LINE ( 'NONE', #288, #2060 ) ;
#311 = VERTEX_POINT ( 'NONE', #732 ) ;
#312 = EDGE_CURVE ( 'NONE', #1015, #78, #2584, .T. ) ;
#313 = ORIENTED_EDGE ( 'NONE', *, *, #2284, .F. ) ;
#314 = DIRECTION ( 'NONE',  ( 0.000000000000000000, 0.000000000000000000, -1.000000000000000000 ) ) ;
#315 = VECTOR ( 'NONE', #873, 1000.000000000000000 ) ;
#316 = EDGE_CURVE ( 'NONE', #386, #2471, #2199, .T. ) ;
#317 = CIRCLE ( 'NONE', #102, 4.999999999999997335 ) ;
#318 = ORIENTED_EDGE ( 'NONE', *, *, #2560, .F. ) ;
#319 = DIRECTION ( 'NONE',  ( 1.000000000000000000, 0.000000000000000000, 0.000000000000000000 ) ) ;
#320 = DIRECTION ( 'NONE',  ( -0.000000000000000000, -0.000000000000000000, 1.000000000000000000 ) ) ;
#321 = VECTOR ( 'NONE', #335, 1000.000000000000000 ) ;
#322 = VECTOR ( 'NONE', #88, 1000.000000000000000 ) ;
#323 = EDGE_CURVE ( 'NONE', #1375, #928, #2356, .T. ) ;
#324 = ORIENTED_EDGE ( 'NONE', *, *, #2415, .F. ) ;
#325 = DIRECTION ( 'NONE',  ( -0.000000000000000000, -0.000000000000000000, 1.000000000000000000 ) ) ;
#326 = CARTESIAN_POINT ( 'NONE',  ( -30.00000000000000711, 0.000000000000000000, 35.00000000000000000 ) ) ;
#327 = CARTESIAN_POINT ( 'NONE',  ( 29.99999999999999645, 10.75000000000000000, 35.99999999999999289 ) ) ;
#328 = CARTESIAN_POINT ( 'NONE',  ( -33.49999999999999289, 12.75000000000000000, -35.00000000000000711 ) ) ;
#329 = ORIENTED_EDGE ( 'NONE', *, *, #1501, .T. ) ;
#330 = CYLINDRICAL_SURFACE ( 'NONE', #1297, 4.999999999999997335 ) ;
#331 = EDGE_LOOP ( 'NONE', ( #987, #313, #1955, #1119, #2333, #1395, #2428, #324, #2171, #2515, #70, #735, #1408, #1866, #1322, #2413 ) ) ;
#332 = LINE ( 'NONE', #543, #505 ) ;
#333 = EDGE_CURVE ( 'NONE', #215, #1766, #1066, .T. ) ;
#334 = ORIENTED_EDGE ( 'NONE', *, *, #1623, .T. ) ;
#335 = DIRECTION ( 'NONE',  ( -0.000000000000000000, 1.000000000000000000, -0.000000000000000000 ) ) ;
#336 = ADVANCED_FACE ( 'NONE', ( #161 ), #791, .T. ) ;
#337 = LINE ( 'NONE', #175, #563 ) ;
#338 = DIRECTION ( 'NONE',  ( -0.000000000000000000, 0.000000000000000000, 1.000000000000000000 ) ) ;
#339 = ORIENTED_EDGE ( 'NONE', *, *, #1370, .F. ) ;
#340 = ORIENTED_EDGE ( 'NONE', *, *, #2429, .T. ) ;
#341 = CARTESIAN_POINT ( 'NONE',  ( -30.00000000000001066, 12.75000000000000000, -38.50000000000000711 ) ) ;
#342 = AXIS2_PLACEMENT_3D ( 'NONE', #198, #798, #1826 ) ;
#343 = VERTEX_POINT ( 'NONE', #2157 ) ;
#344 = FACE_OUTER_BOUND ( 'NONE', #1561, .T. ) ;
#345 = VERTEX_POINT ( 'NONE', #1790 ) ;
#346 = VERTEX_POINT ( 'NONE', #2396 ) ;
#347 = CARTESIAN_POINT ( 'NONE',  ( 29.99999999999999645, 12.75000000000000000, 38.49999999999998579 ) ) ;
#348 = EDGE_CURVE ( 'NONE', #442, #17, #1411, .T. ) ;
#349 = EDGE_CURVE ( 'NONE', #1010, #1705, #760, .T. ) ;
#350 = DIRECTION ( 'NONE',  ( 0.000000000000000000, -1.000000000000000000, 0.000000000000000000 ) ) ;
#351 = CYLINDRICAL_SURFACE ( 'NONE', #145, 1.000000000000000888 ) ;
#352 = ORIENTED_EDGE ( 'NONE', *, *, #2458, .T. ) ;
#353 = DIRECTION ( 'NONE',  ( 0.000000000000000000, -1.000000000000000000, 0.000000000000000000 ) ) ;
#354 = CARTESIAN_POINT ( 'NONE',  ( -30.00000000000000355, 12.75000000000000000, -35.00000000000000711 ) ) ;
#355 = ORIENTED_EDGE ( 'NONE', *, *, #1160, .T. ) ;
#356 = LINE ( 'NONE', #1672, #1529 ) ;
#357 = AXIS2_PLACEMENT_3D ( 'NONE', #1308, #913, #2123 ) ;
#358 = ORIENTED_EDGE ( 'NONE', *, *, #687, .T. ) ;
#359 = AXIS2_PLACEMENT_3D ( 'NONE', #1802, #2225, #2018 ) ;
#360 = ORIENTED_EDGE ( 'NONE', *, *, #2092, .F. ) ;
#361 = DIRECTION ( 'NONE',  ( -1.000000000000000000, 0.000000000000000000, -9.912705577010325549E-17 ) ) ;
#362 = AXIS2_PLACEMENT_3D ( 'NONE', #1314, #2118, #746 ) ;
#363 = DIRECTION ( 'NONE',  ( -1.982541115402065110E-16, 0.000000000000000000, -1.000000000000000000 ) ) ;
#364 = CARTESIAN_POINT ( 'NONE',  ( 29.99999999999999645, 2.264718625761417137, -32.00000000000000711 ) ) ;
#365 = DIRECTION ( 'NONE',  ( -2.081668171172169697E-15, 0.000000000000000000, -1.000000000000000000 ) ) ;
#366 = EDGE_CURVE ( 'NONE', #1096, #2065, #1748, .T. ) ;
#367 = VERTEX_POINT ( 'NONE', #135 ) ;
#368 = FACE_OUTER_BOUND ( 'NONE', #2115, .T. ) ;
#369 = CARTESIAN_POINT ( 'NONE',  ( -30.00000000000000711, 12.75000000000000000, 35.00000000000000000 ) ) ;
#370 = EDGE_CURVE ( 'NONE', #1518, #177, #337, .T. ) ;
#371 = ORIENTED_EDGE ( 'NONE', *, *, #2591, .T. ) ;
#372 = FACE_OUTER_BOUND ( 'NONE', #1103, .T. ) ;
#373 = AXIS2_PLACEMENT_3D ( 'NONE', #1868, #1676, #241 ) ;
#374 = ORIENTED_EDGE ( 'NONE', *, *, #1483, .F. ) ;
#375 = ORIENTED_EDGE ( 'NONE', *, *, #1306, .T. ) ;
#376 = CARTESIAN_POINT ( 'NONE',  ( 29.99999999999999645, 0.000000000000000000, 34.99999999999999289 ) ) ;
#377 = DIRECTION ( 'NONE',  ( 9.912705577010325549E-17, -0.000000000000000000, 1.000000000000000000 ) ) ;
#378 = DIRECTION ( 'NONE',  ( 0.000000000000000000, -1.000000000000000000, 0.000000000000000000 ) ) ;
#379 = CARTESIAN_POINT ( 'NONE',  ( 29.99999999999999645, 12.75000000000000000, 38.49999999999998579 ) ) ;
#380 = ORIENTED_EDGE ( 'NONE', *, *, #1437, .T. ) ;
#381 = ORIENTED_EDGE ( 'NONE', *, *, #1838, .F. ) ;
#382 = EDGE_CURVE ( 'NONE', #1793, #2089, #1585, .T. ) ;
#383 = DIRECTION ( 'NONE',  ( 0.000000000000000000, 1.000000000000000000, 0.000000000000000000 ) ) ;
#384 = VERTEX_POINT ( 'NONE', #972 ) ;
#385 = CARTESIAN_POINT ( 'NONE',  ( 25.41742430504415395, 18.50000000000000000, 36.99999999999998579 ) ) ;
#386 = VERTEX_POINT ( 'NONE', #2613 ) ;
#387 = ORIENTED_EDGE ( 'NONE', *, *, #756, .F. ) ;
#388 = CYLINDRICAL_SURFACE ( 'NONE', #1853, 1.000000000000000888 ) ;
#389 = CARTESIAN_POINT ( 'NONE',  ( -30.00000000000000711, 21.50000000000000000, 35.00000000000000000 ) ) ;
#390 = CARTESIAN_POINT ( 'NONE',  ( -30.00000000000000711, 12.75000000000000000, 35.00000000000000000 ) ) ;
#391 = LINE ( 'NONE', #2357, #656 ) ;
#392 = ORIENTED_EDGE ( 'NONE', *, *, #1501, .F. ) ;
#393 = LINE ( 'NONE', #1162, #1831 ) ;
#394 = DIRECTION ( 'NONE',  ( -0.000000000000000000, 1.000000000000000000, -0.000000000000000000 ) ) ;
#395 = EDGE_CURVE ( 'NONE', #1391, #1518, #906, .T. ) ;
#396 = ORIENTED_EDGE ( 'NONE', *, *, #1180, .T. ) ;
#397 = FACE_OUTER_BOUND ( 'NONE', #129, .T. ) ;
#398 = EDGE_CURVE ( 'NONE', #48, #1513, #2431, .T. ) ;
#399 = DIRECTION ( 'NONE',  ( -1.000000000000000000, 0.000000000000000000, 0.000000000000000000 ) ) ;
#400 = AXIS2_PLACEMENT_3D ( 'NONE', #1117, #1295, #1329 ) ;
#401 = DIRECTION ( 'NONE',  ( 0.000000000000000000, -1.000000000000000000, 0.000000000000000000 ) ) ;
#402 = CIRCLE ( 'NONE', #359, 5.500000000000000000 ) ;
#403 = CARTESIAN_POINT ( 'NONE',  ( -30.00000000000000355, 0.000000000000000000, -35.00000000000000711 ) ) ;
#404 = ORIENTED_EDGE ( 'NONE', *, *, #1055, .T. ) ;
#405 = VECTOR ( 'NONE', #589, 1000.000000000000000 ) ;
#406 = CIRCLE ( 'NONE', #744, 4.999999999999997335 ) ;
#407 = DIRECTION ( 'NONE',  ( -1.982541115402065110E-16, 0.000000000000000000, -1.000000000000000000 ) ) ;
#408 = DIRECTION ( 'NONE',  ( -0.000000000000000000, 1.000000000000000000, -0.000000000000000000 ) ) ;
#409 = CARTESIAN_POINT ( 'NONE',  ( -28.00000000000000355, -28.29484601070928207, 38.50000000000000000 ) ) ;
#410 = ORIENTED_EDGE ( 'NONE', *, *, #15, .F. ) ;
#411 = LINE ( 'NONE', #211, #1215 ) ;
#412 = EDGE_CURVE ( 'NONE', #2286, #1805, #1618, .T. ) ;
#413 = CARTESIAN_POINT ( 'NONE',  ( 10.49999999999999467, 10.75000000000000000, 36.79999999999999005 ) ) ;
#414 = ADVANCED_FACE ( 'NONE', ( #2558 ), #1992, .T. ) ;
#415 = CARTESIAN_POINT ( 'NONE',  ( -35.00000000000000000, 12.75000000000000000, 40.00000000000000000 ) ) ;
#416 = EDGE_LOOP ( 'NONE', ( #239, #1353, #2400, #2384, #1366, #1278, #192, #1272 ) ) ;
#417 = CARTESIAN_POINT ( 'NONE',  ( 34.99999999999999289, 12.75000000000000000, -40.00000000000000711 ) ) ;
#418 = CARTESIAN_POINT ( 'NONE',  ( -30.00000000000000711, 13.74999999999999822, 35.00000000000000000 ) ) ;
#419 = VERTEX_POINT ( 'NONE', #327 ) ;
#420 = AXIS2_PLACEMENT_3D ( 'NONE', #975, #763, #1574 ) ;
#421 = DIRECTION ( 'NONE',  ( 0.000000000000000000, 1.000000000000000000, 0.000000000000000000 ) ) ;
#422 = VECTOR ( 'NONE', #836, 1000.000000000000000 ) ;
#423 = ORIENTED_EDGE ( 'NONE', *, *, #1568, .F. ) ;
#424 = DIRECTION ( 'NONE',  ( 0.000000000000000000, -1.000000000000000000, 0.000000000000000000 ) ) ;
#425 = EDGE_CURVE ( 'NONE', #1340, #345, #1668, .T. ) ;
#426 = DIRECTION ( 'NONE',  ( -0.000000000000000000, 1.000000000000000000, -0.000000000000000000 ) ) ;
#427 = FACE_OUTER_BOUND ( 'NONE', #2105, .T. ) ;
#428 = ORIENTED_EDGE ( 'NONE', *, *, #2111, .F. ) ;
#429 = EDGE_CURVE ( 'NONE', #119, #1319, #2573, .T. ) ;
#430 = DIRECTION ( 'NONE',  ( -0.000000000000000000, 0.000000000000000000, 1.000000000000000000 ) ) ;
#431 = FACE_OUTER_BOUND ( 'NONE', #974, .T. ) ;
#432 = AXIS2_PLACEMENT_3D ( 'NONE', #1696, #1116, #1737 ) ;
#433 = ORIENTED_EDGE ( 'NONE', *, *, #1186, .F. ) ;
#434 = FACE_OUTER_BOUND ( 'NONE', #730, .T. ) ;
#435 = ORIENTED_EDGE ( 'NONE', *, *, #790, .F. ) ;
#436 = CARTESIAN_POINT ( 'NONE',  ( -32.00000000000000000, 18.50000000000000000, 30.41742430504416106 ) ) ;
#437 = DIRECTION ( 'NONE',  ( -0.000000000000000000, -1.000000000000000000, -0.000000000000000000 ) ) ;
#438 = VERTEX_POINT ( 'NONE', #548 ) ;
#439 = DIRECTION ( 'NONE',  ( -0.000000000000000000, 0.000000000000000000, 1.000000000000000000 ) ) ;
#440 = FACE_BOUND ( 'NONE', #1459, .T. ) ;
#441 = VECTOR ( 'NONE', #697, 1000.000000000000000 ) ;
#442 = VERTEX_POINT ( 'NONE', #2381 ) ;
#443 = AXIS2_PLACEMENT_3D ( 'NONE', #403, #1666, #1220 ) ;
#444 = FACE_OUTER_BOUND ( 'NONE', #2345, .T. ) ;
#445 = CARTESIAN_POINT ( 'NONE',  ( 31.99999999999999289, 18.50000000000000000, 30.41742430504414685 ) ) ;
#446 = EDGE_CURVE ( 'NONE', #291, #199, #561, .T. ) ;
#447 = VECTOR ( 'NONE', #547, 1000.000000000000000 ) ;
#448 = CIRCLE ( 'NONE', #1334, 4.999999999999997335 ) ;
#449 = DIRECTION ( 'NONE',  ( -0.000000000000000000, 1.000000000000000000, -0.000000000000000000 ) ) ;
#450 = EDGE_CURVE ( 'NONE', #2011, #438, #1880, .T. ) ;
#451 = ORIENTED_EDGE ( 'NONE', *, *, #2312, .F. ) ;
#452 = DIRECTION ( 'NONE',  ( 0.000000000000000000, -1.000000000000000000, 0.000000000000000000 ) ) ;
#453 = DIRECTION ( 'NONE',  ( -1.000000000000000000, 0.000000000000000000, 2.312964634635742957E-16 ) ) ;
#454 = VERTEX_POINT ( 'NONE', #802 ) ;
#455 = CARTESIAN_POINT ( 'NONE',  ( -23.50000000000000000, 10.75000000000000000, 38.50000000000000000 ) ) ;
#456 = DIRECTION ( 'NONE',  ( -0.000000000000000000, 1.000000000000000000, -0.000000000000000000 ) ) ;
#457 = VERTEX_POINT ( 'NONE', #474 ) ;
#458 = CARTESIAN_POINT ( 'NONE',  ( 5.999999999999996447, -28.29484601070928207, 34.99999999999999289 ) ) ;
#459 = DIRECTION ( 'NONE',  ( -0.000000000000000000, 0.000000000000000000, 1.000000000000000000 ) ) ;
#460 = EDGE_CURVE ( 'NONE', #155, #1587, #1969, .T. ) ;
#461 = CARTESIAN_POINT ( 'NONE',  ( 34.99999999999999289, 21.50000000000000000, 39.99999999999998579 ) ) ;
#462 = ADVANCED_FACE ( 'NONE', ( #1909 ), #1663, .F. ) ;
#463 = ORIENTED_EDGE ( 'NONE', *, *, #118, .T. ) ;
#464 = DIRECTION ( 'NONE',  ( -1.000000000000000000, 0.000000000000000000, 1.982541115402065110E-16 ) ) ;
#465 = DIRECTION ( 'NONE',  ( -0.000000000000000000, 1.000000000000000000, -0.000000000000000000 ) ) ;
#466 = DIRECTION ( 'NONE',  ( 1.000000000000000000, 0.000000000000000000, 0.000000000000000000 ) ) ;
#467 = DIRECTION ( 'NONE',  ( 0.000000000000000000, 0.000000000000000000, 1.000000000000000000 ) ) ;
#468 = EDGE_LOOP ( 'NONE', ( #1897, #2624, #1785, #126 ) ) ;
#469 = CARTESIAN_POINT ( 'NONE',  ( -32.00000000000000000, 11.95000000000000284, -14.50000000000000355 ) ) ;
#470 = DIRECTION ( 'NONE',  ( 1.000000000000000000, -0.000000000000000000, 0.000000000000000000 ) ) ;
#471 = CARTESIAN_POINT ( 'NONE',  ( 21.00000000000000355, 11.95000000000000284, 36.99999999999999289 ) ) ;
#472 = ORIENTED_EDGE ( 'NONE', *, *, #312, .T. ) ;
#473 = DIRECTION ( 'NONE',  ( 0.000000000000000000, -0.000000000000000000, -1.000000000000000000 ) ) ;
#474 = CARTESIAN_POINT ( 'NONE',  ( 10.49999999999999467, 5.749999999999999112, 31.99999999999999289 ) ) ;
#475 = EDGE_CURVE ( 'NONE', #343, #529, #54, .T. ) ;
#476 = ORIENTED_EDGE ( 'NONE', *, *, #771, .T. ) ;
#477 = DIRECTION ( 'NONE',  ( 1.982541115402065110E-16, 0.000000000000000000, 1.000000000000000000 ) ) ;
#478 = CARTESIAN_POINT ( 'NONE',  ( 34.99999999999999289, 18.50000000000000000, 36.99999999999998579 ) ) ;
#479 = ORIENTED_EDGE ( 'NONE', *, *, #1797, .F. ) ;
#480 = VECTOR ( 'NONE', #1274, 1000.000000000000000 ) ;
#481 = AXIS2_PLACEMENT_3D ( 'NONE', #937, #470, #2097 ) ;
#482 = DIRECTION ( 'NONE',  ( 0.000000000000000000, 0.000000000000000000, 1.000000000000000000 ) ) ;
#483 = DIRECTION ( 'NONE',  ( -0.000000000000000000, 1.000000000000000000, -0.000000000000000000 ) ) ;
#484 = ORIENTED_EDGE ( 'NONE', *, *, #2468, .F. ) ;
#485 = DIRECTION ( 'NONE',  ( -0.000000000000000000, 1.000000000000000000, -0.000000000000000000 ) ) ;
#486 = AXIS2_PLACEMENT_3D ( 'NONE', #1204, #1572, #761 ) ;
#487 = VECTOR ( 'NONE', #929, 1000.000000000000000 ) ;
#488 = ORIENTED_EDGE ( 'NONE', *, *, #398, .F. ) ;
#489 = CARTESIAN_POINT ( 'NONE',  ( 29.99999999999999645, 2.264718625761417137, 34.99999999999999289 ) ) ;
#490 = AXIS2_PLACEMENT_3D ( 'NONE', #637, #452, #1446 ) ;
#491 = DIRECTION ( 'NONE',  ( 0.000000000000000000, 0.000000000000000000, 1.000000000000000000 ) ) ;
#492 = EDGE_CURVE ( 'NONE', #1660, #2528, #2091, .T. ) ;
#493 = CYLINDRICAL_SURFACE ( 'NONE', #2612, 3.499999999999996003 ) ;
#494 = VERTEX_POINT ( 'NONE', #679 ) ;
#495 = EDGE_CURVE ( 'NONE', #1181, #966, #638, .T. ) ;
#496 = CARTESIAN_POINT ( 'NONE',  ( -32.00000000000000000, 10.75000000000000000, -30.41742430504417172 ) ) ;
#497 = PLANE ( 'NONE',  #400 ) ;
#498 = CARTESIAN_POINT ( 'NONE',  ( -35.00000000000000000, 12.75000000000000000, -25.44150714416511860 ) ) ;
#499 = ORIENTED_EDGE ( 'NONE', *, *, #1228, .F. ) ;
#500 = DIRECTION ( 'NONE',  ( -0.000000000000000000, -0.000000000000000000, 1.000000000000000000 ) ) ;
#501 = AXIS2_PLACEMENT_3D ( 'NONE', #1339, #293, #515 ) ;
#502 = EDGE_LOOP ( 'NONE', ( #555, #2389, #1036, #797, #910, #2140, #1393, #891 ) ) ;
#503 = CARTESIAN_POINT ( 'NONE',  ( 29.99999999999999645, 21.50000000000000000, -35.00000000000000711 ) ) ;
#504 = AXIS2_PLACEMENT_3D ( 'NONE', #1206, #353, #2602 ) ;
#505 = VECTOR ( 'NONE', #320, 1000.000000000000000 ) ;
#506 = EDGE_CURVE ( 'NONE', #2089, #2165, #1058, .T. ) ;
#507 = DIRECTION ( 'NONE',  ( -1.000000000000000000, -0.000000000000000000, -0.000000000000000000 ) ) ;
#508 = CARTESIAN_POINT ( 'NONE',  ( -35.01000000000000512, 13.74999999999999822, 39.99999999999998579 ) ) ;
#509 = ADVANCED_FACE ( 'NONE', ( #265 ), #1613, .T. ) ;
#510 = ORIENTED_EDGE ( 'NONE', *, *, #2167, .T. ) ;
#511 = ORIENTED_EDGE ( 'NONE', *, *, #852, .T. ) ;
#512 = DIRECTION ( 'NONE',  ( 1.982541115402065110E-16, 0.000000000000000000, 1.000000000000000000 ) ) ;
#513 = EDGE_CURVE ( 'NONE', #1492, #1467, #1702, .T. ) ;
#514 = ORIENTED_EDGE ( 'NONE', *, *, #1072, .T. ) ;
#515 = DIRECTION ( 'NONE',  ( 0.000000000000000000, 0.000000000000000000, 1.000000000000000000 ) ) ;
#516 = VECTOR ( 'NONE', #2517, 1000.000000000000000 ) ;
#517 = VECTOR ( 'NONE', #773, 1000.000000000000000 ) ;
#518 = ORIENTED_EDGE ( 'NONE', *, *, #2077, .T. ) ;
#519 = DIRECTION ( 'NONE',  ( 0.000000000000000000, 0.000000000000000000, 1.000000000000000000 ) ) ;
#520 = DIRECTION ( 'NONE',  ( 0.000000000000000000, 0.000000000000000000, -1.000000000000000000 ) ) ;
#521 = CARTESIAN_POINT ( 'NONE',  ( 34.99999999999999289, 21.50000000000000000, 39.99999999999998579 ) ) ;
#522 = FACE_OUTER_BOUND ( 'NONE', #2449, .T. ) ;
#523 = ORIENTED_EDGE ( 'NONE', *, *, #2201, .T. ) ;
#524 = ORIENTED_EDGE ( 'NONE', *, *, #687, .F. ) ;
#525 = EDGE_CURVE ( 'NONE', #1313, #922, #2299, .T. ) ;
#526 = DIRECTION ( 'NONE',  ( -0.000000000000000000, -1.000000000000000000, -0.000000000000000000 ) ) ;
#527 = AXIS2_PLACEMENT_3D ( 'NONE', #2185, #973, #1560 ) ;
#528 = CIRCLE ( 'NONE', #1548, 5.000000000000000888 ) ;
#529 = VERTEX_POINT ( 'NONE', #281 ) ;
#530 = CARTESIAN_POINT ( 'NONE',  ( -35.00000000000000000, 11.95000000000000284, -20.00000000000000355 ) ) ;
#531 = EDGE_CURVE ( 'NONE', #2273, #1047, #170, .T. ) ;
#532 = DIRECTION ( 'NONE',  ( 1.000000000000000000, 0.000000000000000000, 0.000000000000000000 ) ) ;
#533 = CIRCLE ( 'NONE', #2315, 5.000000000000000888 ) ;
#534 = AXIS2_PLACEMENT_3D ( 'NONE', #989, #2218, #1794 ) ;
#535 = VERTEX_POINT ( 'NONE', #2509 ) ;
#536 = CARTESIAN_POINT ( 'NONE',  ( -30.00000000000000711, 2.264718625761417137, 35.00000000000000000 ) ) ;
#537 = DIRECTION ( 'NONE',  ( -1.734723475976805517E-15, 0.000000000000000000, -1.000000000000000000 ) ) ;
#538 = DIRECTION ( 'NONE',  ( -1.982541115402065110E-16, 0.000000000000000000, -1.000000000000000000 ) ) ;
#539 = ORIENTED_EDGE ( 'NONE', *, *, #2251, .F. ) ;
#540 = VERTEX_POINT ( 'NONE', #190 ) ;
#541 = EDGE_CURVE ( 'NONE', #419, #2465, #1247, .T. ) ;
#542 = ORIENTED_EDGE ( 'NONE', *, *, #541, .T. ) ;
#543 = CARTESIAN_POINT ( 'NONE',  ( -25.00000000000000355, 18.50000000000000000, 37.00000000000000000 ) ) ;
#544 = VERTEX_POINT ( 'NONE', #865 ) ;
#545 = ADVANCED_FACE ( 'NONE', ( #1002 ), #1819, .F. ) ;
#546 = ORIENTED_EDGE ( 'NONE', *, *, #2526, .F. ) ;
#547 = DIRECTION ( 'NONE',  ( -1.000000000000000000, 0.000000000000000000, 2.312964634635742957E-16 ) ) ;
#548 = CARTESIAN_POINT ( 'NONE',  ( 29.99999999999999289, 10.75000000000000000, -38.50000000000000000 ) ) ;
#549 = LINE ( 'NONE', #1357, #2022 ) ;
#550 = ORIENTED_EDGE ( 'NONE', *, *, #2205, .T. ) ;
#551 = DIRECTION ( 'NONE',  ( 0.000000000000000000, 0.000000000000000000, -1.000000000000000000 ) ) ;
#552 = FACE_OUTER_BOUND ( 'NONE', #2253, .T. ) ;
#553 = ORIENTED_EDGE ( 'NONE', *, *, #2063, .F. ) ;
#554 = DIRECTION ( 'NONE',  ( -1.000000000000000000, 0.000000000000000000, 2.312964634635742957E-16 ) ) ;
#555 = ORIENTED_EDGE ( 'NONE', *, *, #1647, .F. ) ;
#556 = ORIENTED_EDGE ( 'NONE', *, *, #2526, .T. ) ;
#557 = LINE ( 'NONE', #2608, #405 ) ;
#558 = AXIS2_PLACEMENT_3D ( 'NONE', #1685, #1904, #1493 ) ;
#559 = EDGE_CURVE ( 'NONE', #1409, #3, #1776, .T. ) ;
#560 = VECTOR ( 'NONE', #1912, 1000.000000000000000 ) ;
#561 = LINE ( 'NONE', #364, #861 ) ;
#562 = DIRECTION ( 'NONE',  ( 0.000000000000000000, 0.000000000000000000, 1.000000000000000000 ) ) ;
#563 = VECTOR ( 'NONE', #985, 1000.000000000000000 ) ;
#564 = ORIENTED_EDGE ( 'NONE', *, *, #1403, .F. ) ;
#565 = ORIENTED_EDGE ( 'NONE', *, *, #2219, .F. ) ;
#566 = CARTESIAN_POINT ( 'NONE',  ( 33.49999999999999289, 10.75000000000000000, -35.00000000000000711 ) ) ;
#567 = ORIENTED_EDGE ( 'NONE', *, *, #1506, .T. ) ;
#568 = FACE_OUTER_BOUND ( 'NONE', #2206, .T. ) ;
#569 = CIRCLE ( 'NONE', #1075, 5.000000000000000888 ) ;
#570 = ORIENTED_EDGE ( 'NONE', *, *, #1211, .F. ) ;
#571 = CIRCLE ( 'NONE', #1120, 3.000000000000002665 ) ;
#572 = ORIENTED_EDGE ( 'NONE', *, *, #2235, .F. ) ;
#573 = CARTESIAN_POINT ( 'NONE',  ( 5.999999999999996447, 18.50000000000000000, 34.99999999999999289 ) ) ;
#574 = VECTOR ( 'NONE', #1023, 1000.000000000000000 ) ;
#575 = EDGE_CURVE ( 'NONE', #343, #2528, #1390, .T. ) ;
#576 = AXIS2_PLACEMENT_3D ( 'NONE', #224, #424, #473 ) ;
#577 = AXIS2_PLACEMENT_3D ( 'NONE', #2023, #153, #965 ) ;
#578 = DIRECTION ( 'NONE',  ( 1.000000000000000000, 0.000000000000000000, -9.912705577010325549E-17 ) ) ;
#579 = DIRECTION ( 'NONE',  ( 0.000000000000000000, -0.000000000000000000, -1.000000000000000000 ) ) ;
#580 = DIRECTION ( 'NONE',  ( 0.000000000000000000, 0.000000000000000000, 1.000000000000000000 ) ) ;
#581 = VERTEX_POINT ( 'NONE', #1476 ) ;
#582 = EDGE_CURVE ( 'NONE', #2089, #2286, #1461, .T. ) ;
#583 = ORIENTED_EDGE ( 'NONE', *, *, #1998, .F. ) ;
#584 = DIRECTION ( 'NONE',  ( 0.000000000000000000, -1.000000000000000000, 0.000000000000000000 ) ) ;
#585 = ORIENTED_EDGE ( 'NONE', *, *, #446, .T. ) ;
#586 = CYLINDRICAL_SURFACE ( 'NONE', #1954, 3.000000000000002665 ) ;
#587 = ORIENTED_EDGE ( 'NONE', *, *, #2264, .T. ) ;
#588 = EDGE_LOOP ( 'NONE', ( #1887, #472, #180, #1197 ) ) ;
#589 = DIRECTION ( 'NONE',  ( -0.000000000000000000, 1.000000000000000000, -0.000000000000000000 ) ) ;
#590 = LINE ( 'NONE', #2393, #189 ) ;
#591 = DIRECTION ( 'NONE',  ( 0.000000000000000000, 1.000000000000000000, 0.000000000000000000 ) ) ;
#592 = DIRECTION ( 'NONE',  ( 1.000000000000000000, 0.000000000000000000, 0.000000000000000000 ) ) ;
#593 = EDGE_CURVE ( 'NONE', #2052, #2388, #202, .T. ) ;
#594 = VERTEX_POINT ( 'NONE', #705 ) ;
#595 = ORIENTED_EDGE ( 'NONE', *, *, #1838, .T. ) ;
#596 = LINE ( 'NONE', #1563, #110 ) ;
#597 = ADVANCED_FACE ( 'NONE', ( #1959 ), #1541, .F. ) ;
#598 = ORIENTED_EDGE ( 'NONE', *, *, #1833, .T. ) ;
#599 = DIRECTION ( 'NONE',  ( 0.000000000000000000, -0.000000000000000000, 1.000000000000000000 ) ) ;
#600 = CARTESIAN_POINT ( 'NONE',  ( 34.99999999999999289, 12.75000000000000000, 34.99999999999999289 ) ) ;
#601 = PLANE ( 'NONE',  #1591 ) ;
#602 = PLANE ( 'NONE',  #698 ) ;
#603 = VECTOR ( 'NONE', #287, 1000.000000000000000 ) ;
#604 = VERTEX_POINT ( 'NONE', #1713 ) ;
#605 = VECTOR ( 'NONE', #2004, 1000.000000000000000 ) ;
#606 = CARTESIAN_POINT ( 'NONE',  ( -30.00000000000000355, 2.264718625761417137, -35.00000000000000711 ) ) ;
#607 = CARTESIAN_POINT ( 'NONE',  ( -25.00000000000000355, 10.75000000000000000, 37.00000000000000000 ) ) ;
#608 = VECTOR ( 'NONE', #350, 1000.000000000000000 ) ;
#609 = EDGE_CURVE ( 'NONE', #1047, #2324, #1097, .T. ) ;
#610 = ORIENTED_EDGE ( 'NONE', *, *, #312, .F. ) ;
#611 = DIRECTION ( 'NONE',  ( 0.000000000000000000, -0.000000000000000000, -1.000000000000000000 ) ) ;
#612 = VERTEX_POINT ( 'NONE', #941 ) ;
#613 = EDGE_CURVE ( 'NONE', #1705, #762, #332, .T. ) ;
#614 = ORIENTED_EDGE ( 'NONE', *, *, #460, .F. ) ;
#615 = DIRECTION ( 'NONE',  ( 0.000000000000000000, 0.000000000000000000, -1.000000000000000000 ) ) ;
#616 = VECTOR ( 'NONE', #2574, 1000.000000000000000 ) ;
#617 = DIRECTION ( 'NONE',  ( 1.000000000000000000, 0.000000000000000000, -9.912705577010325549E-17 ) ) ;
#618 = AXIS2_PLACEMENT_3D ( 'NONE', #1187, #2003, #971 ) ;
#619 = CARTESIAN_POINT ( 'NONE',  ( -32.00000000000000000, 10.75000000000000000, 40.00000000000000000 ) ) ;
#620 = ORIENTED_EDGE ( 'NONE', *, *, #977, .T. ) ;
#621 = STYLED_ITEM ( 'NONE', ( #916 ), #1086 ) ;
#622 = DIRECTION ( 'NONE',  ( -0.000000000000000000, 1.000000000000000000, -0.000000000000000000 ) ) ;
#623 = LINE ( 'NONE', #634, #62 ) ;
#624 = ORIENTED_EDGE ( 'NONE', *, *, #2150, .F. ) ;
#625 = CARTESIAN_POINT ( 'NONE',  ( -30.00000000000000355, 13.74999999999999822, -34.00000000000000711 ) ) ;
#626 = ADVANCED_FACE ( 'NONE', ( #1140 ), #1556, .F. ) ;
#627 = ORIENTED_EDGE ( 'NONE', *, *, #935, .T. ) ;
#628 = DIRECTION ( 'NONE',  ( 0.000000000000000000, -0.000000000000000000, -1.000000000000000000 ) ) ;
#629 = ADVANCED_FACE ( 'NONE', ( #1514 ), #1730, .T. ) ;
#630 = CYLINDRICAL_SURFACE ( 'NONE', #1638, 4.999999999999997335 ) ;
#631 = LINE ( 'NONE', #1652, #64 ) ;
#632 = VERTEX_POINT ( 'NONE', #1528 ) ;
#633 = CARTESIAN_POINT ( 'NONE',  ( 29.99999999999999645, 21.50000000000000000, -38.00000000000001421 ) ) ;
#634 = CARTESIAN_POINT ( 'NONE',  ( 29.99999999999999645, 10.75000000000000000, 38.49999999999998579 ) ) ;
#635 = CARTESIAN_POINT ( 'NONE',  ( 7.499999999999996447, 18.50000000000000000, 34.99999999999999289 ) ) ;
#636 = EDGE_LOOP ( 'NONE', ( #2501, #745, #1379, #1358, #2278, #587, #2623, #1170 ) ) ;
#637 = CARTESIAN_POINT ( 'NONE',  ( 29.99999999999999645, 10.75000000000000000, -35.00000000000000711 ) ) ;
#638 = LINE ( 'NONE', #2080, #2379 ) ;
#639 = AXIS2_PLACEMENT_3D ( 'NONE', #390, #437, #690 ) ;
#640 = LINE ( 'NONE', #1693, #998 ) ;
#641 = EDGE_CURVE ( 'NONE', #78, #199, #2121, .T. ) ;
#642 = DIRECTION ( 'NONE',  ( -0.000000000000000000, 1.000000000000000000, -0.000000000000000000 ) ) ;
#643 = ORIENTED_EDGE ( 'NONE', *, *, #1003, .F. ) ;
#644 = DIRECTION ( 'NONE',  ( -0.000000000000000000, 1.000000000000000000, -0.000000000000000000 ) ) ;
#645 = DIRECTION ( 'NONE',  ( 0.000000000000000000, 0.000000000000000000, -1.000000000000000000 ) ) ;
#646 = CIRCLE ( 'NONE', #1884, 4.999999999999997335 ) ;
#647 = DIRECTION ( 'NONE',  ( 1.000000000000000000, 0.000000000000000000, 0.000000000000000000 ) ) ;
#648 = ORIENTED_EDGE ( 'NONE', *, *, #726, .F. ) ;
#649 = DIRECTION ( 'NONE',  ( 1.000000000000000000, 0.000000000000000000, 0.000000000000000000 ) ) ;
#650 = DIRECTION ( 'NONE',  ( 0.000000000000000000, 0.000000000000000000, 1.000000000000000000 ) ) ;
#651 = FACE_OUTER_BOUND ( 'NONE', #2377, .T. ) ;
#652 = DIRECTION ( 'NONE',  ( -0.000000000000000000, 1.000000000000000000, -0.000000000000000000 ) ) ;
#653 = CIRCLE ( 'NONE', #481, 5.499999999999998224 ) ;
#654 = EDGE_CURVE ( 'NONE', #1402, #1383, #1871, .T. ) ;
#655 = ORIENTED_EDGE ( 'NONE', *, *, #661, .T. ) ;
#656 = VECTOR ( 'NONE', #538, 1000.000000000000000 ) ;
#657 = DIRECTION ( 'NONE',  ( 0.000000000000000000, 0.000000000000000000, -1.000000000000000000 ) ) ;
#658 = CARTESIAN_POINT ( 'NONE',  ( -30.00000000000000711, 12.75000000000000000, 35.00000000000000000 ) ) ;
#659 = VECTOR ( 'NONE', #1354, 1000.000000000000000 ) ;
#660 = AXIS2_PLACEMENT_3D ( 'NONE', #2346, #2306, #314 ) ;
#661 = EDGE_CURVE ( 'NONE', #1507, #1935, #1349, .T. ) ;
#662 = CIRCLE ( 'NONE', #490, 1.000000000000000888 ) ;
#663 = LINE ( 'NONE', #2246, #2572 ) ;
#664 = EDGE_LOOP ( 'NONE', ( #1966, #1234, #2220, #2202 ) ) ;
#665 = DIRECTION ( 'NONE',  ( -0.000000000000000000, -0.000000000000000000, 1.000000000000000000 ) ) ;
#666 = DIRECTION ( 'NONE',  ( -0.000000000000000000, 1.000000000000000000, -0.000000000000000000 ) ) ;
#667 = ORIENTED_EDGE ( 'NONE', *, *, #269, .T. ) ;
#668 = PLANE ( 'NONE',  #2271 ) ;
#669 = DIRECTION ( 'NONE',  ( -1.000000000000000000, -0.000000000000000000, -0.000000000000000000 ) ) ;
#670 = VERTEX_POINT ( 'NONE', #91 ) ;
#671 = CYLINDRICAL_SURFACE ( 'NONE', #432, 4.999999999999997335 ) ;
#672 = EDGE_CURVE ( 'NONE', #1542, #108, #742, .T. ) ;
#673 = LINE ( 'NONE', #1443, #738 ) ;
#674 = ADVANCED_FACE ( 'NONE', ( #344 ), #2542, .F. ) ;
#675 = DIRECTION ( 'NONE',  ( -0.000000000000000000, 1.000000000000000000, -0.000000000000000000 ) ) ;
#676 = ORIENTED_EDGE ( 'NONE', *, *, #323, .T. ) ;
#677 = DIRECTION ( 'NONE',  ( -0.000000000000000000, 1.000000000000000000, -0.000000000000000000 ) ) ;
#678 = EDGE_CURVE ( 'NONE', #457, #1324, #141, .T. ) ;
#679 = CARTESIAN_POINT ( 'NONE',  ( -35.00000000000000000, 12.75000000000000000, -14.55849285583488850 ) ) ;
#680 = CARTESIAN_POINT ( 'NONE',  ( -20.00000000000000000, 16.75000000000000355, 29.99999999999999289 ) ) ;
#681 = ORIENTED_EDGE ( 'NONE', *, *, #316, .F. ) ;
#682 = CARTESIAN_POINT ( 'NONE',  ( 31.99999999999999289, 18.50000000000000000, 39.99999999999998579 ) ) ;
#683 = CARTESIAN_POINT ( 'NONE',  ( -35.00000000000000000, 21.50000000000000000, 40.00000000000000000 ) ) ;
#684 = CIRCLE ( 'NONE', #558, 4.999999999999997335 ) ;
#685 = VERTEX_POINT ( 'NONE', #1128 ) ;
#686 = CARTESIAN_POINT ( 'NONE',  ( 5.999999999999998224, 10.75000000000000000, 39.99999999999997868 ) ) ;
#687 = EDGE_CURVE ( 'NONE', #1006, #1935, #1772, .T. ) ;
#688 = ORIENTED_EDGE ( 'NONE', *, *, #907, .T. ) ;
#689 = CARTESIAN_POINT ( 'NONE',  ( 34.99999999999999289, 21.50000000000000000, 36.99999999999998579 ) ) ;
#690 = DIRECTION ( 'NONE',  ( 0.000000000000000000, 0.000000000000000000, -1.000000000000000000 ) ) ;
#691 = ADVANCED_FACE ( 'NONE', ( #2311 ), #1302, .T. ) ;
#692 = CARTESIAN_POINT ( 'NONE',  ( -23.50000000000000355, 18.50000000000000000, 34.99999999999999289 ) ) ;
#693 = FACE_OUTER_BOUND ( 'NONE', #1090, .T. ) ;
#694 = ORIENTED_EDGE ( 'NONE', *, *, #506, .F. ) ;
#695 = AXIS2_PLACEMENT_3D ( 'NONE', #2332, #724, #926 ) ;
#696 = CARTESIAN_POINT ( 'NONE',  ( 7.500000000000000000, 10.75000000000000000, 36.79999999999999005 ) ) ;
#697 = DIRECTION ( 'NONE',  ( 0.000000000000000000, 0.000000000000000000, 1.000000000000000000 ) ) ;
#698 = AXIS2_PLACEMENT_3D ( 'NONE', #1315, #1922, #2340 ) ;
#699 = CARTESIAN_POINT ( 'NONE',  ( 10.49999999999999467, 10.75000000000000000, 38.50000000000000000 ) ) ;
#700 = VECTOR ( 'NONE', #2486, 1000.000000000000000 ) ;
#701 = VECTOR ( 'NONE', #2454, 1000.000000000000000 ) ;
#702 = VECTOR ( 'NONE', #1850, 1000.000000000000000 ) ;
#703 = ORIENTED_EDGE ( 'NONE', *, *, #1583, .T. ) ;
#704 = DIRECTION ( 'NONE',  ( -1.982541115402065110E-16, 0.000000000000000000, -1.000000000000000000 ) ) ;
#705 = CARTESIAN_POINT ( 'NONE',  ( 11.14613556019537199, 10.75000000000000000, 38.50000000000000000 ) ) ;
#706 = ADVANCED_FACE ( 'NONE', ( #1111 ), #104, .T. ) ;
#707 = EDGE_LOOP ( 'NONE', ( #2148, #22, #433, #1779 ) ) ;
#708 = DIRECTION ( 'NONE',  ( -0.000000000000000000, 1.000000000000000000, -0.000000000000000000 ) ) ;
#709 = ADVANCED_FACE ( 'NONE', ( #2138, #931, #1407, #812, #1622 ), #2430, .T. ) ;
#710 = VERTEX_POINT ( 'NONE', #980 ) ;
#711 = DIRECTION ( 'NONE',  ( -1.000000000000000000, 0.000000000000000000, 0.000000000000000000 ) ) ;
#712 = ADVANCED_FACE ( 'NONE', ( #397 ), #1811, .F. ) ;
#713 = DIRECTION ( 'NONE',  ( -0.000000000000000000, 1.000000000000000000, -0.000000000000000000 ) ) ;
#714 = VERTEX_POINT ( 'NONE', #2387 ) ;
#715 = CARTESIAN_POINT ( 'NONE',  ( 33.49999999999999289, 12.75000000000000000, -35.00000000000000711 ) ) ;
#716 = EDGE_LOOP ( 'NONE', ( #1195, #1365, #355, #849 ) ) ;
#717 = DIRECTION ( 'NONE',  ( 0.000000000000000000, 1.000000000000000000, 0.000000000000000000 ) ) ;
#718 = ORIENTED_EDGE ( 'NONE', *, *, #997, .F. ) ;
#719 = FACE_OUTER_BOUND ( 'NONE', #2398, .T. ) ;
#720 = AXIS2_PLACEMENT_3D ( 'NONE', #1026, #430, #1268 ) ;
#721 = CARTESIAN_POINT ( 'NONE',  ( 30.00000000000000000, 12.75000000000000000, 39.99999999999998579 ) ) ;
#722 = ADVANCED_FACE ( 'NONE', ( #568 ), #209, .T. ) ;
#723 = FACE_OUTER_BOUND ( 'NONE', #2245, .T. ) ;
#724 = DIRECTION ( 'NONE',  ( 0.000000000000000000, -1.000000000000000000, 0.000000000000000000 ) ) ;
#725 = ORIENTED_EDGE ( 'NONE', *, *, #1321, .F. ) ;
#726 = EDGE_CURVE ( 'NONE', #1593, #867, #2254, .T. ) ;
#727 = CARTESIAN_POINT ( 'NONE',  ( -30.00000000000000355, 10.75000000000000000, -35.00000000000000711 ) ) ;
#728 = ORIENTED_EDGE ( 'NONE', *, *, #1568, .T. ) ;
#729 = DIRECTION ( 'NONE',  ( -0.000000000000000000, -0.000000000000000000, 1.000000000000000000 ) ) ;
#730 = EDGE_LOOP ( 'NONE', ( #583, #1330, #1743, #2072 ) ) ;
#731 = DIRECTION ( 'NONE',  ( 0.000000000000000000, -1.000000000000000000, 0.000000000000000000 ) ) ;
#732 = CARTESIAN_POINT ( 'NONE',  ( -23.50000000000000355, 18.50000000000000000, 31.99999999999999289 ) ) ;
#733 = DIRECTION ( 'NONE',  ( 2.312964634635743450E-16, -0.000000000000000000, 1.000000000000000000 ) ) ;
#734 = EDGE_CURVE ( 'NONE', #990, #454, #967, .T. ) ;
#735 = ORIENTED_EDGE ( 'NONE', *, *, #122, .T. ) ;
#736 = CARTESIAN_POINT ( 'NONE',  ( 31.99999999999999289, 10.75000000000000000, -30.41742430504417527 ) ) ;
#737 = ADVANCED_FACE ( 'NONE', ( #168, #1380 ), #1009, .T. ) ;
#738 = VECTOR ( 'NONE', #2085, 1000.000000000000000 ) ;
#739 = AXIS2_PLACEMENT_3D ( 'NONE', #1413, #213, #1252 ) ;
#740 = ORIENTED_EDGE ( 'NONE', *, *, #900, .T. ) ;
#741 = SHAPE_DEFINITION_REPRESENTATION ( #266, #1607 ) ;
#742 = LINE ( 'NONE', #2553, #1081 ) ;
#743 = AXIS2_PLACEMENT_3D ( 'NONE', #2054, #1048, #439 ) ;
#744 = AXIS2_PLACEMENT_3D ( 'NONE', #276, #1432, #1042 ) ;
#745 = ORIENTED_EDGE ( 'NONE', *, *, #654, .T. ) ;
#746 = DIRECTION ( 'NONE',  ( 0.000000000000000000, 0.000000000000000000, -1.000000000000000000 ) ) ;
#747 = CARTESIAN_POINT ( 'NONE',  ( 16.00000000000000711, 11.95000000000000284, 38.49999999999999289 ) ) ;
#748 = DIRECTION ( 'NONE',  ( -0.000000000000000000, 1.000000000000000000, -0.000000000000000000 ) ) ;
#749 = ORIENTED_EDGE ( 'NONE', *, *, #1998, .T. ) ;
#750 = ORIENTED_EDGE ( 'NONE', *, *, #1012, .F. ) ;
#751 = FACE_OUTER_BOUND ( 'NONE', #1882, .T. ) ;
#752 = ADVANCED_FACE ( 'NONE', ( #4 ), #2028, .T. ) ;
#753 = EDGE_LOOP ( 'NONE', ( #755, #1953 ) ) ;
#754 = DIRECTION ( 'NONE',  ( 0.000000000000000000, -1.000000000000000000, 0.000000000000000000 ) ) ;
#755 = ORIENTED_EDGE ( 'NONE', *, *, #1141, .F. ) ;
#756 = EDGE_CURVE ( 'NONE', #2052, #275, #1987, .T. ) ;
#757 = EDGE_LOOP ( 'NONE', ( #1253, #306, #1926, #1526 ) ) ;
#758 = DIRECTION ( 'NONE',  ( -0.000000000000000000, -1.000000000000000000, -0.000000000000000000 ) ) ;
#759 = VECTOR ( 'NONE', #1051, 1000.000000000000000 ) ;
#760 = LINE ( 'NONE', #1602, #605 ) ;
#761 = DIRECTION ( 'NONE',  ( 0.000000000000000000, 0.000000000000000000, -1.000000000000000000 ) ) ;
#762 = VERTEX_POINT ( 'NONE', #2404 ) ;
#763 = DIRECTION ( 'NONE',  ( 0.000000000000000000, -1.000000000000000000, 0.000000000000000000 ) ) ;
#764 = DIRECTION ( 'NONE',  ( -0.000000000000000000, 1.000000000000000000, -0.000000000000000000 ) ) ;
#765 = ORIENTED_EDGE ( 'NONE', *, *, #1453, .T. ) ;
#766 = DIRECTION ( 'NONE',  ( 0.000000000000000000, -0.000000000000000000, 1.000000000000000000 ) ) ;
#767 = EDGE_CURVE ( 'NONE', #17, #1542, #229, .T. ) ;
#768 = ORIENTED_EDGE ( 'NONE', *, *, #73, .T. ) ;
#769 = VERTEX_POINT ( 'NONE', #385 ) ;
#770 = DIRECTION ( 'NONE',  ( -0.000000000000000000, 0.000000000000000000, -1.000000000000000000 ) ) ;
#771 = EDGE_CURVE ( 'NONE', #1021, #1010, #1394, .T. ) ;
#772 = DIRECTION ( 'NONE',  ( 0.000000000000000000, 0.000000000000000000, -1.000000000000000000 ) ) ;
#773 = DIRECTION ( 'NONE',  ( 1.000000000000000000, 0.000000000000000000, -9.912705577010325549E-17 ) ) ;
#774 = FACE_OUTER_BOUND ( 'NONE', #1396, .T. ) ;
#775 = ORIENTED_EDGE ( 'NONE', *, *, #2411, .T. ) ;
#776 = ORIENTED_EDGE ( 'NONE', *, *, #982, .T. ) ;
#777 = LINE ( 'NONE', #165, #2355 ) ;
#778 = ORIENTED_EDGE ( 'NONE', *, *, #1306, .F. ) ;
#779 = DIRECTION ( 'NONE',  ( 1.000000000000000000, 0.000000000000000000, 0.000000000000000000 ) ) ;
#780 = VECTOR ( 'NONE', #2158, 1000.000000000000000 ) ;
#781 = ORIENTED_EDGE ( 'NONE', *, *, #582, .F. ) ;
#782 = VECTOR ( 'NONE', #188, 1000.000000000000000 ) ;
#783 = ORIENTED_EDGE ( 'NONE', *, *, #303, .T. ) ;
#784 = LINE ( 'NONE', #1599, #1468 ) ;
#785 = ADVANCED_FACE ( 'NONE', ( #372 ), #1418, .F. ) ;
#786 = AXIS2_PLACEMENT_3D ( 'NONE', #389, #1842, #1817 ) ;
#787 = CIRCLE ( 'NONE', #194, 1.000000000000000888 ) ;
#788 = CIRCLE ( 'NONE', #2147, 3.000000000000002665 ) ;
#789 = PLANE ( 'NONE',  #1939 ) ;
#790 = EDGE_CURVE ( 'NONE', #1549, #1705, #991, .T. ) ;
#791 = PLANE ( 'NONE',  #2557 ) ;
#792 = CARTESIAN_POINT ( 'NONE',  ( -23.50000000000000355, 16.75000000000000000, 37.00000000000000000 ) ) ;
#793 = ORIENTED_EDGE ( 'NONE', *, *, #2181, .T. ) ;
#794 = ADVANCED_FACE ( 'NONE', ( #1839 ), #586, .F. ) ;
#795 = CARTESIAN_POINT ( 'NONE',  ( 29.99999999999999645, 12.75000000000000000, 34.99999999999999289 ) ) ;
#796 = PRODUCT_RELATED_PRODUCT_CATEGORY ( 'part', '', ( #246 ) ) ;
#797 = ORIENTED_EDGE ( 'NONE', *, *, #1738, .T. ) ;
#798 = DIRECTION ( 'NONE',  ( -0.000000000000000000, -1.000000000000000000, -0.000000000000000000 ) ) ;
#799 = ORIENTED_EDGE ( 'NONE', *, *, #1741, .T. ) ;
#800 = DIRECTION ( 'NONE',  ( -0.000000000000000000, 1.000000000000000000, -0.000000000000000000 ) ) ;
#801 = CARTESIAN_POINT ( 'NONE',  ( 34.99999999999999289, 21.50000000000000000, -40.00000000000000711 ) ) ;
#802 = CARTESIAN_POINT ( 'NONE',  ( 10.49999999999999467, 18.50000000000000000, 31.99999999999999289 ) ) ;
#803 = CARTESIAN_POINT ( 'NONE',  ( -23.50000000000000000, 16.75000000000000000, 47.00000000000000000 ) ) ;
#804 = VECTOR ( 'NONE', #554, 1000.000000000000000 ) ;
#805 = EDGE_CURVE ( 'NONE', #594, #2056, #1019, .T. ) ;
#806 = ORIENTED_EDGE ( 'NONE', *, *, #1906, .F. ) ;
#807 = CARTESIAN_POINT ( 'NONE',  ( 34.99999999999999289, 12.75000000000000000, 39.99999999999998579 ) ) ;
#808 = DIRECTION ( 'NONE',  ( 0.000000000000000000, 1.000000000000000000, 0.000000000000000000 ) ) ;
#809 = AXIS2_PLACEMENT_3D ( 'NONE', #1017, #2461, #657 ) ;
#810 = EDGE_CURVE ( 'NONE', #2065, #632, #356, .T. ) ;
#811 = ORIENTED_EDGE ( 'NONE', *, *, #2425, .F. ) ;
#812 = FACE_BOUND ( 'NONE', #841, .T. ) ;
#813 = VERTEX_POINT ( 'NONE', #1659 ) ;
#814 = ORIENTED_EDGE ( 'NONE', *, *, #1176, .T. ) ;
#815 = CARTESIAN_POINT ( 'NONE',  ( 25.41742430504415395, 0.000000000000000000, 36.99999999999998579 ) ) ;
#816 = FACE_OUTER_BOUND ( 'NONE', #1148, .T. ) ;
#817 = PLANE ( 'NONE',  #1981 ) ;
#818 = ORIENTED_EDGE ( 'NONE', *, *, #805, .F. ) ;
#819 = DIRECTION ( 'NONE',  ( -1.000000000000000000, 0.000000000000000000, 1.982541115402065110E-16 ) ) ;
#820 = EDGE_CURVE ( 'NONE', #1240, #710, #220, .T. ) ;
#821 = CARTESIAN_POINT ( 'NONE',  ( 34.99999999999999289, 10.75000000000000000, 36.99999999999998579 ) ) ;
#822 = ORIENTED_EDGE ( 'NONE', *, *, #1228, .T. ) ;
#823 = EDGE_CURVE ( 'NONE', #938, #17, #1243, .T. ) ;
#824 = CARTESIAN_POINT ( 'NONE',  ( -30.00000000000000711, 13.74999999999999822, 38.00000000000000711 ) ) ;
#825 = ORIENTED_EDGE ( 'NONE', *, *, #756, .T. ) ;
#826 = CIRCLE ( 'NONE', #357, 3.499999999999996003 ) ;
#827 = ORIENTED_EDGE ( 'NONE', *, *, #382, .T. ) ;
#828 = DIRECTION ( 'NONE',  ( -1.000000000000000000, 0.000000000000000000, 0.000000000000000000 ) ) ;
#829 = VECTOR ( 'NONE', #1167, 1000.000000000000000 ) ;
#830 = CARTESIAN_POINT ( 'NONE',  ( -25.00000000000000355, -28.29484601070928207, 34.99999999999999289 ) ) ;
#831 = AXIS2_PLACEMENT_3D ( 'NONE', #2408, #1627, #160 ) ;
#832 = LINE ( 'NONE', #1427, #1212 ) ;
#833 = ORIENTED_EDGE ( 'NONE', *, *, #820, .T. ) ;
#834 = AXIS2_PLACEMENT_3D ( 'NONE', #1961, #1746, #2141 ) ;
#835 = CIRCLE ( 'NONE', #2531, 1.000000000000000888 ) ;
#836 = DIRECTION ( 'NONE',  ( 1.000000000000000000, 0.000000000000000000, -9.912705577010325549E-17 ) ) ;
#837 = CYLINDRICAL_SURFACE ( 'NONE', #1848, 2.999999999999995559 ) ;
#838 = VECTOR ( 'NONE', #1069, 1000.000000000000000 ) ;
#839 = DIRECTION ( 'NONE',  ( 0.000000000000000000, 0.000000000000000000, -1.000000000000000000 ) ) ;
#840 = ADVANCED_FACE ( 'NONE', ( #434 ), #1260, .F. ) ;
#841 = EDGE_LOOP ( 'NONE', ( #423, #1567 ) ) ;
#842 = LINE ( 'NONE', #1475, #1335 ) ;
#843 = DIRECTION ( 'NONE',  ( 0.000000000000000000, 0.000000000000000000, -1.000000000000000000 ) ) ;
#844 = LINE ( 'NONE', #415, #2143 ) ;
#845 = ORIENTED_EDGE ( 'NONE', *, *, #2347, .F. ) ;
#846 = PLANE ( 'NONE',  #43 ) ;
#847 = CARTESIAN_POINT ( 'NONE',  ( 29.99999999999999645, 12.75000000000000000, -35.00000000000000711 ) ) ;
#848 = DIRECTION ( 'NONE',  ( 2.312964634635743450E-16, -0.000000000000000000, 1.000000000000000000 ) ) ;
#849 = ORIENTED_EDGE ( 'NONE', *, *, #2059, .T. ) ;
#850 = PLANE ( 'NONE',  #151 ) ;
#851 = DIRECTION ( 'NONE',  ( 0.000000000000000000, 1.000000000000000000, 0.000000000000000000 ) ) ;
#852 = EDGE_CURVE ( 'NONE', #581, #419, #121, .T. ) ;
#853 = AXIS2_PLACEMENT_3D ( 'NONE', #1070, #2455, #2019 ) ;
#854 = ORIENTED_EDGE ( 'NONE', *, *, #947, .T. ) ;
#855 = DIRECTION ( 'NONE',  ( -0.000000000000000000, -1.000000000000000000, -0.000000000000000000 ) ) ;
#856 = ADVANCED_FACE ( 'NONE', ( #250 ), #14, .T. ) ;
#857 = FACE_OUTER_BOUND ( 'NONE', #870, .T. ) ;
#858 = ORIENTED_EDGE ( 'NONE', *, *, #1747, .T. ) ;
#859 = CARTESIAN_POINT ( 'NONE',  ( 25.41742430504416106, 0.000000000000000000, -37.00000000000000711 ) ) ;
#860 = DIRECTION ( 'NONE',  ( 0.000000000000000000, 0.000000000000000000, 1.000000000000000000 ) ) ;
#861 = VECTOR ( 'NONE', #465, 1000.000000000000000 ) ;
#862 = CARTESIAN_POINT ( 'NONE',  ( 21.00000000000000355, 11.95000000000000284, 29.99999999999999289 ) ) ;
#863 = ORIENTED_EDGE ( 'NONE', *, *, #171, .T. ) ;
#864 = CARTESIAN_POINT ( 'NONE',  ( 29.99999999999999645, 10.75000000000000000, -35.00000000000000711 ) ) ;
#865 = CARTESIAN_POINT ( 'NONE',  ( -28.00000000000000355, 18.50000000000000000, 37.23606797749979336 ) ) ;
#866 = EDGE_CURVE ( 'NONE', #1109, #2351, #835, .T. ) ;
#867 = VERTEX_POINT ( 'NONE', #824 ) ;
#868 = CARTESIAN_POINT ( 'NONE',  ( -30.00000000000000355, 13.74999999999999822, -38.00000000000001421 ) ) ;
#869 = DIRECTION ( 'NONE',  ( 0.000000000000000000, 1.000000000000000000, 0.000000000000000000 ) ) ;
#870 = EDGE_LOOP ( 'NONE', ( #1044, #822, #1809, #1063 ) ) ;
#871 = EDGE_CURVE ( 'NONE', #544, #206, #663, .T. ) ;
#872 = CARTESIAN_POINT ( 'NONE',  ( -32.00000000000000000, 21.50000000000000000, 40.00000000000000000 ) ) ;
#873 = DIRECTION ( 'NONE',  ( -1.000000000000000000, 0.000000000000000000, 1.982541115402065110E-16 ) ) ;
#874 = AXIS2_PLACEMENT_3D ( 'NONE', #1226, #800, #615 ) ;
#875 = CIRCLE ( 'NONE', #577, 3.000000000000002665 ) ;
#876 = CIRCLE ( 'NONE', #235, 4.999999999999990230 ) ;
#877 = DIRECTION ( 'NONE',  ( -0.000000000000000000, -0.000000000000000000, 1.000000000000000000 ) ) ;
#878 = ORIENTED_EDGE ( 'NONE', *, *, #255, .T. ) ;
#879 = LINE ( 'NONE', #1235, #701 ) ;
#880 = DIRECTION ( 'NONE',  ( 0.000000000000000000, 1.000000000000000000, 0.000000000000000000 ) ) ;
#881 = VERTEX_POINT ( 'NONE', #1029 ) ;
#882 = CARTESIAN_POINT ( 'NONE',  ( 11.06441492829878293, 12.75000000000000000, 38.49999999999999289 ) ) ;
#883 = DIRECTION ( 'NONE',  ( -1.000000000000000000, -0.000000000000000000, -0.000000000000000000 ) ) ;
#884 = ORIENTED_EDGE ( 'NONE', *, *, #1687, .T. ) ;
#885 = FACE_OUTER_BOUND ( 'NONE', #1104, .T. ) ;
#886 = CARTESIAN_POINT ( 'NONE',  ( 10.49999999999999467, 5.749999999999999112, 36.79999999999999005 ) ) ;
#887 = EDGE_CURVE ( 'NONE', #1291, #2601, #2617, .T. ) ;
#888 = ORIENTED_EDGE ( 'NONE', *, *, #1259, .T. ) ;
#889 = LINE ( 'NONE', #715, #1255 ) ;
#890 = EDGE_CURVE ( 'NONE', #1383, #2273, #1054, .T. ) ;
#891 = ORIENTED_EDGE ( 'NONE', *, *, #2181, .F. ) ;
#892 = CARTESIAN_POINT ( 'NONE',  ( 5.999999999999990230, 12.75000000000000000, -4.658971621194851874E-15 ) ) ;
#893 = AXIS2_PLACEMENT_3D ( 'NONE', #1644, #1256, #2450 ) ;
#894 = LINE ( 'NONE', #1249, #2064 ) ;
#895 = CARTESIAN_POINT ( 'NONE',  ( -25.00000000000000000, 12.75000000000000000, -14.55849285583488850 ) ) ;
#896 = ORIENTED_EDGE ( 'NONE', *, *, #977, .F. ) ;
#897 = VECTOR ( 'NONE', #880, 1000.000000000000000 ) ;
#898 = DIRECTION ( 'NONE',  ( -1.982541115402065110E-16, 0.000000000000000000, -1.000000000000000000 ) ) ;
#899 = DIRECTION ( 'NONE',  ( 0.000000000000000000, -1.000000000000000000, 0.000000000000000000 ) ) ;
#900 = EDGE_CURVE ( 'NONE', #1692, #2465, #2402, .T. ) ;
#901 = DIRECTION ( 'NONE',  ( 0.000000000000000000, -1.000000000000000000, 0.000000000000000000 ) ) ;
#902 = EDGE_CURVE ( 'NONE', #2351, #1109, #1381, .T. ) ;
#903 = EDGE_LOOP ( 'NONE', ( #1773, #1498, #86, #1948, #2334 ) ) ;
#904 = DIRECTION ( 'NONE',  ( 0.000000000000000000, 0.000000000000000000, 1.000000000000000000 ) ) ;
#905 = DIRECTION ( 'NONE',  ( 0.000000000000000000, 1.000000000000000000, 0.000000000000000000 ) ) ;
#906 = CIRCLE ( 'NONE', #944, 3.499999999999996003 ) ;
#907 = EDGE_CURVE ( 'NONE', #263, #184, #1646, .T. ) ;
#908 = CARTESIAN_POINT ( 'NONE',  ( -23.50000000000000355, 10.75000000000000000, 37.00000000000000000 ) ) ;
#909 = DIRECTION ( 'NONE',  ( 1.000000000000000000, 0.000000000000000000, -1.982541115402065110E-16 ) ) ;
#910 = ORIENTED_EDGE ( 'NONE', *, *, #1770, .F. ) ;
#911 = VECTOR ( 'NONE', #1134, 1000.000000000000000 ) ;
#912 = DIRECTION ( 'NONE',  ( -1.000000000000000000, 0.000000000000000000, -9.912705577010325549E-17 ) ) ;
#913 = DIRECTION ( 'NONE',  ( 0.000000000000000000, -1.000000000000000000, 0.000000000000000000 ) ) ;
#914 = EDGE_LOOP ( 'NONE', ( #694, #1417, #1740, #1351, #1989, #9, #957, #988, #1661, #375, #334, #968 ) ) ;
#915 = VECTOR ( 'NONE', #2422, 1000.000000000000000 ) ;
#916 = PRESENTATION_STYLE_ASSIGNMENT (( #99 ) ) ;
#917 = AXIS2_PLACEMENT_3D ( 'NONE', #2469, #225, #71 ) ;
#918 = VECTOR ( 'NONE', #1907, 1000.000000000000000 ) ;
#919 = ORIENTED_EDGE ( 'NONE', *, *, #1403, .T. ) ;
#920 = CARTESIAN_POINT ( 'NONE',  ( 29.99999999999999645, 0.000000000000000000, 34.99999999999999289 ) ) ;
#921 = EDGE_CURVE ( 'NONE', #367, #2579, #1900, .T. ) ;
#922 = VERTEX_POINT ( 'NONE', #2443 ) ;
#923 = FACE_OUTER_BOUND ( 'NONE', #1892, .T. ) ;
#924 = CYLINDRICAL_SURFACE ( 'NONE', #2183, 1.000000000000000888 ) ;
#925 = LINE ( 'NONE', #682, #1236 ) ;
#926 = DIRECTION ( 'NONE',  ( 0.000000000000000000, 0.000000000000000000, -1.000000000000000000 ) ) ;
#927 = ORIENTED_EDGE ( 'NONE', *, *, #2075, .F. ) ;
#928 = VERTEX_POINT ( 'NONE', #635 ) ;
#929 = DIRECTION ( 'NONE',  ( -0.000000000000000000, 1.000000000000000000, -0.000000000000000000 ) ) ;
#930 = EDGE_LOOP ( 'NONE', ( #2562, #2453, #749, #1005 ) ) ;
#931 = FACE_BOUND ( 'NONE', #1348, .T. ) ;
#932 = ORIENTED_EDGE ( 'NONE', *, *, #823, .T. ) ;
#933 = CARTESIAN_POINT ( 'NONE',  ( 29.99999999999999645, 21.50000000000000000, 39.99999999999998579 ) ) ;
#934 = EDGE_CURVE ( 'NONE', #581, #1692, #1876, .T. ) ;
#935 = EDGE_CURVE ( 'NONE', #1728, #1402, #1484, .T. ) ;
#936 = DIRECTION ( 'NONE',  ( 0.000000000000000000, 0.000000000000000000, -1.000000000000000000 ) ) ;
#937 = CARTESIAN_POINT ( 'NONE',  ( -32.00000000000000000, 11.95000000000000284, -20.00000000000000355 ) ) ;
#938 = VERTEX_POINT ( 'NONE', #471 ) ;
#939 = CARTESIAN_POINT ( 'NONE',  ( 34.99999999999999289, 21.50000000000000000, 34.99999999999999289 ) ) ;
#940 = ORIENTED_EDGE ( 'NONE', *, *, #1947, .T. ) ;
#941 = CARTESIAN_POINT ( 'NONE',  ( -28.00000000000000355, 13.74999999999999822, 32.76393202250021375 ) ) ;
#942 = VERTEX_POINT ( 'NONE', #1282 ) ;
#943 = FACE_BOUND ( 'NONE', #2615, .T. ) ;
#944 = AXIS2_PLACEMENT_3D ( 'NONE', #123, #1174, #148 ) ;
#945 = DIRECTION ( 'NONE',  ( 0.000000000000000000, 0.000000000000000000, 1.000000000000000000 ) ) ;
#946 = DIRECTION ( 'NONE',  ( 0.000000000000000000, 0.000000000000000000, 1.000000000000000000 ) ) ;
#947 = EDGE_CURVE ( 'NONE', #108, #2564, #406, .T. ) ;
#948 = ORIENTED_EDGE ( 'NONE', *, *, #2504, .T. ) ;
#949 = ORIENTED_EDGE ( 'NONE', *, *, #2043, .T. ) ;
#950 = DIRECTION ( 'NONE',  ( 0.000000000000000000, 0.000000000000000000, -1.000000000000000000 ) ) ;
#951 = AXIS2_PLACEMENT_3D ( 'NONE', #2600, #2170, #1778 ) ;
#952 = AXIS2_PLACEMENT_3D ( 'NONE', #1209, #2208, #611 ) ;
#953 = EDGE_LOOP ( 'NONE', ( #565, #301 ) ) ;
#954 = DIRECTION ( 'NONE',  ( 0.000000000000000000, 0.000000000000000000, 1.000000000000000000 ) ) ;
#955 = CIRCLE ( 'NONE', #1768, 5.500000000000000000 ) ;
#956 = VERTEX_POINT ( 'NONE', #625 ) ;
#957 = ORIENTED_EDGE ( 'NONE', *, *, #1129, .F. ) ;
#958 = CARTESIAN_POINT ( 'NONE',  ( -33.49999999999999289, 11.95000000000000284, -14.50000000000000355 ) ) ;
#959 = CIRCLE ( 'NONE', #2530, 5.500000000000000000 ) ;
#960 = CARTESIAN_POINT ( 'NONE',  ( -30.00000000000000355, 0.000000000000000000, -35.00000000000000711 ) ) ;
#961 = CYLINDRICAL_SURFACE ( 'NONE', #1896, 5.500000000000000000 ) ;
#962 = VERTEX_POINT ( 'NONE', #37 ) ;
#963 = FACE_OUTER_BOUND ( 'NONE', #1138, .T. ) ;
#964 = EDGE_CURVE ( 'NONE', #1764, #2056, #2463, .T. ) ;
#965 = DIRECTION ( 'NONE',  ( 0.000000000000000000, 0.000000000000000000, 1.000000000000000000 ) ) ;
#966 = VERTEX_POINT ( 'NONE', #290 ) ;
#967 = LINE ( 'NONE', #1796, #1020 ) ;
#968 = ORIENTED_EDGE ( 'NONE', *, *, #2556, .F. ) ;
#969 = ORIENTED_EDGE ( 'NONE', *, *, #2134, .T. ) ;
#970 = DIRECTION ( 'NONE',  ( 0.000000000000000000, -1.000000000000000000, 0.000000000000000000 ) ) ;
#971 = DIRECTION ( 'NONE',  ( -0.000000000000000000, 0.000000000000000000, 1.000000000000000000 ) ) ;
#972 = CARTESIAN_POINT ( 'NONE',  ( 29.99999999999999645, 21.50000000000000000, 37.99999999999998579 ) ) ;
#973 = DIRECTION ( 'NONE',  ( 0.000000000000000000, 1.000000000000000000, 0.000000000000000000 ) ) ;
#974 = EDGE_LOOP ( 'NONE', ( #927, #1205, #1050, #195 ) ) ;
#975 = CARTESIAN_POINT ( 'NONE',  ( -30.00000000000000711, 21.50000000000000000, 35.00000000000000000 ) ) ;
#976 = CARTESIAN_POINT ( 'NONE',  ( -33.50000000000000000, 12.75000000000000000, 35.00000000000000000 ) ) ;
#977 = EDGE_CURVE ( 'NONE', #2026, #1135, #1940, .T. ) ;
#978 = VECTOR ( 'NONE', #877, 1000.000000000000000 ) ;
#979 = ORIENTED_EDGE ( 'NONE', *, *, #1934, .T. ) ;
#980 = CARTESIAN_POINT ( 'NONE',  ( -32.00000000000000000, 10.75000000000000000, -25.36749476012786175 ) ) ;
#981 = ORIENTED_EDGE ( 'NONE', *, *, #823, .F. ) ;
#982 = EDGE_CURVE ( 'NONE', #1766, #215, #2233, .T. ) ;
#983 = CARTESIAN_POINT ( 'NONE',  ( 34.99999999999999289, 10.75000000000000000, 36.99999999999998579 ) ) ;
#984 = DIRECTION ( 'NONE',  ( 0.000000000000000000, 0.000000000000000000, -1.000000000000000000 ) ) ;
#985 = DIRECTION ( 'NONE',  ( -0.000000000000000000, -1.000000000000000000, -0.000000000000000000 ) ) ;
#986 = DIRECTION ( 'NONE',  ( -1.000000000000000000, -0.000000000000000000, -0.000000000000000000 ) ) ;
#987 = ORIENTED_EDGE ( 'NONE', *, *, #672, .F. ) ;
#988 = ORIENTED_EDGE ( 'NONE', *, *, #1321, .T. ) ;
#989 = CARTESIAN_POINT ( 'NONE',  ( 29.99999999999999645, 0.000000000000000000, 34.99999999999999289 ) ) ;
#990 = VERTEX_POINT ( 'NONE', #1299 ) ;
#991 = LINE ( 'NONE', #1595, #1452 ) ;
#992 = AXIS2_PLACEMENT_3D ( 'NONE', #508, #273, #1510 ) ;
#993 = ORIENTED_EDGE ( 'NONE', *, *, #887, .T. ) ;
#994 = VECTOR ( 'NONE', #2500, 1000.000000000000000 ) ;
#995 = ORIENTED_EDGE ( 'NONE', *, *, #2425, .T. ) ;
#996 = FACE_OUTER_BOUND ( 'NONE', #2126, .T. ) ;
#997 = EDGE_CURVE ( 'NONE', #1382, #2095, #115, .T. ) ;
#998 = VECTOR ( 'NONE', #426, 1000.000000000000000 ) ;
#999 = AXIS2_PLACEMENT_3D ( 'NONE', #1233, #421, #2099 ) ;
#1000 =( GEOMETRIC_REPRESENTATION_CONTEXT ( 3 ) GLOBAL_UNCERTAINTY_ASSIGNED_CONTEXT ( ( #1292 ) ) GLOBAL_UNIT_ASSIGNED_CONTEXT ( ( #2541, #1139, #2310 ) ) REPRESENTATION_CONTEXT ( 'NONE', 'WORKASPACE' ) );
#1001 = CARTESIAN_POINT ( 'NONE',  ( 16.00000000000000711, 11.95000000000000284, 36.99999999999999289 ) ) ;
#1002 = FACE_OUTER_BOUND ( 'NONE', #1605, .T. ) ;
#1003 = EDGE_CURVE ( 'NONE', #34, #1151, #889, .T. ) ;
#1004 = CARTESIAN_POINT ( 'NONE',  ( -25.00000000000000355, 10.75000000000000000, 37.00000000000000000 ) ) ;
#1005 = ORIENTED_EDGE ( 'NONE', *, *, #734, .T. ) ;
#1006 = VERTEX_POINT ( 'NONE', #1524 ) ;
#1007 = LINE ( 'NONE', #2, #1123 ) ;
#1008 = ORIENTED_EDGE ( 'NONE', *, *, #2507, .F. ) ;
#1009 = PLANE ( 'NONE',  #952 ) ;
#1010 = VERTEX_POINT ( 'NONE', #128 ) ;
#1011 = CARTESIAN_POINT ( 'NONE',  ( -30.00000000000000355, 10.75000000000000000, -30.00000000000001421 ) ) ;
#1012 = EDGE_CURVE ( 'NONE', #2564, #1467, #1497, .T. ) ;
#1013 = FACE_OUTER_BOUND ( 'NONE', #2373, .T. ) ;
#1014 = CARTESIAN_POINT ( 'NONE',  ( -33.50000000000000000, 12.75000000000000000, 35.00000000000000000 ) ) ;
#1015 = VERTEX_POINT ( 'NONE', #2335 ) ;
#1016 = EDGE_CURVE ( 'NONE', #1518, #2011, #2323, .T. ) ;
#1017 = CARTESIAN_POINT ( 'NONE',  ( -30.00000000000000355, 13.74999999999999822, -35.00000000000000711 ) ) ;
#1018 = PLANE ( 'NONE',  #2392 ) ;
#1019 = LINE ( 'NONE', #1566, #804 ) ;
#1020 = VECTOR ( 'NONE', #2622, 1000.000000000000000 ) ;
#1021 = VERTEX_POINT ( 'NONE', #2135 ) ;
#1022 = CARTESIAN_POINT ( 'NONE',  ( 34.99999999999999289, 18.50000000000000000, 36.99999999999998579 ) ) ;
#1023 = DIRECTION ( 'NONE',  ( -0.000000000000000000, 1.000000000000000000, -0.000000000000000000 ) ) ;
#1024 = CARTESIAN_POINT ( 'NONE',  ( -25.00000000000000355, 18.50000000000000000, 34.99999999999999289 ) ) ;
#1025 = ORIENTED_EDGE ( 'NONE', *, *, #887, .F. ) ;
#1026 = CARTESIAN_POINT ( 'NONE',  ( 5.999999999999996447, -28.29484601070928207, 31.99999999999999289 ) ) ;
#1027 = CARTESIAN_POINT ( 'NONE',  ( 10.49999999999999467, 5.749999999999999112, 36.79999999999999005 ) ) ;
#1028 = EDGE_CURVE ( 'NONE', #1792, #1382, #2149, .T. ) ;
#1029 = CARTESIAN_POINT ( 'NONE',  ( -33.49999999999999289, 11.95000000000000284, -25.50000000000000355 ) ) ;
#1030 = VECTOR ( 'NONE', #2401, 1000.000000000000000 ) ;
#1031 = EDGE_LOOP ( 'NONE', ( #2176, #1414 ) ) ;
#1032 = DIRECTION ( 'NONE',  ( -0.000000000000000000, -0.000000000000000000, 1.000000000000000000 ) ) ;
#1033 = LINE ( 'NONE', #1857, #1592 ) ;
#1034 = VECTOR ( 'NONE', #2032, 1000.000000000000000 ) ;
#1035 = DIRECTION ( 'NONE',  ( -1.000000000000000000, 0.000000000000000000, 1.982541115402065110E-16 ) ) ;
#1036 = ORIENTED_EDGE ( 'NONE', *, *, #1332, .F. ) ;
#1037 = AXIS2_PLACEMENT_3D ( 'NONE', #2287, #1057, #828 ) ;
#1038 = AXIS2_PLACEMENT_3D ( 'NONE', #1633, #1688, #1863 ) ;
#1039 = CYLINDRICAL_SURFACE ( 'NONE', #1752, 1.000000000000000888 ) ;
#1040 = DIRECTION ( 'NONE',  ( -1.000000000000000000, 0.000000000000000000, 0.000000000000000000 ) ) ;
#1041 = EDGE_CURVE ( 'NONE', #454, #2095, #1095, .T. ) ;
#1042 = DIRECTION ( 'NONE',  ( 1.000000000000000000, 0.000000000000000000, 0.000000000000000000 ) ) ;
#1043 = EDGE_CURVE ( 'NONE', #867, #1291, #1121, .T. ) ;
#1044 = ORIENTED_EDGE ( 'NONE', *, *, #2043, .F. ) ;
#1045 = FACE_OUTER_BOUND ( 'NONE', #271, .T. ) ;
#1046 = CARTESIAN_POINT ( 'NONE',  ( -30.00000000000000711, 18.50000000000000000, 35.00000000000000000 ) ) ;
#1047 = VERTEX_POINT ( 'NONE', #939 ) ;
#1048 = DIRECTION ( 'NONE',  ( -1.000000000000000000, 0.000000000000000000, -0.000000000000000000 ) ) ;
#1049 = DIRECTION ( 'NONE',  ( 0.000000000000000000, -1.000000000000000000, 0.000000000000000000 ) ) ;
#1050 = ORIENTED_EDGE ( 'NONE', *, *, #1016, .T. ) ;
#1051 = DIRECTION ( 'NONE',  ( -0.000000000000000000, 1.000000000000000000, -0.000000000000000000 ) ) ;
#1052 = LINE ( 'NONE', #2244, #1933 ) ;
#1053 = CIRCLE ( 'NONE', #809, 3.000000000000002665 ) ;
#1054 = LINE ( 'NONE', #461, #702 ) ;
#1055 = EDGE_CURVE ( 'NONE', #1076, #1654, #1512, .T. ) ;
#1056 = ORIENTED_EDGE ( 'NONE', *, *, #1043, .F. ) ;
#1057 = DIRECTION ( 'NONE',  ( -1.982541115402065110E-16, 0.000000000000000000, -1.000000000000000000 ) ) ;
#1058 = LINE ( 'NONE', #80, #1789 ) ;
#1059 = EDGE_CURVE ( 'NONE', #867, #2196, #1251, .T. ) ;
#1060 = ORIENTED_EDGE ( 'NONE', *, *, #251, .T. ) ;
#1061 = PLANE ( 'NONE',  #25 ) ;
#1062 = DIRECTION ( 'NONE',  ( 0.000000000000000000, 0.000000000000000000, -1.000000000000000000 ) ) ;
#1063 = ORIENTED_EDGE ( 'NONE', *, *, #204, .T. ) ;
#1064 = DIRECTION ( 'NONE',  ( -1.000000000000000000, 0.000000000000000000, 0.000000000000000000 ) ) ;
#1065 = CARTESIAN_POINT ( 'NONE',  ( 31.99999999999999289, 10.75000000000000000, 39.99999999999998579 ) ) ;
#1066 = CIRCLE ( 'NONE', #2427, 1.000000000000000888 ) ;
#1067 = CARTESIAN_POINT ( 'NONE',  ( 29.99999999999999645, 10.75000000000000000, 34.99999999999999289 ) ) ;
#1068 = ORIENTED_EDGE ( 'NONE', *, *, #852, .F. ) ;
#1069 = DIRECTION ( 'NONE',  ( -1.000000000000000000, -0.000000000000000000, -0.000000000000000000 ) ) ;
#1070 = CARTESIAN_POINT ( 'NONE',  ( 29.99999999999999645, 21.50000000000000000, 34.99999999999999289 ) ) ;
#1071 = CARTESIAN_POINT ( 'NONE',  ( 6.000000000000001776, 10.75000000000000000, 38.49999999999999289 ) ) ;
#1072 = EDGE_CURVE ( 'NONE', #2031, #2351, #1928, .T. ) ;
#1073 = APPLICATION_CONTEXT ( 'automotive_design' ) ;
#1074 = DIRECTION ( 'NONE',  ( -0.000000000000000000, 1.000000000000000000, -0.000000000000000000 ) ) ;
#1075 = AXIS2_PLACEMENT_3D ( 'NONE', #658, #408, #233 ) ;
#1076 = VERTEX_POINT ( 'NONE', #498 ) ;
#1077 = CARTESIAN_POINT ( 'NONE',  ( -30.00000000000001066, 10.75000000000000000, -38.50000000000000711 ) ) ;
#1078 = CARTESIAN_POINT ( 'NONE',  ( 29.99999999999999645, 21.50000000000000000, -40.00000000000000711 ) ) ;
#1079 = VECTOR ( 'NONE', #2367, 1000.000000000000000 ) ;
#1080 = AXIS2_PLACEMENT_3D ( 'NONE', #1067, #2269, #2076 ) ;
#1081 = VECTOR ( 'NONE', #500, 1000.000000000000000 ) ;
#1082 = AXIS2_PLACEMENT_3D ( 'NONE', #689, #704, #90 ) ;
#1083 = DIRECTION ( 'NONE',  ( -1.000000000000000000, 0.000000000000000000, 0.000000000000000000 ) ) ;
#1084 = ORIENTED_EDGE ( 'NONE', *, *, #1176, .F. ) ;
#1085 = DIRECTION ( 'NONE',  ( 1.982541115402065110E-16, 0.000000000000000000, 1.000000000000000000 ) ) ;
#1086 = MANIFOLD_SOLID_BREP ( 'Boss-Extrude5', #1352 ) ;
#1087 = CARTESIAN_POINT ( 'NONE',  ( 7.499999999999996447, 5.749999999999999112, 34.99999999999999289 ) ) ;
#1088 = DIRECTION ( 'NONE',  ( 0.000000000000000000, 0.000000000000000000, -1.000000000000000000 ) ) ;
#1089 = ADVANCED_FACE ( 'NONE', ( #552 ), #330, .T. ) ;
#1090 = EDGE_LOOP ( 'NONE', ( #1486, #1225, #197, #1569 ) ) ;
#1091 = LINE ( 'NONE', #1481, #560 ) ;
#1092 = CARTESIAN_POINT ( 'NONE',  ( 16.00000000000000711, 11.95000000000000284, 38.49999999999999289 ) ) ;
#1093 = EDGE_CURVE ( 'NONE', #386, #1319, #596, .T. ) ;
#1094 = ORIENTED_EDGE ( 'NONE', *, *, #654, .F. ) ;
#1095 = LINE ( 'NONE', #1917, #1810 ) ;
#1096 = VERTEX_POINT ( 'NONE', #1360 ) ;
#1097 = LINE ( 'NONE', #131, #1656 ) ;
#1098 = CARTESIAN_POINT ( 'NONE',  ( -32.00000000000000000, 18.50000000000000000, 40.00000000000000000 ) ) ;
#1099 = VECTOR ( 'NONE', #1085, 1000.000000000000000 ) ;
#1100 = ORIENTED_EDGE ( 'NONE', *, *, #1534, .T. ) ;
#1101 = CARTESIAN_POINT ( 'NONE',  ( -33.49999999999999289, 11.95000000000000284, -20.00000000000000355 ) ) ;
#1102 = CARTESIAN_POINT ( 'NONE',  ( 29.99999999999999645, 10.75000000000000000, 34.99999999999999289 ) ) ;
#1103 = EDGE_LOOP ( 'NONE', ( #1616, #52, #2552, #58, #2283, #2523, #178, #252, #572, #1878, #2596, #539, #1428, #1902, #2086, #1629, #1431, #2216, #969, #381 ) ) ;
#1104 = EDGE_LOOP ( 'NONE', ( #1515, #304, #2582, #2189 ) ) ;
#1105 = EDGE_CURVE ( 'NONE', #1840, #2592, #448, .T. ) ;
#1106 = DIRECTION ( 'NONE',  ( 0.000000000000000000, 0.000000000000000000, -1.000000000000000000 ) ) ;
#1107 = VECTOR ( 'NONE', #112, 1000.000000000000000 ) ;
#1108 = VECTOR ( 'NONE', #1145, 1000.000000000000000 ) ;
#1109 = VERTEX_POINT ( 'NONE', #2372 ) ;
#1110 = CARTESIAN_POINT ( 'NONE',  ( -25.00000000000000000, 11.95000000000000284, -20.00000000000000355 ) ) ;
#1111 = FACE_OUTER_BOUND ( 'NONE', #1577, .T. ) ;
#1112 = ORIENTED_EDGE ( 'NONE', *, *, #1741, .F. ) ;
#1113 = LINE ( 'NONE', #120, #1168 ) ;
#1114 = CARTESIAN_POINT ( 'NONE',  ( -30.00000000000000355, 13.74999999999999822, -35.00000000000000711 ) ) ;
#1115 = VECTOR ( 'NONE', #483, 1000.000000000000000 ) ;
#1116 = DIRECTION ( 'NONE',  ( 0.000000000000000000, 1.000000000000000000, 0.000000000000000000 ) ) ;
#1117 = CARTESIAN_POINT ( 'NONE',  ( 29.99999999999999645, 12.75000000000000000, 38.49999999999998579 ) ) ;
#1118 = AXIS2_PLACEMENT_3D ( 'NONE', #2605, #2012, #1609 ) ;
#1119 = ORIENTED_EDGE ( 'NONE', *, *, #2429, .F. ) ;
#1120 = AXIS2_PLACEMENT_3D ( 'NONE', #1628, #642, #2226 ) ;
#1121 = LINE ( 'NONE', #1944, #487 ) ;
#1122 = VECTOR ( 'NONE', #1516, 1000.000000000000000 ) ;
#1123 = VECTOR ( 'NONE', #1404, 1000.000000000000000 ) ;
#1124 = ADVANCED_FACE ( 'NONE', ( #1619 ), #1996, .F. ) ;
#1125 = CIRCLE ( 'NONE', #1037, 4.999999999999997335 ) ;
#1126 = ORIENTED_EDGE ( 'NONE', *, *, #2577, .F. ) ;
#1127 = PLANE ( 'NONE',  #1082 ) ;
#1128 = CARTESIAN_POINT ( 'NONE',  ( 29.99999999999999645, 10.75000000000000000, 38.49999999999998579 ) ) ;
#1129 = EDGE_CURVE ( 'NONE', #529, #1660, #1726, .T. ) ;
#1130 = VERTEX_POINT ( 'NONE', #1767 ) ;
#1131 = DIRECTION ( 'NONE',  ( -0.000000000000000000, 1.000000000000000000, -0.000000000000000000 ) ) ;
#1132 = LINE ( 'NONE', #94, #994 ) ;
#1133 = DIRECTION ( 'NONE',  ( 0.000000000000000000, 1.000000000000000000, 0.000000000000000000 ) ) ;
#1134 = DIRECTION ( 'NONE',  ( 0.000000000000000000, -1.000000000000000000, 0.000000000000000000 ) ) ;
#1135 = VERTEX_POINT ( 'NONE', #2385 ) ;
#1136 = VERTEX_POINT ( 'NONE', #1983 ) ;
#1137 = FILL_AREA_STYLE_COLOUR ( '', #1511 ) ;
#1138 = EDGE_LOOP ( 'NONE', ( #200, #2247, #2155, #1094 ) ) ;
#1139 =( NAMED_UNIT ( * ) PLANE_ANGLE_UNIT ( ) SI_UNIT ( $, .RADIAN. ) );
#1140 = FACE_OUTER_BOUND ( 'NONE', #2006, .T. ) ;
#1141 = EDGE_CURVE ( 'NONE', #199, #78, #875, .T. ) ;
#1142 = ORIENTED_EDGE ( 'NONE', *, *, #997, .T. ) ;
#1143 = DIRECTION ( 'NONE',  ( -0.000000000000000000, 1.000000000000000000, -0.000000000000000000 ) ) ;
#1144 = EDGE_CURVE ( 'NONE', #2579, #367, #787, .T. ) ;
#1145 = DIRECTION ( 'NONE',  ( -0.000000000000000000, 1.000000000000000000, -0.000000000000000000 ) ) ;
#1146 = EDGE_CURVE ( 'NONE', #1844, #2324, #2442, .T. ) ;
#1147 = CARTESIAN_POINT ( 'NONE',  ( -30.00000000000000355, 18.50000000000000000, -35.00000000000000711 ) ) ;
#1148 = EDGE_LOOP ( 'NONE', ( #2406, #1908, #1621, #2160 ) ) ;
#1149 = ORIENTED_EDGE ( 'NONE', *, *, #2154, .T. ) ;
#1150 = CYLINDRICAL_SURFACE ( 'NONE', #2272, 4.999999999999997335 ) ;
#1151 = VERTEX_POINT ( 'NONE', #566 ) ;
#1152 = DIRECTION ( 'NONE',  ( -0.000000000000000000, 1.000000000000000000, -0.000000000000000000 ) ) ;
#1153 = ORIENTED_EDGE ( 'NONE', *, *, #492, .F. ) ;
#1154 = ORIENTED_EDGE ( 'NONE', *, *, #122, .F. ) ;
#1155 = DIRECTION ( 'NONE',  ( 0.000000000000000000, 0.000000000000000000, -1.000000000000000000 ) ) ;
#1156 = ADVANCED_FACE ( 'NONE', ( #1575 ), #1150, .T. ) ;
#1157 = CARTESIAN_POINT ( 'NONE',  ( 7.500000000000000000, 5.749999999999999112, 36.79999999999999005 ) ) ;
#1158 = CARTESIAN_POINT ( 'NONE',  ( -30.00000000000000711, 0.000000000000000000, 35.00000000000000000 ) ) ;
#1159 = EDGE_LOOP ( 'NONE', ( #2495, #919, #479, #768, #750, #1674, #98, #1972, #1303, #1423 ) ) ;
#1160 = EDGE_CURVE ( 'NONE', #2594, #1181, #1639, .T. ) ;
#1161 = AXIS2_PLACEMENT_3D ( 'NONE', #1242, #249, #1470 ) ;
#1162 = CARTESIAN_POINT ( 'NONE',  ( 11.06441492829878293, 12.75000000000000000, 29.99999999999999289 ) ) ;
#1163 = DIRECTION ( 'NONE',  ( 0.000000000000000000, 0.000000000000000000, -1.000000000000000000 ) ) ;
#1164 = CIRCLE ( 'NONE', #1505, 3.499999999999996003 ) ;
#1165 = VECTOR ( 'NONE', #2378, 1000.000000000000000 ) ;
#1166 = VERTEX_POINT ( 'NONE', #607 ) ;
#1167 = DIRECTION ( 'NONE',  ( -0.000000000000000000, -1.000000000000000000, -0.000000000000000000 ) ) ;
#1168 = VECTOR ( 'NONE', #1936, 1000.000000000000000 ) ;
#1169 = AXIS2_PLACEMENT_3D ( 'NONE', #727, #901, #1956 ) ;
#1170 = ORIENTED_EDGE ( 'NONE', *, *, #1849, .T. ) ;
#1171 = ORIENTED_EDGE ( 'NONE', *, *, #1318, .T. ) ;
#1172 = FACE_OUTER_BOUND ( 'NONE', #1309, .T. ) ;
#1173 = CARTESIAN_POINT ( 'NONE',  ( 29.99999999999999645, 10.75000000000000000, 34.99999999999999289 ) ) ;
#1174 = DIRECTION ( 'NONE',  ( 0.000000000000000000, -1.000000000000000000, 0.000000000000000000 ) ) ;
#1175 = CARTESIAN_POINT ( 'NONE',  ( -25.00000000000000355, 10.75000000000000000, 34.99999999999999289 ) ) ;
#1176 = EDGE_CURVE ( 'NONE', #206, #612, #1007, .T. ) ;
#1177 = EDGE_LOOP ( 'NONE', ( #1401, #2376, #1911, #1624, #2030, #1100 ) ) ;
#1178 = DIRECTION ( 'NONE',  ( 0.000000000000000000, 0.000000000000000000, 1.000000000000000000 ) ) ;
#1179 = DIRECTION ( 'NONE',  ( 0.000000000000000000, 0.000000000000000000, -1.000000000000000000 ) ) ;
#1180 = EDGE_CURVE ( 'NONE', #1405, #311, #777, .T. ) ;
#1181 = VERTEX_POINT ( 'NONE', #976 ) ;
#1182 = DIRECTION ( 'NONE',  ( -0.000000000000000000, 1.000000000000000000, -0.000000000000000000 ) ) ;
#1183 = EDGE_LOOP ( 'NONE', ( #981, #1213, #352, #2508 ) ) ;
#1184 = ORIENTED_EDGE ( 'NONE', *, *, #1043, .T. ) ;
#1185 = LINE ( 'NONE', #815, #146 ) ;
#1186 = EDGE_CURVE ( 'NONE', #2586, #2592, #1416, .T. ) ;
#1187 = CARTESIAN_POINT ( 'NONE',  ( -23.50000000000000355, -28.29484601070928207, 34.99999999999999289 ) ) ;
#1188 = VECTOR ( 'NONE', #216, 1000.000000000000000 ) ;
#1189 = CARTESIAN_POINT ( 'NONE',  ( -3.469446951953614189E-15, 12.75000000000000000, -3.469446951953614189E-15 ) ) ;
#1190 = LINE ( 'NONE', #379, #780 ) ;
#1191 = ORIENTED_EDGE ( 'NONE', *, *, #395, .T. ) ;
#1192 = ORIENTED_EDGE ( 'NONE', *, *, #2626, .T. ) ;
#1193 = DIRECTION ( 'NONE',  ( 1.000000000000000000, 0.000000000000000000, 0.000000000000000000 ) ) ;
#1194 = EDGE_CURVE ( 'NONE', #2383, #2388, #1392, .T. ) ;
#1195 = ORIENTED_EDGE ( 'NONE', *, *, #412, .F. ) ;
#1196 = CARTESIAN_POINT ( 'NONE',  ( -30.00000000000000711, 13.74999999999999822, 35.00000000000000000 ) ) ;
#1197 = ORIENTED_EDGE ( 'NONE', *, *, #446, .F. ) ;
#1198 = ADVANCED_FACE ( 'NONE', ( #751 ), #1968, .F. ) ;
#1199 = ORIENTED_EDGE ( 'NONE', *, *, #2009, .T. ) ;
#1200 = LINE ( 'NONE', #983, #234 ) ;
#1201 = VECTOR ( 'NONE', #537, 1000.000000000000000 ) ;
#1202 = DIRECTION ( 'NONE',  ( 1.000000000000000000, 0.000000000000000000, -1.734723475976805319E-15 ) ) ;
#1203 = DIRECTION ( 'NONE',  ( 0.000000000000000000, 0.000000000000000000, 1.000000000000000000 ) ) ;
#1204 = CARTESIAN_POINT ( 'NONE',  ( -30.00000000000000355, 10.75000000000000000, -35.00000000000000711 ) ) ;
#1205 = ORIENTED_EDGE ( 'NONE', *, *, #370, .F. ) ;
#1206 = CARTESIAN_POINT ( 'NONE',  ( 29.99999999999999645, 10.75000000000000000, -35.00000000000000711 ) ) ;
#1207 = CARTESIAN_POINT ( 'NONE',  ( -30.00000000000000711, 10.75000000000000000, 35.00000000000000000 ) ) ;
#1208 = EDGE_LOOP ( 'NONE', ( #546, #167 ) ) ;
#1209 = CARTESIAN_POINT ( 'NONE',  ( -35.01000000000000512, 10.75000000000000000, 39.99999999999998579 ) ) ;
#1210 = VECTOR ( 'NONE', #748, 1000.000000000000000 ) ;
#1211 = EDGE_CURVE ( 'NONE', #119, #48, #1458, .T. ) ;
#1212 = VECTOR ( 'NONE', #652, 1000.000000000000000 ) ;
#1213 = ORIENTED_EDGE ( 'NONE', *, *, #1914, .T. ) ;
#1214 = CARTESIAN_POINT ( 'NONE',  ( 29.99999999999999645, 13.74999999999999822, -36.00000000000001421 ) ) ;
#1215 = VECTOR ( 'NONE', #1367, 1000.000000000000000 ) ;
#1216 = AXIS2_PLACEMENT_3D ( 'NONE', #2051, #28, #1270 ) ;
#1217 = EDGE_CURVE ( 'NONE', #632, #540, #673, .T. ) ;
#1218 = VECTOR ( 'NONE', #2116, 1000.000000000000000 ) ;
#1219 = CARTESIAN_POINT ( 'NONE',  ( 10.49999999999999467, 5.749999999999999112, 36.79999999999999005 ) ) ;
#1220 = DIRECTION ( 'NONE',  ( 0.000000000000000000, 0.000000000000000000, 1.000000000000000000 ) ) ;
#1221 = VERTEX_POINT ( 'NONE', #1874 ) ;
#1222 = CARTESIAN_POINT ( 'NONE',  ( 6.000000000000000000, 4.749999999999999112, 46.99999999999999289 ) ) ;
#1223 = DIRECTION ( 'NONE',  ( 0.000000000000000000, 0.000000000000000000, 1.000000000000000000 ) ) ;
#1224 = DIRECTION ( 'NONE',  ( -0.000000000000000000, 1.000000000000000000, -0.000000000000000000 ) ) ;
#1225 = ORIENTED_EDGE ( 'NONE', *, *, #907, .F. ) ;
#1226 = CARTESIAN_POINT ( 'NONE',  ( 29.99999999999999645, 13.74999999999999822, 34.99999999999999289 ) ) ;
#1227 = CARTESIAN_POINT ( 'NONE',  ( 31.99999999999999289, 0.000000000000000000, 30.41742430504414685 ) ) ;
#1228 = EDGE_CURVE ( 'NONE', #3, #670, #2282, .T. ) ;
#1229 = CARTESIAN_POINT ( 'NONE',  ( 29.99999999999999645, 10.75000000000000000, -34.00000000000000711 ) ) ;
#1230 = ORIENTED_EDGE ( 'NONE', *, *, #1632, .F. ) ;
#1231 = CARTESIAN_POINT ( 'NONE',  ( 29.99999999999999645, 13.74999999999999822, 37.99999999999998579 ) ) ;
#1232 = CARTESIAN_POINT ( 'NONE',  ( 29.99999999999999645, 21.50000000000000000, -40.00000000000000711 ) ) ;
#1233 = CARTESIAN_POINT ( 'NONE',  ( -30.00000000000000711, 21.50000000000000000, 35.00000000000000000 ) ) ;
#1234 = ORIENTED_EDGE ( 'NONE', *, *, #2492, .F. ) ;
#1235 = CARTESIAN_POINT ( 'NONE',  ( 7.500000000000000000, 5.749999999999999112, 36.79999999999999005 ) ) ;
#1236 = VECTOR ( 'NONE', #2131, 1000.000000000000000 ) ;
#1237 = DIRECTION ( 'NONE',  ( 0.000000000000000000, 1.000000000000000000, 0.000000000000000000 ) ) ;
#1238 = DIRECTION ( 'NONE',  ( -0.000000000000000000, 1.000000000000000000, -0.000000000000000000 ) ) ;
#1239 = ADVANCED_FACE ( 'NONE', ( #431 ), #1837, .T. ) ;
#1240 = VERTEX_POINT ( 'NONE', #1269 ) ;
#1241 = FACE_OUTER_BOUND ( 'NONE', #1287, .T. ) ;
#1242 = CARTESIAN_POINT ( 'NONE',  ( -30.00000000000001066, 12.75000000000000000, -38.50000000000000711 ) ) ;
#1243 = LINE ( 'NONE', #862, #978 ) ;
#1244 = CIRCLE ( 'NONE', #2610, 4.999999999999997335 ) ;
#1245 = ORIENTED_EDGE ( 'NONE', *, *, #1751, .F. ) ;
#1246 = FACE_OUTER_BOUND ( 'NONE', #1159, .T. ) ;
#1247 = LINE ( 'NONE', #2067, #1533 ) ;
#1248 = AXIS2_PLACEMENT_3D ( 'NONE', #1426, #2433, #772 ) ;
#1249 = CARTESIAN_POINT ( 'NONE',  ( 34.99999999999999289, 21.50000000000000000, 39.99999999999998579 ) ) ;
#1250 = VECTOR ( 'NONE', #325, 1000.000000000000000 ) ;
#1251 = CIRCLE ( 'NONE', #1769, 3.000000000000002665 ) ;
#1252 = DIRECTION ( 'NONE',  ( 0.000000000000000000, 0.000000000000000000, 1.000000000000000000 ) ) ;
#1253 = ORIENTED_EDGE ( 'NONE', *, *, #1194, .F. ) ;
#1254 = AXIS2_PLACEMENT_3D ( 'NONE', #2446, #2102, #628 ) ;
#1255 = VECTOR ( 'NONE', #526, 1000.000000000000000 ) ;
#1256 = DIRECTION ( 'NONE',  ( 0.000000000000000000, -1.000000000000000000, 0.000000000000000000 ) ) ;
#1257 = EDGE_CURVE ( 'NONE', #612, #2196, #261, .T. ) ;
#1258 = LINE ( 'NONE', #821, #315 ) ;
#1259 = EDGE_CURVE ( 'NONE', #685, #442, #623, .T. ) ;
#1260 = PLANE ( 'NONE',  #1263 ) ;
#1261 = ORIENTED_EDGE ( 'NONE', *, *, #2394, .T. ) ;
#1262 = DIRECTION ( 'NONE',  ( -0.000000000000000000, 1.000000000000000000, -0.000000000000000000 ) ) ;
#1263 = AXIS2_PLACEMENT_3D ( 'NONE', #2477, #2061, #1457 ) ;
#1264 = CARTESIAN_POINT ( 'NONE',  ( -30.00000000000000355, 18.50000000000000000, -35.00000000000000711 ) ) ;
#1265 = FACE_OUTER_BOUND ( 'NONE', #2412, .T. ) ;
#1266 = LINE ( 'NONE', #1858, #23 ) ;
#1267 = ORIENTED_EDGE ( 'NONE', *, *, #661, .F. ) ;
#1268 = DIRECTION ( 'NONE',  ( 1.000000000000000000, 0.000000000000000000, 0.000000000000000000 ) ) ;
#1269 = CARTESIAN_POINT ( 'NONE',  ( -33.50000000000000000, 10.75000000000000000, -25.36749476012786175 ) ) ;
#1270 = DIRECTION ( 'NONE',  ( 0.000000000000000000, 0.000000000000000000, -1.000000000000000000 ) ) ;
#1271 = ADVANCED_FACE ( 'NONE', ( #1631 ), #1018, .F. ) ;
#1272 = ORIENTED_EDGE ( 'NONE', *, *, #134, .T. ) ;
#1273 = DIRECTION ( 'NONE',  ( -0.000000000000000000, 1.000000000000000000, -0.000000000000000000 ) ) ;
#1274 = DIRECTION ( 'NONE',  ( -0.000000000000000000, -1.000000000000000000, -0.000000000000000000 ) ) ;
#1275 = EDGE_CURVE ( 'NONE', #2056, #1492, #1482, .T. ) ;
#1276 = DIRECTION ( 'NONE',  ( 1.000000000000000000, 0.000000000000000000, 0.000000000000000000 ) ) ;
#1277 = FACE_OUTER_BOUND ( 'NONE', #1538, .T. ) ;
#1278 = ORIENTED_EDGE ( 'NONE', *, *, #964, .F. ) ;
#1279 = DIRECTION ( 'NONE',  ( 0.000000000000000000, 0.000000000000000000, 1.000000000000000000 ) ) ;
#1280 = FACE_OUTER_BOUND ( 'NONE', #903, .T. ) ;
#1281 = AXIS2_PLACEMENT_3D ( 'NONE', #2184, #1371, #945 ) ;
#1282 = CARTESIAN_POINT ( 'NONE',  ( 34.99999999999999289, 12.75000000000000000, -35.00000000000000711 ) ) ;
#1283 = ORIENTED_EDGE ( 'NONE', *, *, #1275, .T. ) ;
#1284 = DIRECTION ( 'NONE',  ( 1.000000000000000000, 0.000000000000000000, -1.982541115402065110E-16 ) ) ;
#1285 = CARTESIAN_POINT ( 'NONE',  ( 34.99999999999999289, 21.50000000000000000, -40.00000000000000711 ) ) ;
#1286 = EDGE_CURVE ( 'NONE', #1405, #1021, #61, .T. ) ;
#1287 = EDGE_LOOP ( 'NONE', ( #624, #280, #5, #728 ) ) ;
#1288 = CARTESIAN_POINT ( 'NONE',  ( -32.00000000000000000, 18.50000000000000000, -30.41742430504417172 ) ) ;
#1289 = EDGE_CURVE ( 'NONE', #1130, #1382, #1258, .T. ) ;
#1290 = FACE_OUTER_BOUND ( 'NONE', #1795, .T. ) ;
#1291 = VERTEX_POINT ( 'NONE', #2074 ) ;
#1292 = UNCERTAINTY_MEASURE_WITH_UNIT (LENGTH_MEASURE( 1.000000000000000082E-05 ), #2541, 'distance_accuracy_value', 'NONE');
#1293 = VECTOR ( 'NONE', #580, 1000.000000000000000 ) ;
#1294 = LINE ( 'NONE', #1941, #1107 ) ;
#1295 = DIRECTION ( 'NONE',  ( 2.312964634635743450E-16, -0.000000000000000000, 1.000000000000000000 ) ) ;
#1296 = AXIS2_PLACEMENT_3D ( 'NONE', #1717, #2512, #2129 ) ;
#1297 = AXIS2_PLACEMENT_3D ( 'NONE', #2173, #2414, #1824 ) ;
#1298 = VECTOR ( 'NONE', #1273, 1000.000000000000000 ) ;
#1299 = CARTESIAN_POINT ( 'NONE',  ( 5.999999999999996447, 18.50000000000000000, 31.99999999999999289 ) ) ;
#1300 = VERTEX_POINT ( 'NONE', #1430 ) ;
#1301 = CARTESIAN_POINT ( 'NONE',  ( -30.00000000000000711, 21.50000000000000000, 32.00000000000000000 ) ) ;
#1302 = CYLINDRICAL_SURFACE ( 'NONE', #2320, 4.999999999999993783 ) ;
#1303 = ORIENTED_EDGE ( 'NONE', *, *, #890, .F. ) ;
#1304 = CARTESIAN_POINT ( 'NONE',  ( 29.99999999999999645, 12.75000000000000000, 38.49999999999998579 ) ) ;
#1305 = ORIENTED_EDGE ( 'NONE', *, *, #251, .F. ) ;
#1306 = EDGE_CURVE ( 'NONE', #1021, #1549, #1052, .T. ) ;
#1307 = DIRECTION ( 'NONE',  ( 1.000000000000000000, -0.000000000000000000, 0.000000000000000000 ) ) ;
#1308 = CARTESIAN_POINT ( 'NONE',  ( 29.99999999999999645, 10.75000000000000000, -35.00000000000000711 ) ) ;
#1309 = EDGE_LOOP ( 'NONE', ( #152, #511, #542, #2359 ) ) ;
#1310 = FILL_AREA_STYLE ('',( #1137 ) ) ;
#1311 = ORIENTED_EDGE ( 'NONE', *, *, #182, .F. ) ;
#1312 = CARTESIAN_POINT ( 'NONE',  ( 29.99999999999999645, 0.000000000000000000, -35.00000000000000711 ) ) ;
#1313 = VERTEX_POINT ( 'NONE', #1232 ) ;
#1314 = CARTESIAN_POINT ( 'NONE',  ( -30.00000000000000711, 13.74999999999999822, 35.00000000000000000 ) ) ;
#1315 = CARTESIAN_POINT ( 'NONE',  ( -3.469446951953614189E-15, 12.75000000000000000, -3.469446951953614189E-15 ) ) ;
#1316 = CARTESIAN_POINT ( 'NONE',  ( 29.99999999999999645, 21.50000000000000000, -32.00000000000000711 ) ) ;
#1317 = LINE ( 'NONE', #97, #1596 ) ;
#1318 = EDGE_CURVE ( 'NONE', #535, #2261, #2436, .T. ) ;
#1319 = VERTEX_POINT ( 'NONE', #2050 ) ;
#1320 = DIRECTION ( 'NONE',  ( 1.000000000000000000, 0.000000000000000000, 0.000000000000000000 ) ) ;
#1321 = EDGE_CURVE ( 'NONE', #529, #1405, #50, .T. ) ;
#1322 = ORIENTED_EDGE ( 'NONE', *, *, #1146, .F. ) ;
#1323 = DIRECTION ( 'NONE',  ( 0.000000000000000000, 0.000000000000000000, 1.000000000000000000 ) ) ;
#1324 = VERTEX_POINT ( 'NONE', #1027 ) ;
#1325 = DIRECTION ( 'NONE',  ( 0.000000000000000000, -0.000000000000000000, 1.000000000000000000 ) ) ;
#1326 = CARTESIAN_POINT ( 'NONE',  ( -30.00000000000000355, 21.50000000000000000, -35.00000000000000711 ) ) ;
#1327 = VECTOR ( 'NONE', #1913, 1000.000000000000000 ) ;
#1328 = CARTESIAN_POINT ( 'NONE',  ( 29.99999999999999645, 21.50000000000000000, 34.99999999999999289 ) ) ;
#1329 = DIRECTION ( 'NONE',  ( 1.000000000000000000, 0.000000000000000000, -2.312964634635743450E-16 ) ) ;
#1330 = ORIENTED_EDGE ( 'NONE', *, *, #1217, .F. ) ;
#1331 = VECTOR ( 'NONE', #2198, 1000.000000000000000 ) ;
#1332 = EDGE_CURVE ( 'NONE', #1728, #1136, #569, .T. ) ;
#1333 = AXIS2_PLACEMENT_3D ( 'NONE', #1503, #731, #2339 ) ;
#1334 = AXIS2_PLACEMENT_3D ( 'NONE', #354, #2230, #1376 ) ;
#1335 = VECTOR ( 'NONE', #677, 1000.000000000000000 ) ;
#1336 = ADVANCED_FACE ( 'NONE', ( #1847 ), #837, .F. ) ;
#1337 = VERTEX_POINT ( 'NONE', #36 ) ;
#1338 = DIRECTION ( 'NONE',  ( 0.000000000000000000, 0.000000000000000000, 1.000000000000000000 ) ) ;
#1339 = CARTESIAN_POINT ( 'NONE',  ( 29.99999999999999645, 21.50000000000000000, -35.00000000000000711 ) ) ;
#1340 = VERTEX_POINT ( 'NONE', #2039 ) ;
#1341 = LINE ( 'NONE', #1304, #447 ) ;
#1342 = PRODUCT_DEFINITION ( 'UNKNOWN', '', #1725, #2516 ) ;
#1343 = DIRECTION ( 'NONE',  ( 0.000000000000000000, -1.000000000000000000, 0.000000000000000000 ) ) ;
#1344 = AXIS2_PLACEMENT_3D ( 'NONE', #1046, #851, #650 ) ;
#1345 = CARTESIAN_POINT ( 'NONE',  ( -30.00000000000001066, 12.75000000000000000, -38.50000000000000711 ) ) ;
#1346 = ORIENTED_EDGE ( 'NONE', *, *, #2411, .F. ) ;
#1347 = ORIENTED_EDGE ( 'NONE', *, *, #2075, .T. ) ;
#1348 = EDGE_LOOP ( 'NONE', ( #1828, #2362 ) ) ;
#1349 = LINE ( 'NONE', #2364, #1856 ) ;
#1350 = EDGE_CURVE ( 'NONE', #928, #604, #208, .T. ) ;
#1351 = ORIENTED_EDGE ( 'NONE', *, *, #1421, .T. ) ;
#1352 = CLOSED_SHELL ( 'NONE', ( #1198, #626, #1620, #1865, #1336, #1471, #462, #154, #545, #1124, #1615, #12, #414, #2239, #2545, #737, #785, #2609, #42, #236, #1710, #1683, #2124, #2444, #2494, #1763, #752, #856, #2169, #2033, #127, #1881, #166, #1089, #38, #2015, #2088, #1156, #286, #1650, #706, #1927, #691, #709, #1818, #2330, #674, #1665, #2344, #87, #1368, #794, #2137, #597, #336, #1600, #1669, #509, #1388, #1822, #629, #722, #1239, #2631, #2472, #1816, #712, #1271, #1979, #1950, #1519, #1995, #56, #840, #59, #2047, #2035, #101, #2375, #2533 ) ) ;
#1353 = ORIENTED_EDGE ( 'NONE', *, *, #1028, .T. ) ;
#1354 = DIRECTION ( 'NONE',  ( -1.000000000000000000, 0.000000000000000000, 2.312964634635742957E-16 ) ) ;
#1355 = EDGE_CURVE ( 'NONE', #2011, #34, #274, .T. ) ;
#1356 = CARTESIAN_POINT ( 'NONE',  ( -30.00000000000000355, 10.75000000000000000, -35.00000000000000711 ) ) ;
#1357 = CARTESIAN_POINT ( 'NONE',  ( 34.99999999999999289, 21.50000000000000000, -35.00000000000000711 ) ) ;
#1358 = ORIENTED_EDGE ( 'NONE', *, *, #531, .T. ) ;
#1359 = VERTEX_POINT ( 'NONE', #445 ) ;
#1360 = CARTESIAN_POINT ( 'NONE',  ( 7.500000000000000000, 5.749999999999999112, 36.79999999999999005 ) ) ;
#1361 = VECTOR ( 'NONE', #1509, 1000.000000000000000 ) ;
#1362 = ORIENTED_EDGE ( 'NONE', *, *, #2577, .T. ) ;
#1363 = CARTESIAN_POINT ( 'NONE',  ( 0.000000000000000000, 21.50000000000000000, 0.000000000000000000 ) ) ;
#1364 = AXIS2_PLACEMENT_3D ( 'NONE', #872, #1307, #1888 ) ;
#1365 = ORIENTED_EDGE ( 'NONE', *, *, #1564, .F. ) ;
#1366 = ORIENTED_EDGE ( 'NONE', *, *, #805, .T. ) ;
#1367 = DIRECTION ( 'NONE',  ( 1.000000000000000000, 0.000000000000000000, 0.000000000000000000 ) ) ;
#1368 = ADVANCED_FACE ( 'NONE', ( #522, #76 ), #2294, .F. ) ;
#1369 = DIRECTION ( 'NONE',  ( 0.000000000000000000, 0.000000000000000000, -1.000000000000000000 ) ) ;
#1370 = EDGE_CURVE ( 'NONE', #1324, #1792, #1925, .T. ) ;
#1371 = DIRECTION ( 'NONE',  ( 0.000000000000000000, 1.000000000000000000, 0.000000000000000000 ) ) ;
#1372 = CARTESIAN_POINT ( 'NONE',  ( -30.00000000000000711, 21.50000000000000000, -40.00000000000000000 ) ) ;
#1373 = ORIENTED_EDGE ( 'NONE', *, *, #1041, .T. ) ;
#1374 = AXIS2_PLACEMENT_3D ( 'NONE', #124, #713, #2559 ) ;
#1375 = VERTEX_POINT ( 'NONE', #1494 ) ;
#1376 = DIRECTION ( 'NONE',  ( 0.000000000000000000, 0.000000000000000000, -1.000000000000000000 ) ) ;
#1377 = VECTOR ( 'NONE', #883, 1000.000000000000000 ) ;
#1378 = VECTOR ( 'NONE', #855, 1000.000000000000000 ) ;
#1379 = ORIENTED_EDGE ( 'NONE', *, *, #890, .T. ) ;
#1380 = FACE_BOUND ( 'NONE', #1474, .T. ) ;
#1381 = CIRCLE ( 'NONE', #1038, 1.000000000000000888 ) ;
#1382 = VERTEX_POINT ( 'NONE', #2343 ) ;
#1383 = VERTEX_POINT ( 'NONE', #2132 ) ;
#1384 = FACE_BOUND ( 'NONE', #953, .T. ) ;
#1385 = DIRECTION ( 'NONE',  ( -0.000000000000000000, 1.000000000000000000, -0.000000000000000000 ) ) ;
#1386 = DIRECTION ( 'NONE',  ( 0.000000000000000000, 0.000000000000000000, 1.000000000000000000 ) ) ;
#1387 = CARTESIAN_POINT ( 'NONE',  ( 29.99999999999999645, 13.74999999999999822, 34.99999999999999289 ) ) ;
#1388 = ADVANCED_FACE ( 'NONE', ( #1280 ), #497, .T. ) ;
#1389 = ORIENTED_EDGE ( 'NONE', *, *, #531, .F. ) ;
#1390 = CIRCLE ( 'NONE', #1344, 4.999999999999997335 ) ;
#1391 = VERTEX_POINT ( 'NONE', #328 ) ;
#1392 = LINE ( 'NONE', #1807, #1975 ) ;
#1393 = ORIENTED_EDGE ( 'NONE', *, *, #1160, .F. ) ;
#1394 = LINE ( 'NONE', #181, #1718 ) ;
#1395 = ORIENTED_EDGE ( 'NONE', *, *, #1016, .F. ) ;
#1396 = EDGE_LOOP ( 'NONE', ( #1771, #948, #510, #238 ) ) ;
#1397 = CARTESIAN_POINT ( 'NONE',  ( -30.00000000000000355, 18.50000000000000000, -30.00000000000001421 ) ) ;
#1398 = CARTESIAN_POINT ( 'NONE',  ( -33.49999999999999289, 10.75000000000000000, -14.63250523987214713 ) ) ;
#1399 = CARTESIAN_POINT ( 'NONE',  ( -30.00000000000000711, 10.75000000000000000, 35.00000000000000000 ) ) ;
#1400 = CARTESIAN_POINT ( 'NONE',  ( -25.00000000000000000, 11.95000000000000284, -20.00000000000000355 ) ) ;
#1401 = ORIENTED_EDGE ( 'NONE', *, *, #678, .T. ) ;
#1402 = VERTEX_POINT ( 'NONE', #299 ) ;
#1403 = EDGE_CURVE ( 'NONE', #346, #962, #310, .T. ) ;
#1404 = DIRECTION ( 'NONE',  ( 0.000000000000000000, -1.000000000000000000, 0.000000000000000000 ) ) ;
#1405 = VERTEX_POINT ( 'NONE', #1749 ) ;
#1406 = EDGE_CURVE ( 'NONE', #419, #581, #1806, .T. ) ;
#1407 = FACE_BOUND ( 'NONE', #753, .T. ) ;
#1408 = ORIENTED_EDGE ( 'NONE', *, *, #1506, .F. ) ;
#1409 = VERTEX_POINT ( 'NONE', #1697 ) ;
#1410 = LINE ( 'NONE', #173, #1165 ) ;
#1411 = CIRCLE ( 'NONE', #1754, 4.999999999999997335 ) ;
#1412 = CARTESIAN_POINT ( 'NONE',  ( -30.00000000000000355, 10.75000000000000000, -35.00000000000000711 ) ) ;
#1413 = CARTESIAN_POINT ( 'NONE',  ( 31.99999999999999289, 21.50000000000000000, 39.99999999999998579 ) ) ;
#1414 = ORIENTED_EDGE ( 'NONE', *, *, #2560, .T. ) ;
#1415 = DIRECTION ( 'NONE',  ( -1.000000000000000000, 0.000000000000000000, -0.000000000000000000 ) ) ;
#1416 = LINE ( 'NONE', #2603, #1030 ) ;
#1417 = ORIENTED_EDGE ( 'NONE', *, *, #582, .T. ) ;
#1418 = PLANE ( 'NONE',  #2513 ) ;
#1419 = VECTOR ( 'NONE', #1671, 1000.000000000000000 ) ;
#1420 = EDGE_LOOP ( 'NONE', ( #778, #476, #2305, #435 ) ) ;
#1421 = EDGE_CURVE ( 'NONE', #1805, #1960, #113, .T. ) ;
#1422 = AXIS2_PLACEMENT_3D ( 'NONE', #1937, #284, #72 ) ;
#1423 = ORIENTED_EDGE ( 'NONE', *, *, #2281, .T. ) ;
#1424 = FACE_BOUND ( 'NONE', #16, .T. ) ;
#1425 = VECTOR ( 'NONE', #2295, 1000.000000000000000 ) ;
#1426 = CARTESIAN_POINT ( 'NONE',  ( 29.99999999999999645, 13.74999999999999822, 34.99999999999999289 ) ) ;
#1427 = CARTESIAN_POINT ( 'NONE',  ( -28.00000000000000355, 2.264718625761417137, 37.23606797749979336 ) ) ;
#1428 = ORIENTED_EDGE ( 'NONE', *, *, #593, .T. ) ;
#1429 = DIRECTION ( 'NONE',  ( 1.000000000000000000, 0.000000000000000000, -1.982541115402065110E-16 ) ) ;
#1430 = CARTESIAN_POINT ( 'NONE',  ( 11.00000000000001066, 11.95000000000000284, 38.49999999999999289 ) ) ;
#1431 = ORIENTED_EDGE ( 'NONE', *, *, #398, .T. ) ;
#1432 = DIRECTION ( 'NONE',  ( 0.000000000000000000, 0.000000000000000000, 1.000000000000000000 ) ) ;
#1433 = VERTEX_POINT ( 'NONE', #1707 ) ;
#1434 = CARTESIAN_POINT ( 'NONE',  ( 34.99999999999999289, 10.75000000000000000, 36.99999999999998579 ) ) ;
#1435 = EDGE_CURVE ( 'NONE', #594, #1130, #1317, .T. ) ;
#1436 = LINE ( 'NONE', #81, #700 ) ;
#1437 = EDGE_CURVE ( 'NONE', #1300, #594, #21, .T. ) ;
#1438 = VECTOR ( 'NONE', #2280, 1000.000000000000000 ) ;
#1439 = FACE_OUTER_BOUND ( 'NONE', #502, .T. ) ;
#1440 = ORIENTED_EDGE ( 'NONE', *, *, #900, .F. ) ;
#1441 = VECTOR ( 'NONE', #2243, 1000.000000000000000 ) ;
#1442 = CARTESIAN_POINT ( 'NONE',  ( 7.500000000000000000, 10.75000000000000000, 37.00000000000000000 ) ) ;
#1443 = CARTESIAN_POINT ( 'NONE',  ( 5.999999999999996447, 5.749999999999999112, 34.99999999999999289 ) ) ;
#1444 = CARTESIAN_POINT ( 'NONE',  ( 29.99999999999999645, 0.000000000000000000, 33.99999999999998579 ) ) ;
#1445 = ORIENTED_EDGE ( 'NONE', *, *, #672, .T. ) ;
#1446 = DIRECTION ( 'NONE',  ( 0.000000000000000000, 0.000000000000000000, -1.000000000000000000 ) ) ;
#1447 = CARTESIAN_POINT ( 'NONE',  ( 29.99999999999999289, 12.75000000000000000, -38.50000000000000711 ) ) ;
#1448 = EDGE_CURVE ( 'NONE', #263, #1221, #2567, .T. ) ;
#1449 = LINE ( 'NONE', #32, #2571 ) ;
#1450 = DIRECTION ( 'NONE',  ( 0.000000000000000000, 0.000000000000000000, 1.000000000000000000 ) ) ;
#1451 = ORIENTED_EDGE ( 'NONE', *, *, #450, .F. ) ;
#1452 = VECTOR ( 'NONE', #1182, 1000.000000000000000 ) ;
#1453 = EDGE_CURVE ( 'NONE', #1313, #813, #1739, .T. ) ;
#1454 = AXIS2_PLACEMENT_3D ( 'NONE', #1571, #1133, #1761 ) ;
#1455 = FACE_OUTER_BOUND ( 'NONE', #930, .T. ) ;
#1456 = DIRECTION ( 'NONE',  ( -0.000000000000000000, 1.000000000000000000, -0.000000000000000000 ) ) ;
#1457 = DIRECTION ( 'NONE',  ( 0.000000000000000000, 0.000000000000000000, -1.000000000000000000 ) ) ;
#1458 = CIRCLE ( 'NONE', #2228, 4.999999999999993783 ) ;
#1459 = EDGE_LOOP ( 'NONE', ( #2136, #142 ) ) ;
#1460 = DIRECTION ( 'NONE',  ( 2.312964634635743450E-16, -0.000000000000000000, 1.000000000000000000 ) ) ;
#1461 = LINE ( 'NONE', #2275, #245 ) ;
#1462 = VECTOR ( 'NONE', #909, 1000.000000000000000 ) ;
#1463 = CARTESIAN_POINT ( 'NONE',  ( 31.99999999999999289, 0.000000000000000000, -30.41742430504417527 ) ) ;
#1464 = AXIS2_PLACEMENT_3D ( 'NONE', #2106, #1703, #466 ) ;
#1465 = VECTOR ( 'NONE', #675, 1000.000000000000000 ) ;
#1466 = CARTESIAN_POINT ( 'NONE',  ( 10.49999999999999467, -28.29484601070928207, 31.99999999999999289 ) ) ;
#1467 = VERTEX_POINT ( 'NONE', #2548 ) ;
#1468 = VECTOR ( 'NONE', #2017, 1000.000000000000000 ) ;
#1469 = DIRECTION ( 'NONE',  ( 0.000000000000000000, 0.000000000000000000, -1.000000000000000000 ) ) ;
#1470 = DIRECTION ( 'NONE',  ( -1.000000000000000000, 0.000000000000000000, -0.000000000000000000 ) ) ;
#1471 = ADVANCED_FACE ( 'NONE', ( #2304 ), #2113, .F. ) ;
#1472 = DIRECTION ( 'NONE',  ( 1.000000000000000000, 0.000000000000000000, -2.312964634635743450E-16 ) ) ;
#1473 = EDGE_CURVE ( 'NONE', #710, #1433, #653, .T. ) ;
#1474 = EDGE_LOOP ( 'NONE', ( #2358, #1547 ) ) ;
#1475 = CARTESIAN_POINT ( 'NONE',  ( -30.00000000000000711, 0.000000000000000000, 34.00000000000000000 ) ) ;
#1476 = CARTESIAN_POINT ( 'NONE',  ( 29.99999999999999645, 10.75000000000000000, 33.99999999999998579 ) ) ;
#1477 = ORIENTED_EDGE ( 'NONE', *, *, #186, .F. ) ;
#1478 = PLANE ( 'NONE',  #743 ) ;
#1479 = DIRECTION ( 'NONE',  ( -0.000000000000000000, -1.000000000000000000, -0.000000000000000000 ) ) ;
#1480 = ORIENTED_EDGE ( 'NONE', *, *, #820, .F. ) ;
#1481 = CARTESIAN_POINT ( 'NONE',  ( 5.999999999999996447, -28.29484601070928207, 34.99999999999999289 ) ) ;
#1482 = LINE ( 'NONE', #2438, #227 ) ;
#1483 = EDGE_CURVE ( 'NONE', #2586, #1402, #1905, .T. ) ;
#1484 = LINE ( 'NONE', #2257, #1552 ) ;
#1485 = EDGE_CURVE ( 'NONE', #1151, #184, #85, .T. ) ;
#1486 = ORIENTED_EDGE ( 'NONE', *, *, #2391, .F. ) ;
#1487 = CARTESIAN_POINT ( 'NONE',  ( 11.06441492829878293, 12.75000000000000000, 39.99999999999999289 ) ) ;
#1488 = DIRECTION ( 'NONE',  ( 0.000000000000000000, 0.000000000000000000, -1.000000000000000000 ) ) ;
#1489 = AXIS2_PLACEMENT_3D ( 'NONE', #409, #779, #1578 ) ;
#1490 = DIRECTION ( 'NONE',  ( -9.912705577010325549E-17, 0.000000000000000000, 1.000000000000000000 ) ) ;
#1491 = DIRECTION ( 'NONE',  ( -1.000000000000000000, -0.000000000000000000, -0.000000000000000000 ) ) ;
#1492 = VERTEX_POINT ( 'NONE', #2322 ) ;
#1493 = DIRECTION ( 'NONE',  ( 0.000000000000000000, 0.000000000000000000, -1.000000000000000000 ) ) ;
#1494 = CARTESIAN_POINT ( 'NONE',  ( 7.500000000000000000, 18.50000000000000000, 36.99999999999999289 ) ) ;
#1495 = EDGE_LOOP ( 'NONE', ( #1025, #259 ) ) ;
#1496 = VECTOR ( 'NONE', #1951, 1000.000000000000000 ) ;
#1497 = LINE ( 'NONE', #1753, #2192 ) ;
#1498 = ORIENTED_EDGE ( 'NONE', *, *, #1259, .F. ) ;
#1499 = DIRECTION ( 'NONE',  ( -1.000000000000000000, -0.000000000000000000, -0.000000000000000000 ) ) ;
#1500 = DIRECTION ( 'NONE',  ( -1.982541115402065110E-16, -0.000000000000000000, -1.000000000000000000 ) ) ;
#1501 = EDGE_CURVE ( 'NONE', #438, #1151, #826, .T. ) ;
#1502 = AXIS2_PLACEMENT_3D ( 'NONE', #1092, #733, #2503 ) ;
#1503 = CARTESIAN_POINT ( 'NONE',  ( -35.01000000000000512, 13.74999999999999822, 39.99999999999998579 ) ) ;
#1504 = CARTESIAN_POINT ( 'NONE',  ( -23.49999999999999645, 12.75000000000000000, 38.50000000000000000 ) ) ;
#1505 = AXIS2_PLACEMENT_3D ( 'NONE', #1412, #401, #19 ) ;
#1506 = EDGE_CURVE ( 'NONE', #942, #813, #1244, .T. ) ;
#1507 = VERTEX_POINT ( 'NONE', #792 ) ;
#1508 = CIRCLE ( 'NONE', #1679, 1.000000000000000888 ) ;
#1509 = DIRECTION ( 'NONE',  ( -0.000000000000000000, -1.000000000000000000, -0.000000000000000000 ) ) ;
#1510 = DIRECTION ( 'NONE',  ( 0.000000000000000000, -0.000000000000000000, -1.000000000000000000 ) ) ;
#1511 = COLOUR_RGB ( '',0.8941176470588234615, 0.8941176470588234615, 0.8941176470588234615 ) ;
#1512 = LINE ( 'NONE', #1742, #918 ) ;
#1513 = VERTEX_POINT ( 'NONE', #2200 ) ;
#1514 = FACE_OUTER_BOUND ( 'NONE', #2120, .T. ) ;
#1515 = ORIENTED_EDGE ( 'NONE', *, *, #575, .F. ) ;
#1516 = DIRECTION ( 'NONE',  ( -0.000000000000000000, 0.000000000000000000, 1.000000000000000000 ) ) ;
#1517 = EDGE_CURVE ( 'NONE', #384, #714, #1760, .T. ) ;
#1518 = VERTEX_POINT ( 'NONE', #1345 ) ;
#1519 = ADVANCED_FACE ( 'NONE', ( #2629 ), #2410, .F. ) ;
#1520 = CARTESIAN_POINT ( 'NONE',  ( -25.00000000000000000, 10.75000000000000000, -14.63250523987214713 ) ) ;
#1521 = DIRECTION ( 'NONE',  ( -0.000000000000000000, 1.000000000000000000, -0.000000000000000000 ) ) ;
#1522 = EDGE_LOOP ( 'NONE', ( #1711, #1283, #1783, #1875, #358, #1261 ) ) ;
#1523 = ORIENTED_EDGE ( 'NONE', *, *, #1735, .T. ) ;
#1524 = CARTESIAN_POINT ( 'NONE',  ( 5.999999999999998224, 16.74999999999999645, 39.99999999999999289 ) ) ;
#1525 = AXIS2_PLACEMENT_3D ( 'NONE', #117, #532, #1932 ) ;
#1526 = ORIENTED_EDGE ( 'NONE', *, *, #1550, .F. ) ;
#1527 = CARTESIAN_POINT ( 'NONE',  ( -35.00000000000000000, 12.75000000000000000, -35.00000000000000711 ) ) ;
#1528 = CARTESIAN_POINT ( 'NONE',  ( 5.999999999999996447, 5.749999999999999112, 34.99999999999999289 ) ) ;
#1529 = VECTOR ( 'NONE', #1083, 1000.000000000000000 ) ;
#1530 = EDGE_LOOP ( 'NONE', ( #2416, #2498, #740, #1821 ) ) ;
#1531 = LINE ( 'NONE', #109, #2025 ) ;
#1532 = DIRECTION ( 'NONE',  ( -0.000000000000000000, 1.000000000000000000, -0.000000000000000000 ) ) ;
#1533 = VECTOR ( 'NONE', #666, 1000.000000000000000 ) ;
#1534 = EDGE_CURVE ( 'NONE', #540, #457, #149, .T. ) ;
#1535 = CARTESIAN_POINT ( 'NONE',  ( -30.00000000000000355, 0.000000000000000000, -34.00000000000000711 ) ) ;
#1536 = CARTESIAN_POINT ( 'NONE',  ( -33.50000000000000000, 10.75000000000000000, 35.00000000000000000 ) ) ;
#1537 = EDGE_CURVE ( 'NONE', #1221, #685, #1190, .T. ) ;
#1538 = EDGE_LOOP ( 'NONE', ( #1154, #1852, #2485, #765 ) ) ;
#1539 = SURFACE_STYLE_FILL_AREA ( #1310 ) ;
#1540 = ORIENTED_EDGE ( 'NONE', *, *, #1485, .F. ) ;
#1541 = CYLINDRICAL_SURFACE ( 'NONE', #2590, 2.999999999999995559 ) ;
#1542 = VERTEX_POINT ( 'NONE', #1965 ) ;
#1543 = CARTESIAN_POINT ( 'NONE',  ( -30.00000000000000355, 13.74999999999999822, -35.00000000000000711 ) ) ;
#1544 = VECTOR ( 'NONE', #2451, 1000.000000000000000 ) ;
#1545 = CARTESIAN_POINT ( 'NONE',  ( 29.99999999999999645, 2.264718625761417137, -38.00000000000001421 ) ) ;
#1546 = DIRECTION ( 'NONE',  ( -0.000000000000000000, 1.000000000000000000, -0.000000000000000000 ) ) ;
#1547 = ORIENTED_EDGE ( 'NONE', *, *, #921, .F. ) ;
#1548 = AXIS2_PLACEMENT_3D ( 'NONE', #1173, #1385, #984 ) ;
#1549 = VERTEX_POINT ( 'NONE', #1175 ) ;
#1550 = EDGE_CURVE ( 'NONE', #2388, #1319, #1673, .T. ) ;
#1551 = AXIS2_PLACEMENT_3D ( 'NONE', #2544, #2529, #1949 ) ;
#1552 = VECTOR ( 'NONE', #237, 1000.000000000000000 ) ;
#1553 = EDGE_LOOP ( 'NONE', ( #718, #1859, #339, #282, #1523, #1373 ) ) ;
#1554 = LINE ( 'NONE', #2349, #1218 ) ;
#1555 = EDGE_CURVE ( 'NONE', #1840, #922, #1993, .T. ) ;
#1556 = CYLINDRICAL_SURFACE ( 'NONE', #1698, 4.999999999999997335 ) ;
#1557 = ORIENTED_EDGE ( 'NONE', *, *, #1257, .F. ) ;
#1558 = CARTESIAN_POINT ( 'NONE',  ( 29.99999999999999645, 21.50000000000000000, 39.99999999999998579 ) ) ;
#1559 = CARTESIAN_POINT ( 'NONE',  ( 34.99999999999999289, 18.50000000000000000, -37.00000000000000711 ) ) ;
#1560 = DIRECTION ( 'NONE',  ( 0.000000000000000000, 0.000000000000000000, 1.000000000000000000 ) ) ;
#1561 = EDGE_LOOP ( 'NONE', ( #2258, #2386, #858, #1943 ) ) ;
#1562 = ORIENTED_EDGE ( 'NONE', *, *, #1059, .T. ) ;
#1563 = CARTESIAN_POINT ( 'NONE',  ( -25.41742430504416106, 0.000000000000000000, -37.00000000000000000 ) ) ;
#1564 = EDGE_CURVE ( 'NONE', #2594, #2286, #1762, .T. ) ;
#1565 = ORIENTED_EDGE ( 'NONE', *, *, #1797, .T. ) ;
#1566 = CARTESIAN_POINT ( 'NONE',  ( 29.99999999999999645, 10.75000000000000000, 38.49999999999998579 ) ) ;
#1567 = ORIENTED_EDGE ( 'NONE', *, *, #425, .F. ) ;
#1568 = EDGE_CURVE ( 'NONE', #345, #1340, #2100, .T. ) ;
#1569 = ORIENTED_EDGE ( 'NONE', *, *, #1537, .T. ) ;
#1570 = PLANE ( 'NONE',  #2108 ) ;
#1571 = CARTESIAN_POINT ( 'NONE',  ( -30.00000000000000355, 21.50000000000000000, -35.00000000000000711 ) ) ;
#1572 = DIRECTION ( 'NONE',  ( -0.000000000000000000, 1.000000000000000000, -0.000000000000000000 ) ) ;
#1573 = ORIENTED_EDGE ( 'NONE', *, *, #1731, .F. ) ;
#1574 = DIRECTION ( 'NONE',  ( 0.000000000000000000, 0.000000000000000000, -1.000000000000000000 ) ) ;
#1575 = FACE_OUTER_BOUND ( 'NONE', #757, .T. ) ;
#1576 = CIRCLE ( 'NONE', #2511, 5.500000000000000000 ) ;
#1577 = EDGE_LOOP ( 'NONE', ( #2098, #940, #775, #2568 ) ) ;
#1578 = DIRECTION ( 'NONE',  ( 0.000000000000000000, 0.000000000000000000, -1.000000000000000000 ) ) ;
#1579 = AXIS2_PLACEMENT_3D ( 'NONE', #1101, #912, #1722 ) ;
#1580 = EDGE_LOOP ( 'NONE', ( #1716, #878, #570, #2309 ) ) ;
#1581 = ORIENTED_EDGE ( 'NONE', *, *, #1906, .T. ) ;
#1582 = LINE ( 'NONE', #2224, #1034 ) ;
#1583 = EDGE_CURVE ( 'NONE', #942, #2403, #549, .T. ) ;
#1584 = DIRECTION ( 'NONE',  ( -0.000000000000000000, 1.000000000000000000, -0.000000000000000000 ) ) ;
#1585 = LINE ( 'NONE', #1803, #608 ) ;
#1586 = LINE ( 'NONE', #1004, #1293 ) ;
#1587 = VERTEX_POINT ( 'NONE', #2005 ) ;
#1588 = AXIS2_PLACEMENT_3D ( 'NONE', #1791, #338, #2382 ) ;
#1589 = ORIENTED_EDGE ( 'NONE', *, *, #1770, .T. ) ;
#1590 = DIRECTION ( 'NONE',  ( 0.000000000000000000, 1.000000000000000000, 0.000000000000000000 ) ) ;
#1591 = AXIS2_PLACEMENT_3D ( 'NONE', #2421, #377, #617 ) ;
#1592 = VECTOR ( 'NONE', #1276, 1000.000000000000000 ) ;
#1593 = VERTEX_POINT ( 'NONE', #2215 ) ;
#1594 = MECHANICAL_DESIGN_GEOMETRIC_PRESENTATION_REPRESENTATION (  '', ( #621 ), #1985 ) ;
#1595 = CARTESIAN_POINT ( 'NONE',  ( -25.00000000000000355, -28.29484601070928207, 34.99999999999999289 ) ) ;
#1596 = VECTOR ( 'NONE', #1952, 1000.000000000000000 ) ;
#1597 = ORIENTED_EDGE ( 'NONE', *, *, #2507, .T. ) ;
#1598 = ORIENTED_EDGE ( 'NONE', *, *, #1653, .T. ) ;
#1599 = CARTESIAN_POINT ( 'NONE',  ( 33.49999999999999289, 12.75000000000000000, -35.00000000000000711 ) ) ;
#1600 = ADVANCED_FACE ( 'NONE', ( #162 ), #191, .T. ) ;
#1601 = LINE ( 'NONE', #2212, #574 ) ;
#1602 = CARTESIAN_POINT ( 'NONE',  ( -25.00000000000000355, 18.50000000000000000, 34.99999999999999289 ) ) ;
#1603 = CARTESIAN_POINT ( 'NONE',  ( 29.99999999999999645, 21.50000000000000000, 34.99999999999999289 ) ) ;
#1604 = ORIENTED_EDGE ( 'NONE', *, *, #382, .F. ) ;
#1605 = EDGE_LOOP ( 'NONE', ( #556, #514, #2297, #2581 ) ) ;
#1606 = CARTESIAN_POINT ( 'NONE',  ( -30.00000000000000711, 10.75000000000000000, 35.00000000000000000 ) ) ;
#1607 = ADVANCED_BREP_SHAPE_REPRESENTATION ( 'SkiSafe CamelBack 01 - TOP', ( #1086, #2484 ), #1000 ) ;
#1608 = ORIENTED_EDGE ( 'NONE', *, *, #1286, .F. ) ;
#1609 = DIRECTION ( 'NONE',  ( 1.000000000000000000, 0.000000000000000000, 0.000000000000000000 ) ) ;
#1610 = ORIENTED_EDGE ( 'NONE', *, *, #1833, .F. ) ;
#1611 = CARTESIAN_POINT ( 'NONE',  ( 10.49999999999999467, 5.749999999999999112, 36.79999999999999005 ) ) ;
#1612 = FACE_OUTER_BOUND ( 'NONE', #13, .T. ) ;
#1613 = CYLINDRICAL_SURFACE ( 'NONE', #639, 3.499999999999996003 ) ;
#1614 = CYLINDRICAL_SURFACE ( 'NONE', #2478, 3.000000000000002665 ) ;
#1615 = ADVANCED_FACE ( 'NONE', ( #774 ), #351, .F. ) ;
#1616 = ORIENTED_EDGE ( 'NONE', *, *, #1041, .F. ) ;
#1617 = DIRECTION ( 'NONE',  ( 0.000000000000000000, 0.000000000000000000, 1.000000000000000000 ) ) ;
#1618 = CIRCLE ( 'NONE', #1836, 3.499999999999996003 ) ;
#1619 = FACE_OUTER_BOUND ( 'NONE', #1530, .T. ) ;
#1620 = ADVANCED_FACE ( 'NONE', ( #1978 ), #961, .F. ) ;
#1621 = ORIENTED_EDGE ( 'NONE', *, *, #150, .F. ) ;
#1622 = FACE_OUTER_BOUND ( 'NONE', #636, .T. ) ;
#1623 = EDGE_CURVE ( 'NONE', #1549, #1166, #1586, .T. ) ;
#1624 = ORIENTED_EDGE ( 'NONE', *, *, #810, .T. ) ;
#1625 = ORIENTED_EDGE ( 'NONE', *, *, #2458, .F. ) ;
#1626 = DIRECTION ( 'NONE',  ( -1.000000000000000000, 0.000000000000000000, 1.982541115402065110E-16 ) ) ;
#1627 = DIRECTION ( 'NONE',  ( 1.000000000000000000, -0.000000000000000000, 0.000000000000000000 ) ) ;
#1628 = CARTESIAN_POINT ( 'NONE',  ( 29.99999999999999645, 13.74999999999999822, -35.00000000000000711 ) ) ;
#1629 = ORIENTED_EDGE ( 'NONE', *, *, #1211, .T. ) ;
#1630 = LINE ( 'NONE', #807, #1188 ) ;
#1631 = FACE_OUTER_BOUND ( 'NONE', #468, .T. ) ;
#1632 = EDGE_CURVE ( 'NONE', #2465, #1692, #2270, .T. ) ;
#1633 = CARTESIAN_POINT ( 'NONE',  ( 29.99999999999999645, 13.74999999999999822, -35.00000000000000711 ) ) ;
#1634 = AXIS2_PLACEMENT_3D ( 'NONE', #2578, #139, #1193 ) ;
#1635 = EDGE_CURVE ( 'NONE', #275, #2383, #1677, .T. ) ;
#1636 = EDGE_LOOP ( 'NONE', ( #1610, #158, #103, #1834 ) ) ;
#1637 = DIRECTION ( 'NONE',  ( -1.000000000000000000, 0.000000000000000000, 1.982541115402065110E-16 ) ) ;
#1638 = AXIS2_PLACEMENT_3D ( 'NONE', #2093, #1678, #283 ) ;
#1639 = CIRCLE ( 'NONE', #2069, 3.499999999999996003 ) ;
#1640 = AXIS2_PLACEMENT_3D ( 'NONE', #1110, #1499, #904 ) ;
#1641 = PLANE ( 'NONE',  #1721 ) ;
#1642 = DIRECTION ( 'NONE',  ( -1.982541115402065110E-16, -0.000000000000000000, -1.000000000000000000 ) ) ;
#1643 = ORIENTED_EDGE ( 'NONE', *, *, #726, .T. ) ;
#1644 = CARTESIAN_POINT ( 'NONE',  ( -35.01000000000000512, 10.75000000000000000, 39.99999999999998579 ) ) ;
#1645 = CARTESIAN_POINT ( 'NONE',  ( 5.999999999999996447, 18.50000000000000000, 34.99999999999999289 ) ) ;
#1646 = LINE ( 'NONE', #2087, #1425 ) ;
#1647 = EDGE_CURVE ( 'NONE', #346, #1793, #391, .T. ) ;
#1648 = ORIENTED_EDGE ( 'NONE', *, *, #2092, .T. ) ;
#1649 = CARTESIAN_POINT ( 'NONE',  ( -30.00000000000000355, 13.74999999999999822, -36.00000000000001421 ) ) ;
#1650 = ADVANCED_FACE ( 'NONE', ( #857 ), #2036, .T. ) ;
#1651 = DIRECTION ( 'NONE',  ( -1.000000000000000000, 0.000000000000000000, 1.982541115402065110E-16 ) ) ;
#1652 = CARTESIAN_POINT ( 'NONE',  ( -30.00000000000000355, 2.264718625761417137, -32.00000000000000711 ) ) ;
#1653 = EDGE_CURVE ( 'NONE', #1015, #291, #571, .T. ) ;
#1654 = VERTEX_POINT ( 'NONE', #226 ) ;
#1655 = CIRCLE ( 'NONE', #504, 1.000000000000000888 ) ;
#1656 = VECTOR ( 'NONE', #2117, 1000.000000000000000 ) ;
#1657 = CARTESIAN_POINT ( 'NONE',  ( 5.999999999999998224, 21.50000000000000000, 39.99999999999999289 ) ) ;
#1658 = DIRECTION ( 'NONE',  ( -1.000000000000000000, 0.000000000000000000, -0.000000000000000000 ) ) ;
#1659 = CARTESIAN_POINT ( 'NONE',  ( 30.00000000000000000, 12.75000000000000000, -40.00000000000000711 ) ) ;
#1660 = VERTEX_POINT ( 'NONE', #46 ) ;
#1661 = ORIENTED_EDGE ( 'NONE', *, *, #1286, .T. ) ;
#1662 = CARTESIAN_POINT ( 'NONE',  ( 29.99999999999999645, 12.75000000000000000, 38.49999999999998579 ) ) ;
#1663 = CYLINDRICAL_SURFACE ( 'NONE', #2179, 3.000000000000002665 ) ;
#1664 = LINE ( 'NONE', #2499, #1984 ) ;
#1665 = ADVANCED_FACE ( 'NONE', ( #2252 ), #2241, .F. ) ;
#1666 = DIRECTION ( 'NONE',  ( -0.000000000000000000, 1.000000000000000000, -0.000000000000000000 ) ) ;
#1667 = ORIENTED_EDGE ( 'NONE', *, *, #269, .F. ) ;
#1668 = CIRCLE ( 'NONE', #1454, 3.000000000000002665 ) ;
#1669 = ADVANCED_FACE ( 'NONE', ( #2459 ), #205, .T. ) ;
#1670 = LINE ( 'NONE', #207, #1441 ) ;
#1671 = DIRECTION ( 'NONE',  ( 1.000000000000000000, 0.000000000000000000, 0.000000000000000000 ) ) ;
#1672 = CARTESIAN_POINT ( 'NONE',  ( 7.499999999999996447, 5.749999999999999112, 34.99999999999999289 ) ) ;
#1673 = CIRCLE ( 'NONE', #2268, 4.999999999999997335 ) ;
#1674 = ORIENTED_EDGE ( 'NONE', *, *, #947, .F. ) ;
#1675 = DIRECTION ( 'NONE',  ( -1.982541115402065110E-16, 0.000000000000000000, -1.000000000000000000 ) ) ;
#1676 = DIRECTION ( 'NONE',  ( -0.000000000000000000, 1.000000000000000000, -0.000000000000000000 ) ) ;
#1677 = CIRCLE ( 'NONE', #486, 4.999999999999997335 ) ;
#1678 = DIRECTION ( 'NONE',  ( 0.000000000000000000, -1.000000000000000000, 0.000000000000000000 ) ) ;
#1679 = AXIS2_PLACEMENT_3D ( 'NONE', #1543, #708, #1155 ) ;
#1680 = PRESENTATION_LAYER_ASSIGNMENT (  '', '', ( #621 ) ) ;
#1681 = DIRECTION ( 'NONE',  ( 0.000000000000000000, 0.000000000000000000, 1.000000000000000000 ) ) ;
#1682 = AXIS2_PLACEMENT_3D ( 'NONE', #1946, #1152, #1971 ) ;
#1683 = ADVANCED_FACE ( 'NONE', ( #427 ), #1614, .F. ) ;
#1684 = ORIENTED_EDGE ( 'NONE', *, *, #866, .F. ) ;
#1685 = CARTESIAN_POINT ( 'NONE',  ( -30.00000000000000355, 10.75000000000000000, -35.00000000000000711 ) ) ;
#1686 = DIRECTION ( 'NONE',  ( -0.000000000000000000, 0.000000000000000000, 1.000000000000000000 ) ) ;
#1687 = EDGE_CURVE ( 'NONE', #1986, #1764, #2071, .T. ) ;
#1688 = DIRECTION ( 'NONE',  ( -0.000000000000000000, 1.000000000000000000, -0.000000000000000000 ) ) ;
#1689 = ORIENTED_EDGE ( 'NONE', *, *, #1962, .F. ) ;
#1690 = CARTESIAN_POINT ( 'NONE',  ( -35.00000000000000000, 21.50000000000000000, -35.00000000000000711 ) ) ;
#1691 = CARTESIAN_POINT ( 'NONE',  ( -32.00000000000000000, 11.95000000000000284, -20.00000000000000355 ) ) ;
#1692 = VERTEX_POINT ( 'NONE', #1843 ) ;
#1693 = CARTESIAN_POINT ( 'NONE',  ( 29.99999999999999645, 2.264718625761417137, 37.99999999999998579 ) ) ;
#1694 = DIRECTION ( 'NONE',  ( 0.000000000000000000, 0.000000000000000000, 1.000000000000000000 ) ) ;
#1695 = ORIENTED_EDGE ( 'NONE', *, *, #921, .T. ) ;
#1696 = CARTESIAN_POINT ( 'NONE',  ( -30.00000000000000711, 0.000000000000000000, 35.00000000000000000 ) ) ;
#1697 = CARTESIAN_POINT ( 'NONE',  ( 29.99999999999999645, 10.75000000000000000, -30.00000000000001776 ) ) ;
#1698 = AXIS2_PLACEMENT_3D ( 'NONE', #1757, #729, #2525 ) ;
#1699 = ORIENTED_EDGE ( 'NONE', *, *, #1406, .F. ) ;
#1700 = EDGE_CURVE ( 'NONE', #1076, #2592, #844, .T. ) ;
#1701 = ORIENTED_EDGE ( 'NONE', *, *, #2492, .T. ) ;
#1702 = LINE ( 'NONE', #892, #1099 ) ;
#1703 = DIRECTION ( 'NONE',  ( 2.312964634635743450E-16, -0.000000000000000000, 1.000000000000000000 ) ) ;
#1704 = LINE ( 'NONE', #296, #1851 ) ;
#1705 = VERTEX_POINT ( 'NONE', #1024 ) ;
#1706 = PLANE ( 'NONE',  #2464 ) ;
#1707 = CARTESIAN_POINT ( 'NONE',  ( -32.00000000000000000, 11.95000000000000284, -25.50000000000000355 ) ) ;
#1708 = AXIS2_PLACEMENT_3D ( 'NONE', #960, #591, #1386 ) ;
#1709 = DIRECTION ( 'NONE',  ( -1.000000000000000000, 0.000000000000000000, 1.982541115402065110E-16 ) ) ;
#1710 = ADVANCED_FACE ( 'NONE', ( #440, #1870 ), #817, .F. ) ;
#1711 = ORIENTED_EDGE ( 'NONE', *, *, #964, .T. ) ;
#1712 = CARTESIAN_POINT ( 'NONE',  ( -30.00000000000000355, 12.75000000000000000, 38.50000000000000000 ) ) ;
#1713 = CARTESIAN_POINT ( 'NONE',  ( 5.999999999999996447, 18.50000000000000000, 34.99999999999999289 ) ) ;
#1714 = EDGE_CURVE ( 'NONE', #1660, #1587, #2263, .T. ) ;
#1715 = VECTOR ( 'NONE', #459, 1000.000000000000000 ) ;
#1716 = ORIENTED_EDGE ( 'NONE', *, *, #2456, .T. ) ;
#1717 = CARTESIAN_POINT ( 'NONE',  ( 29.99999999999999645, 13.74999999999999822, -35.00000000000000711 ) ) ;
#1718 = VECTOR ( 'NONE', #2221, 1000.000000000000000 ) ;
#1719 = AXIS2_PLACEMENT_3D ( 'NONE', #1014, #1832, #258 ) ;
#1720 = ORIENTED_EDGE ( 'NONE', *, *, #2361, .F. ) ;
#1721 = AXIS2_PLACEMENT_3D ( 'NONE', #830, #1369, #2611 ) ;
#1722 = DIRECTION ( 'NONE',  ( 0.000000000000000000, 0.000000000000000000, 1.000000000000000000 ) ) ;
#1723 = CARTESIAN_POINT ( 'NONE',  ( 29.99999999999999645, 12.75000000000000000, -35.00000000000000711 ) ) ;
#1724 = VECTOR ( 'NONE', #2580, 1000.000000000000000 ) ;
#1725 = PRODUCT_DEFINITION_FORMATION_WITH_SPECIFIED_SOURCE ( 'ANY', '', #246, .NOT_KNOWN. ) ;
#1726 = CIRCLE ( 'NONE', #2027, 5.000000000000000888 ) ;
#1727 = ORIENTED_EDGE ( 'NONE', *, *, #1700, .F. ) ;
#1728 = VERTEX_POINT ( 'NONE', #2277 ) ;
#1729 = ORIENTED_EDGE ( 'NONE', *, *, #1782, .T. ) ;
#1730 = PLANE ( 'NONE',  #1525 ) ;
#1731 = EDGE_CURVE ( 'NONE', #2196, #544, #832, .T. ) ;
#1732 = AXIS2_PLACEMENT_3D ( 'NONE', #1264, #905, #954 ) ;
#1733 = VERTEX_POINT ( 'NONE', #1229 ) ;
#1734 = LINE ( 'NONE', #2156, #321 ) ;
#1735 = EDGE_CURVE ( 'NONE', #457, #454, #2045, .T. ) ;
#1736 = FACE_OUTER_BOUND ( 'NONE', #1031, .T. ) ;
#1737 = DIRECTION ( 'NONE',  ( 0.000000000000000000, 0.000000000000000000, 1.000000000000000000 ) ) ;
#1738 = EDGE_CURVE ( 'NONE', #1728, #494, #1266, .T. ) ;
#1739 = LINE ( 'NONE', #1078, #911 ) ;
#1740 = ORIENTED_EDGE ( 'NONE', *, *, #412, .T. ) ;
#1741 = EDGE_CURVE ( 'NONE', #962, #1507, #1886, .T. ) ;
#1742 = CARTESIAN_POINT ( 'NONE',  ( -25.00000000000000000, 12.75000000000000000, -25.44150714416511860 ) ) ;
#1743 = ORIENTED_EDGE ( 'NONE', *, *, #267, .T. ) ;
#1744 = DIRECTION ( 'NONE',  ( 0.000000000000000000, 1.000000000000000000, 0.000000000000000000 ) ) ;
#1745 = EDGE_LOOP ( 'NONE', ( #610, #172, #585, #2537 ) ) ;
#1746 = DIRECTION ( 'NONE',  ( 0.000000000000000000, 1.000000000000000000, 0.000000000000000000 ) ) ;
#1747 = EDGE_CURVE ( 'NONE', #1733, #1109, #2055, .T. ) ;
#1748 = LINE ( 'NONE', #1157, #1496 ) ;
#1749 = CARTESIAN_POINT ( 'NONE',  ( -23.50000000000000355, 10.75000000000000000, 31.99999999999999289 ) ) ;
#1750 = EDGE_LOOP ( 'NONE', ( #2014, #29, #1060, #833 ) ) ;
#1751 = EDGE_CURVE ( 'NONE', #1135, #345, #631, .T. ) ;
#1752 = AXIS2_PLACEMENT_3D ( 'NONE', #1860, #644, #2266 ) ;
#1753 = CARTESIAN_POINT ( 'NONE',  ( 34.99999999999999289, 12.75000000000000000, 39.99999999999998579 ) ) ;
#1754 = AXIS2_PLACEMENT_3D ( 'NONE', #747, #2168, #1777 ) ;
#1755 = VECTOR ( 'NONE', #2628, 1000.000000000000000 ) ;
#1756 = ORIENTED_EDGE ( 'NONE', *, *, #1846, .T. ) ;
#1757 = CARTESIAN_POINT ( 'NONE',  ( 16.00000000000000711, 11.95000000000000284, 29.99999999999999289 ) ) ;
#1758 = ORIENTED_EDGE ( 'NONE', *, *, #2556, .T. ) ;
#1759 = CARTESIAN_POINT ( 'NONE',  ( 7.500000000000000000, -28.29484601070928207, 37.00000000000000000 ) ) ;
#1760 = CIRCLE ( 'NONE', #100, 2.999999999999995559 ) ;
#1761 = DIRECTION ( 'NONE',  ( 0.000000000000000000, 0.000000000000000000, 1.000000000000000000 ) ) ;
#1762 = LINE ( 'NONE', #2369, #616 ) ;
#1763 = ADVANCED_FACE ( 'NONE', ( #1439 ), #602, .T. ) ;
#1764 = VERTEX_POINT ( 'NONE', #2318 ) ;
#1765 = VECTOR ( 'NONE', #2182, 1000.000000000000000 ) ;
#1766 = VERTEX_POINT ( 'NONE', #2546 ) ;
#1767 = CARTESIAN_POINT ( 'NONE',  ( 11.14613556019537199, 10.75000000000000000, 36.99999999999999289 ) ) ;
#1768 = AXIS2_PLACEMENT_3D ( 'NONE', #2197, #361, #1787 ) ;
#1769 = AXIS2_PLACEMENT_3D ( 'NONE', #2551, #485, #1106 ) ;
#1770 = EDGE_CURVE ( 'NONE', #966, #494, #2142, .T. ) ;
#1771 = ORIENTED_EDGE ( 'NONE', *, *, #1144, .T. ) ;
#1772 = LINE ( 'NONE', #305, #2029 ) ;
#1773 = ORIENTED_EDGE ( 'NONE', *, *, #348, .F. ) ;
#1774 = EDGE_LOOP ( 'NONE', ( #2292, #1149, #676, #1720, #1800, #1701 ) ) ;
#1775 = PLANE ( 'NONE',  #2354 ) ;
#1776 = CIRCLE ( 'NONE', #1862, 4.999999999999990230 ) ;
#1777 = DIRECTION ( 'NONE',  ( 1.000000000000000000, 0.000000000000000000, 0.000000000000000000 ) ) ;
#1778 = DIRECTION ( 'NONE',  ( 0.000000000000000000, 0.000000000000000000, -1.000000000000000000 ) ) ;
#1779 = ORIENTED_EDGE ( 'NONE', *, *, #1849, .F. ) ;
#1780 = DIRECTION ( 'NONE',  ( 0.000000000000000000, 1.000000000000000000, 0.000000000000000000 ) ) ;
#1781 = DIRECTION ( 'NONE',  ( 0.000000000000000000, -1.000000000000000000, 0.000000000000000000 ) ) ;
#1782 = EDGE_CURVE ( 'NONE', #2519, #956, #277, .T. ) ;
#1783 = ORIENTED_EDGE ( 'NONE', *, *, #513, .T. ) ;
#1784 = DIRECTION ( 'NONE',  ( 0.000000000000000000, 0.000000000000000000, -1.000000000000000000 ) ) ;
#1785 = ORIENTED_EDGE ( 'NONE', *, *, #613, .T. ) ;
#1786 = ORIENTED_EDGE ( 'NONE', *, *, #1180, .F. ) ;
#1787 = DIRECTION ( 'NONE',  ( 0.000000000000000000, 0.000000000000000000, 1.000000000000000000 ) ) ;
#1788 = DIRECTION ( 'NONE',  ( -1.000000000000000000, 0.000000000000000000, 0.000000000000000000 ) ) ;
#1789 = VECTOR ( 'NONE', #2260, 1000.000000000000000 ) ;
#1790 = CARTESIAN_POINT ( 'NONE',  ( -30.00000000000000355, 21.50000000000000000, -32.00000000000000711 ) ) ;
#1791 = CARTESIAN_POINT ( 'NONE',  ( -28.00000000000000355, -28.29484601070928207, 31.99999999999999289 ) ) ;
#1792 = VERTEX_POINT ( 'NONE', #1901 ) ;
#1793 = VERTEX_POINT ( 'NONE', #1504 ) ;
#1794 = DIRECTION ( 'NONE',  ( 0.000000000000000000, 0.000000000000000000, 1.000000000000000000 ) ) ;
#1795 = EDGE_LOOP ( 'NONE', ( #137, #1581, #1362, #1814, #1589, #1192, #404, #2041 ) ) ;
#1796 = CARTESIAN_POINT ( 'NONE',  ( 5.999999999999996447, 18.50000000000000000, 31.99999999999999289 ) ) ;
#1797 = EDGE_CURVE ( 'NONE', #1006, #962, #1704, .T. ) ;
#1798 = ORIENTED_EDGE ( 'NONE', *, *, #1257, .T. ) ;
#1799 = VECTOR ( 'NONE', #2368, 1000.000000000000000 ) ;
#1800 = ORIENTED_EDGE ( 'NONE', *, *, #366, .F. ) ;
#1801 = CARTESIAN_POINT ( 'NONE',  ( 5.999999999999998224, 4.749999999999999112, 36.99999999999999289 ) ) ;
#1802 = CARTESIAN_POINT ( 'NONE',  ( -33.49999999999999289, 11.95000000000000284, -20.00000000000000355 ) ) ;
#1803 = CARTESIAN_POINT ( 'NONE',  ( -23.49999999999999645, 12.75000000000000000, 38.50000000000000000 ) ) ;
#1804 = DIRECTION ( 'NONE',  ( -0.000000000000000000, 1.000000000000000000, -0.000000000000000000 ) ) ;
#1805 = VERTEX_POINT ( 'NONE', #2329 ) ;
#1806 = CIRCLE ( 'NONE', #2475, 1.000000000000000888 ) ;
#1807 = CARTESIAN_POINT ( 'NONE',  ( -30.00000000000000355, 0.000000000000000000, -30.00000000000001421 ) ) ;
#1808 = AXIS2_PLACEMENT_3D ( 'NONE', #1387, #1546, #176 ) ;
#1809 = ORIENTED_EDGE ( 'NONE', *, *, #1929, .F. ) ;
#1810 = VECTOR ( 'NONE', #302, 1000.000000000000000 ) ;
#1811 = PLANE ( 'NONE',  #1489 ) ;
#1812 = AXIS2_PLACEMENT_3D ( 'NONE', #1855, #1675, #1637 ) ;
#1813 = VERTEX_POINT ( 'NONE', #2514 ) ;
#1814 = ORIENTED_EDGE ( 'NONE', *, *, #2347, .T. ) ;
#1815 = FACE_BOUND ( 'NONE', #1930, .T. ) ;
#1816 = ADVANCED_FACE ( 'NONE', ( #1736 ), #2291, .F. ) ;
#1817 = DIRECTION ( 'NONE',  ( 0.000000000000000000, 0.000000000000000000, 1.000000000000000000 ) ) ;
#1818 = ADVANCED_FACE ( 'NONE', ( #111 ), #924, .F. ) ;
#1819 = CYLINDRICAL_SURFACE ( 'NONE', #373, 1.000000000000000888 ) ;
#1820 = DIRECTION ( 'NONE',  ( 0.000000000000000000, 0.000000000000000000, 1.000000000000000000 ) ) ;
#1821 = ORIENTED_EDGE ( 'NONE', *, *, #541, .F. ) ;
#1822 = ADVANCED_FACE ( 'NONE', ( #693 ), #493, .T. ) ;
#1823 = CARTESIAN_POINT ( 'NONE',  ( -25.00000000000000355, -28.29484601070928207, 37.00000000000000000 ) ) ;
#1824 = DIRECTION ( 'NONE',  ( 0.000000000000000000, 0.000000000000000000, -1.000000000000000000 ) ) ;
#1825 = ORIENTED_EDGE ( 'NONE', *, *, #1146, .T. ) ;
#1826 = DIRECTION ( 'NONE',  ( 0.000000000000000000, 0.000000000000000000, -1.000000000000000000 ) ) ;
#1827 = ORIENTED_EDGE ( 'NONE', *, *, #495, .T. ) ;
#1828 = ORIENTED_EDGE ( 'NONE', *, *, #1517, .F. ) ;
#1829 = DIRECTION ( 'NONE',  ( 0.000000000000000000, 0.000000000000000000, -1.000000000000000000 ) ) ;
#1830 = FACE_OUTER_BOUND ( 'NONE', #1774, .T. ) ;
#1831 = VECTOR ( 'NONE', #551, 1000.000000000000000 ) ;
#1832 = DIRECTION ( 'NONE',  ( -1.000000000000000000, 0.000000000000000000, -9.912705577010325549E-17 ) ) ;
#1833 = EDGE_CURVE ( 'NONE', #215, #2519, #1132, .T. ) ;
#1834 = ORIENTED_EDGE ( 'NONE', *, *, #2219, .T. ) ;
#1835 = CARTESIAN_POINT ( 'NONE',  ( 25.41742430504416106, 18.50000000000000000, -37.00000000000000711 ) ) ;
#1836 = AXIS2_PLACEMENT_3D ( 'NONE', #1399, #2409, #1977 ) ;
#1837 = PLANE ( 'NONE',  #1161 ) ;
#1838 = EDGE_CURVE ( 'NONE', #2095, #769, #57, .T. ) ;
#1839 = FACE_OUTER_BOUND ( 'NONE', #1745, .T. ) ;
#1840 = VERTEX_POINT ( 'NONE', #2532 ) ;
#1841 = CARTESIAN_POINT ( 'NONE',  ( 29.99999999999999645, 13.74999999999999822, 35.99999999999999289 ) ) ;
#1842 = DIRECTION ( 'NONE',  ( 0.000000000000000000, 1.000000000000000000, 0.000000000000000000 ) ) ;
#1843 = CARTESIAN_POINT ( 'NONE',  ( 29.99999999999999645, 13.74999999999999822, 33.99999999999998579 ) ) ;
#1844 = VERTEX_POINT ( 'NONE', #721 ) ;
#1845 = FACE_OUTER_BOUND ( 'NONE', #416, .T. ) ;
#1846 = EDGE_CURVE ( 'NONE', #612, #1593, #230, .T. ) ;
#1847 = FACE_OUTER_BOUND ( 'NONE', #285, .T. ) ;
#1848 = AXIS2_PLACEMENT_3D ( 'NONE', #2491, #1456, #1223 ) ;
#1849 = EDGE_CURVE ( 'NONE', #922, #2586, #2231, .T. ) ;
#1850 = DIRECTION ( 'NONE',  ( 1.000000000000000000, -0.000000000000000000, -1.982541115402065110E-16 ) ) ;
#1851 = VECTOR ( 'NONE', #1491, 1000.000000000000000 ) ;
#1852 = ORIENTED_EDGE ( 'NONE', *, *, #1555, .T. ) ;
#1853 = AXIS2_PLACEMENT_3D ( 'NONE', #376, #159, #6 ) ;
#1854 = ORIENTED_EDGE ( 'NONE', *, *, #2595, .T. ) ;
#1855 = CARTESIAN_POINT ( 'NONE',  ( 34.99999999999999289, 21.50000000000000000, 39.99999999999998579 ) ) ;
#1856 = VECTOR ( 'NONE', #2163, 1000.000000000000000 ) ;
#1857 = CARTESIAN_POINT ( 'NONE',  ( -30.00000000000001066, 10.75000000000000000, -38.50000000000000711 ) ) ;
#1858 = CARTESIAN_POINT ( 'NONE',  ( -35.00000000000000000, 12.75000000000000000, 40.00000000000000000 ) ) ;
#1859 = ORIENTED_EDGE ( 'NONE', *, *, #1028, .F. ) ;
#1860 = CARTESIAN_POINT ( 'NONE',  ( -30.00000000000000355, 0.000000000000000000, -35.00000000000000711 ) ) ;
#1861 = DIRECTION ( 'NONE',  ( 0.000000000000000000, 0.000000000000000000, -1.000000000000000000 ) ) ;
#1862 = AXIS2_PLACEMENT_3D ( 'NONE', #1894, #41, #2483 ) ;
#1863 = DIRECTION ( 'NONE',  ( 0.000000000000000000, 0.000000000000000000, -1.000000000000000000 ) ) ;
#1864 = EDGE_LOOP ( 'NONE', ( #2549, #703, #1997, #2186 ) ) ;
#1865 = ADVANCED_FACE ( 'NONE', ( #1290 ), #2488, .F. ) ;
#1866 = ORIENTED_EDGE ( 'NONE', *, *, #232, .T. ) ;
#1867 = CARTESIAN_POINT ( 'NONE',  ( 20.85386443980464222, 10.75000000000000000, 29.99999999999999289 ) ) ;
#1868 = CARTESIAN_POINT ( 'NONE',  ( 29.99999999999999645, 0.000000000000000000, -35.00000000000000711 ) ) ;
#1869 = FACE_OUTER_BOUND ( 'NONE', #2000, .T. ) ;
#1870 = FACE_OUTER_BOUND ( 'NONE', #2618, .T. ) ;
#1871 = CIRCLE ( 'NONE', #2207, 4.999999999999997335 ) ;
#1872 = ORIENTED_EDGE ( 'NONE', *, *, #1914, .F. ) ;
#1873 = LINE ( 'NONE', #1442, #2587 ) ;
#1874 = CARTESIAN_POINT ( 'NONE',  ( 29.99999999999999645, 12.75000000000000000, 38.49999999999998579 ) ) ;
#1875 = ORIENTED_EDGE ( 'NONE', *, *, #73, .F. ) ;
#1876 = LINE ( 'NONE', #1444, #1465 ) ;
#1877 = AXIS2_PLACEMENT_3D ( 'NONE', #1363, #2175, #766 ) ;
#1878 = ORIENTED_EDGE ( 'NONE', *, *, #2296, .F. ) ;
#1879 = DIRECTION ( 'NONE',  ( -6.938893903907242183E-16, 0.000000000000000000, -1.000000000000000000 ) ) ;
#1880 = LINE ( 'NONE', #1447, #1755 ) ;
#1881 = ADVANCED_FACE ( 'NONE', ( #1277 ), #270, .F. ) ;
#1882 = EDGE_LOOP ( 'NONE', ( #667, #2370, #380, #2575 ) ) ;
#1883 = LINE ( 'NONE', #1463, #1899 ) ;
#1884 = AXIS2_PLACEMENT_3D ( 'NONE', #84, #898, #1064 ) ;
#1885 = EDGE_CURVE ( 'NONE', #2037, #125, #2439, .T. ) ;
#1886 = LINE ( 'NONE', #803, #2353 ) ;
#1887 = ORIENTED_EDGE ( 'NONE', *, *, #1653, .F. ) ;
#1888 = DIRECTION ( 'NONE',  ( 0.000000000000000000, 0.000000000000000000, -1.000000000000000000 ) ) ;
#1889 = CARTESIAN_POINT ( 'NONE',  ( -23.50000000000000355, 10.75000000000000000, 34.99999999999999289 ) ) ;
#1890 = CARTESIAN_POINT ( 'NONE',  ( -30.00000000000000711, 10.75000000000000000, 35.00000000000000000 ) ) ;
#1891 = AXIS2_PLACEMENT_3D ( 'NONE', #418, #2474, #1861 ) ;
#1892 = EDGE_LOOP ( 'NONE', ( #2606, #183 ) ) ;
#1893 = CARTESIAN_POINT ( 'NONE',  ( -30.00000000000000711, 10.75000000000000000, 36.00000000000000711 ) ) ;
#1894 = CARTESIAN_POINT ( 'NONE',  ( 29.99999999999999645, 10.75000000000000000, -35.00000000000000711 ) ) ;
#1895 = AXIS2_PLACEMENT_3D ( 'NONE', #156, #754, #2593 ) ;
#1896 = AXIS2_PLACEMENT_3D ( 'NONE', #1400, #986, #2585 ) ;
#1897 = ORIENTED_EDGE ( 'NONE', *, *, #1623, .F. ) ;
#1898 = DIRECTION ( 'NONE',  ( -1.000000000000000000, 0.000000000000000000, -9.912705577010325549E-17 ) ) ;
#1899 = VECTOR ( 'NONE', #2457, 1000.000000000000000 ) ;
#1900 = CIRCLE ( 'NONE', #2316, 1.000000000000000888 ) ;
#1901 = CARTESIAN_POINT ( 'NONE',  ( 10.49999999999999467, 10.75000000000000000, 36.79999999999999005 ) ) ;
#1902 = ORIENTED_EDGE ( 'NONE', *, *, #1550, .T. ) ;
#1903 = EDGE_CURVE ( 'NONE', #1324, #1096, #174, .T. ) ;
#1904 = DIRECTION ( 'NONE',  ( -0.000000000000000000, 1.000000000000000000, -0.000000000000000000 ) ) ;
#1905 = LINE ( 'NONE', #683, #1327 ) ;
#1906 = EDGE_CURVE ( 'NONE', #1433, #155, #2395, .T. ) ;
#1907 = DIRECTION ( 'NONE',  ( 1.000000000000000000, 0.000000000000000000, 0.000000000000000000 ) ) ;
#1908 = ORIENTED_EDGE ( 'NONE', *, *, #316, .T. ) ;
#1909 = FACE_OUTER_BOUND ( 'NONE', #2159, .T. ) ;
#1910 = FACE_OUTER_BOUND ( 'NONE', #707, .T. ) ;
#1911 = ORIENTED_EDGE ( 'NONE', *, *, #366, .T. ) ;
#1912 = DIRECTION ( 'NONE',  ( -0.000000000000000000, 1.000000000000000000, -0.000000000000000000 ) ) ;
#1913 = DIRECTION ( 'NONE',  ( -0.000000000000000000, -0.000000000000000000, 1.000000000000000000 ) ) ;
#1914 = EDGE_CURVE ( 'NONE', #938, #1813, #317, .T. ) ;
#1915 = VECTOR ( 'NONE', #10, 1000.000000000000000 ) ;
#1916 = ORIENTED_EDGE ( 'NONE', *, *, #267, .F. ) ;
#1917 = CARTESIAN_POINT ( 'NONE',  ( 10.49999999999999467, 18.50000000000000000, 38.50000000000000000 ) ) ;
#1918 = EDGE_CURVE ( 'NONE', #1792, #157, #2598, .T. ) ;
#1919 = EDGE_LOOP ( 'NONE', ( #1126, #89, #863, #783 ) ) ;
#1920 = DIRECTION ( 'NONE',  ( 0.000000000000000000, 0.000000000000000000, 1.000000000000000000 ) ) ;
#1921 = FACE_OUTER_BOUND ( 'NONE', #2336, .T. ) ;
#1922 = DIRECTION ( 'NONE',  ( 0.000000000000000000, -1.000000000000000000, 0.000000000000000000 ) ) ;
#1923 = ORIENTED_EDGE ( 'NONE', *, *, #303, .F. ) ;
#1924 = DIRECTION ( 'NONE',  ( -1.000000000000000000, -0.000000000000000000, -0.000000000000000000 ) ) ;
#1925 = LINE ( 'NONE', #886, #1115 ) ;
#1926 = ORIENTED_EDGE ( 'NONE', *, *, #1093, .T. ) ;
#1927 = ADVANCED_FACE ( 'NONE', ( #816 ), #601, .T. ) ;
#1928 = LINE ( 'NONE', #2520, #2480 ) ;
#1929 = EDGE_CURVE ( 'NONE', #1359, #670, #203, .T. ) ;
#1930 = EDGE_LOOP ( 'NONE', ( #169, #2445 ) ) ;
#1931 = PRODUCT_CONTEXT ( 'NONE', #1073, 'mechanical' ) ;
#1932 = DIRECTION ( 'NONE',  ( 0.000000000000000000, 0.000000000000000000, -1.000000000000000000 ) ) ;
#1933 = VECTOR ( 'NONE', #1040, 1000.000000000000000 ) ;
#1934 = EDGE_CURVE ( 'NONE', #2579, #535, #590, .T. ) ;
#1935 = VERTEX_POINT ( 'NONE', #2240 ) ;
#1936 = DIRECTION ( 'NONE',  ( 0.000000000000000000, -1.000000000000000000, 0.000000000000000000 ) ) ;
#1937 = CARTESIAN_POINT ( 'NONE',  ( 0.000000000000000000, 18.50000000000000000, 0.000000000000000000 ) ) ;
#1938 = VECTOR ( 'NONE', #244, 1000.000000000000000 ) ;
#1939 = AXIS2_PLACEMENT_3D ( 'NONE', #2034, #1202, #7 ) ;
#1940 = CIRCLE ( 'NONE', #660, 3.000000000000002665 ) ;
#1941 = CARTESIAN_POINT ( 'NONE',  ( 29.99999999999999645, 0.000000000000000000, -30.00000000000001776 ) ) ;
#1942 = DIRECTION ( 'NONE',  ( 0.000000000000000000, 1.000000000000000000, 0.000000000000000000 ) ) ;
#1943 = ORIENTED_EDGE ( 'NONE', *, *, #866, .T. ) ;
#1944 = CARTESIAN_POINT ( 'NONE',  ( -30.00000000000000711, 2.264718625761417137, 38.00000000000000711 ) ) ;
#1945 = ORIENTED_EDGE ( 'NONE', *, *, #2264, .F. ) ;
#1946 = CARTESIAN_POINT ( 'NONE',  ( 29.99999999999999645, 0.000000000000000000, -35.00000000000000711 ) ) ;
#1947 = EDGE_CURVE ( 'NONE', #670, #2348, #528, .T. ) ;
#1948 = ORIENTED_EDGE ( 'NONE', *, *, #2284, .T. ) ;
#1949 = DIRECTION ( 'NONE',  ( 0.000000000000000000, 0.000000000000000000, -1.000000000000000000 ) ) ;
#1950 = ADVANCED_FACE ( 'NONE', ( #1013 ), #2044, .F. ) ;
#1951 = DIRECTION ( 'NONE',  ( -1.927470528863123289E-15, 0.000000000000000000, -1.000000000000000000 ) ) ;
#1952 = DIRECTION ( 'NONE',  ( 0.000000000000000000, 0.000000000000000000, -1.000000000000000000 ) ) ;
#1953 = ORIENTED_EDGE ( 'NONE', *, *, #641, .F. ) ;
#1954 = AXIS2_PLACEMENT_3D ( 'NONE', #2234, #1224, #2040 ) ;
#1955 = ORIENTED_EDGE ( 'NONE', *, *, #1448, .F. ) ;
#1956 = DIRECTION ( 'NONE',  ( 0.000000000000000000, 0.000000000000000000, -1.000000000000000000 ) ) ;
#1957 = ORIENTED_EDGE ( 'NONE', *, *, #425, .T. ) ;
#1958 = FACE_OUTER_BOUND ( 'NONE', #1919, .T. ) ;
#1959 = FACE_OUTER_BOUND ( 'NONE', #2289, .T. ) ;
#1960 = VERTEX_POINT ( 'NONE', #1398 ) ;
#1961 = CARTESIAN_POINT ( 'NONE',  ( 29.99999999999999645, 18.50000000000000000, 34.99999999999999289 ) ) ;
#1962 = EDGE_CURVE ( 'NONE', #2101, #177, #1164, .T. ) ;
#1963 = EDGE_CURVE ( 'NONE', #1654, #881, #402, .T. ) ;
#1964 = CARTESIAN_POINT ( 'NONE',  ( 7.500000000000000000, 18.50000000000000000, 37.00000000000000000 ) ) ;
#1965 = CARTESIAN_POINT ( 'NONE',  ( 20.93558507170123306, 12.75000000000000000, 38.49999999999999289 ) ) ;
#1966 = ORIENTED_EDGE ( 'NONE', *, *, #1918, .T. ) ;
#1967 = ORIENTED_EDGE ( 'NONE', *, *, #2626, .F. ) ;
#1968 = CYLINDRICAL_SURFACE ( 'NONE', #1634, 4.999999999999997335 ) ;
#1969 = CIRCLE ( 'NONE', #222, 5.499999999999998224 ) ;
#1970 = EDGE_LOOP ( 'NONE', ( #297, #1758, #2174, #371, #2604, #884, #2441, #1267 ) ) ;
#1971 = DIRECTION ( 'NONE',  ( 0.000000000000000000, 0.000000000000000000, 1.000000000000000000 ) ) ;
#1972 = ORIENTED_EDGE ( 'NONE', *, *, #2188, .T. ) ;
#1973 = ORIENTED_EDGE ( 'NONE', *, *, #1846, .F. ) ;
#1974 = LINE ( 'NONE', #347, #659 ) ;
#1975 = VECTOR ( 'NONE', #383, 1000.000000000000000 ) ;
#1976 = AXIS2_PLACEMENT_3D ( 'NONE', #1326, #869, #1681 ) ;
#1977 = DIRECTION ( 'NONE',  ( 0.000000000000000000, 0.000000000000000000, -1.000000000000000000 ) ) ;
#1978 = FACE_OUTER_BOUND ( 'NONE', #1750, .T. ) ;
#1979 = ADVANCED_FACE ( 'NONE', ( #212 ), #1641, .F. ) ;
#1980 = ORIENTED_EDGE ( 'NONE', *, *, #1012, .T. ) ;
#1981 = AXIS2_PLACEMENT_3D ( 'NONE', #20, #1049, #2434 ) ;
#1982 = CARTESIAN_POINT ( 'NONE',  ( 33.49999999999999289, 12.75000000000000000, -35.00000000000000711 ) ) ;
#1983 = CARTESIAN_POINT ( 'NONE',  ( -30.00000000000000711, 12.75000000000000000, 40.00000000000000000 ) ) ;
#1984 = VECTOR ( 'NONE', #2070, 1000.000000000000000 ) ;
#1985 =( GEOMETRIC_REPRESENTATION_CONTEXT ( 3 ) GLOBAL_UNCERTAINTY_ASSIGNED_CONTEXT ( ( #2279 ) ) GLOBAL_UNIT_ASSIGNED_CONTEXT ( ( #2563, #2360, #2161 ) ) REPRESENTATION_CONTEXT ( 'NONE', 'WORKASPACE' ) );
#1986 = VERTEX_POINT ( 'NONE', #2447 ) ;
#1987 = LINE ( 'NONE', #2194, #829 ) ;
#1988 = ORIENTED_EDGE ( 'NONE', *, *, #1738, .F. ) ;
#1989 = ORIENTED_EDGE ( 'NONE', *, *, #171, .F. ) ;
#1990 = CARTESIAN_POINT ( 'NONE',  ( -35.01000000000000512, 13.74999999999999822, 39.99999999999998579 ) ) ;
#1991 = DIRECTION ( 'NONE',  ( 9.912705577010325549E-17, -0.000000000000000000, 1.000000000000000000 ) ) ;
#1992 = CYLINDRICAL_SURFACE ( 'NONE', #1708, 4.999999999999997335 ) ;
#1993 = LINE ( 'NONE', #1372, #1210 ) ;
#1994 = ORIENTED_EDGE ( 'NONE', *, *, #1186, .T. ) ;
#1995 = ADVANCED_FACE ( 'NONE', ( #1830 ), #789, .F. ) ;
#1996 = CYLINDRICAL_SURFACE ( 'NONE', #534, 1.000000000000000888 ) ;
#1997 = ORIENTED_EDGE ( 'NONE', *, *, #2107, .F. ) ;
#1998 = EDGE_CURVE ( 'NONE', #540, #990, #1601, .T. ) ;
#1999 = DIRECTION ( 'NONE',  ( -0.000000000000000000, 1.000000000000000000, -0.000000000000000000 ) ) ;
#2000 = EDGE_LOOP ( 'NONE', ( #2177, #2489, #2365, #360, #1305 ) ) ;
#2001 = ORIENTED_EDGE ( 'NONE', *, *, #2111, .T. ) ;
#2002 = DIRECTION ( 'NONE',  ( 0.000000000000000000, 1.000000000000000000, 0.000000000000000000 ) ) ;
#2003 = DIRECTION ( 'NONE',  ( -1.000000000000000000, 0.000000000000000000, -0.000000000000000000 ) ) ;
#2004 = DIRECTION ( 'NONE',  ( -1.000000000000000000, -0.000000000000000000, -0.000000000000000000 ) ) ;
#2005 = CARTESIAN_POINT ( 'NONE',  ( -32.00000000000000000, 10.75000000000000000, -14.63250523987214713 ) ) ;
#2006 = EDGE_LOOP ( 'NONE', ( #2128, #1597, #932, #2561, #1445, #854, #2222, #2554 ) ) ;
#2007 = CYLINDRICAL_SURFACE ( 'NONE', #2418, 4.999999999999993783 ) ;
#2008 = DIRECTION ( 'NONE',  ( -0.000000000000000000, 1.000000000000000000, -0.000000000000000000 ) ) ;
#2009 = EDGE_CURVE ( 'NONE', #2601, #1291, #105, .T. ) ;
#2010 = AXIS2_PLACEMENT_3D ( 'NONE', #1328, #96, #2547 ) ;
#2011 = VERTEX_POINT ( 'NONE', #2627 ) ;
#2012 = DIRECTION ( 'NONE',  ( 2.312964634635743450E-16, -0.000000000000000000, 1.000000000000000000 ) ) ;
#2013 = VECTOR ( 'NONE', #647, 1000.000000000000000 ) ;
#2014 = ORIENTED_EDGE ( 'NONE', *, *, #1473, .T. ) ;
#2015 = ADVANCED_FACE ( 'NONE', ( #1612 ), #2300, .T. ) ;
#2016 = ORIENTED_EDGE ( 'NONE', *, *, #1453, .F. ) ;
#2017 = DIRECTION ( 'NONE',  ( 0.000000000000000000, 0.000000000000000000, 1.000000000000000000 ) ) ;
#2018 = DIRECTION ( 'NONE',  ( 0.000000000000000000, 0.000000000000000000, 1.000000000000000000 ) ) ;
#2019 = DIRECTION ( 'NONE',  ( 0.000000000000000000, 0.000000000000000000, 1.000000000000000000 ) ) ;
#2020 = DIRECTION ( 'NONE',  ( -0.000000000000000000, 1.000000000000000000, -0.000000000000000000 ) ) ;
#2021 = ORIENTED_EDGE ( 'NONE', *, *, #771, .F. ) ;
#2022 = VECTOR ( 'NONE', #2020, 1000.000000000000000 ) ;
#2023 = CARTESIAN_POINT ( 'NONE',  ( 29.99999999999999645, 21.50000000000000000, -35.00000000000000711 ) ) ;
#2024 = AXIS2_PLACEMENT_3D ( 'NONE', #2130, #1532, #520 ) ;
#2025 = VECTOR ( 'NONE', #201, 1000.000000000000000 ) ;
#2026 = VERTEX_POINT ( 'NONE', #868 ) ;
#2027 = AXIS2_PLACEMENT_3D ( 'NONE', #1207, #394, #1163 ) ;
#2028 = PLANE ( 'NONE',  #1895 ) ;
#2029 = VECTOR ( 'NONE', #1500, 1000.000000000000000 ) ;
#2030 = ORIENTED_EDGE ( 'NONE', *, *, #1217, .T. ) ;
#2031 = VERTEX_POINT ( 'NONE', #2082 ) ;
#2032 = DIRECTION ( 'NONE',  ( -0.000000000000000000, 1.000000000000000000, -0.000000000000000000 ) ) ;
#2033 = ADVANCED_FACE ( 'NONE', ( #1869 ), #2250, .T. ) ;
#2034 = CARTESIAN_POINT ( 'NONE',  ( 7.500000000000000000, -28.29484601070928207, 37.00000000000000000 ) ) ;
#2035 = ADVANCED_FACE ( 'NONE', ( #1265 ), #1061, .F. ) ;
#2036 = PLANE ( 'NONE',  #739 ) ;
#2037 = VERTEX_POINT ( 'NONE', #243 ) ;
#2038 = PLANE ( 'NONE',  #2589 ) ;
#2039 = CARTESIAN_POINT ( 'NONE',  ( -30.00000000000000355, 21.50000000000000000, -38.00000000000001421 ) ) ;
#2040 = DIRECTION ( 'NONE',  ( 0.000000000000000000, 0.000000000000000000, 1.000000000000000000 ) ) ;
#2041 = ORIENTED_EDGE ( 'NONE', *, *, #1963, .T. ) ;
#2042 = CARTESIAN_POINT ( 'NONE',  ( 34.99999999999999289, 21.50000000000000000, -35.00000000000000711 ) ) ;
#2043 = EDGE_CURVE ( 'NONE', #3, #1513, #1883, .T. ) ;
#2044 = PLANE ( 'NONE',  #618 ) ;
#2045 = LINE ( 'NONE', #1466, #2104 ) ;
#2046 = VERTEX_POINT ( 'NONE', #882 ) ;
#2047 = ADVANCED_FACE ( 'NONE', ( #2276 ), #1478, .F. ) ;
#2048 = AXIS2_PLACEMENT_3D ( 'NONE', #920, #717, #1323 ) ;
#2049 = PLANE ( 'NONE',  #893 ) ;
#2050 = CARTESIAN_POINT ( 'NONE',  ( -25.41742430504416106, 18.50000000000000000, -37.00000000000000000 ) ) ;
#2051 = CARTESIAN_POINT ( 'NONE',  ( 29.99999999999999645, 13.74999999999999822, 34.99999999999999289 ) ) ;
#2052 = VERTEX_POINT ( 'NONE', #1288 ) ;
#2053 = FACE_OUTER_BOUND ( 'NONE', #1177, .T. ) ;
#2054 = CARTESIAN_POINT ( 'NONE',  ( 10.49999999999999467, -28.29484601070928207, 38.50000000000000000 ) ) ;
#2055 = LINE ( 'NONE', #2448, #915 ) ;
#2056 = VERTEX_POINT ( 'NONE', #1071 ) ;
#2057 = LINE ( 'NONE', #417, #422 ) ;
#2058 = DIRECTION ( 'NONE',  ( 0.000000000000000000, 1.000000000000000000, 0.000000000000000000 ) ) ;
#2059 = EDGE_CURVE ( 'NONE', #1181, #1805, #55, .T. ) ;
#2060 = VECTOR ( 'NONE', #1942, 1000.000000000000000 ) ;
#2061 = DIRECTION ( 'NONE',  ( 1.000000000000000000, 0.000000000000000000, 0.000000000000000000 ) ) ;
#2062 = AXIS2_PLACEMENT_3D ( 'NONE', #1114, #2094, #1088 ) ;
#2063 = EDGE_CURVE ( 'NONE', #2046, #1300, #65, .T. ) ;
#2064 = VECTOR ( 'NONE', #843, 1000.000000000000000 ) ;
#2065 = VERTEX_POINT ( 'NONE', #1087 ) ;
#2066 = PLANE ( 'NONE',  #1254 ) ;
#2067 = CARTESIAN_POINT ( 'NONE',  ( 29.99999999999999645, 0.000000000000000000, 35.99999999999999289 ) ) ;
#2068 = VECTOR ( 'NONE', #1284, 1000.000000000000000 ) ;
#2069 = AXIS2_PLACEMENT_3D ( 'NONE', #369, #584, #1179 ) ;
#2070 = DIRECTION ( 'NONE',  ( -1.000000000000000000, 0.000000000000000000, 1.982541115402065110E-16 ) ) ;
#2071 = LINE ( 'NONE', #2470, #2522 ) ;
#2072 = ORIENTED_EDGE ( 'NONE', *, *, #2317, .T. ) ;
#2073 = CARTESIAN_POINT ( 'NONE',  ( 29.99999999999999645, 18.50000000000000000, -30.00000000000001776 ) ) ;
#2074 = CARTESIAN_POINT ( 'NONE',  ( -30.00000000000000711, 21.50000000000000000, 38.00000000000000711 ) ) ;
#2075 = EDGE_CURVE ( 'NONE', #177, #438, #1033, .T. ) ;
#2076 = DIRECTION ( 'NONE',  ( 0.000000000000000000, 0.000000000000000000, -1.000000000000000000 ) ) ;
#2077 = EDGE_CURVE ( 'NONE', #2165, #1507, #1449, .T. ) ;
#2078 = ORIENTED_EDGE ( 'NONE', *, *, #1583, .F. ) ;
#2079 = DIRECTION ( 'NONE',  ( 0.000000000000000000, 0.000000000000000000, -1.000000000000000000 ) ) ;
#2080 = CARTESIAN_POINT ( 'NONE',  ( -33.50000000000000000, 12.75000000000000000, 35.00000000000000000 ) ) ;
#2081 = EDGE_LOOP ( 'NONE', ( #2405, #818, #2164, #553, #523 ) ) ;
#2082 = CARTESIAN_POINT ( 'NONE',  ( 29.99999999999999645, 10.75000000000000000, -36.00000000000001421 ) ) ;
#2083 = DIRECTION ( 'NONE',  ( 0.000000000000000000, 0.000000000000000000, -1.000000000000000000 ) ) ;
#2084 = ORIENTED_EDGE ( 'NONE', *, *, #559, .F. ) ;
#2085 = DIRECTION ( 'NONE',  ( 0.000000000000000000, 0.000000000000000000, -1.000000000000000000 ) ) ;
#2086 = ORIENTED_EDGE ( 'NONE', *, *, #429, .F. ) ;
#2087 = CARTESIAN_POINT ( 'NONE',  ( 33.49999999999999289, 12.75000000000000000, 34.99999999999999289 ) ) ;
#2088 = ADVANCED_FACE ( 'NONE', ( #1910 ), #630, .T. ) ;
#2089 = VERTEX_POINT ( 'NONE', #455 ) ;
#2090 = CARTESIAN_POINT ( 'NONE',  ( 16.00000000000000711, 11.95000000000000284, 29.99999999999999289 ) ) ;
#2091 = LINE ( 'NONE', #2497, #897 ) ;
#2092 = EDGE_CURVE ( 'NONE', #1240, #2101, #1436, .T. ) ;
#2093 = CARTESIAN_POINT ( 'NONE',  ( -30.00000000000000355, 21.50000000000000000, -35.00000000000000711 ) ) ;
#2094 = DIRECTION ( 'NONE',  ( -0.000000000000000000, 1.000000000000000000, -0.000000000000000000 ) ) ;
#2095 = VERTEX_POINT ( 'NONE', #2262 ) ;
#2096 = LINE ( 'NONE', #1535, #516 ) ;
#2097 = DIRECTION ( 'NONE',  ( 0.000000000000000000, 0.000000000000000000, -1.000000000000000000 ) ) ;
#2098 = ORIENTED_EDGE ( 'NONE', *, *, #1929, .T. ) ;
#2099 = DIRECTION ( 'NONE',  ( 0.000000000000000000, 0.000000000000000000, 1.000000000000000000 ) ) ;
#2100 = CIRCLE ( 'NONE', #527, 3.000000000000002665 ) ;
#2101 = VERTEX_POINT ( 'NONE', #268 ) ;
#2102 = DIRECTION ( 'NONE',  ( 0.000000000000000000, -1.000000000000000000, 0.000000000000000000 ) ) ;
#2103 = DIRECTION ( 'NONE',  ( -1.000000000000000000, 0.000000000000000000, 9.912705577010325549E-17 ) ) ;
#2104 = VECTOR ( 'NONE', #456, 1000.000000000000000 ) ;
#2105 = EDGE_LOOP ( 'NONE', ( #2327, #1973, #1084, #318, #1573, #30, #1184, #993 ) ) ;
#2106 = CARTESIAN_POINT ( 'NONE',  ( 16.00000000000000711, 11.95000000000000284, 38.49999999999999289 ) ) ;
#2107 = EDGE_CURVE ( 'NONE', #1047, #2403, #894, .T. ) ;
#2108 = AXIS2_PLACEMENT_3D ( 'NONE', #1611, #770, #399 ) ;
#2109 = CARTESIAN_POINT ( 'NONE',  ( -25.00000000000000000, 11.95000000000000284, -20.00000000000000355 ) ) ;
#2110 = ORIENTED_EDGE ( 'NONE', *, *, #902, .F. ) ;
#2111 = EDGE_CURVE ( 'NONE', #125, #384, #640, .T. ) ;
#2112 = CARTESIAN_POINT ( 'NONE',  ( 33.49999999999999289, 12.75000000000000000, 34.99999999999999289 ) ) ;
#2113 = CYLINDRICAL_SURFACE ( 'NONE', #1374, 3.000000000000002665 ) ;
#2114 = DIRECTION ( 'NONE',  ( -0.000000000000000000, 1.000000000000000000, -0.000000000000000000 ) ) ;
#2115 = EDGE_LOOP ( 'NONE', ( #2366, #1142, #595, #1346, #995, #1872, #1008, #1667 ) ) ;
#2116 = DIRECTION ( 'NONE',  ( 0.000000000000000000, 0.000000000000000000, -1.000000000000000000 ) ) ;
#2117 = DIRECTION ( 'NONE',  ( 0.000000000000000000, -1.000000000000000000, 0.000000000000000000 ) ) ;
#2118 = DIRECTION ( 'NONE',  ( -0.000000000000000000, 1.000000000000000000, -0.000000000000000000 ) ) ;
#2119 = EDGE_CURVE ( 'NONE', #346, #1136, #1664, .T. ) ;
#2120 = EDGE_LOOP ( 'NONE', ( #1540, #643, #340, #688 ) ) ;
#2121 = CIRCLE ( 'NONE', #501, 3.000000000000002665 ) ;
#2122 = CARTESIAN_POINT ( 'NONE',  ( 29.99999999999999645, 13.74999999999999822, -32.00000000000000711 ) ) ;
#2123 = DIRECTION ( 'NONE',  ( 0.000000000000000000, 0.000000000000000000, -1.000000000000000000 ) ) ;
#2124 = ADVANCED_FACE ( 'NONE', ( #651 ), #668, .F. ) ;
#2125 = SURFACE_SIDE_STYLE ('',( #1539 ) ) ;
#2126 = EDGE_LOOP ( 'NONE', ( #1625, #811, #44, #499, #2084, #2223, #681, #95, #2460, #39, #1480, #1648, #2227, #1347, #329, #2435, #116, #888 ) ) ;
#2127 = DIRECTION ( 'NONE',  ( 0.000000000000000000, 0.000000000000000000, 1.000000000000000000 ) ) ;
#2128 = ORIENTED_EDGE ( 'NONE', *, *, #107, .F. ) ;
#2129 = DIRECTION ( 'NONE',  ( 0.000000000000000000, 0.000000000000000000, -1.000000000000000000 ) ) ;
#2130 = CARTESIAN_POINT ( 'NONE',  ( -30.00000000000000711, 13.74999999999999822, 35.00000000000000000 ) ) ;
#2131 = DIRECTION ( 'NONE',  ( 0.000000000000000000, 0.000000000000000000, -1.000000000000000000 ) ) ;
#2132 = CARTESIAN_POINT ( 'NONE',  ( -30.00000000000000711, 21.50000000000000000, 40.00000000000000000 ) ) ;
#2133 = ORIENTED_EDGE ( 'NONE', *, *, #218, .T. ) ;
#2134 = EDGE_CURVE ( 'NONE', #1359, #769, #2399, .T. ) ;
#2135 = CARTESIAN_POINT ( 'NONE',  ( -23.50000000000000355, 10.75000000000000000, 34.99999999999999289 ) ) ;
#2136 = ORIENTED_EDGE ( 'NONE', *, *, #1318, .F. ) ;
#2137 = ADVANCED_FACE ( 'NONE', ( #923, #943 ), #2352, .F. ) ;
#2138 = FACE_BOUND ( 'NONE', #1495, .T. ) ;
#2139 = VECTOR ( 'NONE', #11, 1000.000000000000000 ) ;
#2140 = ORIENTED_EDGE ( 'NONE', *, *, #495, .F. ) ;
#2141 = DIRECTION ( 'NONE',  ( 0.000000000000000000, 0.000000000000000000, 1.000000000000000000 ) ) ;
#2142 = LINE ( 'NONE', #895, #1377 ) ;
#2143 = VECTOR ( 'NONE', #2083, 1000.000000000000000 ) ;
#2144 = AXIS2_PLACEMENT_3D ( 'NONE', #257, #1898, #1490 ) ;
#2145 = CARTESIAN_POINT ( 'NONE',  ( -33.49999999999999289, 12.75000000000000000, -35.00000000000000711 ) ) ;
#2146 = DIRECTION ( 'NONE',  ( 0.000000000000000000, 0.000000000000000000, -1.000000000000000000 ) ) ;
#2147 = AXIS2_PLACEMENT_3D ( 'NONE', #2274, #1262, #2079 ) ;
#2148 = ORIENTED_EDGE ( 'NONE', *, *, #1555, .F. ) ;
#2149 = LINE ( 'NONE', #699, #322 ) ;
#2150 = EDGE_CURVE ( 'NONE', #2026, #1340, #1734, .T. ) ;
#2151 = ORIENTED_EDGE ( 'NONE', *, *, #1355, .T. ) ;
#2152 = CYLINDRICAL_SURFACE ( 'NONE', #1640, 5.500000000000000000 ) ;
#2153 = DIRECTION ( 'NONE',  ( 0.000000000000000000, 1.000000000000000000, 0.000000000000000000 ) ) ;
#2154 = EDGE_CURVE ( 'NONE', #1986, #1375, #2555, .T. ) ;
#2155 = ORIENTED_EDGE ( 'NONE', *, *, #2281, .F. ) ;
#2156 = CARTESIAN_POINT ( 'NONE',  ( -30.00000000000000355, 2.264718625761417137, -38.00000000000001421 ) ) ;
#2157 = CARTESIAN_POINT ( 'NONE',  ( -26.00000000000001421, 18.50000000000000000, 31.99999999999999289 ) ) ;
#2158 = DIRECTION ( 'NONE',  ( -0.000000000000000000, -1.000000000000000000, -0.000000000000000000 ) ) ;
#2159 = EDGE_LOOP ( 'NONE', ( #896, #138, #1957, #1245 ) ) ;
#2160 = ORIENTED_EDGE ( 'NONE', *, *, #429, .T. ) ;
#2161 =( NAMED_UNIT ( * ) SI_UNIT ( $, .STERADIAN. ) SOLID_ANGLE_UNIT ( ) );
#2162 = ORIENTED_EDGE ( 'NONE', *, *, #871, .T. ) ;
#2163 = DIRECTION ( 'NONE',  ( 1.000000000000000000, -1.176083712526648949E-16, -2.352167425053297897E-16 ) ) ;
#2164 = ORIENTED_EDGE ( 'NONE', *, *, #1437, .F. ) ;
#2165 = VERTEX_POINT ( 'NONE', #908 ) ;
#2166 = PLANE ( 'NONE',  #1551 ) ;
#2167 = EDGE_CURVE ( 'NONE', #2261, #535, #2232, .T. ) ;
#2168 = DIRECTION ( 'NONE',  ( 2.312964634635743450E-16, -0.000000000000000000, 1.000000000000000000 ) ) ;
#2169 = ADVANCED_FACE ( 'NONE', ( #1921 ), #2166, .F. ) ;
#2170 = DIRECTION ( 'NONE',  ( -0.000000000000000000, -1.000000000000000000, -0.000000000000000000 ) ) ;
#2171 = ORIENTED_EDGE ( 'NONE', *, *, #1055, .F. ) ;
#2172 = CARTESIAN_POINT ( 'NONE',  ( 21.00000000000000355, 11.95000000000000284, 38.49999999999999289 ) ) ;
#2173 = CARTESIAN_POINT ( 'NONE',  ( 29.99999999999999645, 21.50000000000000000, -35.00000000000000711 ) ) ;
#2174 = ORIENTED_EDGE ( 'NONE', *, *, #77, .T. ) ;
#2175 = DIRECTION ( 'NONE',  ( 0.000000000000000000, 1.000000000000000000, 0.000000000000000000 ) ) ;
#2176 = ORIENTED_EDGE ( 'NONE', *, *, #871, .F. ) ;
#2177 = ORIENTED_EDGE ( 'NONE', *, *, #1963, .F. ) ;
#2178 = FACE_OUTER_BOUND ( 'NONE', #256, .T. ) ;
#2179 = AXIS2_PLACEMENT_3D ( 'NONE', #69, #2288, #1203 ) ;
#2180 = VECTOR ( 'NONE', #2536, 1000.000000000000000 ) ;
#2181 = EDGE_CURVE ( 'NONE', #1793, #2594, #1974, .T. ) ;
#2182 = DIRECTION ( 'NONE',  ( -1.000000000000000000, 0.000000000000000000, 0.000000000000000000 ) ) ;
#2183 = AXIS2_PLACEMENT_3D ( 'NONE', #326, #1074, #1694 ) ;
#2184 = CARTESIAN_POINT ( 'NONE',  ( 29.99999999999999645, 18.50000000000000000, -35.00000000000000711 ) ) ;
#2185 = CARTESIAN_POINT ( 'NONE',  ( -30.00000000000000355, 21.50000000000000000, -35.00000000000000711 ) ) ;
#2186 = ORIENTED_EDGE ( 'NONE', *, *, #609, .T. ) ;
#2187 = CIRCLE ( 'NONE', #874, 2.999999999999995559 ) ;
#2188 = EDGE_CURVE ( 'NONE', #1844, #2273, #2569, .T. ) ;
#2189 = ORIENTED_EDGE ( 'NONE', *, *, #492, .T. ) ;
#2190 = CARTESIAN_POINT ( 'NONE',  ( -30.00000000000000355, 0.000000000000000000, -35.00000000000000711 ) ) ;
#2191 = VECTOR ( 'NONE', #464, 1000.000000000000000 ) ;
#2192 = VECTOR ( 'NONE', #1709, 1000.000000000000000 ) ;
#2193 = EDGE_LOOP ( 'NONE', ( #1916, #223, #114, #67 ) ) ;
#2194 = CARTESIAN_POINT ( 'NONE',  ( -32.00000000000000000, 0.000000000000000000, -30.41742430504417172 ) ) ;
#2195 = EDGE_LOOP ( 'NONE', ( #2423, #2419, #949, #488 ) ) ;
#2196 = VERTEX_POINT ( 'NONE', #93 ) ;
#2197 = CARTESIAN_POINT ( 'NONE',  ( -33.49999999999999289, 11.95000000000000284, -20.00000000000000355 ) ) ;
#2198 = DIRECTION ( 'NONE',  ( -1.000000000000000000, 0.000000000000000000, 0.000000000000000000 ) ) ;
#2199 = LINE ( 'NONE', #2599, #517 ) ;
#2200 = CARTESIAN_POINT ( 'NONE',  ( 31.99999999999999289, 18.50000000000000000, -30.41742430504417527 ) ) ;
#2201 = EDGE_CURVE ( 'NONE', #2046, #1492, #1341, .T. ) ;
#2202 = ORIENTED_EDGE ( 'NONE', *, *, #1370, .T. ) ;
#2203 = VERTEX_POINT ( 'NONE', #958 ) ;
#2204 = DIRECTION ( 'NONE',  ( 0.000000000000000000, 0.000000000000000000, -1.000000000000000000 ) ) ;
#2205 = EDGE_CURVE ( 'NONE', #291, #1015, #193, .T. ) ;
#2206 = EDGE_LOOP ( 'NONE', ( #392, #1451, #2151, #247 ) ) ;
#2207 = AXIS2_PLACEMENT_3D ( 'NONE', #2566, #2153, #2326 ) ;
#2208 = DIRECTION ( 'NONE',  ( 0.000000000000000000, -1.000000000000000000, 0.000000000000000000 ) ) ;
#2209 = EDGE_LOOP ( 'NONE', ( #1923, #140, #294, #1827, #845 ) ) ;
#2210 = ORIENTED_EDGE ( 'NONE', *, *, #1635, .T. ) ;
#2211 = CARTESIAN_POINT ( 'NONE',  ( -30.00000000000000355, 10.75000000000000000, 38.50000000000000000 ) ) ;
#2212 = CARTESIAN_POINT ( 'NONE',  ( 5.999999999999996447, -28.29484601070928207, 31.99999999999999289 ) ) ;
#2213 = VECTOR ( 'NONE', #2103, 1000.000000000000000 ) ;
#2214 = DIRECTION ( 'NONE',  ( 9.912705577010325549E-17, 0.000000000000000000, -1.000000000000000000 ) ) ;
#2215 = CARTESIAN_POINT ( 'NONE',  ( -30.00000000000000711, 13.74999999999999822, 32.00000000000000000 ) ) ;
#2216 = ORIENTED_EDGE ( 'NONE', *, *, #204, .F. ) ;
#2217 = FACE_OUTER_BOUND ( 'NONE', #1580, .T. ) ;
#2218 = DIRECTION ( 'NONE',  ( -0.000000000000000000, 1.000000000000000000, -0.000000000000000000 ) ) ;
#2219 = EDGE_CURVE ( 'NONE', #956, #2519, #1508, .T. ) ;
#2220 = ORIENTED_EDGE ( 'NONE', *, *, #1903, .F. ) ;
#2221 = DIRECTION ( 'NONE',  ( -0.000000000000000000, 1.000000000000000000, -0.000000000000000000 ) ) ;
#2222 = ORIENTED_EDGE ( 'NONE', *, *, #15, .T. ) ;
#2223 = ORIENTED_EDGE ( 'NONE', *, *, #2456, .F. ) ;
#2224 = CARTESIAN_POINT ( 'NONE',  ( -30.00000000000000711, 2.264718625761417137, 32.00000000000000000 ) ) ;
#2225 = DIRECTION ( 'NONE',  ( -1.000000000000000000, 0.000000000000000000, -9.912705577010325549E-17 ) ) ;
#2226 = DIRECTION ( 'NONE',  ( 0.000000000000000000, 0.000000000000000000, -1.000000000000000000 ) ) ;
#2227 = ORIENTED_EDGE ( 'NONE', *, *, #1962, .T. ) ;
#2228 = AXIS2_PLACEMENT_3D ( 'NONE', #179, #2426, #2619 ) ;
#2229 = LINE ( 'NONE', #1657, #1915 ) ;
#2230 = DIRECTION ( 'NONE',  ( -0.000000000000000000, 1.000000000000000000, -0.000000000000000000 ) ) ;
#2231 = CIRCLE ( 'NONE', #1976, 5.000000000000000888 ) ;
#2232 = CIRCLE ( 'NONE', #362, 1.000000000000000888 ) ;
#2233 = CIRCLE ( 'NONE', #1169, 1.000000000000000888 ) ;
#2234 = CARTESIAN_POINT ( 'NONE',  ( 29.99999999999999645, 2.264718625761417137, -35.00000000000000711 ) ) ;
#2235 = EDGE_CURVE ( 'NONE', #311, #1010, #144, .T. ) ;
#2236 = VECTOR ( 'NONE', #1032, 1000.000000000000000 ) ;
#2237 = ORIENTED_EDGE ( 'NONE', *, *, #370, .T. ) ;
#2238 = LINE ( 'NONE', #573, #278 ) ;
#2239 = ADVANCED_FACE ( 'NONE', ( #719 ), #2314, .F. ) ;
#2240 = CARTESIAN_POINT ( 'NONE',  ( 5.999999999999998224, 16.74999999999999645, 36.99999999999999289 ) ) ;
#2241 = CYLINDRICAL_SURFACE ( 'NONE', #443, 1.000000000000000888 ) ;
#2242 = ORIENTED_EDGE ( 'NONE', *, *, #2296, .T. ) ;
#2243 = DIRECTION ( 'NONE',  ( -0.000000000000000000, -0.000000000000000000, 1.000000000000000000 ) ) ;
#2244 = CARTESIAN_POINT ( 'NONE',  ( -25.00000000000000355, 10.75000000000000000, 34.99999999999999289 ) ) ;
#2245 = EDGE_LOOP ( 'NONE', ( #2476, #1854, #387, #74, #1153, #2576, #614, #806 ) ) ;
#2246 = CARTESIAN_POINT ( 'NONE',  ( -28.00000000000000355, 18.50000000000000000, 38.50000000000000000 ) ) ;
#2247 = ORIENTED_EDGE ( 'NONE', *, *, #1332, .T. ) ;
#2248 = CYLINDRICAL_SURFACE ( 'NONE', #2620, 4.999999999999997335 ) ;
#2249 = AXIS2_PLACEMENT_3D ( 'NONE', #606, #622, #1617 ) ;
#2250 = PLANE ( 'NONE',  #2144 ) ;
#2251 = EDGE_CURVE ( 'NONE', #2052, #2528, #295, .T. ) ;
#2252 = FACE_OUTER_BOUND ( 'NONE', #1636, .T. ) ;
#2253 = EDGE_LOOP ( 'NONE', ( #2078, #567, #2016, #1945 ) ) ;
#2254 = CIRCLE ( 'NONE', #130, 3.000000000000002665 ) ;
#2255 = DIRECTION ( 'NONE',  ( -1.734723475976805319E-15, 0.000000000000000000, -1.000000000000000000 ) ) ;
#2256 = CARTESIAN_POINT ( 'NONE',  ( -25.00000000000000355, -28.29484601070928207, 37.00000000000000000 ) ) ;
#2257 = CARTESIAN_POINT ( 'NONE',  ( -35.00000000000000000, 21.50000000000000000, 35.00000000000000000 ) ) ;
#2258 = ORIENTED_EDGE ( 'NONE', *, *, #1072, .F. ) ;
#2259 = CARTESIAN_POINT ( 'NONE',  ( 29.99999999999999645, 2.264718625761417137, 31.99999999999999289 ) ) ;
#2260 = DIRECTION ( 'NONE',  ( -1.982541115402065110E-16, 0.000000000000000000, -1.000000000000000000 ) ) ;
#2261 = VERTEX_POINT ( 'NONE', #2328 ) ;
#2262 = CARTESIAN_POINT ( 'NONE',  ( 10.49999999999999467, 18.50000000000000000, 36.99999999999999289 ) ) ;
#2263 = LINE ( 'NONE', #619, #1938 ) ;
#2264 = EDGE_CURVE ( 'NONE', #2403, #1313, #533, .T. ) ;
#2265 = ORIENTED_EDGE ( 'NONE', *, *, #1731, .T. ) ;
#2266 = DIRECTION ( 'NONE',  ( 0.000000000000000000, 0.000000000000000000, 1.000000000000000000 ) ) ;
#2267 = DIRECTION ( 'NONE',  ( -1.000000000000000000, 0.000000000000000000, 2.312964634635742957E-16 ) ) ;
#2268 = AXIS2_PLACEMENT_3D ( 'NONE', #1147, #136, #562 ) ;
#2269 = DIRECTION ( 'NONE',  ( 0.000000000000000000, -1.000000000000000000, 0.000000000000000000 ) ) ;
#2270 = CIRCLE ( 'NONE', #1808, 1.000000000000000888 ) ;
#2271 = AXIS2_PLACEMENT_3D ( 'NONE', #680, #133, #1325 ) ;
#2272 = AXIS2_PLACEMENT_3D ( 'NONE', #2190, #1590, #196 ) ;
#2273 = VERTEX_POINT ( 'NONE', #933 ) ;
#2274 = CARTESIAN_POINT ( 'NONE',  ( -30.00000000000000711, 18.50000000000000000, 35.00000000000000000 ) ) ;
#2275 = CARTESIAN_POINT ( 'NONE',  ( 29.99999999999999645, 10.75000000000000000, 38.49999999999998579 ) ) ;
#2276 = FACE_OUTER_BOUND ( 'NONE', #1553, .T. ) ;
#2277 = CARTESIAN_POINT ( 'NONE',  ( -35.00000000000000000, 12.75000000000000000, 35.00000000000000000 ) ) ;
#2278 = ORIENTED_EDGE ( 'NONE', *, *, #2107, .T. ) ;
#2279 = UNCERTAINTY_MEASURE_WITH_UNIT (LENGTH_MEASURE( 1.000000000000000082E-05 ), #2563, 'distance_accuracy_value', 'NONE');
#2280 = DIRECTION ( 'NONE',  ( -0.000000000000000000, -1.000000000000000000, -0.000000000000000000 ) ) ;
#2281 = EDGE_CURVE ( 'NONE', #1383, #1136, #1113, .T. ) ;
#2282 = LINE ( 'NONE', #1065, #2139 ) ;
#2283 = ORIENTED_EDGE ( 'NONE', *, *, #323, .F. ) ;
#2284 = EDGE_CURVE ( 'NONE', #1221, #1542, #1531, .T. ) ;
#2285 = CARTESIAN_POINT ( 'NONE',  ( 29.99999999999999645, 12.75000000000000000, 38.49999999999998579 ) ) ;
#2286 = VERTEX_POINT ( 'NONE', #2211 ) ;
#2287 = CARTESIAN_POINT ( 'NONE',  ( 16.00000000000000711, 11.95000000000000284, 36.99999999999999289 ) ) ;
#2288 = DIRECTION ( 'NONE',  ( -0.000000000000000000, 1.000000000000000000, -0.000000000000000000 ) ) ;
#2289 = EDGE_LOOP ( 'NONE', ( #484, #451, #2001, #2302 ) ) ;
#2290 = CARTESIAN_POINT ( 'NONE',  ( -33.50000000000000000, 12.75000000000000000, 35.00000000000000000 ) ) ;
#2291 = PLANE ( 'NONE',  #1422 ) ;
#2292 = ORIENTED_EDGE ( 'NONE', *, *, #134, .F. ) ;
#2293 = CARTESIAN_POINT ( 'NONE',  ( -33.49999999999999289, 11.95000000000000284, -20.00000000000000355 ) ) ;
#2294 = PLANE ( 'NONE',  #992 ) ;
#2295 = DIRECTION ( 'NONE',  ( -0.000000000000000000, -1.000000000000000000, -0.000000000000000000 ) ) ;
#2296 = EDGE_CURVE ( 'NONE', #343, #311, #411, .T. ) ;
#2297 = ORIENTED_EDGE ( 'NONE', *, *, #902, .T. ) ;
#2298 = LINE ( 'NONE', #2259, #1298 ) ;
#2299 = LINE ( 'NONE', #1285, #2213 ) ;
#2300 = CYLINDRICAL_SURFACE ( 'NONE', #917, 5.000000000000000888 ) ;
#2301 = DIRECTION ( 'NONE',  ( 0.000000000000000000, 0.000000000000000000, -1.000000000000000000 ) ) ;
#2302 = ORIENTED_EDGE ( 'NONE', *, *, #1517, .T. ) ;
#2303 = DIRECTION ( 'NONE',  ( -1.000000000000000000, 0.000000000000000000, -9.912705577010325549E-17 ) ) ;
#2304 = FACE_OUTER_BOUND ( 'NONE', #588, .T. ) ;
#2305 = ORIENTED_EDGE ( 'NONE', *, *, #349, .T. ) ;
#2306 = DIRECTION ( 'NONE',  ( -0.000000000000000000, 1.000000000000000000, -0.000000000000000000 ) ) ;
#2307 = AXIS2_PLACEMENT_3D ( 'NONE', #847, #2462, #645 ) ;
#2308 = AXIS2_PLACEMENT_3D ( 'NONE', #2109, #669, #467 ) ;
#2309 = ORIENTED_EDGE ( 'NONE', *, *, #150, .T. ) ;
#2310 =( NAMED_UNIT ( * ) SI_UNIT ( $, .STERADIAN. ) SOLID_ANGLE_UNIT ( ) );
#2311 = FACE_OUTER_BOUND ( 'NONE', #2195, .T. ) ;
#2312 = EDGE_CURVE ( 'NONE', #125, #2037, #2187, .T. ) ;
#2313 = AXIS2_PLACEMENT_3D ( 'NONE', #536, #1131, #491 ) ;
#2314 = CYLINDRICAL_SURFACE ( 'NONE', #2313, 3.000000000000002665 ) ;
#2315 = AXIS2_PLACEMENT_3D ( 'NONE', #503, #307, #519 ) ;
#2316 = AXIS2_PLACEMENT_3D ( 'NONE', #1890, #2452, #63 ) ;
#2317 = EDGE_CURVE ( 'NONE', #604, #990, #2238, .T. ) ;
#2318 = CARTESIAN_POINT ( 'NONE',  ( 5.999999999999998224, 10.75000000000000000, 36.99999999999999289 ) ) ;
#2319 = EDGE_LOOP ( 'NONE', ( #2505, #2242, #1786, #725 ) ) ;
#2320 = AXIS2_PLACEMENT_3D ( 'NONE', #1312, #1744, #2127 ) ;
#2321 = CARTESIAN_POINT ( 'NONE',  ( 33.49999999999999289, 10.75000000000000000, 34.99999999999999289 ) ) ;
#2322 = CARTESIAN_POINT ( 'NONE',  ( 5.999999999999998224, 12.75000000000000000, 38.49999999999999289 ) ) ;
#2323 = LINE ( 'NONE', #341, #27 ) ;
#2324 = VERTEX_POINT ( 'NONE', #600 ) ;
#2325 = APPLICATION_PROTOCOL_DEFINITION ( 'draft international standard', 'automotive_design', 1998, #1073 ) ;
#2326 = DIRECTION ( 'NONE',  ( 0.000000000000000000, 0.000000000000000000, 1.000000000000000000 ) ) ;
#2327 = ORIENTED_EDGE ( 'NONE', *, *, #2380, .F. ) ;
#2328 = CARTESIAN_POINT ( 'NONE',  ( -30.00000000000000711, 13.74999999999999822, 34.00000000000000000 ) ) ;
#2329 = CARTESIAN_POINT ( 'NONE',  ( -33.50000000000000000, 10.75000000000000000, 35.00000000000000000 ) ) ;
#2330 = ADVANCED_FACE ( 'NONE', ( #1172 ), #388, .F. ) ;
#2331 = LINE ( 'NONE', #2145, #1361 ) ;
#2332 = CARTESIAN_POINT ( 'NONE',  ( 29.99999999999999645, 12.75000000000000000, 34.99999999999999289 ) ) ;
#2333 = ORIENTED_EDGE ( 'NONE', *, *, #1355, .F. ) ;
#2334 = ORIENTED_EDGE ( 'NONE', *, *, #767, .F. ) ;
#2335 = CARTESIAN_POINT ( 'NONE',  ( 29.99999999999999645, 13.74999999999999822, -38.00000000000001421 ) ) ;
#2336 = EDGE_LOOP ( 'NONE', ( #1967, #1988, #627, #374, #1994, #1727 ) ) ;
#2337 = CARTESIAN_POINT ( 'NONE',  ( 10.49999999999999467, 5.749999999999999112, 31.99999999999999289 ) ) ;
#2338 = EDGE_LOOP ( 'NONE', ( #1689, #1311, #1191, #2237 ) ) ;
#2339 = DIRECTION ( 'NONE',  ( 0.000000000000000000, -0.000000000000000000, -1.000000000000000000 ) ) ;
#2340 = DIRECTION ( 'NONE',  ( 0.000000000000000000, -0.000000000000000000, -1.000000000000000000 ) ) ;
#2341 = CIRCLE ( 'NONE', #1579, 5.500000000000000000 ) ;
#2342 = PLANE ( 'NONE',  #1364 ) ;
#2343 = CARTESIAN_POINT ( 'NONE',  ( 10.49999999999999467, 10.75000000000000000, 36.99999999999999289 ) ) ;
#2344 = ADVANCED_FACE ( 'NONE', ( #2178, #1384 ), #1775, .F. ) ;
#2345 = EDGE_LOOP ( 'NONE', ( #776, #598, #1729, #1477 ) ) ;
#2346 = CARTESIAN_POINT ( 'NONE',  ( -30.00000000000000355, 13.74999999999999822, -35.00000000000000711 ) ) ;
#2347 = EDGE_CURVE ( 'NONE', #2203, #966, #955, .T. ) ;
#2348 = VERTEX_POINT ( 'NONE', #2597 ) ;
#2349 = CARTESIAN_POINT ( 'NONE',  ( -32.00000000000000000, 10.75000000000000000, 40.00000000000000000 ) ) ;
#2350 = DIRECTION ( 'NONE',  ( -0.000000000000000000, 1.000000000000000000, -0.000000000000000000 ) ) ;
#2351 = VERTEX_POINT ( 'NONE', #1214 ) ;
#2352 = PLANE ( 'NONE',  #1333 ) ;
#2353 = VECTOR ( 'NONE', #1642, 1000.000000000000000 ) ;
#2354 = AXIS2_PLACEMENT_3D ( 'NONE', #1990, #970, #2583 ) ;
#2355 = VECTOR ( 'NONE', #2008, 1000.000000000000000 ) ;
#2356 = LINE ( 'NONE', #1964, #1201 ) ;
#2357 = CARTESIAN_POINT ( 'NONE',  ( -23.50000000000001066, 12.75000000000000000, 1.189524669241240249E-15 ) ) ;
#2358 = ORIENTED_EDGE ( 'NONE', *, *, #1144, .F. ) ;
#2359 = ORIENTED_EDGE ( 'NONE', *, *, #1632, .T. ) ;
#2360 =( NAMED_UNIT ( * ) PLANE_ANGLE_UNIT ( ) SI_UNIT ( $, .RADIAN. ) );
#2361 = EDGE_CURVE ( 'NONE', #2065, #928, #557, .T. ) ;
#2362 = ORIENTED_EDGE ( 'NONE', *, *, #218, .F. ) ;
#2363 = CARTESIAN_POINT ( 'NONE',  ( 0.000000000000000000, 0.000000000000000000, 0.000000000000000000 ) ) ;
#2364 = CARTESIAN_POINT ( 'NONE',  ( -23.50000000000000355, 16.75000000000000000, 37.00000000000000000 ) ) ;
#2365 = ORIENTED_EDGE ( 'NONE', *, *, #182, .T. ) ;
#2366 = ORIENTED_EDGE ( 'NONE', *, *, #1289, .T. ) ;
#2367 = DIRECTION ( 'NONE',  ( -0.000000000000000000, 1.000000000000000000, -0.000000000000000000 ) ) ;
#2368 = DIRECTION ( 'NONE',  ( -1.000000000000000000, 0.000000000000000000, 9.912705577010325549E-17 ) ) ;
#2369 = CARTESIAN_POINT ( 'NONE',  ( -30.00000000000000355, 12.75000000000000000, 38.50000000000000000 ) ) ;
#2370 = ORIENTED_EDGE ( 'NONE', *, *, #107, .T. ) ;
#2371 = CARTESIAN_POINT ( 'NONE',  ( 29.99999999999999645, 0.000000000000000000, -35.00000000000000711 ) ) ;
#2372 = CARTESIAN_POINT ( 'NONE',  ( 29.99999999999999645, 13.74999999999999822, -34.00000000000000711 ) ) ;
#2373 = EDGE_LOOP ( 'NONE', ( #1608, #396, #242, #2021 ) ) ;
#2374 = DIRECTION ( 'NONE',  ( 0.000000000000000000, 1.000000000000000000, 0.000000000000000000 ) ) ;
#2375 = ADVANCED_FACE ( 'NONE', ( #2625 ), #1570, .F. ) ;
#2376 = ORIENTED_EDGE ( 'NONE', *, *, #1903, .T. ) ;
#2377 = EDGE_LOOP ( 'NONE', ( #1565, #799, #655, #524 ) ) ;
#2378 = DIRECTION ( 'NONE',  ( 9.912705577010325549E-17, 0.000000000000000000, -1.000000000000000000 ) ) ;
#2379 = VECTOR ( 'NONE', #2214, 1000.000000000000000 ) ;
#2380 = EDGE_CURVE ( 'NONE', #1593, #2601, #1582, .T. ) ;
#2381 = CARTESIAN_POINT ( 'NONE',  ( 20.85386443980464222, 10.75000000000000000, 38.49999999999999289 ) ) ;
#2382 = DIRECTION ( 'NONE',  ( 1.000000000000000000, 0.000000000000000000, 0.000000000000000000 ) ) ;
#2383 = VERTEX_POINT ( 'NONE', #1011 ) ;
#2384 = ORIENTED_EDGE ( 'NONE', *, *, #1435, .F. ) ;
#2385 = CARTESIAN_POINT ( 'NONE',  ( -30.00000000000000355, 13.74999999999999822, -32.00000000000000711 ) ) ;
#2386 = ORIENTED_EDGE ( 'NONE', *, *, #26, .T. ) ;
#2387 = CARTESIAN_POINT ( 'NONE',  ( 29.99999999999999645, 21.50000000000000000, 31.99999999999999289 ) ) ;
#2388 = VERTEX_POINT ( 'NONE', #1397 ) ;
#2389 = ORIENTED_EDGE ( 'NONE', *, *, #2119, .T. ) ;
#2390 = DIRECTION ( 'NONE',  ( 0.000000000000000000, -1.000000000000000000, 0.000000000000000000 ) ) ;
#2391 = EDGE_CURVE ( 'NONE', #184, #685, #2440, .T. ) ;
#2392 = AXIS2_PLACEMENT_3D ( 'NONE', #2256, #1658, #1686 ) ;
#2393 = CARTESIAN_POINT ( 'NONE',  ( -30.00000000000000711, 0.000000000000000000, 36.00000000000000711 ) ) ;
#2394 = EDGE_CURVE ( 'NONE', #1935, #1764, #2420, .T. ) ;
#2395 = CIRCLE ( 'NONE', #831, 5.499999999999998224 ) ;
#2396 = CARTESIAN_POINT ( 'NONE',  ( -23.50000000000000355, 12.75000000000000000, 40.00000000000000000 ) ) ;
#2397 = CARTESIAN_POINT ( 'NONE',  ( 5.999999999999996447, 5.749999999999999112, 31.99999999999999289 ) ) ;
#2398 = EDGE_LOOP ( 'NONE', ( #648, #2538, #1199, #1056 ) ) ;
#2399 = CIRCLE ( 'NONE', #834, 4.999999999999997335 ) ;
#2400 = ORIENTED_EDGE ( 'NONE', *, *, #1289, .F. ) ;
#2401 = DIRECTION ( 'NONE',  ( -0.000000000000000000, -1.000000000000000000, 0.000000000000000000 ) ) ;
#2402 = CIRCLE ( 'NONE', #1216, 1.000000000000000888 ) ;
#2403 = VERTEX_POINT ( 'NONE', #2042 ) ;
#2404 = CARTESIAN_POINT ( 'NONE',  ( -25.00000000000000355, 18.50000000000000000, 37.00000000000000000 ) ) ;
#2405 = ORIENTED_EDGE ( 'NONE', *, *, #1275, .F. ) ;
#2406 = ORIENTED_EDGE ( 'NONE', *, *, #1093, .F. ) ;
#2407 = DIRECTION ( 'NONE',  ( 0.000000000000000000, 0.000000000000000000, -1.000000000000000000 ) ) ;
#2408 = CARTESIAN_POINT ( 'NONE',  ( -32.00000000000000000, 11.95000000000000284, -20.00000000000000355 ) ) ;
#2409 = DIRECTION ( 'NONE',  ( 0.000000000000000000, -1.000000000000000000, 0.000000000000000000 ) ) ;
#2410 = PLANE ( 'NONE',  #1588 ) ;
#2411 = EDGE_CURVE ( 'NONE', #2348, #769, #1185, .T. ) ;
#2412 = EDGE_LOOP ( 'NONE', ( #2621, #827, #2481, #518, #1112, #564 ) ) ;
#2413 = ORIENTED_EDGE ( 'NONE', *, *, #47, .T. ) ;
#2414 = DIRECTION ( 'NONE',  ( 0.000000000000000000, -1.000000000000000000, 0.000000000000000000 ) ) ;
#2415 = EDGE_CURVE ( 'NONE', #1654, #1391, #1410, .T. ) ;
#2416 = ORIENTED_EDGE ( 'NONE', *, *, #1406, .T. ) ;
#2417 = CARTESIAN_POINT ( 'NONE',  ( 0.000000000000000000, 18.50000000000000000, 0.000000000000000000 ) ) ;
#2418 = AXIS2_PLACEMENT_3D ( 'NONE', #2371, #1780, #1178 ) ;
#2419 = ORIENTED_EDGE ( 'NONE', *, *, #559, .T. ) ;
#2420 = LINE ( 'NONE', #1801, #2616 ) ;
#2421 = CARTESIAN_POINT ( 'NONE',  ( 34.99999999999999289, 21.50000000000000000, -37.00000000000000711 ) ) ;
#2422 = DIRECTION ( 'NONE',  ( -0.000000000000000000, 1.000000000000000000, -0.000000000000000000 ) ) ;
#2423 = ORIENTED_EDGE ( 'NONE', *, *, #255, .F. ) ;
#2424 = PLANE ( 'NONE',  #720 ) ;
#2425 = EDGE_CURVE ( 'NONE', #2348, #1813, #1200, .T. ) ;
#2426 = DIRECTION ( 'NONE',  ( 0.000000000000000000, 1.000000000000000000, 0.000000000000000000 ) ) ;
#2427 = AXIS2_PLACEMENT_3D ( 'NONE', #1356, #378, #936 ) ;
#2428 = ORIENTED_EDGE ( 'NONE', *, *, #395, .F. ) ;
#2429 = EDGE_CURVE ( 'NONE', #34, #263, #784, .T. ) ;
#2430 = PLANE ( 'NONE',  #1877 ) ;
#2431 = CIRCLE ( 'NONE', #1281, 4.999999999999993783 ) ;
#2432 = FACE_BOUND ( 'NONE', #1208, .T. ) ;
#2433 = DIRECTION ( 'NONE',  ( -0.000000000000000000, 1.000000000000000000, -0.000000000000000000 ) ) ;
#2434 = DIRECTION ( 'NONE',  ( 0.000000000000000000, -0.000000000000000000, -1.000000000000000000 ) ) ;
#2435 = ORIENTED_EDGE ( 'NONE', *, *, #1485, .T. ) ;
#2436 = CIRCLE ( 'NONE', #1891, 1.000000000000000888 ) ;
#2437 = CYLINDRICAL_SURFACE ( 'NONE', #2249, 3.000000000000002665 ) ;
#2438 = CARTESIAN_POINT ( 'NONE',  ( 6.000000000000001776, 12.75000000000000000, 38.49999999999999289 ) ) ;
#2439 = CIRCLE ( 'NONE', #1248, 2.999999999999995559 ) ;
#2440 = CIRCLE ( 'NONE', #2527, 3.499999999999996003 ) ;
#2441 = ORIENTED_EDGE ( 'NONE', *, *, #2394, .F. ) ;
#2442 = CIRCLE ( 'NONE', #147, 5.000000000000000888 ) ;
#2443 = CARTESIAN_POINT ( 'NONE',  ( -30.00000000000000711, 21.50000000000000000, -40.00000000000000000 ) ) ;
#2444 = ADVANCED_FACE ( 'NONE', ( #996, #1815, #2432, #1424 ), #240, .T. ) ;
#2445 = ORIENTED_EDGE ( 'NONE', *, *, #333, .F. ) ;
#2446 = CARTESIAN_POINT ( 'NONE',  ( 0.000000000000000000, 5.749999999999999112, 0.000000000000000000 ) ) ;
#2447 = CARTESIAN_POINT ( 'NONE',  ( 7.500000000000000000, 10.75000000000000000, 37.00000000000000000 ) ) ;
#2448 = CARTESIAN_POINT ( 'NONE',  ( 29.99999999999999645, 0.000000000000000000, -34.00000000000000711 ) ) ;
#2449 = EDGE_LOOP ( 'NONE', ( #550, #1598 ) ) ;
#2450 = DIRECTION ( 'NONE',  ( 0.000000000000000000, -0.000000000000000000, -1.000000000000000000 ) ) ;
#2451 = DIRECTION ( 'NONE',  ( -1.000000000000000000, -0.000000000000000000, -0.000000000000000000 ) ) ;
#2452 = DIRECTION ( 'NONE',  ( 0.000000000000000000, -1.000000000000000000, 0.000000000000000000 ) ) ;
#2453 = ORIENTED_EDGE ( 'NONE', *, *, #1534, .F. ) ;
#2454 = DIRECTION ( 'NONE',  ( -0.000000000000000000, 1.000000000000000000, -0.000000000000000000 ) ) ;
#2455 = DIRECTION ( 'NONE',  ( 0.000000000000000000, 1.000000000000000000, 0.000000000000000000 ) ) ;
#2456 = EDGE_CURVE ( 'NONE', #2471, #1409, #876, .T. ) ;
#2457 = DIRECTION ( 'NONE',  ( 0.000000000000000000, 1.000000000000000000, 0.000000000000000000 ) ) ;
#2458 = EDGE_CURVE ( 'NONE', #1813, #442, #2466, .T. ) ;
#2459 = FACE_OUTER_BOUND ( 'NONE', #2209, .T. ) ;
#2460 = ORIENTED_EDGE ( 'NONE', *, *, #1635, .F. ) ;
#2461 = DIRECTION ( 'NONE',  ( -0.000000000000000000, 1.000000000000000000, -0.000000000000000000 ) ) ;
#2462 = DIRECTION ( 'NONE',  ( 0.000000000000000000, -1.000000000000000000, 0.000000000000000000 ) ) ;
#2463 = LINE ( 'NONE', #686, #106 ) ;
#2464 = AXIS2_PLACEMENT_3D ( 'NONE', #521, #711, #1279 ) ;
#2465 = VERTEX_POINT ( 'NONE', #1841 ) ;
#2466 = LINE ( 'NONE', #1867, #2236 ) ;
#2467 = CARTESIAN_POINT ( 'NONE',  ( -26.00000000000001421, 0.000000000000000000, 31.99999999999999289 ) ) ;
#2468 = EDGE_CURVE ( 'NONE', #2037, #714, #2298, .T. ) ;
#2469 = CARTESIAN_POINT ( 'NONE',  ( 29.99999999999999645, 21.50000000000000000, 34.99999999999999289 ) ) ;
#2470 = CARTESIAN_POINT ( 'NONE',  ( 34.99999999999999289, 10.75000000000000000, 36.99999999999998579 ) ) ;
#2471 = VERTEX_POINT ( 'NONE', #40 ) ;
#2472 = ADVANCED_FACE ( 'NONE', ( #68 ), #2248, .F. ) ;
#2473 = LINE ( 'NONE', #859, #1438 ) ;
#2474 = DIRECTION ( 'NONE',  ( -0.000000000000000000, 1.000000000000000000, -0.000000000000000000 ) ) ;
#2475 = AXIS2_PLACEMENT_3D ( 'NONE', #1102, #899, #2146 ) ;
#2476 = ORIENTED_EDGE ( 'NONE', *, *, #1473, .F. ) ;
#2477 = CARTESIAN_POINT ( 'NONE',  ( 5.999999999999996447, -28.29484601070928207, 34.99999999999999289 ) ) ;
#2478 = AXIS2_PLACEMENT_3D ( 'NONE', #8, #1238, #1450 ) ;
#2479 = VECTOR ( 'NONE', #1143, 1000.000000000000000 ) ;
#2480 = VECTOR ( 'NONE', #2114, 1000.000000000000000 ) ;
#2481 = ORIENTED_EDGE ( 'NONE', *, *, #506, .T. ) ;
#2482 = DIRECTION ( 'NONE',  ( 1.000000000000000000, 0.000000000000000000, -2.312964634635743450E-16 ) ) ;
#2483 = DIRECTION ( 'NONE',  ( 0.000000000000000000, 0.000000000000000000, -1.000000000000000000 ) ) ;
#2484 = AXIS2_PLACEMENT_3D ( 'NONE', #2363, #1338, #319 ) ;
#2485 = ORIENTED_EDGE ( 'NONE', *, *, #525, .F. ) ;
#2486 = DIRECTION ( 'NONE',  ( 9.912705577010325549E-17, 0.000000000000000000, -1.000000000000000000 ) ) ;
#2487 = APPLICATION_CONTEXT ( 'automotive_design' ) ;
#2488 = CYLINDRICAL_SURFACE ( 'NONE', #2308, 5.500000000000000000 ) ;
#2489 = ORIENTED_EDGE ( 'NONE', *, *, #2415, .T. ) ;
#2490 = CARTESIAN_POINT ( 'NONE',  ( -28.00000000000000355, 18.50000000000000000, 32.76393202250021375 ) ) ;
#2491 = CARTESIAN_POINT ( 'NONE',  ( 29.99999999999999645, 2.264718625761417137, 34.99999999999999289 ) ) ;
#2492 = EDGE_CURVE ( 'NONE', #1096, #157, #879, .T. ) ;
#2493 = DIRECTION ( 'NONE',  ( 0.000000000000000000, 0.000000000000000000, -1.000000000000000000 ) ) ;
#2494 = ADVANCED_FACE ( 'NONE', ( #1246 ), #31, .F. ) ;
#2495 = ORIENTED_EDGE ( 'NONE', *, *, #2119, .F. ) ;
#2496 = LINE ( 'NONE', #1022, #2068 ) ;
#2497 = CARTESIAN_POINT ( 'NONE',  ( -32.00000000000000000, 0.000000000000000000, 30.41742430504416106 ) ) ;
#2498 = ORIENTED_EDGE ( 'NONE', *, *, #934, .T. ) ;
#2499 = CARTESIAN_POINT ( 'NONE',  ( 34.99999999999999289, 12.75000000000000000, 39.99999999999998579 ) ) ;
#2500 = DIRECTION ( 'NONE',  ( -0.000000000000000000, 1.000000000000000000, -0.000000000000000000 ) ) ;
#2501 = ORIENTED_EDGE ( 'NONE', *, *, #1483, .T. ) ;
#2502 = LINE ( 'NONE', #75, #603 ) ;
#2503 = DIRECTION ( 'NONE',  ( 1.000000000000000000, 0.000000000000000000, 0.000000000000000000 ) ) ;
#2504 = EDGE_CURVE ( 'NONE', #367, #2261, #842, .T. ) ;
#2505 = ORIENTED_EDGE ( 'NONE', *, *, #475, .F. ) ;
#2506 = CARTESIAN_POINT ( 'NONE',  ( 10.49999999999999467, 21.50000000000000000, 36.99999999999999289 ) ) ;
#2507 = EDGE_CURVE ( 'NONE', #1337, #938, #1125, .T. ) ;
#2508 = ORIENTED_EDGE ( 'NONE', *, *, #348, .T. ) ;
#2509 = CARTESIAN_POINT ( 'NONE',  ( -30.00000000000000711, 13.74999999999999822, 36.00000000000000711 ) ) ;
#2510 = VECTOR ( 'NONE', #507, 1000.000000000000000 ) ;
#2511 = AXIS2_PLACEMENT_3D ( 'NONE', #2293, #2303, #482 ) ;
#2512 = DIRECTION ( 'NONE',  ( -0.000000000000000000, 1.000000000000000000, -0.000000000000000000 ) ) ;
#2513 = AXIS2_PLACEMENT_3D ( 'NONE', #2417, #2374, #599 ) ;
#2514 = CARTESIAN_POINT ( 'NONE',  ( 20.85386443980464222, 10.75000000000000000, 36.99999999999999289 ) ) ;
#2515 = ORIENTED_EDGE ( 'NONE', *, *, #1700, .T. ) ;
#2516 = PRODUCT_DEFINITION_CONTEXT ( 'detailed design', #2487, 'design' ) ;
#2517 = DIRECTION ( 'NONE',  ( -0.000000000000000000, 1.000000000000000000, -0.000000000000000000 ) ) ;
#2518 = CARTESIAN_POINT ( 'NONE',  ( 33.49999999999999289, 10.75000000000000000, -35.00000000000000711 ) ) ;
#2519 = VERTEX_POINT ( 'NONE', #1649 ) ;
#2520 = CARTESIAN_POINT ( 'NONE',  ( 29.99999999999999645, 0.000000000000000000, -36.00000000000001421 ) ) ;
#2521 = VECTOR ( 'NONE', #860, 1000.000000000000000 ) ;
#2522 = VECTOR ( 'NONE', #1035, 1000.000000000000000 ) ;
#2523 = ORIENTED_EDGE ( 'NONE', *, *, #2591, .F. ) ;
#2524 = FACE_OUTER_BOUND ( 'NONE', #1970, .T. ) ;
#2525 = DIRECTION ( 'NONE',  ( 1.000000000000000000, 0.000000000000000000, 0.000000000000000000 ) ) ;
#2526 = EDGE_CURVE ( 'NONE', #1733, #2031, #662, .T. ) ;
#2527 = AXIS2_PLACEMENT_3D ( 'NONE', #185, #2390, #1829 ) ;
#2528 = VERTEX_POINT ( 'NONE', #436 ) ;
#2529 = DIRECTION ( 'NONE',  ( 1.000000000000000000, -0.000000000000000000, 0.000000000000000000 ) ) ;
#2530 = AXIS2_PLACEMENT_3D ( 'NONE', #530, #79, #292 ) ;
#2531 = AXIS2_PLACEMENT_3D ( 'NONE', #262, #449, #839 ) ;
#2532 = CARTESIAN_POINT ( 'NONE',  ( -30.00000000000000355, 12.75000000000000000, -40.00000000000000711 ) ) ;
#2533 = ADVANCED_FACE ( 'NONE', ( #2053 ), #2066, .T. ) ;
#2534 = ORIENTED_EDGE ( 'NONE', *, *, #2468, .T. ) ;
#2535 = FACE_OUTER_BOUND ( 'NONE', #1864, .T. ) ;
#2536 = DIRECTION ( 'NONE',  ( 9.912705577010325549E-17, 0.000000000000000000, -1.000000000000000000 ) ) ;
#2537 = ORIENTED_EDGE ( 'NONE', *, *, #1141, .T. ) ;
#2538 = ORIENTED_EDGE ( 'NONE', *, *, #2380, .T. ) ;
#2539 = DIRECTION ( 'NONE',  ( 0.000000000000000000, 1.000000000000000000, 0.000000000000000000 ) ) ;
#2540 = ORIENTED_EDGE ( 'NONE', *, *, #1885, .F. ) ;
#2541 =( LENGTH_UNIT ( ) NAMED_UNIT ( * ) SI_UNIT ( .MILLI., .METRE. ) );
#2542 = CYLINDRICAL_SURFACE ( 'NONE', #1682, 1.000000000000000888 ) ;
#2543 = EDGE_LOOP ( 'NONE', ( #1684, #2110 ) ) ;
#2544 = CARTESIAN_POINT ( 'NONE',  ( -35.00000000000000000, 21.50000000000000000, 40.00000000000000000 ) ) ;
#2545 = ADVANCED_FACE ( 'NONE', ( #1045 ), #850, .T. ) ;
#2546 = CARTESIAN_POINT ( 'NONE',  ( -30.00000000000000355, 10.75000000000000000, -34.00000000000000711 ) ) ;
#2547 = DIRECTION ( 'NONE',  ( 0.000000000000000000, 0.000000000000000000, 1.000000000000000000 ) ) ;
#2548 = CARTESIAN_POINT ( 'NONE',  ( 5.999999999999998224, 12.75000000000000000, 39.99999999999999289 ) ) ;
#2549 = ORIENTED_EDGE ( 'NONE', *, *, #232, .F. ) ;
#2550 = ORIENTED_EDGE ( 'NONE', *, *, #513, .F. ) ;
#2551 = CARTESIAN_POINT ( 'NONE',  ( -30.00000000000000711, 13.74999999999999822, 35.00000000000000000 ) ) ;
#2552 = ORIENTED_EDGE ( 'NONE', *, *, #2317, .F. ) ;
#2553 = CARTESIAN_POINT ( 'NONE',  ( 20.93558507170123306, 12.75000000000000000, 29.99999999999999289 ) ) ;
#2554 = ORIENTED_EDGE ( 'NONE', *, *, #2063, .T. ) ;
#2555 = LINE ( 'NONE', #1759, #2479 ) ;
#2556 = EDGE_CURVE ( 'NONE', #2165, #1166, #53, .T. ) ;
#2557 = AXIS2_PLACEMENT_3D ( 'NONE', #1189, #1343, #579 ) ;
#2558 = FACE_OUTER_BOUND ( 'NONE', #221, .T. ) ;
#2559 = DIRECTION ( 'NONE',  ( 0.000000000000000000, 0.000000000000000000, 1.000000000000000000 ) ) ;
#2560 = EDGE_CURVE ( 'NONE', #544, #206, #788, .T. ) ;
#2561 = ORIENTED_EDGE ( 'NONE', *, *, #767, .T. ) ;
#2562 = ORIENTED_EDGE ( 'NONE', *, *, #1735, .F. ) ;
#2563 =( LENGTH_UNIT ( ) NAMED_UNIT ( * ) SI_UNIT ( .MILLI., .METRE. ) );
#2564 = VERTEX_POINT ( 'NONE', #1487 ) ;
#2565 = APPLICATION_PROTOCOL_DEFINITION ( 'draft international standard', 'automotive_design', 1998, #2487 ) ;
#2566 = CARTESIAN_POINT ( 'NONE',  ( -30.00000000000000711, 21.50000000000000000, 35.00000000000000000 ) ) ;
#2567 = CIRCLE ( 'NONE', #695, 3.499999999999996003 ) ;
#2568 = ORIENTED_EDGE ( 'NONE', *, *, #2134, .F. ) ;
#2569 = LINE ( 'NONE', #1558, #1079 ) ;
#2570 = AXIS2_PLACEMENT_3D ( 'NONE', #801, #1991, #578 ) ;
#2571 = VECTOR ( 'NONE', #1237, 1000.000000000000000 ) ;
#2572 = VECTOR ( 'NONE', #2493, 1000.000000000000000 ) ;
#2573 = LINE ( 'NONE', #1559, #1799 ) ;
#2574 = DIRECTION ( 'NONE',  ( -0.000000000000000000, -1.000000000000000000, -0.000000000000000000 ) ) ;
#2575 = ORIENTED_EDGE ( 'NONE', *, *, #1435, .T. ) ;
#2576 = ORIENTED_EDGE ( 'NONE', *, *, #1714, .T. ) ;
#2577 = EDGE_CURVE ( 'NONE', #155, #2203, #253, .T. ) ;
#2578 = CARTESIAN_POINT ( 'NONE',  ( 16.00000000000000711, 11.95000000000000284, 29.99999999999999289 ) ) ;
#2579 = VERTEX_POINT ( 'NONE', #1893 ) ;
#2580 = DIRECTION ( 'NONE',  ( 0.000000000000000000, 0.000000000000000000, 1.000000000000000000 ) ) ;
#2581 = ORIENTED_EDGE ( 'NONE', *, *, #1747, .F. ) ;
#2582 = ORIENTED_EDGE ( 'NONE', *, *, #1129, .T. ) ;
#2583 = DIRECTION ( 'NONE',  ( 0.000000000000000000, -0.000000000000000000, -1.000000000000000000 ) ) ;
#2584 = LINE ( 'NONE', #1545, #1108 ) ;
#2585 = DIRECTION ( 'NONE',  ( 0.000000000000000000, 0.000000000000000000, 1.000000000000000000 ) ) ;
#2586 = VERTEX_POINT ( 'NONE', #1690 ) ;
#2587 = VECTOR ( 'NONE', #2255, 1000.000000000000000 ) ;
#2588 = CYLINDRICAL_SURFACE ( 'NONE', #420, 5.000000000000000888 ) ;
#2589 = AXIS2_PLACEMENT_3D ( 'NONE', #1222, #1429, #35 ) ;
#2590 = AXIS2_PLACEMENT_3D ( 'NONE', #489, #2350, #1920 ) ;
#2591 = EDGE_CURVE ( 'NONE', #762, #1375, #2496, .T. ) ;
#2592 = VERTEX_POINT ( 'NONE', #1527 ) ;
#2593 = DIRECTION ( 'NONE',  ( 0.000000000000000000, -0.000000000000000000, -1.000000000000000000 ) ) ;
#2594 = VERTEX_POINT ( 'NONE', #1712 ) ;
#2595 = EDGE_CURVE ( 'NONE', #710, #275, #1554, .T. ) ;
#2596 = ORIENTED_EDGE ( 'NONE', *, *, #575, .T. ) ;
#2597 = CARTESIAN_POINT ( 'NONE',  ( 25.41742430504415395, 10.75000000000000000, 36.99999999999998579 ) ) ;
#2598 = LINE ( 'NONE', #413, #1331 ) ;
#2599 = CARTESIAN_POINT ( 'NONE',  ( 34.99999999999999289, 10.75000000000000000, -37.00000000000000711 ) ) ;
#2600 = CARTESIAN_POINT ( 'NONE',  ( -30.00000000000000355, 12.75000000000000000, -35.00000000000000711 ) ) ;
#2601 = VERTEX_POINT ( 'NONE', #1301 ) ;
#2602 = DIRECTION ( 'NONE',  ( 0.000000000000000000, 0.000000000000000000, -1.000000000000000000 ) ) ;
#2603 = CARTESIAN_POINT ( 'NONE',  ( -35.00000000000000000, 21.50000000000000000, -35.00000000000000711 ) ) ;
#2604 = ORIENTED_EDGE ( 'NONE', *, *, #2154, .F. ) ;
#2605 = CARTESIAN_POINT ( 'NONE',  ( 16.00000000000000711, 11.95000000000000284, 38.49999999999999289 ) ) ;
#2606 = ORIENTED_EDGE ( 'NONE', *, *, #2312, .T. ) ;
#2607 = EDGE_LOOP ( 'NONE', ( #143, #1695, #979, #1171 ) ) ;
#2608 = CARTESIAN_POINT ( 'NONE',  ( 7.499999999999996447, -28.29484601070928207, 34.99999999999999289 ) ) ;
#2609 = ADVANCED_FACE ( 'NONE', ( #2524 ), #1127, .T. ) ;
#2610 = AXIS2_PLACEMENT_3D ( 'NONE', #1723, #1521, #365 ) ;
#2611 = DIRECTION ( 'NONE',  ( -1.000000000000000000, 0.000000000000000000, -0.000000000000000000 ) ) ;
#2612 = AXIS2_PLACEMENT_3D ( 'NONE', #308, #1479, #2301 ) ;
#2613 = CARTESIAN_POINT ( 'NONE',  ( -25.41742430504416106, 10.75000000000000000, -37.00000000000000000 ) ) ;
#2614 = DIRECTION ( 'NONE',  ( 0.000000000000000000, 1.000000000000000000, 0.000000000000000000 ) ) ;
#2615 = EDGE_LOOP ( 'NONE', ( #1230, #1440 ) ) ;
#2616 = VECTOR ( 'NONE', #758, 1000.000000000000000 ) ;
#2617 = CIRCLE ( 'NONE', #999, 3.000000000000002665 ) ;
#2618 = EDGE_LOOP ( 'NONE', ( #1557, #1756, #1643, #1562 ) ) ;
#2619 = DIRECTION ( 'NONE',  ( 0.000000000000000000, 0.000000000000000000, 1.000000000000000000 ) ) ;
#2620 = AXIS2_PLACEMENT_3D ( 'NONE', #2090, #665, #649 ) ;
#2621 = ORIENTED_EDGE ( 'NONE', *, *, #1647, .T. ) ;
#2622 = DIRECTION ( 'NONE',  ( 1.000000000000000000, 0.000000000000000000, 0.000000000000000000 ) ) ;
#2623 = ORIENTED_EDGE ( 'NONE', *, *, #525, .T. ) ;
#2624 = ORIENTED_EDGE ( 'NONE', *, *, #790, .T. ) ;
#2625 = FACE_OUTER_BOUND ( 'NONE', #664, .T. ) ;
#2626 = EDGE_CURVE ( 'NONE', #494, #1076, #959, .T. ) ;
#2627 = CARTESIAN_POINT ( 'NONE',  ( 29.99999999999999289, 12.75000000000000000, -38.50000000000000711 ) ) ;
#2628 = DIRECTION ( 'NONE',  ( -0.000000000000000000, -1.000000000000000000, -0.000000000000000000 ) ) ;
#2629 = FACE_OUTER_BOUND ( 'NONE', #2319, .T. ) ;
#2630 = ORIENTED_EDGE ( 'NONE', *, *, #1564, .T. ) ;
#2631 = ADVANCED_FACE ( 'NONE', ( #1958 ), #2152, .F. ) ;
ENDSEC;
END-ISO-10303-21;
