ISO-10303-21;
HEADER;
FILE_DESCRIPTION (( 'STEP AP214' ),
    '1' );
FILE_NAME ('SkiSafe CamelBack 01 BASE.STEP',
    '2026-05-26T13:05:14',
    ( '' ),
    ( '' ),
    'SwSTEP 2.0',
    'SolidWorks 2026',
    '' );
FILE_SCHEMA (( 'AUTOMOTIVE_DESIGN' ));
ENDSEC;

DATA;
#1 = FACE_OUTER_BOUND ( 'NONE', #613, .T. ) ;
#2 = VERTEX_POINT ( 'NONE', #814 ) ;
#3 = DIRECTION ( 'NONE',  ( -0.000000000000000000, 1.000000000000000000, -0.000000000000000000 ) ) ;
#4 = VECTOR ( 'NONE', #714, 1000.000000000000000 ) ;
#5 = VERTEX_POINT ( 'NONE', #1807 ) ;
#6 = VECTOR ( 'NONE', #1104, 1000.000000000000000 ) ;
#7 = CARTESIAN_POINT ( 'NONE',  ( 29.99999999999999645, 10.75000000000000000, -30.00000000000001776 ) ) ;
#8 = VERTEX_POINT ( 'NONE', #1511 ) ;
#9 = ADVANCED_FACE ( 'NONE', ( #518 ), #795, .F. ) ;
#10 = VECTOR ( 'NONE', #1681, 1000.000000000000000 ) ;
#11 = LINE ( 'NONE', #311, #623 ) ;
#12 = VECTOR ( 'NONE', #1578, 1000.000000000000000 ) ;
#13 = DIRECTION ( 'NONE',  ( 0.000000000000000000, 0.000000000000000000, 1.000000000000000000 ) ) ;
#14 = AXIS2_PLACEMENT_3D ( 'NONE', #678, #1086, #1794 ) ;
#15 = VERTEX_POINT ( 'NONE', #230 ) ;
#16 = LINE ( 'NONE', #1713, #322 ) ;
#17 = ORIENTED_EDGE ( 'NONE', *, *, #1333, .T. ) ;
#18 = DIRECTION ( 'NONE',  ( 0.000000000000000000, 0.000000000000000000, 1.000000000000000000 ) ) ;
#19 = ORIENTED_EDGE ( 'NONE', *, *, #1845, .F. ) ;
#20 = DIRECTION ( 'NONE',  ( 0.000000000000000000, 0.000000000000000000, 1.000000000000000000 ) ) ;
#21 = EDGE_CURVE ( 'NONE', #444, #67, #644, .T. ) ;
#22 = CARTESIAN_POINT ( 'NONE',  ( 29.99999999999999645, 10.75000000000000000, 34.99999999999999289 ) ) ;
#23 = ORIENTED_EDGE ( 'NONE', *, *, #370, .T. ) ;
#24 = DIRECTION ( 'NONE',  ( -0.000000000000000000, -1.000000000000000000, -0.000000000000000000 ) ) ;
#25 = CARTESIAN_POINT ( 'NONE',  ( -30.00000000000000711, 10.75000000000000000, 35.00000000000000000 ) ) ;
#26 = VERTEX_POINT ( 'NONE', #114 ) ;
#27 = CARTESIAN_POINT ( 'NONE',  ( 34.99999999999999289, 0.000000000000000000, -35.00000000000000711 ) ) ;
#28 = ORIENTED_EDGE ( 'NONE', *, *, #559, .T. ) ;
#29 = CARTESIAN_POINT ( 'NONE',  ( 29.99999999999999645, 3.000000000000000000, -35.00000000000000711 ) ) ;
#30 = ORIENTED_EDGE ( 'NONE', *, *, #942, .T. ) ;
#31 = ORIENTED_EDGE ( 'NONE', *, *, #960, .T. ) ;
#32 = CARTESIAN_POINT ( 'NONE',  ( 31.99999999999999289, 10.75000000000000000, 30.41742430504414685 ) ) ;
#33 = CIRCLE ( 'NONE', #1588, 4.999999999999990230 ) ;
#34 = LINE ( 'NONE', #153, #12 ) ;
#35 = VECTOR ( 'NONE', #813, 1000.000000000000000 ) ;
#36 = VECTOR ( 'NONE', #363, 1000.000000000000000 ) ;
#37 = ORIENTED_EDGE ( 'NONE', *, *, #1460, .F. ) ;
#38 = EDGE_CURVE ( 'NONE', #502, #1808, #694, .T. ) ;
#39 = CARTESIAN_POINT ( 'NONE',  ( 6.000000000000001776, 119.0514581273465069, 38.69999999999998863 ) ) ;
#40 = AXIS2_PLACEMENT_3D ( 'NONE', #434, #1358, #378 ) ;
#41 = LINE ( 'NONE', #778, #1289 ) ;
#42 = DIRECTION ( 'NONE',  ( -2.312964634635742957E-16, 0.000000000000000000, -1.000000000000000000 ) ) ;
#43 = FACE_OUTER_BOUND ( 'NONE', #1775, .T. ) ;
#44 = DIRECTION ( 'NONE',  ( 0.000000000000000000, 0.000000000000000000, 1.000000000000000000 ) ) ;
#45 = ORIENTED_EDGE ( 'NONE', *, *, #889, .F. ) ;
#46 = VERTEX_POINT ( 'NONE', #530 ) ;
#47 = PLANE ( 'NONE',  #839 ) ;
#48 = EDGE_CURVE ( 'NONE', #345, #1075, #1520, .T. ) ;
#49 = DIRECTION ( 'NONE',  ( -0.000000000000000000, 1.000000000000000000, -0.000000000000000000 ) ) ;
#50 = DIRECTION ( 'NONE',  ( 1.000000000000000000, 0.000000000000000000, -2.312964634635742957E-16 ) ) ;
#51 = LINE ( 'NONE', #773, #1100 ) ;
#52 = ORIENTED_EDGE ( 'NONE', *, *, #70, .F. ) ;
#53 = CIRCLE ( 'NONE', #1494, 1.000000000000000888 ) ;
#54 = DIRECTION ( 'NONE',  ( 0.000000000000000000, 0.000000000000000000, -1.000000000000000000 ) ) ;
#55 = VERTEX_POINT ( 'NONE', #1423 ) ;
#56 = ORIENTED_EDGE ( 'NONE', *, *, #203, .T. ) ;
#57 = LINE ( 'NONE', #1618, #202 ) ;
#58 = ORIENTED_EDGE ( 'NONE', *, *, #1535, .T. ) ;
#59 = EDGE_CURVE ( 'NONE', #825, #861, #1385, .T. ) ;
#60 = DIRECTION ( 'NONE',  ( 0.000000000000000000, -0.000000000000000000, -1.000000000000000000 ) ) ;
#61 = LINE ( 'NONE', #296, #466 ) ;
#62 = FACE_OUTER_BOUND ( 'NONE', #259, .T. ) ;
#63 = VECTOR ( 'NONE', #190, 1000.000000000000000 ) ;
#64 = AXIS2_PLACEMENT_3D ( 'NONE', #1743, #1185, #323 ) ;
#65 = DIRECTION ( 'NONE',  ( 9.912705577010325549E-17, -0.000000000000000000, 1.000000000000000000 ) ) ;
#66 = AXIS2_PLACEMENT_3D ( 'NONE', #1162, #1741, #44 ) ;
#67 = VERTEX_POINT ( 'NONE', #426 ) ;
#68 = AXIS2_PLACEMENT_3D ( 'NONE', #343, #876, #74 ) ;
#69 = VERTEX_POINT ( 'NONE', #1684 ) ;
#70 = EDGE_CURVE ( 'NONE', #1433, #372, #1439, .T. ) ;
#71 = DIRECTION ( 'NONE',  ( 0.000000000000000000, 0.000000000000000000, 1.000000000000000000 ) ) ;
#72 = VERTEX_POINT ( 'NONE', #859 ) ;
#73 = CARTESIAN_POINT ( 'NONE',  ( 34.99999999999999289, 10.75000000000000000, 36.99999999999998579 ) ) ;
#74 = DIRECTION ( 'NONE',  ( 0.000000000000000000, 0.000000000000000000, 1.000000000000000000 ) ) ;
#75 = DIRECTION ( 'NONE',  ( 1.000000000000000000, 0.000000000000000000, 0.000000000000000000 ) ) ;
#76 = EDGE_CURVE ( 'NONE', #1400, #1415, #851, .T. ) ;
#77 = VECTOR ( 'NONE', #278, 1000.000000000000000 ) ;
#78 = AXIS2_PLACEMENT_3D ( 'NONE', #711, #1407, #1007 ) ;
#79 = EDGE_CURVE ( 'NONE', #1799, #1067, #1213, .T. ) ;
#80 = EDGE_CURVE ( 'NONE', #569, #425, #1671, .T. ) ;
#81 = DIRECTION ( 'NONE',  ( 1.000000000000000000, 0.000000000000000000, -9.912705577010325549E-17 ) ) ;
#82 = ORIENTED_EDGE ( 'NONE', *, *, #1121, .T. ) ;
#83 = LINE ( 'NONE', #1216, #1612 ) ;
#84 = ORIENTED_EDGE ( 'NONE', *, *, #1706, .T. ) ;
#85 = EDGE_LOOP ( 'NONE', ( #477, #1332, #115, #1427, #30, #1106, #1120, #1458, #1536, #302, #222, #347 ) ) ;
#86 = DIRECTION ( 'NONE',  ( 0.000000000000000000, 0.000000000000000000, 1.000000000000000000 ) ) ;
#87 = FACE_BOUND ( 'NONE', #1302, .T. ) ;
#88 = EDGE_CURVE ( 'NONE', #1166, #1043, #806, .T. ) ;
#89 = ORIENTED_EDGE ( 'NONE', *, *, #780, .F. ) ;
#90 = DIRECTION ( 'NONE',  ( 0.000000000000000000, 0.000000000000000000, -1.000000000000000000 ) ) ;
#91 = FACE_OUTER_BOUND ( 'NONE', #218, .T. ) ;
#92 = CARTESIAN_POINT ( 'NONE',  ( 29.99999999999999645, 0.000000000000000000, -36.00000000000001421 ) ) ;
#93 = EDGE_CURVE ( 'NONE', #1486, #1075, #383, .T. ) ;
#94 = ORIENTED_EDGE ( 'NONE', *, *, #677, .T. ) ;
#95 = CIRCLE ( 'NONE', #64, 3.699999999999994849 ) ;
#96 = CARTESIAN_POINT ( 'NONE',  ( -19.99999999999999645, 4.750000000000001776, 39.99999999999999289 ) ) ;
#97 = ORIENTED_EDGE ( 'NONE', *, *, #140, .F. ) ;
#98 = ADVANCED_FACE ( 'NONE', ( #1397 ), #967, .F. ) ;
#99 = CIRCLE ( 'NONE', #354, 4.999999999999993783 ) ;
#100 = VERTEX_POINT ( 'NONE', #1534 ) ;
#101 = AXIS2_PLACEMENT_3D ( 'NONE', #893, #1030, #1303 ) ;
#102 = CYLINDRICAL_SURFACE ( 'NONE', #353, 4.999999999999993783 ) ;
#103 = CARTESIAN_POINT ( 'NONE',  ( 29.99999999999999645, 0.000000000000000000, -35.00000000000000711 ) ) ;
#104 = DIRECTION ( 'NONE',  ( 0.000000000000000000, -1.000000000000000000, 0.000000000000000000 ) ) ;
#105 = CARTESIAN_POINT ( 'NONE',  ( -30.00000000000000711, 0.000000000000000000, 35.00000000000000000 ) ) ;
#106 = DIRECTION ( 'NONE',  ( 0.000000000000000000, 0.000000000000000000, 1.000000000000000000 ) ) ;
#107 = CARTESIAN_POINT ( 'NONE',  ( -32.00000000000000000, 21.50000000000000000, 40.00000000000000000 ) ) ;
#108 = ORIENTED_EDGE ( 'NONE', *, *, #1475, .T. ) ;
#109 = CYLINDRICAL_SURFACE ( 'NONE', #927, 4.999999999999997335 ) ;
#110 = CARTESIAN_POINT ( 'NONE',  ( 31.99999999999999289, 0.000000000000000000, -30.41742430504417527 ) ) ;
#111 = EDGE_CURVE ( 'NONE', #100, #1271, #544, .T. ) ;
#112 = DIRECTION ( 'NONE',  ( 0.000000000000000000, 0.000000000000000000, -1.000000000000000000 ) ) ;
#113 = DIRECTION ( 'NONE',  ( -0.000000000000000000, 1.000000000000000000, -0.000000000000000000 ) ) ;
#114 = CARTESIAN_POINT ( 'NONE',  ( -30.00000000000000355, 10.75000000000000000, -30.00000000000001421 ) ) ;
#115 = ORIENTED_EDGE ( 'NONE', *, *, #252, .T. ) ;
#116 = ORIENTED_EDGE ( 'NONE', *, *, #349, .T. ) ;
#117 = ORIENTED_EDGE ( 'NONE', *, *, #925, .F. ) ;
#118 = CARTESIAN_POINT ( 'NONE',  ( 29.99999999999999645, 0.000000000000000000, -35.00000000000000711 ) ) ;
#119 = ORIENTED_EDGE ( 'NONE', *, *, #1148, .F. ) ;
#120 = FACE_BOUND ( 'NONE', #1600, .T. ) ;
#121 = FACE_BOUND ( 'NONE', #1547, .T. ) ;
#122 = EDGE_CURVE ( 'NONE', #1695, #26, #897, .T. ) ;
#123 = CARTESIAN_POINT ( 'NONE',  ( 5.999999999999990230, 12.44999999999999929, -4.658971621194851874E-15 ) ) ;
#124 = ORIENTED_EDGE ( 'NONE', *, *, #506, .T. ) ;
#125 = CARTESIAN_POINT ( 'NONE',  ( 5.999999999999998224, 4.749999999999999112, 36.99999999999999289 ) ) ;
#126 = DIRECTION ( 'NONE',  ( -0.000000000000000000, -1.000000000000000000, -0.000000000000000000 ) ) ;
#127 = ORIENTED_EDGE ( 'NONE', *, *, #1802, .F. ) ;
#128 = DIRECTION ( 'NONE',  ( -0.000000000000000000, -1.000000000000000000, -0.000000000000000000 ) ) ;
#129 = VECTOR ( 'NONE', #857, 1000.000000000000000 ) ;
#130 = ORIENTED_EDGE ( 'NONE', *, *, #1000, .T. ) ;
#131 = AXIS2_PLACEMENT_3D ( 'NONE', #991, #566, #528 ) ;
#132 = DIRECTION ( 'NONE',  ( -1.000000000000000000, 0.000000000000000000, 2.312964634635742957E-16 ) ) ;
#133 = CARTESIAN_POINT ( 'NONE',  ( 11.14613556019537199, 10.75000000000000000, 29.99999999999999289 ) ) ;
#134 = VECTOR ( 'NONE', #608, 1000.000000000000000 ) ;
#135 = LINE ( 'NONE', #514, #529 ) ;
#136 = EDGE_CURVE ( 'NONE', #1360, #26, #708, .T. ) ;
#137 = DIRECTION ( 'NONE',  ( 0.000000000000000000, 1.000000000000000000, 0.000000000000000000 ) ) ;
#138 = DIRECTION ( 'NONE',  ( -0.000000000000000000, -1.000000000000000000, -0.000000000000000000 ) ) ;
#139 = EDGE_LOOP ( 'NONE', ( #212, #649, #868, #1183 ) ) ;
#140 = EDGE_CURVE ( 'NONE', #258, #1555, #16, .T. ) ;
#141 = ORIENTED_EDGE ( 'NONE', *, *, #158, .F. ) ;
#142 = CARTESIAN_POINT ( 'NONE',  ( 16.00000000000000711, 11.95000000000000284, 38.69999999999998153 ) ) ;
#143 = ORIENTED_EDGE ( 'NONE', *, *, #741, .T. ) ;
#144 = LINE ( 'NONE', #1277, #376 ) ;
#145 = DIRECTION ( 'NONE',  ( 1.000000000000000000, 0.000000000000000000, -2.312964634635742957E-16 ) ) ;
#146 = ORIENTED_EDGE ( 'NONE', *, *, #280, .F. ) ;
#147 = DIRECTION ( 'NONE',  ( -0.000000000000000000, -0.000000000000000000, 1.000000000000000000 ) ) ;
#148 = ORIENTED_EDGE ( 'NONE', *, *, #889, .T. ) ;
#149 = EDGE_CURVE ( 'NONE', #705, #957, #1761, .T. ) ;
#150 = ORIENTED_EDGE ( 'NONE', *, *, #186, .T. ) ;
#151 = CARTESIAN_POINT ( 'NONE',  ( -33.69999999999999574, 12.45000000000000284, -35.00000000000000711 ) ) ;
#152 = LINE ( 'NONE', #985, #234 ) ;
#153 = CARTESIAN_POINT ( 'NONE',  ( 11.00000000000001066, 11.95000000000000284, 29.99999999999999289 ) ) ;
#154 = EDGE_CURVE ( 'NONE', #1166, #1058, #1573, .T. ) ;
#155 = CARTESIAN_POINT ( 'NONE',  ( 6.000000000000000000, 4.749999999999999112, 46.99999999999999289 ) ) ;
#156 = AXIS2_PLACEMENT_3D ( 'NONE', #1329, #42, #470 ) ;
#157 = DIRECTION ( 'NONE',  ( -0.000000000000000000, -1.000000000000000000, -0.000000000000000000 ) ) ;
#158 = EDGE_CURVE ( 'NONE', #67, #1415, #1432, .T. ) ;
#159 = ORIENTED_EDGE ( 'NONE', *, *, #559, .F. ) ;
#160 = VECTOR ( 'NONE', #1068, 1000.000000000000000 ) ;
#161 = DIRECTION ( 'NONE',  ( 0.000000000000000000, 1.000000000000000000, 0.000000000000000000 ) ) ;
#162 = CIRCLE ( 'NONE', #473, 1.000000000000000888 ) ;
#163 = DIRECTION ( 'NONE',  ( 0.000000000000000000, -1.000000000000000000, 0.000000000000000000 ) ) ;
#164 = AXIS2_PLACEMENT_3D ( 'NONE', #771, #1480, #1032 ) ;
#165 = DIRECTION ( 'NONE',  ( 0.000000000000000000, 0.000000000000000000, -1.000000000000000000 ) ) ;
#166 = EDGE_LOOP ( 'NONE', ( #409, #108, #1674, #176 ) ) ;
#167 = CARTESIAN_POINT ( 'NONE',  ( -30.00000000000000355, 12.45000000000000284, -35.00000000000000711 ) ) ;
#168 = DIRECTION ( 'NONE',  ( 0.000000000000000000, 0.000000000000000000, -1.000000000000000000 ) ) ;
#169 = DIRECTION ( 'NONE',  ( 0.000000000000000000, -1.000000000000000000, 0.000000000000000000 ) ) ;
#170 = EDGE_LOOP ( 'NONE', ( #1659, #1836 ) ) ;
#171 = FACE_BOUND ( 'NONE', #933, .T. ) ;
#172 = CARTESIAN_POINT ( 'NONE',  ( 16.00000000000000711, 11.95000000000000284, 29.99999999999999289 ) ) ;
#173 = PLANE ( 'NONE',  #210 ) ;
#174 = DIRECTION ( 'NONE',  ( 0.000000000000000000, 1.000000000000000000, 0.000000000000000000 ) ) ;
#175 = EDGE_CURVE ( 'NONE', #1360, #817, #1672, .T. ) ;
#176 = ORIENTED_EDGE ( 'NONE', *, *, #591, .T. ) ;
#177 = DIRECTION ( 'NONE',  ( -0.000000000000000000, -1.000000000000000000, -0.000000000000000000 ) ) ;
#178 = CIRCLE ( 'NONE', #1492, 3.699999999999994849 ) ;
#179 = AXIS2_PLACEMENT_3D ( 'NONE', #1128, #1544, #1242 ) ;
#180 = CIRCLE ( 'NONE', #303, 4.999999999999997335 ) ;
#181 = CARTESIAN_POINT ( 'NONE',  ( 29.99999999999999645, 0.000000000000000000, 34.99999999999999289 ) ) ;
#182 = AXIS2_PLACEMENT_3D ( 'NONE', #1570, #604, #285 ) ;
#183 = VECTOR ( 'NONE', #1823, 1000.000000000000000 ) ;
#184 = ADVANCED_FACE ( 'NONE', ( #766 ), #488, .T. ) ;
#185 = DIRECTION ( 'NONE',  ( 0.000000000000000000, -1.000000000000000000, 0.000000000000000000 ) ) ;
#186 = EDGE_CURVE ( 'NONE', #1040, #945, #351, .T. ) ;
#187 = EDGE_LOOP ( 'NONE', ( #1747, #1724, #1469, #1625 ) ) ;
#188 = FACE_OUTER_BOUND ( 'NONE', #1050, .T. ) ;
#189 = CARTESIAN_POINT ( 'NONE',  ( -30.00000000000000355, 10.75000000000000000, 38.69999999999999574 ) ) ;
#190 = DIRECTION ( 'NONE',  ( -1.000000000000000000, 0.000000000000000000, 2.312964634635742957E-16 ) ) ;
#191 = DIRECTION ( 'NONE',  ( -1.000000000000000000, -0.000000000000000000, -0.000000000000000000 ) ) ;
#192 = CARTESIAN_POINT ( 'NONE',  ( -30.00000000000000355, 0.000000000000000000, -35.00000000000000711 ) ) ;
#193 = EDGE_CURVE ( 'NONE', #1516, #625, #1759, .T. ) ;
#194 = EDGE_LOOP ( 'NONE', ( #270, #943, #802, #1809 ) ) ;
#195 = CARTESIAN_POINT ( 'NONE',  ( 29.99999999999999645, 0.000000000000000000, -35.00000000000000711 ) ) ;
#196 = ORIENTED_EDGE ( 'NONE', *, *, #339, .F. ) ;
#197 = CARTESIAN_POINT ( 'NONE',  ( -3.469446951953614189E-15, 12.44999999999999929, -3.469446951953614189E-15 ) ) ;
#198 = CARTESIAN_POINT ( 'NONE',  ( -30.00000000000000711, 0.000000000000000000, 40.00000000000000000 ) ) ;
#199 = DIRECTION ( 'NONE',  ( -0.000000000000000000, -0.000000000000000000, 1.000000000000000000 ) ) ;
#200 = ORIENTED_EDGE ( 'NONE', *, *, #884, .T. ) ;
#201 = ORIENTED_EDGE ( 'NONE', *, *, #475, .F. ) ;
#202 = VECTOR ( 'NONE', #1194, 1000.000000000000000 ) ;
#203 = EDGE_CURVE ( 'NONE', #625, #258, #1771, .T. ) ;
#204 = DIRECTION ( 'NONE',  ( 0.000000000000000000, 0.000000000000000000, 1.000000000000000000 ) ) ;
#205 = ORIENTED_EDGE ( 'NONE', *, *, #111, .T. ) ;
#206 = CARTESIAN_POINT ( 'NONE',  ( 11.14613556019537199, 10.75000000000000000, 38.69999999999998153 ) ) ;
#207 = DIRECTION ( 'NONE',  ( 0.000000000000000000, 0.000000000000000000, -1.000000000000000000 ) ) ;
#208 = DIRECTION ( 'NONE',  ( 0.000000000000000000, 1.000000000000000000, 0.000000000000000000 ) ) ;
#209 = ADVANCED_FACE ( 'NONE', ( #611 ), #758, .T. ) ;
#210 = AXIS2_PLACEMENT_3D ( 'NONE', #1327, #1334, #601 ) ;
#211 = CIRCLE ( 'NONE', #1737, 1.000000000000000888 ) ;
#212 = ORIENTED_EDGE ( 'NONE', *, *, #1782, .F. ) ;
#213 = VECTOR ( 'NONE', #137, 1000.000000000000000 ) ;
#214 = AXIS2_PLACEMENT_3D ( 'NONE', #1540, #235, #702 ) ;
#215 = ORIENTED_EDGE ( 'NONE', *, *, #362, .F. ) ;
#216 = CIRCLE ( 'NONE', #450, 1.000000000000000888 ) ;
#217 = FACE_OUTER_BOUND ( 'NONE', #1356, .T. ) ;
#218 = EDGE_LOOP ( 'NONE', ( #479, #116, #1310, #385 ) ) ;
#219 = DIRECTION ( 'NONE',  ( -0.000000000000000000, 1.000000000000000000, -0.000000000000000000 ) ) ;
#220 = LINE ( 'NONE', #1322, #815 ) ;
#221 = ADVANCED_FACE ( 'NONE', ( #1481 ), #1010, .T. ) ;
#222 = ORIENTED_EDGE ( 'NONE', *, *, #423, .T. ) ;
#223 = ORIENTED_EDGE ( 'NONE', *, *, #597, .T. ) ;
#224 = VERTEX_POINT ( 'NONE', #1349 ) ;
#225 = CARTESIAN_POINT ( 'NONE',  ( 29.99999999999999645, 119.0514581273465069, -35.00000000000000711 ) ) ;
#226 = CARTESIAN_POINT ( 'NONE',  ( 31.99999999999999289, 2.999999999999999112, 39.99999999999998579 ) ) ;
#227 = DIRECTION ( 'NONE',  ( 0.000000000000000000, 0.000000000000000000, 1.000000000000000000 ) ) ;
#228 = EDGE_CURVE ( 'NONE', #975, #811, #61, .T. ) ;
#229 = LINE ( 'NONE', #801, #1590 ) ;
#230 = CARTESIAN_POINT ( 'NONE',  ( 29.99999999999999289, 12.45000000000000284, -38.70000000000000284 ) ) ;
#231 = ORIENTED_EDGE ( 'NONE', *, *, #339, .T. ) ;
#232 = ORIENTED_EDGE ( 'NONE', *, *, #1499, .F. ) ;
#233 = DIRECTION ( 'NONE',  ( -1.000000000000000000, 0.000000000000000000, 2.312964634635742957E-16 ) ) ;
#234 = VECTOR ( 'NONE', #856, 1000.000000000000000 ) ;
#235 = DIRECTION ( 'NONE',  ( -0.000000000000000000, 1.000000000000000000, -0.000000000000000000 ) ) ;
#236 = CARTESIAN_POINT ( 'NONE',  ( -23.50000000000000355, 10.75000000000000000, 37.00000000000000000 ) ) ;
#237 = AXIS2_PLACEMENT_3D ( 'NONE', #1690, #704, #1384 ) ;
#238 = AXIS2_PLACEMENT_3D ( 'NONE', #482, #1629, #929 ) ;
#239 = ORIENTED_EDGE ( 'NONE', *, *, #21, .T. ) ;
#240 = ORIENTED_EDGE ( 'NONE', *, *, #906, .T. ) ;
#241 = VECTOR ( 'NONE', #753, 1000.000000000000000 ) ;
#242 = CARTESIAN_POINT ( 'NONE',  ( -30.00000000000000711, 0.000000000000000000, 34.00000000000000000 ) ) ;
#243 = AXIS2_PLACEMENT_3D ( 'NONE', #1204, #772, #165 ) ;
#244 = FACE_OUTER_BOUND ( 'NONE', #1454, .T. ) ;
#245 = DIRECTION ( 'NONE',  ( 0.000000000000000000, 0.000000000000000000, -1.000000000000000000 ) ) ;
#246 = CARTESIAN_POINT ( 'NONE',  ( -35.00000000000000000, 12.44999999999999929, -14.52277442494834325 ) ) ;
#247 = EDGE_LOOP ( 'NONE', ( #1731, #1399, #1755, #585, #557 ) ) ;
#248 = LINE ( 'NONE', #1269, #35 ) ;
#249 = DIRECTION ( 'NONE',  ( 0.000000000000000000, 0.000000000000000000, -1.000000000000000000 ) ) ;
#250 = ORIENTED_EDGE ( 'NONE', *, *, #906, .F. ) ;
#251 = DIRECTION ( 'NONE',  ( 0.000000000000000000, 0.000000000000000000, 1.000000000000000000 ) ) ;
#252 = EDGE_CURVE ( 'NONE', #1832, #532, #628, .T. ) ;
#253 = CARTESIAN_POINT ( 'NONE',  ( 29.99999999999999645, 12.45000000000000284, 39.99999999999998579 ) ) ;
#254 = PRESENTATION_LAYER_ASSIGNMENT (  '', '', ( #891 ) ) ;
#255 = DIRECTION ( 'NONE',  ( 1.000000000000000000, 0.000000000000000000, 0.000000000000000000 ) ) ;
#256 = ORIENTED_EDGE ( 'NONE', *, *, #266, .T. ) ;
#257 = CARTESIAN_POINT ( 'NONE',  ( -30.00000000000000711, 10.75000000000000000, 35.00000000000000000 ) ) ;
#258 = VERTEX_POINT ( 'NONE', #1720 ) ;
#259 = EDGE_LOOP ( 'NONE', ( #321, #240, #1150, #924 ) ) ;
#260 = CARTESIAN_POINT ( 'NONE',  ( 33.69999999999999574, 119.0514581273465069, 34.99999999999999289 ) ) ;
#261 = ORIENTED_EDGE ( 'NONE', *, *, #370, .F. ) ;
#262 = EDGE_CURVE ( 'NONE', #870, #689, #481, .T. ) ;
#263 = VERTEX_POINT ( 'NONE', #1473 ) ;
#264 = DIRECTION ( 'NONE',  ( 0.000000000000000000, 1.000000000000000000, 0.000000000000000000 ) ) ;
#265 = DIRECTION ( 'NONE',  ( 0.000000000000000000, -0.000000000000000000, -1.000000000000000000 ) ) ;
#266 = EDGE_CURVE ( 'NONE', #15, #69, #641, .T. ) ;
#267 = CARTESIAN_POINT ( 'NONE',  ( 31.99999999999999289, 3.000000000000000000, 30.41742430504414685 ) ) ;
#268 = EDGE_CURVE ( 'NONE', #870, #283, #665, .T. ) ;
#269 = DIRECTION ( 'NONE',  ( -1.000000000000000000, 0.000000000000000000, 0.000000000000000000 ) ) ;
#270 = ORIENTED_EDGE ( 'NONE', *, *, #1121, .F. ) ;
#271 = ORIENTED_EDGE ( 'NONE', *, *, #527, .F. ) ;
#272 = VECTOR ( 'NONE', #980, 1000.000000000000000 ) ;
#273 = VERTEX_POINT ( 'NONE', #198 ) ;
#274 = DIRECTION ( 'NONE',  ( 0.000000000000000000, 1.000000000000000000, 0.000000000000000000 ) ) ;
#275 = AXIS2_PLACEMENT_3D ( 'NONE', #1772, #199, #75 ) ;
#276 = VERTEX_POINT ( 'NONE', #1033 ) ;
#277 = AXIS2_PLACEMENT_3D ( 'NONE', #1079, #1363, #1405 ) ;
#278 = DIRECTION ( 'NONE',  ( -1.982541115402065110E-16, -0.000000000000000000, -1.000000000000000000 ) ) ;
#279 = CARTESIAN_POINT ( 'NONE',  ( -30.00000000000000355, 10.75000000000000000, 38.69999999999999574 ) ) ;
#280 = EDGE_CURVE ( 'NONE', #1344, #46, #905, .T. ) ;
#281 = ORIENTED_EDGE ( 'NONE', *, *, #442, .F. ) ;
#282 = CARTESIAN_POINT ( 'NONE',  ( -30.00000000000001066, 119.0514581273465069, -38.70000000000000284 ) ) ;
#283 = VERTEX_POINT ( 'NONE', #1055 ) ;
#284 = FACE_OUTER_BOUND ( 'NONE', #1122, .T. ) ;
#285 = DIRECTION ( 'NONE',  ( -1.000000000000000000, 0.000000000000000000, 0.000000000000000000 ) ) ;
#286 = CARTESIAN_POINT ( 'NONE',  ( 29.99999999999999645, 0.000000000000000000, -34.00000000000000711 ) ) ;
#287 = ORIENTED_EDGE ( 'NONE', *, *, #533, .F. ) ;
#288 = EDGE_CURVE ( 'NONE', #258, #1808, #1258, .T. ) ;
#289 = DIRECTION ( 'NONE',  ( 0.000000000000000000, 0.000000000000000000, -1.000000000000000000 ) ) ;
#290 = ORIENTED_EDGE ( 'NONE', *, *, #1730, .F. ) ;
#291 = ORIENTED_EDGE ( 'NONE', *, *, #315, .F. ) ;
#292 = FACE_OUTER_BOUND ( 'NONE', #1524, .T. ) ;
#293 = ORIENTED_EDGE ( 'NONE', *, *, #750, .T. ) ;
#294 = CARTESIAN_POINT ( 'NONE',  ( 20.97493718553310060, 12.45000000000000284, 38.69999999999998153 ) ) ;
#295 = FACE_OUTER_BOUND ( 'NONE', #535, .T. ) ;
#296 = CARTESIAN_POINT ( 'NONE',  ( 29.99999999999999645, 119.0514581273465069, 38.69999999999998153 ) ) ;
#297 = ORIENTED_EDGE ( 'NONE', *, *, #1611, .T. ) ;
#298 = CIRCLE ( 'NONE', #525, 1.000000000000000888 ) ;
#299 = CARTESIAN_POINT ( 'NONE',  ( -30.00000000000000355, 12.45000000000000284, 38.69999999999999574 ) ) ;
#300 = VECTOR ( 'NONE', #723, 1000.000000000000000 ) ;
#301 = CARTESIAN_POINT ( 'NONE',  ( -35.00000000000000000, 12.44999999999999929, -25.47722557505166563 ) ) ;
#302 = ORIENTED_EDGE ( 'NONE', *, *, #1014, .F. ) ;
#303 = AXIS2_PLACEMENT_3D ( 'NONE', #1013, #106, #1638 ) ;
#304 = DIRECTION ( 'NONE',  ( 0.000000000000000000, -1.000000000000000000, 0.000000000000000000 ) ) ;
#305 = AXIS2_PLACEMENT_3D ( 'NONE', #181, #759, #1181 ) ;
#306 = CARTESIAN_POINT ( 'NONE',  ( -35.01000000000000512, 10.75000000000000000, 39.99999999999998579 ) ) ;
#307 = AXIS2_PLACEMENT_3D ( 'NONE', #1476, #464, #1051 ) ;
#308 = VECTOR ( 'NONE', #687, 1000.000000000000000 ) ;
#309 = CARTESIAN_POINT ( 'NONE',  ( -19.99999999999999645, 4.750000000000001776, 29.99999999999999289 ) ) ;
#310 = EDGE_CURVE ( 'NONE', #1555, #502, #331, .T. ) ;
#311 = CARTESIAN_POINT ( 'NONE',  ( -33.69999999999999574, 12.45000000000000284, -35.00000000000000711 ) ) ;
#312 = CARTESIAN_POINT ( 'NONE',  ( -30.00000000000000355, 12.45000000000000284, 38.69999999999999574 ) ) ;
#313 = VERTEX_POINT ( 'NONE', #1502 ) ;
#314 = FACE_OUTER_BOUND ( 'NONE', #194, .T. ) ;
#315 = EDGE_CURVE ( 'NONE', #1504, #919, #220, .T. ) ;
#316 = CARTESIAN_POINT ( 'NONE',  ( 29.99999999999999645, 0.000000000000000000, -35.00000000000000711 ) ) ;
#317 = CYLINDRICAL_SURFACE ( 'NONE', #305, 1.000000000000000888 ) ;
#318 = ADVANCED_FACE ( 'NONE', ( #619 ), #793, .F. ) ;
#319 = ADVANCED_FACE ( 'NONE', ( #87, #121, #512, #505, #651 ), #1650, .F. ) ;
#320 = LINE ( 'NONE', #898, #241 ) ;
#321 = ORIENTED_EDGE ( 'NONE', *, *, #1000, .F. ) ;
#322 = VECTOR ( 'NONE', #405, 1000.000000000000000 ) ;
#323 = DIRECTION ( 'NONE',  ( 0.000000000000000000, 0.000000000000000000, 1.000000000000000000 ) ) ;
#324 = CIRCLE ( 'NONE', #1098, 4.999999999999997335 ) ;
#325 = DIRECTION ( 'NONE',  ( 0.000000000000000000, 0.000000000000000000, -1.000000000000000000 ) ) ;
#326 = DIRECTION ( 'NONE',  ( 1.000000000000000000, 0.000000000000000000, -1.156482317317871478E-16 ) ) ;
#327 = PLANE ( 'NONE',  #1589 ) ;
#328 = AXIS2_PLACEMENT_3D ( 'NONE', #1102, #966, #392 ) ;
#329 = VECTOR ( 'NONE', #461, 1000.000000000000000 ) ;
#330 = ADVANCED_FACE ( 'NONE', ( #496 ), #1237, .T. ) ;
#331 = CIRCLE ( 'NONE', #1593, 5.000000000000000888 ) ;
#332 = CYLINDRICAL_SURFACE ( 'NONE', #1411, 4.999999999999997335 ) ;
#333 = ORIENTED_EDGE ( 'NONE', *, *, #136, .F. ) ;
#334 = ORIENTED_EDGE ( 'NONE', *, *, #1206, .T. ) ;
#335 = CARTESIAN_POINT ( 'NONE',  ( 29.99999999999999289, 119.0514581273465069, -38.70000000000000284 ) ) ;
#336 = CYLINDRICAL_SURFACE ( 'NONE', #275, 4.999999999999997335 ) ;
#337 = EDGE_CURVE ( 'NONE', #953, #2, #956, .T. ) ;
#338 = VERTEX_POINT ( 'NONE', #823 ) ;
#339 = EDGE_CURVE ( 'NONE', #787, #224, #1220, .T. ) ;
#340 = CARTESIAN_POINT ( 'NONE',  ( -30.00000000000000711, 3.000000000000000000, 35.00000000000000000 ) ) ;
#341 = ORIENTED_EDGE ( 'NONE', *, *, #70, .T. ) ;
#342 = DIRECTION ( 'NONE',  ( 1.000000000000000000, 0.000000000000000000, -1.982541115402065110E-16 ) ) ;
#343 = CARTESIAN_POINT ( 'NONE',  ( -35.00000000000000000, 11.95000000000000284, -20.00000000000000355 ) ) ;
#344 = PLANE ( 'NONE',  #755 ) ;
#345 = VERTEX_POINT ( 'NONE', #949 ) ;
#346 = ORIENTED_EDGE ( 'NONE', *, *, #925, .T. ) ;
#347 = ORIENTED_EDGE ( 'NONE', *, *, #533, .T. ) ;
#348 = DIRECTION ( 'NONE',  ( -1.000000000000000000, 0.000000000000000000, 9.912705577010325549E-17 ) ) ;
#349 = EDGE_CURVE ( 'NONE', #372, #1685, #539, .T. ) ;
#350 = CARTESIAN_POINT ( 'NONE',  ( -35.00000000000000000, 12.45000000000000284, 35.00000000000000000 ) ) ;
#351 = LINE ( 'NONE', #1751, #1701 ) ;
#352 = CARTESIAN_POINT ( 'NONE',  ( -35.00000000000000000, 0.000000000000000000, 35.00000000000000000 ) ) ;
#353 = AXIS2_PLACEMENT_3D ( 'NONE', #118, #373, #1225 ) ;
#354 = AXIS2_PLACEMENT_3D ( 'NONE', #29, #1718, #576 ) ;
#355 = VERTEX_POINT ( 'NONE', #92 ) ;
#356 = AXIS2_PLACEMENT_3D ( 'NONE', #504, #511, #436 ) ;
#357 = ORIENTED_EDGE ( 'NONE', *, *, #1649, .F. ) ;
#358 = CIRCLE ( 'NONE', #1074, 3.699999999999994849 ) ;
#359 = VERTEX_POINT ( 'NONE', #1073 ) ;
#360 = PLANE ( 'NONE',  #1789 ) ;
#361 = VERTEX_POINT ( 'NONE', #1804 ) ;
#362 = EDGE_CURVE ( 'NONE', #355, #72, #1080, .T. ) ;
#363 = DIRECTION ( 'NONE',  ( 0.000000000000000000, 0.000000000000000000, -1.000000000000000000 ) ) ;
#364 = DIRECTION ( 'NONE',  ( 9.912705577010325549E-17, -0.000000000000000000, 1.000000000000000000 ) ) ;
#365 = EDGE_LOOP ( 'NONE', ( #500, #1200, #1015, #519 ) ) ;
#366 = ORIENTED_EDGE ( 'NONE', *, *, #1151, .T. ) ;
#367 = CARTESIAN_POINT ( 'NONE',  ( -32.00000000000000000, 10.75000000000000000, -14.63250523987214713 ) ) ;
#368 = CARTESIAN_POINT ( 'NONE',  ( -30.00000000000000711, 0.000000000000000000, 35.00000000000000000 ) ) ;
#369 = CARTESIAN_POINT ( 'NONE',  ( -30.00000000000000355, 0.000000000000000000, -35.00000000000000711 ) ) ;
#370 = EDGE_CURVE ( 'NONE', #1361, #263, #216, .T. ) ;
#371 = ORIENTED_EDGE ( 'NONE', *, *, #1783, .F. ) ;
#372 = VERTEX_POINT ( 'NONE', #541 ) ;
#373 = DIRECTION ( 'NONE',  ( 0.000000000000000000, 1.000000000000000000, 0.000000000000000000 ) ) ;
#374 = AXIS2_PLACEMENT_3D ( 'NONE', #1696, #1428, #589 ) ;
#375 = EDGE_LOOP ( 'NONE', ( #1084, #404, #508, #770 ) ) ;
#376 = VECTOR ( 'NONE', #719, 1000.000000000000000 ) ;
#377 = DIRECTION ( 'NONE',  ( 0.000000000000000000, 0.000000000000000000, -1.000000000000000000 ) ) ;
#378 = DIRECTION ( 'NONE',  ( 0.000000000000000000, 0.000000000000000000, 1.000000000000000000 ) ) ;
#379 = CARTESIAN_POINT ( 'NONE',  ( -30.00000000000000355, 10.75000000000000000, -34.00000000000000711 ) ) ;
#380 = ORIENTED_EDGE ( 'NONE', *, *, #1325, .T. ) ;
#381 = EDGE_CURVE ( 'NONE', #705, #1075, #808, .T. ) ;
#382 = VECTOR ( 'NONE', #1784, 1000.000000000000000 ) ;
#383 = LINE ( 'NONE', #955, #416 ) ;
#384 = AXIS2_PLACEMENT_3D ( 'NONE', #1463, #1735, #1024 ) ;
#385 = ORIENTED_EDGE ( 'NONE', *, *, #268, .T. ) ;
#386 = ORIENTED_EDGE ( 'NONE', *, *, #937, .T. ) ;
#387 = VECTOR ( 'NONE', #1582, 1000.000000000000000 ) ;
#388 = DIRECTION ( 'NONE',  ( 0.000000000000000000, 1.000000000000000000, 0.000000000000000000 ) ) ;
#389 = DIRECTION ( 'NONE',  ( 0.000000000000000000, 0.000000000000000000, 1.000000000000000000 ) ) ;
#390 = DIRECTION ( 'NONE',  ( -1.000000000000000000, 0.000000000000000000, 2.312964634635742957E-16 ) ) ;
#391 = DIRECTION ( 'NONE',  ( 0.000000000000000000, 1.000000000000000000, 0.000000000000000000 ) ) ;
#392 = DIRECTION ( 'NONE',  ( 1.982541115402065110E-16, 0.000000000000000000, 1.000000000000000000 ) ) ;
#393 = DIRECTION ( 'NONE',  ( -0.000000000000000000, -0.000000000000000000, 1.000000000000000000 ) ) ;
#394 = ADVANCED_FACE ( 'NONE', ( #679 ), #1509, .F. ) ;
#395 = ORIENTED_EDGE ( 'NONE', *, *, #745, .T. ) ;
#396 = ORIENTED_EDGE ( 'NONE', *, *, #1457, .F. ) ;
#397 = DIRECTION ( 'NONE',  ( 0.000000000000000000, 0.000000000000000000, 1.000000000000000000 ) ) ;
#398 = EDGE_CURVE ( 'NONE', #69, #821, #659, .T. ) ;
#399 = EDGE_CURVE ( 'NONE', #1736, #975, #178, .T. ) ;
#400 = EDGE_LOOP ( 'NONE', ( #697, #652 ) ) ;
#401 = FACE_BOUND ( 'NONE', #400, .T. ) ;
#402 = CARTESIAN_POINT ( 'NONE',  ( -33.69999999999999574, 11.95000000000000284, -20.00000000000000355 ) ) ;
#403 = DIRECTION ( 'NONE',  ( 1.000000000000000000, -0.000000000000000000, 9.912705577010326782E-17 ) ) ;
#404 = ORIENTED_EDGE ( 'NONE', *, *, #1257, .T. ) ;
#405 = DIRECTION ( 'NONE',  ( 0.000000000000000000, -1.000000000000000000, 0.000000000000000000 ) ) ;
#406 = ORIENTED_EDGE ( 'NONE', *, *, #1436, .F. ) ;
#407 = VERTEX_POINT ( 'NONE', #236 ) ;
#408 = CARTESIAN_POINT ( 'NONE',  ( -30.00000000000000711, 119.0514581273465069, 35.00000000000000000 ) ) ;
#409 = ORIENTED_EDGE ( 'NONE', *, *, #1535, .F. ) ;
#410 = VERTEX_POINT ( 'NONE', #1228 ) ;
#411 = ADVANCED_FACE ( 'NONE', ( #1375 ), #799, .F. ) ;
#412 = CARTESIAN_POINT ( 'NONE',  ( -30.00000000000000355, 12.45000000000000284, 40.00000000000000000 ) ) ;
#413 = CIRCLE ( 'NONE', #562, 4.999999999999997335 ) ;
#414 = DIRECTION ( 'NONE',  ( 0.000000000000000000, 0.000000000000000000, 1.000000000000000000 ) ) ;
#415 = VERTEX_POINT ( 'NONE', #524 ) ;
#416 = VECTOR ( 'NONE', #289, 1000.000000000000000 ) ;
#417 = CARTESIAN_POINT ( 'NONE',  ( -33.69999999999999574, 11.95000000000000284, -20.00000000000000355 ) ) ;
#418 = ORIENTED_EDGE ( 'NONE', *, *, #1802, .T. ) ;
#419 = VECTOR ( 'NONE', #1175, 1000.000000000000000 ) ;
#420 = CARTESIAN_POINT ( 'NONE',  ( -33.69999999999999574, 11.95000000000000284, -14.50000000000000355 ) ) ;
#421 = VECTOR ( 'NONE', #1348, 1000.000000000000000 ) ;
#422 = DIRECTION ( 'NONE',  ( -1.000000000000000000, 0.000000000000000000, 0.000000000000000000 ) ) ;
#423 = EDGE_CURVE ( 'NONE', #100, #438, #842, .T. ) ;
#424 = DIRECTION ( 'NONE',  ( 0.000000000000000000, 1.000000000000000000, 0.000000000000000000 ) ) ;
#425 = VERTEX_POINT ( 'NONE', #1678 ) ;
#426 = CARTESIAN_POINT ( 'NONE',  ( 5.999999999999998224, 4.749999999999999112, 39.99999999999999289 ) ) ;
#427 = ORIENTED_EDGE ( 'NONE', *, *, #761, .T. ) ;
#428 = ORIENTED_EDGE ( 'NONE', *, *, #228, .T. ) ;
#429 = CARTESIAN_POINT ( 'NONE',  ( -23.50000000000000000, 10.74999999999999645, 38.69999999999999574 ) ) ;
#430 = ORIENTED_EDGE ( 'NONE', *, *, #1169, .F. ) ;
#431 = CARTESIAN_POINT ( 'NONE',  ( 29.99999999999999645, 0.000000000000000000, 34.99999999999999289 ) ) ;
#432 = ORIENTED_EDGE ( 'NONE', *, *, #1009, .F. ) ;
#433 = LINE ( 'NONE', #1307, #1641 ) ;
#434 = CARTESIAN_POINT ( 'NONE',  ( -30.00000000000000711, 0.000000000000000000, 35.00000000000000000 ) ) ;
#435 = ORIENTED_EDGE ( 'NONE', *, *, #531, .F. ) ;
#436 = DIRECTION ( 'NONE',  ( 0.000000000000000000, -0.000000000000000000, -1.000000000000000000 ) ) ;
#437 = CARTESIAN_POINT ( 'NONE',  ( 29.99999999999999645, 10.75000000000000000, -35.00000000000000711 ) ) ;
#438 = VERTEX_POINT ( 'NONE', #963 ) ;
#439 = DIRECTION ( 'NONE',  ( 0.000000000000000000, 0.000000000000000000, 1.000000000000000000 ) ) ;
#440 = DIRECTION ( 'NONE',  ( 0.000000000000000000, 0.000000000000000000, -1.000000000000000000 ) ) ;
#441 = ORIENTED_EDGE ( 'NONE', *, *, #1602, .T. ) ;
#442 = EDGE_CURVE ( 'NONE', #72, #1243, #298, .T. ) ;
#443 = CARTESIAN_POINT ( 'NONE',  ( 34.99999999999999289, 12.45000000000000284, -35.00000000000000711 ) ) ;
#444 = VERTEX_POINT ( 'NONE', #1437 ) ;
#445 = AXIS2_PLACEMENT_3D ( 'NONE', #1557, #274, #18 ) ;
#446 = DIRECTION ( 'NONE',  ( 0.000000000000000000, 0.000000000000000000, 1.000000000000000000 ) ) ;
#447 = AXIS2_PLACEMENT_3D ( 'NONE', #1278, #391, #554 ) ;
#448 = CARTESIAN_POINT ( 'NONE',  ( 34.99999999999999289, 21.50000000000000000, 36.99999999999998579 ) ) ;
#449 = AXIS2_PLACEMENT_3D ( 'NONE', #197, #1187, #60 ) ;
#450 = AXIS2_PLACEMENT_3D ( 'NONE', #1248, #1364, #112 ) ;
#451 = DIRECTION ( 'NONE',  ( 0.000000000000000000, 0.000000000000000000, 1.000000000000000000 ) ) ;
#452 = EDGE_CURVE ( 'NONE', #1685, #1740, #11, .T. ) ;
#453 = DIRECTION ( 'NONE',  ( -0.000000000000000000, 1.000000000000000000, -0.000000000000000000 ) ) ;
#454 = EDGE_CURVE ( 'NONE', #361, #355, #843, .T. ) ;
#455 = ADVANCED_FACE ( 'NONE', ( #733 ), #1124, .T. ) ;
#456 = DIRECTION ( 'NONE',  ( 0.000000000000000000, 0.000000000000000000, -1.000000000000000000 ) ) ;
#457 = DIRECTION ( 'NONE',  ( 1.000000000000000000, 0.000000000000000000, 0.000000000000000000 ) ) ;
#458 = LINE ( 'NONE', #1606, #1663 ) ;
#459 = PRODUCT_DEFINITION_SHAPE ( 'NONE', 'NONE',  #631 ) ;
#460 = EDGE_CURVE ( 'NONE', #283, #345, #1419, .T. ) ;
#461 = DIRECTION ( 'NONE',  ( -0.000000000000000000, -1.000000000000000000, -0.000000000000000000 ) ) ;
#462 = DIRECTION ( 'NONE',  ( 0.000000000000000000, -1.000000000000000000, 0.000000000000000000 ) ) ;
#463 = DIRECTION ( 'NONE',  ( -1.000000000000000000, 0.000000000000000000, 1.982541115402065110E-16 ) ) ;
#464 = DIRECTION ( 'NONE',  ( 0.000000000000000000, 1.000000000000000000, 0.000000000000000000 ) ) ;
#465 = EDGE_LOOP ( 'NONE', ( #521, #968, #1835, #1435 ) ) ;
#466 = VECTOR ( 'NONE', #1063, 1000.000000000000000 ) ;
#467 = ORIENTED_EDGE ( 'NONE', *, *, #1783, .T. ) ;
#468 = AXIS2_PLACEMENT_3D ( 'NONE', #845, #414, #688 ) ;
#469 = CARTESIAN_POINT ( 'NONE',  ( 29.99999999999999645, 10.75000000000000000, 34.99999999999999289 ) ) ;
#470 = DIRECTION ( 'NONE',  ( -1.000000000000000000, 0.000000000000000000, 2.312964634635742957E-16 ) ) ;
#471 = DIRECTION ( 'NONE',  ( -0.000000000000000000, -1.000000000000000000, 0.000000000000000000 ) ) ;
#472 = EDGE_CURVE ( 'NONE', #569, #695, #1797, .T. ) ;
#473 = AXIS2_PLACEMENT_3D ( 'NONE', #22, #1440, #1726 ) ;
#474 = CIRCLE ( 'NONE', #661, 4.999999999999997335 ) ;
#475 = EDGE_CURVE ( 'NONE', #1243, #72, #1001, .T. ) ;
#476 = CARTESIAN_POINT ( 'NONE',  ( 34.99999999999999289, 0.000000000000000000, 39.99999999999998579 ) ) ;
#477 = ORIENTED_EDGE ( 'NONE', *, *, #21, .F. ) ;
#478 = LINE ( 'NONE', #1061, #691 ) ;
#479 = ORIENTED_EDGE ( 'NONE', *, *, #1339, .F. ) ;
#480 = LINE ( 'NONE', #610, #421 ) ;
#481 = LINE ( 'NONE', #1579, #633 ) ;
#482 = CARTESIAN_POINT ( 'NONE',  ( -30.00000000000000355, 21.50000000000000000, -35.00000000000000711 ) ) ;
#483 = ORIENTED_EDGE ( 'NONE', *, *, #1748, .T. ) ;
#484 = ADVANCED_FACE ( 'NONE', ( #284 ), #740, .F. ) ;
#485 = ORIENTED_EDGE ( 'NONE', *, *, #381, .T. ) ;
#486 = ORIENTED_EDGE ( 'NONE', *, *, #1581, .T. ) ;
#487 = CARTESIAN_POINT ( 'NONE',  ( 29.99999999999999645, 0.000000000000000000, -40.00000000000000711 ) ) ;
#488 = PLANE ( 'NONE',  #156 ) ;
#489 = FACE_OUTER_BOUND ( 'NONE', #915, .T. ) ;
#490 = ORIENTED_EDGE ( 'NONE', *, *, #745, .F. ) ;
#491 = ORIENTED_EDGE ( 'NONE', *, *, #140, .T. ) ;
#492 = EDGE_CURVE ( 'NONE', #1425, #1043, #561, .T. ) ;
#493 = DIRECTION ( 'NONE',  ( 0.000000000000000000, -1.000000000000000000, 0.000000000000000000 ) ) ;
#494 = VERTEX_POINT ( 'NONE', #1306 ) ;
#495 = CARTESIAN_POINT ( 'NONE',  ( -30.00000000000000355, 10.75000000000000000, -35.00000000000000711 ) ) ;
#496 = FACE_OUTER_BOUND ( 'NONE', #700, .T. ) ;
#497 = VECTOR ( 'NONE', #1388, 1000.000000000000000 ) ;
#498 = AXIS2_PLACEMENT_3D ( 'NONE', #107, #671, #1565 ) ;
#499 = PRODUCT_DEFINITION_FORMATION_WITH_SPECIFIED_SOURCE ( 'ANY', '', #883, .NOT_KNOWN. ) ;
#500 = ORIENTED_EDGE ( 'NONE', *, *, #978, .F. ) ;
#501 = CARTESIAN_POINT ( 'NONE',  ( 21.00000000000000355, 11.95000000000000284, 38.69999999999998153 ) ) ;
#502 = VERTEX_POINT ( 'NONE', #27 ) ;
#503 = EDGE_LOOP ( 'NONE', ( #1006, #1286, #261, #1004 ) ) ;
#504 = CARTESIAN_POINT ( 'NONE',  ( -35.01000000000000512, 10.75000000000000000, 39.99999999999998579 ) ) ;
#505 = FACE_BOUND ( 'NONE', #1819, .T. ) ;
#506 = EDGE_CURVE ( 'NONE', #444, #1209, #582, .T. ) ;
#507 = ORIENTED_EDGE ( 'NONE', *, *, #816, .F. ) ;
#508 = ORIENTED_EDGE ( 'NONE', *, *, #1116, .T. ) ;
#509 = LINE ( 'NONE', #1362, #693 ) ;
#510 = EDGE_LOOP ( 'NONE', ( #507, #684, #441, #232 ) ) ;
#511 = DIRECTION ( 'NONE',  ( 0.000000000000000000, -1.000000000000000000, 0.000000000000000000 ) ) ;
#512 = FACE_BOUND ( 'NONE', #170, .T. ) ;
#513 = ADVANCED_FACE ( 'NONE', ( #1266 ), #866, .F. ) ;
#514 = CARTESIAN_POINT ( 'NONE',  ( 29.99999999999999289, 12.45000000000000284, -38.70000000000000284 ) ) ;
#515 = CARTESIAN_POINT ( 'NONE',  ( -30.00000000000000355, 0.000000000000000000, -35.00000000000000711 ) ) ;
#516 = LINE ( 'NONE', #1376, #213 ) ;
#517 = LINE ( 'NONE', #1081, #1254 ) ;
#518 = FACE_OUTER_BOUND ( 'NONE', #1161, .T. ) ;
#519 = ORIENTED_EDGE ( 'NONE', *, *, #1602, .F. ) ;
#520 = FACE_OUTER_BOUND ( 'NONE', #1154, .T. ) ;
#521 = ORIENTED_EDGE ( 'NONE', *, *, #399, .F. ) ;
#522 = ORIENTED_EDGE ( 'NONE', *, *, #1575, .T. ) ;
#523 = LINE ( 'NONE', #1265, #387 ) ;
#524 = CARTESIAN_POINT ( 'NONE',  ( -30.00000000000001066, 12.45000000000003126, -38.70000000000000284 ) ) ;
#525 = AXIS2_PLACEMENT_3D ( 'NONE', #1541, #304, #882 ) ;
#526 = DIRECTION ( 'NONE',  ( 0.000000000000000000, 1.000000000000000000, 0.000000000000000000 ) ) ;
#527 = EDGE_CURVE ( 'NONE', #560, #338, #413, .T. ) ;
#528 = DIRECTION ( 'NONE',  ( 1.000000000000000000, 0.000000000000000000, 0.000000000000000000 ) ) ;
#529 = VECTOR ( 'NONE', #255, 1000.000000000000000 ) ;
#530 = CARTESIAN_POINT ( 'NONE',  ( -33.70000000000000284, 12.45000000000000284, 35.00000000000000000 ) ) ;
#531 = EDGE_CURVE ( 'NONE', #919, #407, #1022, .T. ) ;
#532 = VERTEX_POINT ( 'NONE', #412 ) ;
#533 = EDGE_CURVE ( 'NONE', #438, #67, #152, .T. ) ;
#534 = VECTOR ( 'NONE', #1667, 1000.000000000000000 ) ;
#535 = EDGE_LOOP ( 'NONE', ( #1756, #89, #742, #989, #553, #396, #979, #37, #1552, #1514 ) ) ;
#536 = EDGE_LOOP ( 'NONE', ( #159, #334, #1159, #271 ) ) ;
#537 = AXIS2_PLACEMENT_3D ( 'NONE', #192, #1623, #1729 ) ;
#538 = CARTESIAN_POINT ( 'NONE',  ( 34.99999999999999289, 10.75000000000000000, 36.99999999999998579 ) ) ;
#539 = CIRCLE ( 'NONE', #1826, 5.499999999999998224 ) ;
#540 = CYLINDRICAL_SURFACE ( 'NONE', #1445, 4.999999999999997335 ) ;
#541 = CARTESIAN_POINT ( 'NONE',  ( -33.69999999999999574, 11.95000000000000284, -25.50000000000000355 ) ) ;
#542 = LINE ( 'NONE', #867, #10 ) ;
#543 = DIRECTION ( 'NONE',  ( 0.000000000000000000, -1.000000000000000000, 0.000000000000000000 ) ) ;
#544 = LINE ( 'NONE', #1003, #751 ) ;
#545 = EDGE_LOOP ( 'NONE', ( #357, #1268, #201, #622 ) ) ;
#546 = EDGE_CURVE ( 'NONE', #1632, #1736, #144, .T. ) ;
#547 = DIRECTION ( 'NONE',  ( -1.000000000000000000, 0.000000000000000000, 0.000000000000000000 ) ) ;
#548 = VERTEX_POINT ( 'NONE', #1287 ) ;
#549 = ORIENTED_EDGE ( 'NONE', *, *, #1664, .F. ) ;
#550 = CARTESIAN_POINT ( 'NONE',  ( 33.69999999999999574, 12.45000000000000284, -35.00000000000000711 ) ) ;
#551 = DIRECTION ( 'NONE',  ( 0.000000000000000000, 0.000000000000000000, -1.000000000000000000 ) ) ;
#552 = AXIS2_PLACEMENT_3D ( 'NONE', #195, #1028, #1462 ) ;
#553 = ORIENTED_EDGE ( 'NONE', *, *, #591, .F. ) ;
#554 = DIRECTION ( 'NONE',  ( 0.000000000000000000, 0.000000000000000000, 1.000000000000000000 ) ) ;
#555 = CARTESIAN_POINT ( 'NONE',  ( -25.00000000000000000, 11.95000000000000284, -25.50000000000000355 ) ) ;
#556 = CARTESIAN_POINT ( 'NONE',  ( -35.00000000000000000, 11.95000000000000284, -20.00000000000000355 ) ) ;
#557 = ORIENTED_EDGE ( 'NONE', *, *, #1651, .F. ) ;
#558 = CARTESIAN_POINT ( 'NONE',  ( 34.99999999999999289, 0.000000000000000000, 39.99999999999998579 ) ) ;
#559 = EDGE_CURVE ( 'NONE', #1522, #560, #1157, .T. ) ;
#560 = VERTEX_POINT ( 'NONE', #1577 ) ;
#561 = LINE ( 'NONE', #133, #1686 ) ;
#562 = AXIS2_PLACEMENT_3D ( 'NONE', #431, #1164, #446 ) ;
#563 = CYLINDRICAL_SURFACE ( 'NONE', #1139, 5.500000000000000000 ) ;
#564 = AXIS2_PLACEMENT_3D ( 'NONE', #1342, #65, #81 ) ;
#565 = AXIS2_PLACEMENT_3D ( 'NONE', #1294, #922, #1188 ) ;
#566 = DIRECTION ( 'NONE',  ( 0.000000000000000000, 0.000000000000000000, 1.000000000000000000 ) ) ;
#567 = CARTESIAN_POINT ( 'NONE',  ( 29.99999999999999645, 3.000000000000000000, -35.00000000000000711 ) ) ;
#568 = ORIENTED_EDGE ( 'NONE', *, *, #1103, .F. ) ;
#569 = VERTEX_POINT ( 'NONE', #294 ) ;
#570 = AXIS2_PLACEMENT_3D ( 'NONE', #1693, #1687, #1304 ) ;
#571 = DIRECTION ( 'NONE',  ( 9.912705577010326782E-17, 0.000000000000000000, -1.000000000000000000 ) ) ;
#572 = VECTOR ( 'NONE', #1697, 1000.000000000000000 ) ;
#573 = VERTEX_POINT ( 'NONE', #874 ) ;
#574 = VECTOR ( 'NONE', #1109, 1000.000000000000000 ) ;
#575 = CARTESIAN_POINT ( 'NONE',  ( 34.99999999999999289, 21.50000000000000000, 34.99999999999999289 ) ) ;
#576 = DIRECTION ( 'NONE',  ( 0.000000000000000000, 0.000000000000000000, 1.000000000000000000 ) ) ;
#577 = EDGE_LOOP ( 'NONE', ( #944, #1513, #1564, #1558, #998, #1168, #1346, #1616, #371, #917 ) ) ;
#578 = CARTESIAN_POINT ( 'NONE',  ( -30.00000000000000711, 12.45000000000000284, -40.00000000000000000 ) ) ;
#579 = VERTEX_POINT ( 'NONE', #1725 ) ;
#580 = LINE ( 'NONE', #151, #1291 ) ;
#581 = ORIENTED_EDGE ( 'NONE', *, *, #48, .T. ) ;
#582 = LINE ( 'NONE', #1569, #77 ) ;
#583 = DIRECTION ( 'NONE',  ( 1.000000000000000000, 0.000000000000000000, -9.912705577010325549E-17 ) ) ;
#584 = ADVANCED_FACE ( 'NONE', ( #1016 ), #1585, .T. ) ;
#585 = ORIENTED_EDGE ( 'NONE', *, *, #1575, .F. ) ;
#586 = DIRECTION ( 'NONE',  ( -0.000000000000000000, 1.000000000000000000, -0.000000000000000000 ) ) ;
#587 = FACE_OUTER_BOUND ( 'NONE', #1048, .T. ) ;
#588 = ORIENTED_EDGE ( 'NONE', *, *, #1658, .T. ) ;
#589 = DIRECTION ( 'NONE',  ( 0.000000000000000000, 0.000000000000000000, -1.000000000000000000 ) ) ;
#590 = MANIFOLD_SOLID_BREP ( 'Cut-Extrude6[2]', #982 ) ;
#591 = EDGE_CURVE ( 'NONE', #55, #276, #41, .T. ) ;
#592 = DIRECTION ( 'NONE',  ( 0.000000000000000000, 0.000000000000000000, 1.000000000000000000 ) ) ;
#593 = ADVANCED_FACE ( 'NONE', ( #1470 ), #173, .F. ) ;
#594 = ORIENTED_EDGE ( 'NONE', *, *, #527, .T. ) ;
#595 = ADVANCED_FACE ( 'NONE', ( #188 ), #1031, .F. ) ;
#596 = CARTESIAN_POINT ( 'NONE',  ( -33.70000000000000284, 119.0514581273465069, 35.00000000000000000 ) ) ;
#597 = EDGE_CURVE ( 'NONE', #870, #1685, #478, .T. ) ;
#598 = VECTOR ( 'NONE', #157, 1000.000000000000000 ) ;
#599 = ORIENTED_EDGE ( 'NONE', *, *, #1571, .F. ) ;
#600 = CIRCLE ( 'NONE', #447, 1.000000000000000888 ) ;
#601 = DIRECTION ( 'NONE',  ( 0.000000000000000000, 0.000000000000000000, 1.000000000000000000 ) ) ;
#602 = UNCERTAINTY_MEASURE_WITH_UNIT (LENGTH_MEASURE( 1.000000000000000082E-05 ), #1633, 'distance_accuracy_value', 'NONE');
#603 = AXIS2_PLACEMENT_3D ( 'NONE', #1803, #1812, #377 ) ;
#604 = DIRECTION ( 'NONE',  ( -2.312964634635742957E-16, 0.000000000000000000, -1.000000000000000000 ) ) ;
#605 = CARTESIAN_POINT ( 'NONE',  ( -32.00000000000000000, 10.75000000000000000, 40.00000000000000000 ) ) ;
#606 = AXIS2_PLACEMENT_3D ( 'NONE', #707, #1533, #1841 ) ;
#607 = EDGE_CURVE ( 'NONE', #861, #787, #1089, .T. ) ;
#608 = DIRECTION ( 'NONE',  ( 0.000000000000000000, -1.000000000000000000, 0.000000000000000000 ) ) ;
#609 = EDGE_CURVE ( 'NONE', #1808, #1522, #57, .T. ) ;
#610 = CARTESIAN_POINT ( 'NONE',  ( -25.00000000000000000, 11.95000000000000284, -14.50000000000000355 ) ) ;
#611 = FACE_OUTER_BOUND ( 'NONE', #536, .T. ) ;
#612 = DIRECTION ( 'NONE',  ( -1.982541115402065110E-16, 0.000000000000000000, -1.000000000000000000 ) ) ;
#613 = EDGE_LOOP ( 'NONE', ( #1343, #1263, #581, #885 ) ) ;
#614 = LINE ( 'NONE', #596, #731 ) ;
#615 = EDGE_LOOP ( 'NONE', ( #333, #638, #1282, #1335 ) ) ;
#616 = ADVANCED_FACE ( 'NONE', ( #1770 ), #47, .T. ) ;
#617 = CARTESIAN_POINT ( 'NONE',  ( 29.99999999999999645, 0.000000000000000000, 34.99999999999999289 ) ) ;
#618 = DIRECTION ( 'NONE',  ( 0.000000000000000000, 0.000000000000000000, -1.000000000000000000 ) ) ;
#619 = FACE_OUTER_BOUND ( 'NONE', #365, .T. ) ;
#620 = DIRECTION ( 'NONE',  ( 1.000000000000000000, 0.000000000000000000, -0.000000000000000000 ) ) ;
#621 = CARTESIAN_POINT ( 'NONE',  ( 33.69999999999999574, 12.45000000000000284, 34.99999999999999289 ) ) ;
#622 = ORIENTED_EDGE ( 'NONE', *, *, #1057, .F. ) ;
#623 = VECTOR ( 'NONE', #1132, 1000.000000000000000 ) ;
#624 = ORIENTED_EDGE ( 'NONE', *, *, #1160, .T. ) ;
#625 = VERTEX_POINT ( 'NONE', #1749 ) ;
#626 = AXIS2_PLACEMENT_3D ( 'NONE', #1525, #493, #656 ) ;
#627 = FACE_OUTER_BOUND ( 'NONE', #510, .T. ) ;
#628 = LINE ( 'NONE', #1197, #63 ) ;
#629 = CARTESIAN_POINT ( 'NONE',  ( -35.01000000000000512, 10.75000000000000000, 39.99999999999998579 ) ) ;
#630 = AXIS2_PLACEMENT_3D ( 'NONE', #951, #403, #1267 ) ;
#631 = PRODUCT_DEFINITION ( 'UNKNOWN', '', #499, #1452 ) ;
#632 = VECTOR ( 'NONE', #586, 1000.000000000000000 ) ;
#633 = VECTOR ( 'NONE', #1152, 1000.000000000000000 ) ;
#634 = ORIENTED_EDGE ( 'NONE', *, *, #1422, .F. ) ;
#635 = ORIENTED_EDGE ( 'NONE', *, *, #942, .F. ) ;
#636 = ORIENTED_EDGE ( 'NONE', *, *, #1649, .T. ) ;
#637 = DIRECTION ( 'NONE',  ( 0.000000000000000000, 1.000000000000000000, 0.000000000000000000 ) ) ;
#638 = ORIENTED_EDGE ( 'NONE', *, *, #175, .T. ) ;
#639 = AXIS2_PLACEMENT_3D ( 'NONE', #1838, #169, #551 ) ;
#640 = DIRECTION ( 'NONE',  ( -1.000000000000000000, 0.000000000000000000, 1.982541115402065110E-16 ) ) ;
#641 = LINE ( 'NONE', #335, #1471 ) ;
#642 = FACE_OUTER_BOUND ( 'NONE', #674, .T. ) ;
#643 = EDGE_CURVE ( 'NONE', #818, #787, #458, .T. ) ;
#644 = LINE ( 'NONE', #96, #4 ) ;
#645 = VECTOR ( 'NONE', #1717, 1000.000000000000000 ) ;
#646 = ORIENTED_EDGE ( 'NONE', *, *, #1571, .T. ) ;
#647 = CARTESIAN_POINT ( 'NONE',  ( 29.99999999999999645, 10.75000000000000000, 38.69999999999998153 ) ) ;
#648 = VERTEX_POINT ( 'NONE', #1345 ) ;
#649 = ORIENTED_EDGE ( 'NONE', *, *, #653, .F. ) ;
#650 = LINE ( 'NONE', #1648, #36 ) ;
#651 = FACE_OUTER_BOUND ( 'NONE', #1253, .T. ) ;
#652 = ORIENTED_EDGE ( 'NONE', *, *, #1549, .T. ) ;
#653 = EDGE_CURVE ( 'NONE', #1654, #1828, #53, .T. ) ;
#654 = ORIENTED_EDGE ( 'NONE', *, *, #643, .F. ) ;
#655 = EDGE_CURVE ( 'NONE', #2, #1707, #1311, .T. ) ;
#656 = DIRECTION ( 'NONE',  ( 0.000000000000000000, 0.000000000000000000, -1.000000000000000000 ) ) ;
#657 = VECTOR ( 'NONE', #1700, 1000.000000000000000 ) ;
#658 = CYLINDRICAL_SURFACE ( 'NONE', #1739, 5.500000000000000000 ) ;
#659 = LINE ( 'NONE', #1657, #1403 ) ;
#660 = AXIS2_PLACEMENT_3D ( 'NONE', #886, #890, #440 ) ;
#661 = AXIS2_PLACEMENT_3D ( 'NONE', #768, #1447, #1467 ) ;
#662 = DIRECTION ( 'NONE',  ( -1.000000000000000000, 4.336808689942018969E-17, 1.982541115402065110E-16 ) ) ;
#663 = AXIS2_PLACEMENT_3D ( 'NONE', #1443, #1490, #207 ) ;
#664 = EDGE_LOOP ( 'NONE', ( #789, #1066, #1129, #776 ) ) ;
#665 = CIRCLE ( 'NONE', #68, 5.500000000000000000 ) ;
#666 = ORIENTED_EDGE ( 'NONE', *, *, #750, .F. ) ;
#667 = DIRECTION ( 'NONE',  ( 1.000000000000000000, -0.000000000000000000, 0.000000000000000000 ) ) ;
#668 = DIRECTION ( 'NONE',  ( 0.000000000000000000, 0.000000000000000000, 1.000000000000000000 ) ) ;
#669 = CARTESIAN_POINT ( 'NONE',  ( -25.00000000000000000, 12.44999999999999929, -14.52277442494834325 ) ) ;
#670 = CYLINDRICAL_SURFACE ( 'NONE', #237, 1.000000000000000888 ) ;
#671 = DIRECTION ( 'NONE',  ( 1.000000000000000000, -0.000000000000000000, 0.000000000000000000 ) ) ;
#672 =( LENGTH_UNIT ( ) NAMED_UNIT ( * ) SI_UNIT ( .MILLI., .METRE. ) );
#673 = ORIENTED_EDGE ( 'NONE', *, *, #983, .F. ) ;
#674 = EDGE_LOOP ( 'NONE', ( #1156, #380, #31, #836 ) ) ;
#675 = DIRECTION ( 'NONE',  ( 0.000000000000000000, 1.000000000000000000, 0.000000000000000000 ) ) ;
#676 = ORIENTED_EDGE ( 'NONE', *, *, #1116, .F. ) ;
#677 = EDGE_CURVE ( 'NONE', #1173, #69, #95, .T. ) ;
#678 = CARTESIAN_POINT ( 'NONE',  ( 29.99999999999999645, 21.50000000000000000, -35.00000000000000711 ) ) ;
#679 = FACE_OUTER_BOUND ( 'NONE', #1745, .T. ) ;
#680 = CARTESIAN_POINT ( 'NONE',  ( -23.50000000000000355, 4.750000000000001776, 37.00000000000000000 ) ) ;
#681 = EDGE_CURVE ( 'NONE', #1555, #1516, #901, .T. ) ;
#682 = VERTEX_POINT ( 'NONE', #1077 ) ;
#683 = CARTESIAN_POINT ( 'NONE',  ( 5.999999999999998224, 4.749999999999999112, 36.99999999999999289 ) ) ;
#684 = ORIENTED_EDGE ( 'NONE', *, *, #937, .F. ) ;
#685 = CARTESIAN_POINT ( 'NONE',  ( -30.00000000000001066, 10.75000000000000000, -38.70000000000000284 ) ) ;
#686 = PLANE ( 'NONE',  #356 ) ;
#687 = DIRECTION ( 'NONE',  ( 0.000000000000000000, 1.000000000000000000, 0.000000000000000000 ) ) ;
#688 = DIRECTION ( 'NONE',  ( 1.000000000000000000, 0.000000000000000000, 0.000000000000000000 ) ) ;
#689 = VERTEX_POINT ( 'NONE', #1820 ) ;
#690 = ADVANCED_FACE ( 'NONE', ( #520 ), #1507, .F. ) ;
#691 = VECTOR ( 'NONE', #1776, 1000.000000000000000 ) ;
#692 = PLANE ( 'NONE',  #1316 ) ;
#693 = VECTOR ( 'NONE', #829, 1000.000000000000000 ) ;
#694 = LINE ( 'NONE', #1270, #1036 ) ;
#695 = VERTEX_POINT ( 'NONE', #501 ) ;
#696 = VECTOR ( 'NONE', #974, 1000.000000000000000 ) ;
#697 = ORIENTED_EDGE ( 'NONE', *, *, #794, .T. ) ;
#698 = AXIS2_PLACEMENT_3D ( 'NONE', #1210, #1328, #782 ) ;
#699 = CARTESIAN_POINT ( 'NONE',  ( -25.00000000000000000, 11.95000000000000284, -20.00000000000000355 ) ) ;
#700 = EDGE_LOOP ( 'NONE', ( #430, #1643, #1660, #1354 ) ) ;
#701 = VECTOR ( 'NONE', #1666, 1000.000000000000000 ) ;
#702 = DIRECTION ( 'NONE',  ( 0.000000000000000000, 0.000000000000000000, -1.000000000000000000 ) ) ;
#703 = DIRECTION ( 'NONE',  ( -1.000000000000000000, 0.000000000000000000, 0.000000000000000000 ) ) ;
#704 = DIRECTION ( 'NONE',  ( -0.000000000000000000, 1.000000000000000000, -0.000000000000000000 ) ) ;
#705 = VERTEX_POINT ( 'NONE', #1515 ) ;
#706 = EDGE_CURVE ( 'NONE', #715, #932, #1733, .T. ) ;
#707 = CARTESIAN_POINT ( 'NONE',  ( 0.000000000000000000, 0.000000000000000000, 0.000000000000000000 ) ) ;
#708 = LINE ( 'NONE', #1691, #657 ) ;
#709 = EDGE_LOOP ( 'NONE', ( #341, #1703, #729, #406, #1446, #1153, #827, #865 ) ) ;
#710 = DIRECTION ( 'NONE',  ( -0.000000000000000000, -1.000000000000000000, -0.000000000000000000 ) ) ;
#711 = CARTESIAN_POINT ( 'NONE',  ( 16.00000000000000711, 11.95000000000000284, 29.99999999999999289 ) ) ;
#712 = CARTESIAN_POINT ( 'NONE',  ( -30.00000000000000711, 10.75000000000000000, 36.00000000000000711 ) ) ;
#713 = CARTESIAN_POINT ( 'NONE',  ( -3.469446951953614189E-15, 12.44999999999999929, -3.469446951953614189E-15 ) ) ;
#714 = DIRECTION ( 'NONE',  ( 1.000000000000000000, -4.336808689942018352E-17, 0.000000000000000000 ) ) ;
#715 = VERTEX_POINT ( 'NONE', #367 ) ;
#716 = CARTESIAN_POINT ( 'NONE',  ( -33.70000000000000284, 10.75000000000000000, 35.00000000000000000 ) ) ;
#717 = ADVANCED_FACE ( 'NONE', ( #1646 ), #109, .T. ) ;
#718 = ORIENTED_EDGE ( 'NONE', *, *, #1762, .T. ) ;
#719 = DIRECTION ( 'NONE',  ( 0.000000000000000000, 0.000000000000000000, 1.000000000000000000 ) ) ;
#720 = DIRECTION ( 'NONE',  ( -1.000000000000000000, -0.000000000000000000, -0.000000000000000000 ) ) ;
#721 = ORIENTED_EDGE ( 'NONE', *, *, #1499, .T. ) ;
#722 = AXIS2_PLACEMENT_3D ( 'NONE', #1553, #126, #1831 ) ;
#723 = DIRECTION ( 'NONE',  ( -1.982541115402065110E-16, -0.000000000000000000, -1.000000000000000000 ) ) ;
#724 = ORIENTED_EDGE ( 'NONE', *, *, #1229, .F. ) ;
#725 = VECTOR ( 'NONE', #1145, 1000.000000000000000 ) ;
#726 = EDGE_LOOP ( 'NONE', ( #1591, #366, #1184, #1670 ) ) ;
#727 = DIRECTION ( 'NONE',  ( 0.000000000000000000, 0.000000000000000000, -1.000000000000000000 ) ) ;
#728 = VECTOR ( 'NONE', #640, 1000.000000000000000 ) ;
#729 = ORIENTED_EDGE ( 'NONE', *, *, #460, .T. ) ;
#730 = ORIENTED_EDGE ( 'NONE', *, *, #454, .F. ) ;
#731 = VECTOR ( 'NONE', #24, 1000.000000000000000 ) ;
#732 = EDGE_CURVE ( 'NONE', #975, #569, #1675, .T. ) ;
#733 = FACE_OUTER_BOUND ( 'NONE', #1444, .T. ) ;
#734 = AXIS2_PLACEMENT_3D ( 'NONE', #832, #1392, #1211 ) ;
#735 = DIRECTION ( 'NONE',  ( -0.000000000000000000, -1.000000000000000000, -0.000000000000000000 ) ) ;
#736 =( GEOMETRIC_REPRESENTATION_CONTEXT ( 3 ) GLOBAL_UNCERTAINTY_ASSIGNED_CONTEXT ( ( #602 ) ) GLOBAL_UNIT_ASSIGNED_CONTEXT ( ( #1633, #1201, #764 ) ) REPRESENTATION_CONTEXT ( 'NONE', 'WORKASPACE' ) );
#737 = DIRECTION ( 'NONE',  ( 0.000000000000000000, 0.000000000000000000, -1.000000000000000000 ) ) ;
#738 = PLANE ( 'NONE',  #570 ) ;
#739 = ORIENTED_EDGE ( 'NONE', *, *, #280, .T. ) ;
#740 = CYLINDRICAL_SURFACE ( 'NONE', #78, 4.999999999999997335 ) ;
#741 = EDGE_CURVE ( 'NONE', #919, #313, #798, .T. ) ;
#742 = ORIENTED_EDGE ( 'NONE', *, *, #88, .F. ) ;
#743 = CARTESIAN_POINT ( 'NONE',  ( 34.99999999999999289, 10.75000000000000000, -37.00000000000000711 ) ) ;
#744 = ORIENTED_EDGE ( 'NONE', *, *, #681, .F. ) ;
#745 = EDGE_CURVE ( 'NONE', #1695, #818, #926, .T. ) ;
#746 = ADVANCED_FACE ( 'NONE', ( #1662 ), #360, .F. ) ;
#747 = CARTESIAN_POINT ( 'NONE',  ( 34.99999999999999289, 21.50000000000000000, 39.99999999999998579 ) ) ;
#748 = FILL_AREA_STYLE ('',( #1626 ) ) ;
#749 = CARTESIAN_POINT ( 'NONE',  ( 29.99999999999999645, 0.000000000000000000, 34.99999999999999289 ) ) ;
#750 = EDGE_CURVE ( 'NONE', #821, #494, #1315, .T. ) ;
#751 = VECTOR ( 'NONE', #249, 1000.000000000000000 ) ;
#752 = ORIENTED_EDGE ( 'NONE', *, *, #79, .T. ) ;
#753 = DIRECTION ( 'NONE',  ( -1.982541115402065110E-16, 0.000000000000000000, -1.000000000000000000 ) ) ;
#754 = AXIS2_PLACEMENT_3D ( 'NONE', #225, #1094, #1655 ) ;
#755 = AXIS2_PLACEMENT_3D ( 'NONE', #1780, #1056, #620 ) ;
#756 = DIRECTION ( 'NONE',  ( 0.000000000000000000, 1.000000000000000000, 0.000000000000000000 ) ) ;
#757 = CIRCLE ( 'NONE', #786, 1.000000000000000888 ) ;
#758 = CYLINDRICAL_SURFACE ( 'NONE', #1288, 5.000000000000000888 ) ;
#759 = DIRECTION ( 'NONE',  ( -0.000000000000000000, 1.000000000000000000, -0.000000000000000000 ) ) ;
#760 = ADVANCED_FACE ( 'NONE', ( #217 ), #102, .T. ) ;
#761 = EDGE_CURVE ( 'NONE', #1433, #932, #509, .T. ) ;
#762 = LINE ( 'NONE', #1324, #1142 ) ;
#763 = AXIS2_PLACEMENT_3D ( 'NONE', #1418, #422, #439 ) ;
#764 =( NAMED_UNIT ( * ) SI_UNIT ( $, .STERADIAN. ) SOLID_ANGLE_UNIT ( ) );
#765 = CARTESIAN_POINT ( 'NONE',  ( -30.00000000000000355, 12.45000000000000284, -35.00000000000000711 ) ) ;
#766 = FACE_OUTER_BOUND ( 'NONE', #965, .T. ) ;
#767 = PLANE ( 'NONE',  #1738 ) ;
#768 = CARTESIAN_POINT ( 'NONE',  ( -30.00000000000000355, 10.75000000000000000, -35.00000000000000711 ) ) ;
#769 = ORIENTED_EDGE ( 'NONE', *, *, #399, .T. ) ;
#770 = ORIENTED_EDGE ( 'NONE', *, *, #492, .T. ) ;
#771 = CARTESIAN_POINT ( 'NONE',  ( -30.00000000000000711, 10.75000000000000000, 35.00000000000000000 ) ) ;
#772 = DIRECTION ( 'NONE',  ( 0.000000000000000000, -1.000000000000000000, 0.000000000000000000 ) ) ;
#773 = CARTESIAN_POINT ( 'NONE',  ( -35.00000000000000000, 21.50000000000000000, -35.00000000000000711 ) ) ;
#774 =( NAMED_UNIT ( * ) PLANE_ANGLE_UNIT ( ) SI_UNIT ( $, .RADIAN. ) );
#775 = ORIENTED_EDGE ( 'NONE', *, *, #1369, .T. ) ;
#776 = ORIENTED_EDGE ( 'NONE', *, *, #896, .F. ) ;
#777 = ORIENTED_EDGE ( 'NONE', *, *, #442, .T. ) ;
#778 = CARTESIAN_POINT ( 'NONE',  ( 25.41742430504415395, 0.000000000000000000, 36.99999999999998579 ) ) ;
#779 = EDGE_LOOP ( 'NONE', ( #971, #150, #1093, #432 ) ) ;
#780 = EDGE_CURVE ( 'NONE', #1043, #1400, #946, .T. ) ;
#781 = CIRCLE ( 'NONE', #468, 4.999999999999997335 ) ;
#782 = DIRECTION ( 'NONE',  ( 0.000000000000000000, 0.000000000000000000, 1.000000000000000000 ) ) ;
#783 = CARTESIAN_POINT ( 'NONE',  ( 29.99999999999999645, 0.000000000000000000, -35.00000000000000711 ) ) ;
#784 = DIRECTION ( 'NONE',  ( -1.000000000000000000, 0.000000000000000000, 2.312964634635742957E-16 ) ) ;
#785 = VECTOR ( 'NONE', #1482, 1000.000000000000000 ) ;
#786 = AXIS2_PLACEMENT_3D ( 'NONE', #103, #1665, #1722 ) ;
#787 = VERTEX_POINT ( 'NONE', #934 ) ;
#788 = EDGE_LOOP ( 'NONE', ( #1212, #1698, #28, #718 ) ) ;
#789 = ORIENTED_EDGE ( 'NONE', *, *, #546, .F. ) ;
#790 = DIRECTION ( 'NONE',  ( 0.000000000000000000, 1.000000000000000000, 0.000000000000000000 ) ) ;
#791 = ORIENTED_EDGE ( 'NONE', *, *, #186, .F. ) ;
#792 = LINE ( 'NONE', #935, #1373 ) ;
#793 = CYLINDRICAL_SURFACE ( 'NONE', #40, 1.000000000000000888 ) ;
#794 = EDGE_CURVE ( 'NONE', #981, #945, #1137, .T. ) ;
#795 = PLANE ( 'NONE',  #564 ) ;
#796 = EDGE_LOOP ( 'NONE', ( #97, #1240, #1226, #1246 ) ) ;
#797 = ORIENTED_EDGE ( 'NONE', *, *, #531, .T. ) ;
#798 = LINE ( 'NONE', #1380, #990 ) ;
#799 = PLANE ( 'NONE',  #1133 ) ;
#800 = EDGE_CURVE ( 'NONE', #532, #273, #83, .T. ) ;
#801 = CARTESIAN_POINT ( 'NONE',  ( 34.99999999999999289, 4.749999999999997335, 36.99999999999998579 ) ) ;
#802 = ORIENTED_EDGE ( 'NONE', *, *, #111, .F. ) ;
#803 = VECTOR ( 'NONE', #1847, 1000.000000000000000 ) ;
#804 = ORIENTED_EDGE ( 'NONE', *, *, #872, .F. ) ;
#805 = CARTESIAN_POINT ( 'NONE',  ( -32.00000000000000000, 0.000000000000000000, -30.41742430504417172 ) ) ;
#806 = CIRCLE ( 'NONE', #1134, 4.999999999999997335 ) ;
#807 = DIRECTION ( 'NONE',  ( -9.912705577010325549E-17, 0.000000000000000000, 1.000000000000000000 ) ) ;
#808 = LINE ( 'NONE', #669, #701 ) ;
#809 = AXIS2_PLACEMENT_3D ( 'NONE', #142, #1834, #547 ) ;
#810 = VECTOR ( 'NONE', #1250, 1000.000000000000000 ) ;
#811 = VERTEX_POINT ( 'NONE', #647 ) ;
#812 = CIRCLE ( 'NONE', #1791, 4.999999999999997335 ) ;
#813 = DIRECTION ( 'NONE',  ( -0.000000000000000000, -0.000000000000000000, 1.000000000000000000 ) ) ;
#814 = CARTESIAN_POINT ( 'NONE',  ( 31.99999999999999289, 10.75000000000000000, -30.41742430504417527 ) ) ;
#815 = VECTOR ( 'NONE', #50, 1000.000000000000000 ) ;
#816 = EDGE_CURVE ( 'NONE', #1222, #573, #1208, .T. ) ;
#817 = VERTEX_POINT ( 'NONE', #1234 ) ;
#818 = VERTEX_POINT ( 'NONE', #819 ) ;
#819 = CARTESIAN_POINT ( 'NONE',  ( -32.00000000000000000, 3.000000000000000000, -30.41742430504417172 ) ) ;
#820 = EDGE_CURVE ( 'NONE', #276, #1166, #1792, .T. ) ;
#821 = VERTEX_POINT ( 'NONE', #685 ) ;
#822 = CARTESIAN_POINT ( 'NONE',  ( -30.00000000000000711, 0.000000000000000000, 36.00000000000000711 ) ) ;
#823 = CARTESIAN_POINT ( 'NONE',  ( 29.99999999999999645, 0.000000000000000000, 39.99999999999998579 ) ) ;
#824 = LINE ( 'NONE', #286, #534 ) ;
#825 = VERTEX_POINT ( 'NONE', #1723 ) ;
#826 = DIRECTION ( 'NONE',  ( 0.000000000000000000, 0.000000000000000000, -1.000000000000000000 ) ) ;
#827 = ORIENTED_EDGE ( 'NONE', *, *, #706, .T. ) ;
#828 = ORIENTED_EDGE ( 'NONE', *, *, #268, .F. ) ;
#829 = DIRECTION ( 'NONE',  ( 1.000000000000000000, 0.000000000000000000, 0.000000000000000000 ) ) ;
#830 = ORIENTED_EDGE ( 'NONE', *, *, #154, .F. ) ;
#831 = PLANE ( 'NONE',  #277 ) ;
#832 = CARTESIAN_POINT ( 'NONE',  ( 0.000000000000000000, 0.000000000000000000, 0.000000000000000000 ) ) ;
#833 = LINE ( 'NONE', #1394, #696 ) ;
#834 = DIRECTION ( 'NONE',  ( 0.000000000000000000, -1.000000000000000000, 0.000000000000000000 ) ) ;
#835 = CARTESIAN_POINT ( 'NONE',  ( -25.41742430504416461, 0.000000000000000000, 37.00000000000000000 ) ) ;
#836 = ORIENTED_EDGE ( 'NONE', *, *, #80, .F. ) ;
#837 = ORIENTED_EDGE ( 'NONE', *, *, #655, .F. ) ;
#838 = LINE ( 'NONE', #1401, #1167 ) ;
#839 = AXIS2_PLACEMENT_3D ( 'NONE', #920, #1487, #204 ) ;
#840 = ORIENTED_EDGE ( 'NONE', *, *, #492, .F. ) ;
#841 = LINE ( 'NONE', #822, #183 ) ;
#842 = LINE ( 'NONE', #253, #1637 ) ;
#843 = CIRCLE ( 'NONE', #1586, 1.000000000000000888 ) ;
#844 = EDGE_CURVE ( 'NONE', #695, #1058, #324, .T. ) ;
#845 = CARTESIAN_POINT ( 'NONE',  ( 16.00000000000000711, 11.95000000000000284, 39.99999999999999289 ) ) ;
#846 = ORIENTED_EDGE ( 'NONE', *, *, #454, .T. ) ;
#847 = AXIS2_PLACEMENT_3D ( 'NONE', #1370, #790, #251 ) ;
#848 = LINE ( 'NONE', #976, #1020 ) ;
#849 = VECTOR ( 'NONE', #456, 1000.000000000000000 ) ;
#850 = PRODUCT_CONTEXT ( 'NONE', #1085, 'mechanical' ) ;
#851 = LINE ( 'NONE', #683, #6 ) ;
#852 = AXIS2_PLACEMENT_3D ( 'NONE', #309, #1746, #1455 ) ;
#853 = EDGE_LOOP ( 'NONE', ( #1305, #1519, #1617, #231 ) ) ;
#854 = DIRECTION ( 'NONE',  ( -1.000000000000000000, 0.000000000000000000, 0.000000000000000000 ) ) ;
#855 = ORIENTED_EDGE ( 'NONE', *, *, #732, .F. ) ;
#856 = DIRECTION ( 'NONE',  ( 0.000000000000000000, -1.000000000000000000, 0.000000000000000000 ) ) ;
#857 = DIRECTION ( 'NONE',  ( 0.000000000000000000, 0.000000000000000000, -1.000000000000000000 ) ) ;
#858 = PLANE ( 'NONE',  #328 ) ;
#859 = CARTESIAN_POINT ( 'NONE',  ( 29.99999999999999645, 10.75000000000000000, -36.00000000000001421 ) ) ;
#860 = EDGE_CURVE ( 'NONE', #1202, #1276, #838, .T. ) ;
#861 = VERTEX_POINT ( 'NONE', #1715 ) ;
#862 = ADVANCED_FACE ( 'NONE', ( #587 ), #738, .F. ) ;
#863 = EDGE_LOOP ( 'NONE', ( #1402, #1298, #1711, #739, #959, #485, #1716, #1414 ) ) ;
#864 = DIRECTION ( 'NONE',  ( -6.938893903907242183E-16, 0.000000000000000000, -1.000000000000000000 ) ) ;
#865 = ORIENTED_EDGE ( 'NONE', *, *, #761, .F. ) ;
#866 = CYLINDRICAL_SURFACE ( 'NONE', #374, 3.699999999999994849 ) ;
#867 = CARTESIAN_POINT ( 'NONE',  ( 29.99999999999999645, 12.45000000000000284, 39.99999999999998579 ) ) ;
#868 = ORIENTED_EDGE ( 'NONE', *, *, #1781, .T. ) ;
#869 = DIRECTION ( 'NONE',  ( -1.000000000000000000, 0.000000000000000000, 0.000000000000000000 ) ) ;
#870 = VERTEX_POINT ( 'NONE', #301 ) ;
#871 = ORIENTED_EDGE ( 'NONE', *, *, #1259, .F. ) ;
#872 = EDGE_CURVE ( 'NONE', #938, #1504, #1249, .T. ) ;
#873 = CARTESIAN_POINT ( 'NONE',  ( -35.00000000000000000, 21.50000000000000000, 35.00000000000000000 ) ) ;
#874 = CARTESIAN_POINT ( 'NONE',  ( -30.00000000000000711, 10.75000000000000000, 34.00000000000000000 ) ) ;
#875 = CARTESIAN_POINT ( 'NONE',  ( 25.41742430504416106, 10.75000000000000000, -37.00000000000000711 ) ) ;
#876 = DIRECTION ( 'NONE',  ( -1.000000000000000000, 0.000000000000000000, 0.000000000000000000 ) ) ;
#877 = AXIS2_PLACEMENT_3D ( 'NONE', #408, #710, #727 ) ;
#878 = DIRECTION ( 'NONE',  ( -0.000000000000000000, -0.000000000000000000, 1.000000000000000000 ) ) ;
#879 = CYLINDRICAL_SURFACE ( 'NONE', #1192, 5.500000000000000000 ) ;
#880 = EDGE_CURVE ( 'NONE', #338, #579, #969, .T. ) ;
#881 = AXIS2_PLACEMENT_3D ( 'NONE', #495, #1336, #618 ) ;
#882 = DIRECTION ( 'NONE',  ( 0.000000000000000000, 0.000000000000000000, -1.000000000000000000 ) ) ;
#883 = PRODUCT ( 'SkiSafe CamelBack 01 BASE', 'SkiSafe CamelBack 01 BASE', '', ( #850 ) ) ;
#884 = EDGE_CURVE ( 'NONE', #1146, #953, #33, .T. ) ;
#885 = ORIENTED_EDGE ( 'NONE', *, *, #381, .F. ) ;
#886 = CARTESIAN_POINT ( 'NONE',  ( 29.99999999999999645, 12.45000000000000284, 34.99999999999999289 ) ) ;
#887 = AXIS2_PLACEMENT_3D ( 'NONE', #1704, #1147, #703 ) ;
#888 = CARTESIAN_POINT ( 'NONE',  ( 29.99999999999999645, 0.000000000000000000, 33.99999999999998579 ) ) ;
#889 = EDGE_CURVE ( 'NONE', #15, #1632, #1217, .T. ) ;
#890 = DIRECTION ( 'NONE',  ( 0.000000000000000000, -1.000000000000000000, 0.000000000000000000 ) ) ;
#891 = STYLED_ITEM ( 'NONE', ( #1478 ), #590 ) ;
#892 = ORIENTED_EDGE ( 'NONE', *, *, #203, .F. ) ;
#893 = CARTESIAN_POINT ( 'NONE',  ( 29.99999999999999645, 10.75000000000000000, 34.99999999999999289 ) ) ;
#894 = CARTESIAN_POINT ( 'NONE',  ( 31.99999999999999289, 10.75000000000000000, 39.99999999999998579 ) ) ;
#895 = FACE_OUTER_BOUND ( 'NONE', #139, .T. ) ;
#896 = EDGE_CURVE ( 'NONE', #1736, #548, #1576, .T. ) ;
#897 = CIRCLE ( 'NONE', #1095, 4.999999999999997335 ) ;
#898 = CARTESIAN_POINT ( 'NONE',  ( -23.50000000000001066, 12.44999999999999929, 1.189524669241240249E-15 ) ) ;
#899 = VECTOR ( 'NONE', #1539, 1000.000000000000000 ) ;
#900 = AXIS2_PLACEMENT_3D ( 'NONE', #1054, #1627, #1758 ) ;
#901 = LINE ( 'NONE', #1042, #1640 ) ;
#902 = AXIS2_PLACEMENT_3D ( 'NONE', #1062, #219, #86 ) ;
#903 = DIRECTION ( 'NONE',  ( 0.000000000000000000, -1.000000000000000000, 0.000000000000000000 ) ) ;
#904 = CARTESIAN_POINT ( 'NONE',  ( 5.999999999999998224, 10.75000000000000000, 39.99999999999997868 ) ) ;
#905 = CIRCLE ( 'NONE', #663, 3.699999999999994849 ) ;
#906 = EDGE_CURVE ( 'NONE', #415, #821, #1416, .T. ) ;
#907 = LINE ( 'NONE', #39, #134 ) ;
#908 = ADVANCED_FACE ( 'NONE', ( #1583 ), #879, .F. ) ;
#909 = ORIENTED_EDGE ( 'NONE', *, *, #315, .T. ) ;
#910 = SURFACE_STYLE_FILL_AREA ( #748 ) ;
#911 = ORIENTED_EDGE ( 'NONE', *, *, #158, .T. ) ;
#912 = CARTESIAN_POINT ( 'NONE',  ( 31.99999999999999289, 0.000000000000000000, 30.41742430504414685 ) ) ;
#913 = DIRECTION ( 'NONE',  ( -0.000000000000000000, -1.000000000000000000, -0.000000000000000000 ) ) ;
#914 = CARTESIAN_POINT ( 'NONE',  ( 11.02506281446691005, 12.45000000000000284, 38.69999999999998863 ) ) ;
#915 = EDGE_LOOP ( 'NONE', ( #1661, #855, #428, #1692, #1642 ) ) ;
#916 = CYLINDRICAL_SURFACE ( 'NONE', #1441, 1.000000000000000888 ) ;
#917 = ORIENTED_EDGE ( 'NONE', *, *, #643, .T. ) ;
#918 = ADVANCED_FACE ( 'NONE', ( #292 ), #1426, .F. ) ;
#919 = VERTEX_POINT ( 'NONE', #429 ) ;
#920 = CARTESIAN_POINT ( 'NONE',  ( 33.69999999999999574, 119.0514581273465069, 34.99999999999999289 ) ) ;
#921 = DIRECTION ( 'NONE',  ( 0.000000000000000000, -1.000000000000000000, 0.000000000000000000 ) ) ;
#922 = DIRECTION ( 'NONE',  ( 0.000000000000000000, 1.000000000000000000, 0.000000000000000000 ) ) ;
#923 = DIRECTION ( 'NONE',  ( -2.312964634635742957E-16, 0.000000000000000000, -1.000000000000000000 ) ) ;
#924 = ORIENTED_EDGE ( 'NONE', *, *, #266, .F. ) ;
#925 = EDGE_CURVE ( 'NONE', #1425, #410, #1070, .T. ) ;
#926 = LINE ( 'NONE', #805, #899 ) ;
#927 = AXIS2_PLACEMENT_3D ( 'NONE', #1083, #388, #1800 ) ;
#928 = DIRECTION ( 'NONE',  ( 0.000000000000000000, 0.000000000000000000, -1.000000000000000000 ) ) ;
#929 = DIRECTION ( 'NONE',  ( 0.000000000000000000, 0.000000000000000000, -1.000000000000000000 ) ) ;
#930 = EDGE_CURVE ( 'NONE', #1276, #1486, #1118, .T. ) ;
#931 = VECTOR ( 'NONE', #191, 1000.000000000000000 ) ;
#932 = VERTEX_POINT ( 'NONE', #1130 ) ;
#933 = EDGE_LOOP ( 'NONE', ( #1753, #721 ) ) ;
#934 = CARTESIAN_POINT ( 'NONE',  ( -32.00000000000000000, 3.000000000000000000, 30.41742430504416106 ) ) ;
#935 = CARTESIAN_POINT ( 'NONE',  ( 34.99999999999999289, 2.999999999999999112, 36.99999999999998579 ) ) ;
#936 = DIRECTION ( 'NONE',  ( -0.000000000000000000, 1.000000000000000000, -0.000000000000000000 ) ) ;
#937 = EDGE_CURVE ( 'NONE', #1538, #1222, #1821, .T. ) ;
#938 = VERTEX_POINT ( 'NONE', #716 ) ;
#939 = CARTESIAN_POINT ( 'NONE',  ( -32.00000000000000000, 11.95000000000000284, -20.00000000000000355 ) ) ;
#940 = CYLINDRICAL_SURFACE ( 'NONE', #1563, 4.999999999999997335 ) ;
#941 = CARTESIAN_POINT ( 'NONE',  ( 29.99999999999999645, 12.45000000000000284, 34.99999999999999289 ) ) ;
#942 = EDGE_CURVE ( 'NONE', #273, #338, #1273, .T. ) ;
#943 = ORIENTED_EDGE ( 'NONE', *, *, #1422, .T. ) ;
#944 = ORIENTED_EDGE ( 'NONE', *, *, #607, .F. ) ;
#945 = VERTEX_POINT ( 'NONE', #1702 ) ;
#946 = LINE ( 'NONE', #1355, #382 ) ;
#947 = AXIS2_PLACEMENT_3D ( 'NONE', #417, #993, #826 ) ;
#948 = CARTESIAN_POINT ( 'NONE',  ( 29.99999999999999645, 0.000000000000000000, 35.99999999999999289 ) ) ;
#949 = CARTESIAN_POINT ( 'NONE',  ( -35.00000000000000000, 11.95000000000000284, -14.50000000000000355 ) ) ;
#950 = VECTOR ( 'NONE', #128, 1000.000000000000000 ) ;
#951 = CARTESIAN_POINT ( 'NONE',  ( -33.69999999999999574, 119.0514581273465069, -35.00000000000000711 ) ) ;
#952 = AXIS2_PLACEMENT_3D ( 'NONE', #1760, #923, #784 ) ;
#953 = VERTEX_POINT ( 'NONE', #7 ) ;
#954 = CIRCLE ( 'NONE', #603, 5.499999999999998224 ) ;
#955 = CARTESIAN_POINT ( 'NONE',  ( -35.00000000000000000, 12.45000000000000284, 35.00000000000000000 ) ) ;
#956 = CIRCLE ( 'NONE', #1105, 4.999999999999990230 ) ;
#957 = VERTEX_POINT ( 'NONE', #420 ) ;
#958 = EDGE_CURVE ( 'NONE', #46, #705, #580, .T. ) ;
#959 = ORIENTED_EDGE ( 'NONE', *, *, #958, .T. ) ;
#960 = EDGE_CURVE ( 'NONE', #1244, #425, #180, .T. ) ;
#961 = CARTESIAN_POINT ( 'NONE',  ( -30.00000000000000355, 12.45000000000000284, 38.69999999999999574 ) ) ;
#962 = LINE ( 'NONE', #1688, #1195 ) ;
#963 = CARTESIAN_POINT ( 'NONE',  ( 5.999999999999998224, 12.45000000000000284, 39.99999999999999289 ) ) ;
#964 = LINE ( 'NONE', #1805, #1039 ) ;
#965 = EDGE_LOOP ( 'NONE', ( #984, #291, #119, #724 ) ) ;
#966 = DIRECTION ( 'NONE',  ( -1.000000000000000000, 0.000000000000000000, 1.982541115402065110E-16 ) ) ;
#967 = CYLINDRICAL_SURFACE ( 'NONE', #722, 3.699999999999994849 ) ;
#968 = ORIENTED_EDGE ( 'NONE', *, *, #896, .T. ) ;
#969 = LINE ( 'NONE', #1448, #725 ) ;
#970 = ADVANCED_FACE ( 'NONE', ( #1065 ), #916, .F. ) ;
#971 = ORIENTED_EDGE ( 'NONE', *, *, #1027, .F. ) ;
#972 = FACE_OUTER_BOUND ( 'NONE', #796, .T. ) ;
#973 = DIRECTION ( 'NONE',  ( 0.000000000000000000, 0.000000000000000000, -1.000000000000000000 ) ) ;
#974 = DIRECTION ( 'NONE',  ( -0.000000000000000000, -1.000000000000000000, -0.000000000000000000 ) ) ;
#975 = VERTEX_POINT ( 'NONE', #1542 ) ;
#976 = CARTESIAN_POINT ( 'NONE',  ( 34.99999999999999289, 2.999999999999999112, -37.00000000000000711 ) ) ;
#977 = CARTESIAN_POINT ( 'NONE',  ( 20.97493718553310416, 12.44999999999999929, 29.99999999999999289 ) ) ;
#978 = EDGE_CURVE ( 'NONE', #1222, #1538, #211, .T. ) ;
#979 = ORIENTED_EDGE ( 'NONE', *, *, #59, .F. ) ;
#980 = DIRECTION ( 'NONE',  ( 0.000000000000000000, 1.000000000000000000, -0.000000000000000000 ) ) ;
#981 = VERTEX_POINT ( 'NONE', #379 ) ;
#982 = CLOSED_SHELL ( 'NONE', ( #484, #1314, #908, #1119, #970, #988, #1251, #318, #760, #1668, #1186, #1594, #1709, #184, #1308, #1359, #411, #746, #1060, #1312, #1596, #221, #209, #1317, #319, #9, #593, #1510, #1644, #584, #1214, #330, #455, #1131, #1390, #717, #1560, #1199, #595, #394, #98, #1371, #918, #1597, #513, #616, #690, #1301, #1556, #1673, #1719, #1728, #862, #1393 ) ) ;
#983 = EDGE_CURVE ( 'NONE', #579, #425, #542, .T. ) ;
#984 = ORIENTED_EDGE ( 'NONE', *, *, #741, .F. ) ;
#985 = CARTESIAN_POINT ( 'NONE',  ( 5.999999999999998224, 21.50000000000000000, 39.99999999999999289 ) ) ;
#986 = VECTOR ( 'NONE', #138, 1000.000000000000000 ) ;
#987 = CARTESIAN_POINT ( 'NONE',  ( -33.69999999999999574, 119.0514581273465069, -35.00000000000000711 ) ) ;
#988 = ADVANCED_FACE ( 'NONE', ( #1112 ), #670, .F. ) ;
#989 = ORIENTED_EDGE ( 'NONE', *, *, #820, .F. ) ;
#990 = VECTOR ( 'NONE', #675, 1000.000000000000000 ) ;
#991 = CARTESIAN_POINT ( 'NONE',  ( 16.00000000000000711, 11.95000000000000284, 39.99999999999999289 ) ) ;
#992 = AXIS2_PLACEMENT_3D ( 'NONE', #1047, #208, #1330 ) ;
#993 = DIRECTION ( 'NONE',  ( 1.000000000000000000, -0.000000000000000000, 9.912705577010326782E-17 ) ) ;
#994 = CIRCLE ( 'NONE', #164, 1.000000000000000888 ) ;
#995 =( GEOMETRIC_REPRESENTATION_CONTEXT ( 3 ) GLOBAL_UNCERTAINTY_ASSIGNED_CONTEXT ( ( #1607 ) ) GLOBAL_UNIT_ASSIGNED_CONTEXT ( ( #672, #774, #1630 ) ) REPRESENTATION_CONTEXT ( 'NONE', 'WORKASPACE' ) );
#996 = DIRECTION ( 'NONE',  ( -2.312964634635742957E-16, 0.000000000000000000, -1.000000000000000000 ) ) ;
#997 = DIRECTION ( 'NONE',  ( 0.000000000000000000, 0.000000000000000000, -1.000000000000000000 ) ) ;
#998 = ORIENTED_EDGE ( 'NONE', *, *, #1151, .F. ) ;
#999 = CARTESIAN_POINT ( 'NONE',  ( 11.14613556019537199, 10.75000000000000000, 36.99999999999999289 ) ) ;
#1000 = EDGE_CURVE ( 'NONE', #415, #15, #135, .T. ) ;
#1001 = CIRCLE ( 'NONE', #639, 1.000000000000000888 ) ;
#1002 = CARTESIAN_POINT ( 'NONE',  ( -30.00000000000000355, 3.000000000000000000, -30.00000000000001421 ) ) ;
#1003 = CARTESIAN_POINT ( 'NONE',  ( 11.02506281446691005, 12.44999999999999929, 29.99999999999999289 ) ) ;
#1004 = ORIENTED_EDGE ( 'NONE', *, *, #1781, .F. ) ;
#1005 = DIRECTION ( 'NONE',  ( -0.000000000000000000, -0.000000000000000000, 1.000000000000000000 ) ) ;
#1006 = ORIENTED_EDGE ( 'NONE', *, *, #1069, .F. ) ;
#1007 = DIRECTION ( 'NONE',  ( 1.000000000000000000, 0.000000000000000000, 0.000000000000000000 ) ) ;
#1008 = DIRECTION ( 'NONE',  ( 0.000000000000000000, -0.000000000000000000, -1.000000000000000000 ) ) ;
#1009 = EDGE_CURVE ( 'NONE', #8, #981, #964, .T. ) ;
#1010 = CYLINDRICAL_SURFACE ( 'NONE', #1190, 5.000000000000000888 ) ;
#1011 = ORIENTED_EDGE ( 'NONE', *, *, #1773, .F. ) ;
#1012 = DIRECTION ( 'NONE',  ( 0.000000000000000000, 1.000000000000000000, 0.000000000000000000 ) ) ;
#1013 = CARTESIAN_POINT ( 'NONE',  ( 16.00000000000000711, 11.95000000000000284, 39.99999999999999289 ) ) ;
#1014 = EDGE_CURVE ( 'NONE', #100, #1815, #781, .T. ) ;
#1015 = ORIENTED_EDGE ( 'NONE', *, *, #1410, .F. ) ;
#1016 = FACE_OUTER_BOUND ( 'NONE', #726, .T. ) ;
#1017 = CARTESIAN_POINT ( 'NONE',  ( -23.50000000000000355, 4.750000000000001776, 37.00000000000000000 ) ) ;
#1018 = VECTOR ( 'NONE', #1434, 1000.000000000000000 ) ;
#1019 = CARTESIAN_POINT ( 'NONE',  ( 11.00000000000001066, 11.95000000000000284, 39.99999999999999289 ) ) ;
#1020 = VECTOR ( 'NONE', #1532, 1000.000000000000000 ) ;
#1021 = EDGE_CURVE ( 'NONE', #1209, #407, #1088, .T. ) ;
#1022 = LINE ( 'NONE', #1595, #803 ) ;
#1023 = VECTOR ( 'NONE', #936, 1000.000000000000000 ) ;
#1024 = DIRECTION ( 'NONE',  ( 0.000000000000000000, -0.000000000000000000, 1.000000000000000000 ) ) ;
#1025 = ORIENTED_EDGE ( 'NONE', *, *, #452, .F. ) ;
#1026 = CARTESIAN_POINT ( 'NONE',  ( 25.41742430504416106, 0.000000000000000000, -37.00000000000000711 ) ) ;
#1027 = EDGE_CURVE ( 'NONE', #1040, #8, #1613, .T. ) ;
#1028 = DIRECTION ( 'NONE',  ( 0.000000000000000000, 1.000000000000000000, 0.000000000000000000 ) ) ;
#1029 = CARTESIAN_POINT ( 'NONE',  ( 21.00000000000000355, 11.95000000000000284, 39.99999999999999289 ) ) ;
#1030 = DIRECTION ( 'NONE',  ( 0.000000000000000000, 1.000000000000000000, 0.000000000000000000 ) ) ;
#1031 = CYLINDRICAL_SURFACE ( 'NONE', #1734, 1.000000000000000888 ) ;
#1032 = DIRECTION ( 'NONE',  ( 0.000000000000000000, 0.000000000000000000, -1.000000000000000000 ) ) ;
#1033 = CARTESIAN_POINT ( 'NONE',  ( 25.41742430504415395, 10.75000000000000000, 36.99999999999998579 ) ) ;
#1034 = CARTESIAN_POINT ( 'NONE',  ( 33.69999999999999574, 10.75000000000000000, -35.00000000000000711 ) ) ;
#1035 = PRODUCT_RELATED_PRODUCT_CATEGORY ( 'part', '', ( #883 ) ) ;
#1036 = VECTOR ( 'NONE', #3, 1000.000000000000000 ) ;
#1037 = VECTOR ( 'NONE', #1609, 1000.000000000000000 ) ;
#1038 = FACE_OUTER_BOUND ( 'NONE', #1465, .T. ) ;
#1039 = VECTOR ( 'NONE', #113, 1000.000000000000000 ) ;
#1040 = VERTEX_POINT ( 'NONE', #1409 ) ;
#1041 = CIRCLE ( 'NONE', #660, 4.999999999999997335 ) ;
#1042 = CARTESIAN_POINT ( 'NONE',  ( 34.99999999999999289, 0.000000000000000000, -40.00000000000000711 ) ) ;
#1043 = VERTEX_POINT ( 'NONE', #999 ) ;
#1044 = VECTOR ( 'NONE', #177, 1000.000000000000000 ) ;
#1045 = PLANE ( 'NONE',  #449 ) ;
#1046 = DIRECTION ( 'NONE',  ( -0.000000000000000000, 1.000000000000000000, -0.000000000000000000 ) ) ;
#1047 = CARTESIAN_POINT ( 'NONE',  ( -30.00000000000000355, 0.000000000000000000, -35.00000000000000711 ) ) ;
#1048 = EDGE_LOOP ( 'NONE', ( #568, #1584, #1082, #1163, #141, #287 ) ) ;
#1049 = EDGE_CURVE ( 'NONE', #548, #1173, #1827, .T. ) ;
#1050 = EDGE_LOOP ( 'NONE', ( #215, #730, #1647, #281 ) ) ;
#1051 = DIRECTION ( 'NONE',  ( 0.000000000000000000, 0.000000000000000000, 1.000000000000000000 ) ) ;
#1052 = DIRECTION ( 'NONE',  ( 0.000000000000000000, 0.000000000000000000, 1.000000000000000000 ) ) ;
#1053 = ORIENTED_EDGE ( 'NONE', *, *, #460, .F. ) ;
#1054 = CARTESIAN_POINT ( 'NONE',  ( -30.00000000000000711, 12.45000000000000284, 35.00000000000000000 ) ) ;
#1055 = CARTESIAN_POINT ( 'NONE',  ( -35.00000000000000000, 11.95000000000000284, -25.50000000000000355 ) ) ;
#1056 = DIRECTION ( 'NONE',  ( 0.000000000000000000, -0.000000000000000000, 1.000000000000000000 ) ) ;
#1057 = EDGE_CURVE ( 'NONE', #361, #1243, #824, .T. ) ;
#1058 = VERTEX_POINT ( 'NONE', #1814 ) ;
#1059 = ORIENTED_EDGE ( 'NONE', *, *, #88, .T. ) ;
#1060 = ADVANCED_FACE ( 'NONE', ( #1099 ), #1230, .T. ) ;
#1061 = CARTESIAN_POINT ( 'NONE',  ( -25.00000000000000000, 12.44999999999999929, -25.47722557505166563 ) ) ;
#1062 = CARTESIAN_POINT ( 'NONE',  ( -30.00000000000000711, 0.000000000000000000, 35.00000000000000000 ) ) ;
#1063 = DIRECTION ( 'NONE',  ( -0.000000000000000000, -1.000000000000000000, -0.000000000000000000 ) ) ;
#1064 = PLANE ( 'NONE',  #952 ) ;
#1065 = FACE_OUTER_BOUND ( 'NONE', #779, .T. ) ;
#1066 = ORIENTED_EDGE ( 'NONE', *, *, #1078, .T. ) ;
#1067 = VERTEX_POINT ( 'NONE', #1531 ) ;
#1068 = DIRECTION ( 'NONE',  ( -0.000000000000000000, 1.000000000000000000, -0.000000000000000000 ) ) ;
#1069 = EDGE_CURVE ( 'NONE', #1828, #1654, #600, .T. ) ;
#1070 = CIRCLE ( 'NONE', #809, 4.999999999999997335 ) ;
#1071 = ORIENTED_EDGE ( 'NONE', *, *, #1285, .F. ) ;
#1072 = VECTOR ( 'NONE', #174, 1000.000000000000000 ) ;
#1073 = CARTESIAN_POINT ( 'NONE',  ( 6.000000000000001776, 10.74999999999999645, 38.69999999999998863 ) ) ;
#1074 = AXIS2_PLACEMENT_3D ( 'NONE', #765, #921, #325 ) ;
#1075 = VERTEX_POINT ( 'NONE', #246 ) ;
#1076 = ORIENTED_EDGE ( 'NONE', *, *, #1549, .F. ) ;
#1077 = CARTESIAN_POINT ( 'NONE',  ( 5.999999999999998224, 12.44999999999999929, 38.69999999999998863 ) ) ;
#1078 = EDGE_CURVE ( 'NONE', #1632, #1173, #833, .T. ) ;
#1079 = CARTESIAN_POINT ( 'NONE',  ( -30.00000000000000355, 119.0514581273465069, 38.69999999999999574 ) ) ;
#1080 = LINE ( 'NONE', #1824, #1023 ) ;
#1081 = CARTESIAN_POINT ( 'NONE',  ( -23.50000000000000000, 21.50000000000000000, 40.00000000000000000 ) ) ;
#1082 = ORIENTED_EDGE ( 'NONE', *, *, #1257, .F. ) ;
#1083 = CARTESIAN_POINT ( 'NONE',  ( -30.00000000000000355, 0.000000000000000000, -35.00000000000000711 ) ) ;
#1084 = ORIENTED_EDGE ( 'NONE', *, *, #780, .T. ) ;
#1085 = APPLICATION_CONTEXT ( 'automotive_design' ) ;
#1086 = DIRECTION ( 'NONE',  ( 0.000000000000000000, -1.000000000000000000, 0.000000000000000000 ) ) ;
#1087 = CARTESIAN_POINT ( 'NONE',  ( 29.99999999999999645, 10.75000000000000000, -35.00000000000000711 ) ) ;
#1088 = LINE ( 'NONE', #680, #1526 ) ;
#1089 = CIRCLE ( 'NONE', #1283, 4.999999999999997335 ) ;
#1090 = FACE_OUTER_BOUND ( 'NONE', #1387, .T. ) ;
#1091 = DIRECTION ( 'NONE',  ( 0.000000000000000000, 1.000000000000000000, 0.000000000000000000 ) ) ;
#1092 = DIRECTION ( 'NONE',  ( 0.000000000000000000, 0.000000000000000000, 1.000000000000000000 ) ) ;
#1093 = ORIENTED_EDGE ( 'NONE', *, *, #794, .F. ) ;
#1094 = DIRECTION ( 'NONE',  ( -0.000000000000000000, -1.000000000000000000, -0.000000000000000000 ) ) ;
#1095 = AXIS2_PLACEMENT_3D ( 'NONE', #1817, #1842, #1115 ) ;
#1096 = CARTESIAN_POINT ( 'NONE',  ( -30.00000000000000355, 0.000000000000000000, -35.00000000000000711 ) ) ;
#1097 = CARTESIAN_POINT ( 'NONE',  ( -3.469446951953614189E-15, 12.44999999999999929, -3.469446951953614189E-15 ) ) ;
#1098 = AXIS2_PLACEMENT_3D ( 'NONE', #1297, #996, #854 ) ;
#1099 = FACE_OUTER_BOUND ( 'NONE', #247, .T. ) ;
#1100 = VECTOR ( 'NONE', #471, 1000.000000000000000 ) ;
#1101 = CIRCLE ( 'NONE', #307, 4.999999999999997335 ) ;
#1102 = CARTESIAN_POINT ( 'NONE',  ( -23.50000000000000000, 4.750000000000001776, 47.00000000000000000 ) ) ;
#1103 = EDGE_CURVE ( 'NONE', #682, #438, #1551, .T. ) ;
#1104 = DIRECTION ( 'NONE',  ( -0.000000000000000000, -1.000000000000000000, -0.000000000000000000 ) ) ;
#1105 = AXIS2_PLACEMENT_3D ( 'NONE', #1087, #1383, #1529 ) ;
#1106 = ORIENTED_EDGE ( 'NONE', *, *, #880, .T. ) ;
#1107 = VERTEX_POINT ( 'NONE', #267 ) ;
#1108 = DIRECTION ( 'NONE',  ( 0.000000000000000000, -1.000000000000000000, 0.000000000000000000 ) ) ;
#1109 = DIRECTION ( 'NONE',  ( 0.000000000000000000, 0.000000000000000000, -1.000000000000000000 ) ) ;
#1110 = DIRECTION ( 'NONE',  ( -0.000000000000000000, 1.000000000000000000, -0.000000000000000000 ) ) ;
#1111 = EDGE_CURVE ( 'NONE', #1740, #494, #1125, .T. ) ;
#1112 = FACE_OUTER_BOUND ( 'NONE', #545, .T. ) ;
#1113 = ORIENTED_EDGE ( 'NONE', *, *, #1169, .T. ) ;
#1114 = PLANE ( 'NONE',  #1252 ) ;
#1115 = DIRECTION ( 'NONE',  ( 0.000000000000000000, 0.000000000000000000, -1.000000000000000000 ) ) ;
#1116 = EDGE_CURVE ( 'NONE', #359, #1425, #1562, .T. ) ;
#1117 = VERTEX_POINT ( 'NONE', #712 ) ;
#1118 = LINE ( 'NONE', #873, #272 ) ;
#1119 = ADVANCED_FACE ( 'NONE', ( #1 ), #563, .F. ) ;
#1120 = ORIENTED_EDGE ( 'NONE', *, *, #983, .T. ) ;
#1121 = EDGE_CURVE ( 'NONE', #410, #1815, #34, .T. ) ;
#1122 = EDGE_LOOP ( 'NONE', ( #346, #82, #17, #1788, #1141, #830, #1059, #840 ) ) ;
#1123 = DIRECTION ( 'NONE',  ( 0.000000000000000000, 0.000000000000000000, 1.000000000000000000 ) ) ;
#1124 = PLANE ( 'NONE',  #1505 ) ;
#1125 = LINE ( 'NONE', #987, #572 ) ;
#1126 = ORIENTED_EDGE ( 'NONE', *, *, #609, .F. ) ;
#1127 = PLANE ( 'NONE',  #498 ) ;
#1128 = CARTESIAN_POINT ( 'NONE',  ( -33.69999999999999574, 11.95000000000000284, -20.00000000000000355 ) ) ;
#1129 = ORIENTED_EDGE ( 'NONE', *, *, #1049, .F. ) ;
#1130 = CARTESIAN_POINT ( 'NONE',  ( -32.00000000000000000, 10.75000000000000000, -25.36749476012786175 ) ) ;
#1131 = ADVANCED_FACE ( 'NONE', ( #295 ), #1290, .T. ) ;
#1132 = DIRECTION ( 'NONE',  ( 9.912705577010326782E-17, 0.000000000000000000, -1.000000000000000000 ) ) ;
#1133 = AXIS2_PLACEMENT_3D ( 'NONE', #1097, #104, #265 ) ;
#1134 = AXIS2_PLACEMENT_3D ( 'NONE', #1413, #1280, #869 ) ;
#1135 = CARTESIAN_POINT ( 'NONE',  ( -25.00000000000000000, 11.95000000000000284, -20.00000000000000355 ) ) ;
#1136 = ORIENTED_EDGE ( 'NONE', *, *, #1727, .T. ) ;
#1137 = CIRCLE ( 'NONE', #626, 1.000000000000000888 ) ;
#1138 = CARTESIAN_POINT ( 'NONE',  ( -30.00000000000000355, 12.45000000000000284, 38.69999999999999574 ) ) ;
#1139 = AXIS2_PLACEMENT_3D ( 'NONE', #1135, #720, #13 ) ;
#1140 = DIRECTION ( 'NONE',  ( 0.000000000000000000, 1.000000000000000000, 0.000000000000000000 ) ) ;
#1141 = ORIENTED_EDGE ( 'NONE', *, *, #844, .T. ) ;
#1142 = VECTOR ( 'NONE', #1171, 1000.000000000000000 ) ;
#1143 = ORIENTED_EDGE ( 'NONE', *, *, #337, .T. ) ;
#1144 = ORIENTED_EDGE ( 'NONE', *, *, #262, .T. ) ;
#1145 = DIRECTION ( 'NONE',  ( -0.000000000000000000, 1.000000000000000000, -0.000000000000000000 ) ) ;
#1146 = VERTEX_POINT ( 'NONE', #875 ) ;
#1147 = DIRECTION ( 'NONE',  ( -2.312964634635742957E-16, 0.000000000000000000, -1.000000000000000000 ) ) ;
#1148 = EDGE_CURVE ( 'NONE', #1344, #1504, #433, .T. ) ;
#1149 = CYLINDRICAL_SURFACE ( 'NONE', #1561, 1.000000000000000888 ) ;
#1150 = ORIENTED_EDGE ( 'NONE', *, *, #398, .F. ) ;
#1151 = EDGE_CURVE ( 'NONE', #1067, #5, #99, .T. ) ;
#1152 = DIRECTION ( 'NONE',  ( 0.000000000000000000, 0.000000000000000000, -1.000000000000000000 ) ) ;
#1153 = ORIENTED_EDGE ( 'NONE', *, *, #1319, .F. ) ;
#1154 = EDGE_LOOP ( 'NONE', ( #45, #256, #1619, #1479 ) ) ;
#1155 = DIRECTION ( 'NONE',  ( -1.000000000000000000, -0.000000000000000000, -0.000000000000000000 ) ) ;
#1156 = ORIENTED_EDGE ( 'NONE', *, *, #472, .T. ) ;
#1157 = LINE ( 'NONE', #575, #645 ) ;
#1158 = CARTESIAN_POINT ( 'NONE',  ( -35.00000000000000000, 0.000000000000000000, -35.00000000000000711 ) ) ;
#1159 = ORIENTED_EDGE ( 'NONE', *, *, #880, .F. ) ;
#1160 = EDGE_CURVE ( 'NONE', #263, #1361, #162, .T. ) ;
#1161 = EDGE_LOOP ( 'NONE', ( #1631, #56, #491, #1381 ) ) ;
#1162 = CARTESIAN_POINT ( 'NONE',  ( -30.00000000000000355, 3.000000000000000000, -35.00000000000000711 ) ) ;
#1163 = ORIENTED_EDGE ( 'NONE', *, *, #76, .T. ) ;
#1164 = DIRECTION ( 'NONE',  ( -0.000000000000000000, -1.000000000000000000, -0.000000000000000000 ) ) ;
#1165 = PLANE ( 'NONE',  #384 ) ;
#1166 = VERTEX_POINT ( 'NONE', #1176 ) ;
#1167 = VECTOR ( 'NONE', #1005, 1000.000000000000000 ) ;
#1168 = ORIENTED_EDGE ( 'NONE', *, *, #79, .F. ) ;
#1169 = EDGE_CURVE ( 'NONE', #1424, #1146, #1587, .T. ) ;
#1170 = CIRCLE ( 'NONE', #182, 4.999999999999997335 ) ;
#1171 = DIRECTION ( 'NONE',  ( -0.000000000000000000, 1.000000000000000000, -0.000000000000000000 ) ) ;
#1172 = CIRCLE ( 'NONE', #1764, 1.000000000000000888 ) ;
#1173 = VERTEX_POINT ( 'NONE', #1034 ) ;
#1174 = AXIS2_PLACEMENT_3D ( 'NONE', #747, #1191, #1309 ) ;
#1175 = DIRECTION ( 'NONE',  ( 0.000000000000000000, 0.000000000000000000, 1.000000000000000000 ) ) ;
#1176 = CARTESIAN_POINT ( 'NONE',  ( 20.85386443980464222, 10.75000000000000000, 36.99999999999999289 ) ) ;
#1177 = LINE ( 'NONE', #1026, #1044 ) ;
#1178 = DIRECTION ( 'NONE',  ( 0.000000000000000000, 0.000000000000000000, 1.000000000000000000 ) ) ;
#1179 = EDGE_CURVE ( 'NONE', #817, #1424, #1429, .T. ) ;
#1180 = CARTESIAN_POINT ( 'NONE',  ( 29.99999999999999645, 21.50000000000000000, 34.99999999999999289 ) ) ;
#1181 = DIRECTION ( 'NONE',  ( 0.000000000000000000, 0.000000000000000000, 1.000000000000000000 ) ) ;
#1182 = CARTESIAN_POINT ( 'NONE',  ( -33.69999999999999574, 12.45000000000000284, -35.00000000000000711 ) ) ;
#1183 = ORIENTED_EDGE ( 'NONE', *, *, #1160, .F. ) ;
#1184 = ORIENTED_EDGE ( 'NONE', *, *, #1652, .T. ) ;
#1185 = DIRECTION ( 'NONE',  ( 0.000000000000000000, 1.000000000000000000, 0.000000000000000000 ) ) ;
#1186 = ADVANCED_FACE ( 'NONE', ( #171, #43 ), #327, .F. ) ;
#1187 = DIRECTION ( 'NONE',  ( 0.000000000000000000, -1.000000000000000000, 0.000000000000000000 ) ) ;
#1188 = DIRECTION ( 'NONE',  ( 0.000000000000000000, 0.000000000000000000, 1.000000000000000000 ) ) ;
#1189 = LINE ( 'NONE', #1205, #785 ) ;
#1190 = AXIS2_PLACEMENT_3D ( 'NONE', #1779, #462, #1337 ) ;
#1191 = DIRECTION ( 'NONE',  ( -1.982541115402065110E-16, 0.000000000000000000, -1.000000000000000000 ) ) ;
#1192 = AXIS2_PLACEMENT_3D ( 'NONE', #699, #1155, #1262 ) ;
#1193 = EDGE_LOOP ( 'NONE', ( #467, #1352, #1774, #395 ) ) ;
#1194 = DIRECTION ( 'NONE',  ( 0.000000000000000000, 0.000000000000000000, 1.000000000000000000 ) ) ;
#1195 = VECTOR ( 'NONE', #807, 1000.000000000000000 ) ;
#1196 = CYLINDRICAL_SURFACE ( 'NONE', #902, 1.000000000000000888 ) ;
#1197 = CARTESIAN_POINT ( 'NONE',  ( 29.99999999999999645, 12.45000000000000284, 39.99999999999998579 ) ) ;
#1198 = DIRECTION ( 'NONE',  ( 1.982541115402065110E-16, 0.000000000000000000, 1.000000000000000000 ) ) ;
#1199 = ADVANCED_FACE ( 'NONE', ( #895 ), #1149, .F. ) ;
#1200 = ORIENTED_EDGE ( 'NONE', *, *, #816, .T. ) ;
#1201 =( NAMED_UNIT ( * ) PLANE_ANGLE_UNIT ( ) SI_UNIT ( $, .RADIAN. ) );
#1202 = VERTEX_POINT ( 'NONE', #1158 ) ;
#1203 = FACE_OUTER_BOUND ( 'NONE', #853, .T. ) ;
#1204 = CARTESIAN_POINT ( 'NONE',  ( 29.99999999999999645, 12.45000000000000284, -35.00000000000000711 ) ) ;
#1205 = CARTESIAN_POINT ( 'NONE',  ( -30.00000000000000355, 10.75000000000000000, 38.69999999999999574 ) ) ;
#1206 = EDGE_CURVE ( 'NONE', #1522, #579, #1041, .T. ) ;
#1207 = ORIENTED_EDGE ( 'NONE', *, *, #193, .F. ) ;
#1208 = LINE ( 'NONE', #242, #160 ) ;
#1209 = VERTEX_POINT ( 'NONE', #1017 ) ;
#1210 = CARTESIAN_POINT ( 'NONE',  ( -30.00000000000000711, 0.000000000000000000, 35.00000000000000000 ) ) ;
#1211 = DIRECTION ( 'NONE',  ( 0.000000000000000000, -0.000000000000000000, 1.000000000000000000 ) ) ;
#1212 = ORIENTED_EDGE ( 'NONE', *, *, #38, .T. ) ;
#1213 = CIRCLE ( 'NONE', #1464, 4.999999999999993783 ) ;
#1214 = ADVANCED_FACE ( 'NONE', ( #1453 ), #1165, .T. ) ;
#1215 = EDGE_LOOP ( 'NONE', ( #143, #290, #19, #124, #1449, #435 ) ) ;
#1216 = CARTESIAN_POINT ( 'NONE',  ( -30.00000000000000711, 21.50000000000000000, 40.00000000000000000 ) ) ;
#1217 = CIRCLE ( 'NONE', #1676, 3.699999999999994849 ) ;
#1218 = VECTOR ( 'NONE', #1198, 1000.000000000000000 ) ;
#1219 = DIRECTION ( 'NONE',  ( -1.000000000000000000, -0.000000000000000000, -0.000000000000000000 ) ) ;
#1220 = LINE ( 'NONE', #1795, #308 ) ;
#1221 = VECTOR ( 'NONE', #132, 1000.000000000000000 ) ;
#1222 = VERTEX_POINT ( 'NONE', #1598 ) ;
#1223 = ORIENTED_EDGE ( 'NONE', *, *, #820, .T. ) ;
#1224 = ORIENTED_EDGE ( 'NONE', *, *, #122, .T. ) ;
#1225 = DIRECTION ( 'NONE',  ( 0.000000000000000000, 0.000000000000000000, 1.000000000000000000 ) ) ;
#1226 = ORIENTED_EDGE ( 'NONE', *, *, #38, .F. ) ;
#1227 = FACE_BOUND ( 'NONE', #1653, .T. ) ;
#1228 = CARTESIAN_POINT ( 'NONE',  ( 11.00000000000001066, 11.95000000000000284, 38.69999999999998153 ) ) ;
#1229 = EDGE_CURVE ( 'NONE', #313, #1344, #1603, .T. ) ;
#1230 = PLANE ( 'NONE',  #630 ) ;
#1231 = DIRECTION ( 'NONE',  ( -1.000000000000000000, -0.000000000000000000, -0.000000000000000000 ) ) ;
#1232 = ORIENTED_EDGE ( 'NONE', *, *, #1238, .F. ) ;
#1233 = ORIENTED_EDGE ( 'NONE', *, *, #1664, .T. ) ;
#1234 = CARTESIAN_POINT ( 'NONE',  ( -25.41742430504416106, 3.000000000000000000, -37.00000000000000000 ) ) ;
#1235 = ORIENTED_EDGE ( 'NONE', *, *, #506, .F. ) ;
#1236 = FACE_OUTER_BOUND ( 'NONE', #166, .T. ) ;
#1237 = PLANE ( 'NONE',  #1768 ) ;
#1238 = EDGE_CURVE ( 'NONE', #224, #715, #1313, .T. ) ;
#1239 = CARTESIAN_POINT ( 'NONE',  ( 33.69999999999999574, 10.75000000000000000, 34.99999999999999289 ) ) ;
#1240 = ORIENTED_EDGE ( 'NONE', *, *, #288, .T. ) ;
#1241 = CARTESIAN_POINT ( 'NONE',  ( -33.69999999999999574, 119.0514581273465069, -35.00000000000000711 ) ) ;
#1242 = DIRECTION ( 'NONE',  ( 0.000000000000000000, 0.000000000000000000, -1.000000000000000000 ) ) ;
#1243 = VERTEX_POINT ( 'NONE', #1744 ) ;
#1244 = VERTEX_POINT ( 'NONE', #1029 ) ;
#1245 = DIRECTION ( 'NONE',  ( 1.000000000000000000, -0.000000000000000000, 0.000000000000000000 ) ) ;
#1246 = ORIENTED_EDGE ( 'NONE', *, *, #310, .F. ) ;
#1247 = DIRECTION ( 'NONE',  ( 0.000000000000000000, 1.000000000000000000, 0.000000000000000000 ) ) ;
#1248 = CARTESIAN_POINT ( 'NONE',  ( 29.99999999999999645, 10.75000000000000000, 34.99999999999999289 ) ) ;
#1249 = CIRCLE ( 'NONE', #1763, 3.699999999999994849 ) ;
#1250 = DIRECTION ( 'NONE',  ( 1.982541115402065110E-16, 0.000000000000000000, 1.000000000000000000 ) ) ;
#1251 = ADVANCED_FACE ( 'NONE', ( #1610 ), #317, .F. ) ;
#1252 = AXIS2_PLACEMENT_3D ( 'NONE', #1241, #1682, #1699 ) ;
#1253 = EDGE_LOOP ( 'NONE', ( #635, #486, #1769, #418, #744, #1580, #1811, #594 ) ) ;
#1254 = VECTOR ( 'NONE', #1091, 1000.000000000000000 ) ;
#1255 = LINE ( 'NONE', #555, #1822 ) ;
#1256 = DIRECTION ( 'NONE',  ( 0.000000000000000000, 0.000000000000000000, 1.000000000000000000 ) ) ;
#1257 = EDGE_CURVE ( 'NONE', #1400, #359, #1752, .T. ) ;
#1258 = CIRCLE ( 'NONE', #243, 4.999999999999997335 ) ;
#1259 = EDGE_CURVE ( 'NONE', #8, #1040, #1466, .T. ) ;
#1260 = ORIENTED_EDGE ( 'NONE', *, *, #1748, .F. ) ;
#1261 = ORIENTED_EDGE ( 'NONE', *, *, #1574, .F. ) ;
#1262 = DIRECTION ( 'NONE',  ( 0.000000000000000000, 0.000000000000000000, 1.000000000000000000 ) ) ;
#1263 = ORIENTED_EDGE ( 'NONE', *, *, #1436, .T. ) ;
#1264 = ORIENTED_EDGE ( 'NONE', *, *, #48, .F. ) ;
#1265 = CARTESIAN_POINT ( 'NONE',  ( -33.69999999999999574, 10.75000000000000000, -35.00000000000000711 ) ) ;
#1266 = FACE_OUTER_BOUND ( 'NONE', #465, .T. ) ;
#1267 = DIRECTION ( 'NONE',  ( 9.912705577010326782E-17, 0.000000000000000000, -1.000000000000000000 ) ) ;
#1268 = ORIENTED_EDGE ( 'NONE', *, *, #362, .T. ) ;
#1269 = CARTESIAN_POINT ( 'NONE',  ( 21.00000000000000355, 11.95000000000000284, 29.99999999999999289 ) ) ;
#1270 = CARTESIAN_POINT ( 'NONE',  ( 34.99999999999999289, 21.50000000000000000, -35.00000000000000711 ) ) ;
#1271 = VERTEX_POINT ( 'NONE', #914 ) ;
#1272 = EDGE_CURVE ( 'NONE', #1058, #811, #1189, .T. ) ;
#1273 = LINE ( 'NONE', #558, #1018 ) ;
#1274 = COLOUR_RGB ( '',0.8941176470588234615, 0.8941176470588234615, 0.8941176470588234615 ) ;
#1275 = ORIENTED_EDGE ( 'NONE', *, *, #884, .F. ) ;
#1276 = VERTEX_POINT ( 'NONE', #352 ) ;
#1277 = CARTESIAN_POINT ( 'NONE',  ( 33.69999999999999574, 12.45000000000000284, 34.99999999999999289 ) ) ;
#1278 = CARTESIAN_POINT ( 'NONE',  ( 29.99999999999999645, 0.000000000000000000, 34.99999999999999289 ) ) ;
#1279 = EDGE_LOOP ( 'NONE', ( #828, #1144, #1721, #1680, #1389, #1818, #1264, #1053 ) ) ;
#1280 = DIRECTION ( 'NONE',  ( -1.982541115402065110E-16, 0.000000000000000000, -1.000000000000000000 ) ) ;
#1281 = ORIENTED_EDGE ( 'NONE', *, *, #475, .T. ) ;
#1282 = ORIENTED_EDGE ( 'NONE', *, *, #1179, .T. ) ;
#1283 = AXIS2_PLACEMENT_3D ( 'NONE', #340, #637, #1178 ) ;
#1284 = DIRECTION ( 'NONE',  ( 0.000000000000000000, 1.000000000000000000, 0.000000000000000000 ) ) ;
#1285 = EDGE_CURVE ( 'NONE', #689, #1202, #51, .T. ) ;
#1286 = ORIENTED_EDGE ( 'NONE', *, *, #1782, .T. ) ;
#1287 = CARTESIAN_POINT ( 'NONE',  ( 33.69999999999999574, 10.75000000000000000, 34.99999999999999289 ) ) ;
#1288 = AXIS2_PLACEMENT_3D ( 'NONE', #1180, #903, #928 ) ;
#1289 = VECTOR ( 'NONE', #1456, 1000.000000000000000 ) ;
#1290 = PLANE ( 'NONE',  #1408 ) ;
#1291 = VECTOR ( 'NONE', #571, 1000.000000000000000 ) ;
#1292 = CIRCLE ( 'NONE', #131, 4.999999999999997335 ) ;
#1293 = APPLICATION_PROTOCOL_DEFINITION ( 'draft international standard', 'automotive_design', 1998, #1512 ) ;
#1294 = CARTESIAN_POINT ( 'NONE',  ( -30.00000000000000355, 3.000000000000000000, -35.00000000000000711 ) ) ;
#1295 = CIRCLE ( 'NONE', #1320, 5.000000000000000888 ) ;
#1296 = ORIENTED_EDGE ( 'NONE', *, *, #1830, .T. ) ;
#1297 = CARTESIAN_POINT ( 'NONE',  ( 16.00000000000000711, 11.95000000000000284, 38.69999999999998153 ) ) ;
#1298 = ORIENTED_EDGE ( 'NONE', *, *, #1730, .T. ) ;
#1299 = DIRECTION ( 'NONE',  ( 0.000000000000000000, 0.000000000000000000, 1.000000000000000000 ) ) ;
#1300 = DIRECTION ( 'NONE',  ( -0.000000000000000000, 1.000000000000000000, -0.000000000000000000 ) ) ;
#1301 = ADVANCED_FACE ( 'NONE', ( #62 ), #344, .T. ) ;
#1302 = EDGE_LOOP ( 'NONE', ( #1568, #1485 ) ) ;
#1303 = DIRECTION ( 'NONE',  ( 0.000000000000000000, 0.000000000000000000, 1.000000000000000000 ) ) ;
#1304 = DIRECTION ( 'NONE',  ( -1.982541115402065110E-16, 0.000000000000000000, -1.000000000000000000 ) ) ;
#1305 = ORIENTED_EDGE ( 'NONE', *, *, #1658, .F. ) ;
#1306 = CARTESIAN_POINT ( 'NONE',  ( -33.69999999999999574, 10.75000000000000000, -35.00000000000000711 ) ) ;
#1307 = CARTESIAN_POINT ( 'NONE',  ( -30.00000000000000355, 119.0514581273465069, 38.69999999999999574 ) ) ;
#1308 = ADVANCED_FACE ( 'NONE', ( #489 ), #1064, .T. ) ;
#1309 = DIRECTION ( 'NONE',  ( -1.000000000000000000, 0.000000000000000000, 1.982541115402065110E-16 ) ) ;
#1310 = ORIENTED_EDGE ( 'NONE', *, *, #597, .F. ) ;
#1311 = LINE ( 'NONE', #894, #419 ) ;
#1312 = ADVANCED_FACE ( 'NONE', ( #1350 ), #767, .F. ) ;
#1313 = LINE ( 'NONE', #605, #849 ) ;
#1314 = ADVANCED_FACE ( 'NONE', ( #642 ), #336, .F. ) ;
#1315 = CIRCLE ( 'NONE', #847, 3.699999999999994849 ) ;
#1316 = AXIS2_PLACEMENT_3D ( 'NONE', #713, #543, #1712 ) ;
#1317 = ADVANCED_FACE ( 'NONE', ( #1338 ), #1491, .T. ) ;
#1318 = CARTESIAN_POINT ( 'NONE',  ( -33.69999999999999574, 12.45000000000000284, -25.47722557505166563 ) ) ;
#1319 = EDGE_CURVE ( 'NONE', #715, #648, #1503, .T. ) ;
#1320 = AXIS2_PLACEMENT_3D ( 'NONE', #469, #49, #1501 ) ;
#1321 = SURFACE_STYLE_USAGE ( .BOTH. , #1757 ) ;
#1322 = CARTESIAN_POINT ( 'NONE',  ( -30.00000000000000355, 10.75000000000000000, 38.69999999999999574 ) ) ;
#1323 = CARTESIAN_POINT ( 'NONE',  ( -25.41742430504416106, 0.000000000000000000, -37.00000000000000000 ) ) ;
#1324 = CARTESIAN_POINT ( 'NONE',  ( 29.99999999999999645, 0.000000000000000000, 35.99999999999999289 ) ) ;
#1325 = EDGE_CURVE ( 'NONE', #695, #1244, #248, .T. ) ;
#1326 = ADVANCED_BREP_SHAPE_REPRESENTATION ( 'SkiSafe CamelBack 01 BASE', ( #590, #606 ), #995 ) ;
#1327 = CARTESIAN_POINT ( 'NONE',  ( 34.99999999999999289, 21.50000000000000000, 39.99999999999998579 ) ) ;
#1328 = DIRECTION ( 'NONE',  ( 0.000000000000000000, 1.000000000000000000, 0.000000000000000000 ) ) ;
#1329 = CARTESIAN_POINT ( 'NONE',  ( -30.00000000000000355, 119.0514581273465069, 38.69999999999999574 ) ) ;
#1330 = DIRECTION ( 'NONE',  ( 0.000000000000000000, 0.000000000000000000, 1.000000000000000000 ) ) ;
#1331 = CARTESIAN_POINT ( 'NONE',  ( 29.99999999999999645, 0.000000000000000000, 33.99999999999998579 ) ) ;
#1332 = ORIENTED_EDGE ( 'NONE', *, *, #1845, .T. ) ;
#1333 = EDGE_CURVE ( 'NONE', #1815, #1244, #1292, .T. ) ;
#1334 = DIRECTION ( 'NONE',  ( -1.000000000000000000, 0.000000000000000000, 0.000000000000000000 ) ) ;
#1335 = ORIENTED_EDGE ( 'NONE', *, *, #1742, .F. ) ;
#1336 = DIRECTION ( 'NONE',  ( 0.000000000000000000, -1.000000000000000000, 0.000000000000000000 ) ) ;
#1337 = DIRECTION ( 'NONE',  ( 0.000000000000000000, 0.000000000000000000, -1.000000000000000000 ) ) ;
#1338 = FACE_OUTER_BOUND ( 'NONE', #1846, .T. ) ;
#1339 = EDGE_CURVE ( 'NONE', #372, #283, #1255, .T. ) ;
#1340 = VECTOR ( 'NONE', #326, 1000.000000000000000 ) ;
#1341 = CARTESIAN_POINT ( 'NONE',  ( -23.50000000000000355, 12.44999999999999929, 40.00000000000000000 ) ) ;
#1342 = CARTESIAN_POINT ( 'NONE',  ( 34.99999999999999289, 21.50000000000000000, -40.00000000000000711 ) ) ;
#1343 = ORIENTED_EDGE ( 'NONE', *, *, #149, .T. ) ;
#1344 = VERTEX_POINT ( 'NONE', #1138 ) ;
#1345 = CARTESIAN_POINT ( 'NONE',  ( -33.70000000000000284, 10.75000000000000000, -14.63250523987214713 ) ) ;
#1346 = ORIENTED_EDGE ( 'NONE', *, *, #1351, .T. ) ;
#1347 = CIRCLE ( 'NONE', #537, 5.000000000000000888 ) ;
#1348 = DIRECTION ( 'NONE',  ( -1.000000000000000000, -0.000000000000000000, -0.000000000000000000 ) ) ;
#1349 = CARTESIAN_POINT ( 'NONE',  ( -32.00000000000000000, 10.75000000000000000, 30.41742430504416106 ) ) ;
#1350 = FACE_OUTER_BOUND ( 'NONE', #375, .T. ) ;
#1351 = EDGE_CURVE ( 'NONE', #1799, #817, #848, .T. ) ;
#1352 = ORIENTED_EDGE ( 'NONE', *, *, #136, .T. ) ;
#1353 = EDGE_LOOP ( 'NONE', ( #1430, #1796, #666, #250 ) ) ;
#1354 = ORIENTED_EDGE ( 'NONE', *, *, #1706, .F. ) ;
#1355 = CARTESIAN_POINT ( 'NONE',  ( 34.99999999999999289, 10.75000000000000000, 36.99999999999998579 ) ) ;
#1356 = EDGE_LOOP ( 'NONE', ( #752, #775, #1275, #84 ) ) ;
#1357 = CARTESIAN_POINT ( 'NONE',  ( -30.00000000000000711, 0.000000000000000000, -40.00000000000000000 ) ) ;
#1358 = DIRECTION ( 'NONE',  ( -0.000000000000000000, 1.000000000000000000, -0.000000000000000000 ) ) ;
#1359 = ADVANCED_FACE ( 'NONE', ( #1829 ), #692, .F. ) ;
#1360 = VERTEX_POINT ( 'NONE', #1002 ) ;
#1361 = VERTEX_POINT ( 'NONE', #1806 ) ;
#1362 = CARTESIAN_POINT ( 'NONE',  ( -25.00000000000000000, 10.75000000000000000, -25.36749476012786175 ) ) ;
#1363 = DIRECTION ( 'NONE',  ( -2.312964634635742957E-16, 0.000000000000000000, -1.000000000000000000 ) ) ;
#1364 = DIRECTION ( 'NONE',  ( 0.000000000000000000, -1.000000000000000000, 0.000000000000000000 ) ) ;
#1365 = ORIENTED_EDGE ( 'NONE', *, *, #1148, .T. ) ;
#1366 = VECTOR ( 'NONE', #147, 1000.000000000000000 ) ;
#1367 = ORIENTED_EDGE ( 'NONE', *, *, #1103, .T. ) ;
#1368 = ORIENTED_EDGE ( 'NONE', *, *, #655, .T. ) ;
#1369 = EDGE_CURVE ( 'NONE', #1067, #953, #516, .T. ) ;
#1370 = CARTESIAN_POINT ( 'NONE',  ( -30.00000000000000355, 10.75000000000000000, -35.00000000000000711 ) ) ;
#1371 = ADVANCED_FACE ( 'NONE', ( #1090 ), #1114, .T. ) ;
#1372 = VECTOR ( 'NONE', #233, 1000.000000000000000 ) ;
#1373 = VECTOR ( 'NONE', #342, 1000.000000000000000 ) ;
#1374 = FACE_OUTER_BOUND ( 'NONE', #1840, .T. ) ;
#1375 = FACE_OUTER_BOUND ( 'NONE', #1777, .T. ) ;
#1376 = CARTESIAN_POINT ( 'NONE',  ( 29.99999999999999645, 0.000000000000000000, -30.00000000000001776 ) ) ;
#1377 = ORIENTED_EDGE ( 'NONE', *, *, #1049, .T. ) ;
#1378 = ORIENTED_EDGE ( 'NONE', *, *, #1611, .F. ) ;
#1379 = ORIENTED_EDGE ( 'NONE', *, *, #398, .T. ) ;
#1380 = CARTESIAN_POINT ( 'NONE',  ( -23.50000000000000000, 119.0514581273465069, 38.69999999999999574 ) ) ;
#1381 = ORIENTED_EDGE ( 'NONE', *, *, #681, .T. ) ;
#1382 = CARTESIAN_POINT ( 'NONE',  ( 29.99999999999999645, 0.000000000000000000, 34.99999999999999289 ) ) ;
#1383 = DIRECTION ( 'NONE',  ( -0.000000000000000000, 1.000000000000000000, -0.000000000000000000 ) ) ;
#1384 = DIRECTION ( 'NONE',  ( 0.000000000000000000, 0.000000000000000000, 1.000000000000000000 ) ) ;
#1385 = LINE ( 'NONE', #835, #986 ) ;
#1386 = ORIENTED_EDGE ( 'NONE', *, *, #80, .T. ) ;
#1387 = EDGE_LOOP ( 'NONE', ( #52, #549, #1495, #1025, #1624 ) ) ;
#1388 = DIRECTION ( 'NONE',  ( -1.000000000000000000, 0.000000000000000000, 1.982541115402065110E-16 ) ) ;
#1389 = ORIENTED_EDGE ( 'NONE', *, *, #930, .T. ) ;
#1390 = ADVANCED_FACE ( 'NONE', ( #1412 ), #1127, .T. ) ;
#1391 = CARTESIAN_POINT ( 'NONE',  ( -25.00000000000000000, 11.95000000000000284, -20.00000000000000355 ) ) ;
#1392 = DIRECTION ( 'NONE',  ( 0.000000000000000000, 1.000000000000000000, 0.000000000000000000 ) ) ;
#1393 = ADVANCED_FACE ( 'NONE', ( #1816 ), #858, .F. ) ;
#1394 = CARTESIAN_POINT ( 'NONE',  ( 33.69999999999999574, 119.0514581273465069, -35.00000000000000711 ) ) ;
#1395 = ORIENTED_EDGE ( 'NONE', *, *, #1521, .T. ) ;
#1396 = DIRECTION ( 'NONE',  ( 0.000000000000000000, 0.000000000000000000, -1.000000000000000000 ) ) ;
#1397 = FACE_OUTER_BOUND ( 'NONE', #1353, .T. ) ;
#1398 = ORIENTED_EDGE ( 'NONE', *, *, #1206, .F. ) ;
#1399 = ORIENTED_EDGE ( 'NONE', *, *, #958, .F. ) ;
#1400 = VERTEX_POINT ( 'NONE', #1543 ) ;
#1401 = CARTESIAN_POINT ( 'NONE',  ( -35.00000000000000000, 0.000000000000000000, 40.00000000000000000 ) ) ;
#1402 = ORIENTED_EDGE ( 'NONE', *, *, #252, .F. ) ;
#1403 = VECTOR ( 'NONE', #1813, 1000.000000000000000 ) ;
#1404 = ORIENTED_EDGE ( 'NONE', *, *, #154, .T. ) ;
#1405 = DIRECTION ( 'NONE',  ( -1.000000000000000000, 0.000000000000000000, 2.312964634635742957E-16 ) ) ;
#1406 = AXIS2_PLACEMENT_3D ( 'NONE', #939, #667, #1810 ) ;
#1407 = DIRECTION ( 'NONE',  ( -0.000000000000000000, -0.000000000000000000, 1.000000000000000000 ) ) ;
#1408 = AXIS2_PLACEMENT_3D ( 'NONE', #448, #612, #463 ) ;
#1409 = CARTESIAN_POINT ( 'NONE',  ( -30.00000000000000355, 0.000000000000000000, -36.00000000000001421 ) ) ;
#1410 = EDGE_CURVE ( 'NONE', #1117, #573, #1172, .T. ) ;
#1411 = AXIS2_PLACEMENT_3D ( 'NONE', #172, #878, #457 ) ;
#1412 = FACE_OUTER_BOUND ( 'NONE', #1506, .T. ) ;
#1413 = CARTESIAN_POINT ( 'NONE',  ( 16.00000000000000711, 11.95000000000000284, 36.99999999999999289 ) ) ;
#1414 = ORIENTED_EDGE ( 'NONE', *, *, #1450, .F. ) ;
#1415 = VERTEX_POINT ( 'NONE', #125 ) ;
#1416 = LINE ( 'NONE', #282, #950 ) ;
#1417 = ORIENTED_EDGE ( 'NONE', *, *, #1652, .F. ) ;
#1418 = CARTESIAN_POINT ( 'NONE',  ( -35.00000000000000000, 11.95000000000000284, -20.00000000000000355 ) ) ;
#1419 = CIRCLE ( 'NONE', #763, 5.500000000000000000 ) ;
#1420 = DIRECTION ( 'NONE',  ( 0.000000000000000000, 0.000000000000000000, 1.000000000000000000 ) ) ;
#1421 = ORIENTED_EDGE ( 'NONE', *, *, #1238, .T. ) ;
#1422 = EDGE_CURVE ( 'NONE', #410, #1271, #1170, .T. ) ;
#1423 = CARTESIAN_POINT ( 'NONE',  ( 25.41742430504415395, 3.000000000000000000, 36.99999999999998579 ) ) ;
#1424 = VERTEX_POINT ( 'NONE', #1489 ) ;
#1425 = VERTEX_POINT ( 'NONE', #206 ) ;
#1426 = CYLINDRICAL_SURFACE ( 'NONE', #877, 3.699999999999994849 ) ;
#1427 = ORIENTED_EDGE ( 'NONE', *, *, #800, .T. ) ;
#1428 = DIRECTION ( 'NONE',  ( -0.000000000000000000, -1.000000000000000000, -0.000000000000000000 ) ) ;
#1429 = LINE ( 'NONE', #1323, #1072 ) ;
#1430 = ORIENTED_EDGE ( 'NONE', *, *, #1521, .F. ) ;
#1431 = APPLICATION_PROTOCOL_DEFINITION ( 'draft international standard', 'automotive_design', 1998, #1085 ) ;
#1432 = LINE ( 'NONE', #155, #300 ) ;
#1433 = VERTEX_POINT ( 'NONE', #1620 ) ;
#1434 = DIRECTION ( 'NONE',  ( 1.000000000000000000, -0.000000000000000000, -1.982541115402065110E-16 ) ) ;
#1435 = ORIENTED_EDGE ( 'NONE', *, *, #228, .F. ) ;
#1436 = EDGE_CURVE ( 'NONE', #957, #345, #480, .T. ) ;
#1437 = CARTESIAN_POINT ( 'NONE',  ( -23.50000000000000000, 4.750000000000001776, 39.99999999999999289 ) ) ;
#1438 = AXIS2_PLACEMENT_3D ( 'NONE', #369, #1110, #227 ) ;
#1439 = CIRCLE ( 'NONE', #179, 5.499999999999998224 ) ;
#1440 = DIRECTION ( 'NONE',  ( 0.000000000000000000, -1.000000000000000000, 0.000000000000000000 ) ) ;
#1441 = AXIS2_PLACEMENT_3D ( 'NONE', #515, #1669, #1483 ) ;
#1442 = VECTOR ( 'NONE', #1459, 1000.000000000000000 ) ;
#1443 = CARTESIAN_POINT ( 'NONE',  ( -30.00000000000000711, 12.45000000000000284, 35.00000000000000000 ) ) ;
#1444 = EDGE_LOOP ( 'NONE', ( #837, #1417, #1261, #1493 ) ) ;
#1445 = AXIS2_PLACEMENT_3D ( 'NONE', #1096, #264, #389 ) ;
#1446 = ORIENTED_EDGE ( 'NONE', *, *, #1651, .T. ) ;
#1447 = DIRECTION ( 'NONE',  ( -0.000000000000000000, 1.000000000000000000, -0.000000000000000000 ) ) ;
#1448 = CARTESIAN_POINT ( 'NONE',  ( 29.99999999999999645, 21.50000000000000000, 39.99999999999998579 ) ) ;
#1449 = ORIENTED_EDGE ( 'NONE', *, *, #1021, .T. ) ;
#1450 = EDGE_CURVE ( 'NONE', #532, #1486, #1705, .T. ) ;
#1451 = DIRECTION ( 'NONE',  ( -1.000000000000000000, 0.000000000000000000, 0.000000000000000000 ) ) ;
#1452 = PRODUCT_DEFINITION_CONTEXT ( 'detailed design', #1512, 'design' ) ;
#1453 = FACE_OUTER_BOUND ( 'NONE', #577, .T. ) ;
#1454 = EDGE_LOOP ( 'NONE', ( #1545, #1378, #634, #117, #676 ) ) ;
#1455 = DIRECTION ( 'NONE',  ( 1.000000000000000000, -4.336808689942018969E-17, 0.000000000000000000 ) ) ;
#1456 = DIRECTION ( 'NONE',  ( 0.000000000000000000, 1.000000000000000000, 0.000000000000000000 ) ) ;
#1457 = EDGE_CURVE ( 'NONE', #861, #55, #792, .T. ) ;
#1458 = ORIENTED_EDGE ( 'NONE', *, *, #960, .F. ) ;
#1459 = DIRECTION ( 'NONE',  ( -1.000000000000000000, 0.000000000000000000, 2.312964634635742957E-16 ) ) ;
#1460 = EDGE_CURVE ( 'NONE', #407, #825, #1750, .T. ) ;
#1461 = CARTESIAN_POINT ( 'NONE',  ( -32.00000000000000000, 10.75000000000000000, -30.41742430504417172 ) ) ;
#1462 = DIRECTION ( 'NONE',  ( 0.000000000000000000, 0.000000000000000000, 1.000000000000000000 ) ) ;
#1463 = CARTESIAN_POINT ( 'NONE',  ( 0.000000000000000000, 3.000000000000000000, 0.000000000000000000 ) ) ;
#1464 = AXIS2_PLACEMENT_3D ( 'NONE', #567, #1140, #1092 ) ;
#1465 = EDGE_LOOP ( 'NONE', ( #1296, #1235, #239, #911 ) ) ;
#1466 = CIRCLE ( 'NONE', #992, 1.000000000000000888 ) ;
#1467 = DIRECTION ( 'NONE',  ( 0.000000000000000000, 0.000000000000000000, -1.000000000000000000 ) ) ;
#1468 = CIRCLE ( 'NONE', #1710, 4.999999999999997335 ) ;
#1469 = ORIENTED_EDGE ( 'NONE', *, *, #930, .F. ) ;
#1470 = FACE_OUTER_BOUND ( 'NONE', #788, .T. ) ;
#1471 = VECTOR ( 'NONE', #913, 1000.000000000000000 ) ;
#1472 = FACE_OUTER_BOUND ( 'NONE', #1843, .T. ) ;
#1473 = CARTESIAN_POINT ( 'NONE',  ( 29.99999999999999645, 10.75000000000000000, 33.99999999999998579 ) ) ;
#1474 = CARTESIAN_POINT ( 'NONE',  ( -25.00000000000000000, 10.75000000000000000, -14.63250523987214713 ) ) ;
#1475 = EDGE_CURVE ( 'NONE', #1707, #1107, #1634, .T. ) ;
#1476 = CARTESIAN_POINT ( 'NONE',  ( 29.99999999999999645, 3.000000000000000000, 34.99999999999999289 ) ) ;
#1477 = ORIENTED_EDGE ( 'NONE', *, *, #978, .T. ) ;
#1478 = PRESENTATION_STYLE_ASSIGNMENT (( #1321 ) ) ;
#1479 = ORIENTED_EDGE ( 'NONE', *, *, #1078, .F. ) ;
#1480 = DIRECTION ( 'NONE',  ( 0.000000000000000000, -1.000000000000000000, 0.000000000000000000 ) ) ;
#1481 = FACE_OUTER_BOUND ( 'NONE', #187, .T. ) ;
#1482 = DIRECTION ( 'NONE',  ( 1.000000000000000000, 0.000000000000000000, -2.312964634635742957E-16 ) ) ;
#1483 = DIRECTION ( 'NONE',  ( 0.000000000000000000, 0.000000000000000000, 1.000000000000000000 ) ) ;
#1484 = ORIENTED_EDGE ( 'NONE', *, *, #1009, .T. ) ;
#1485 = ORIENTED_EDGE ( 'NONE', *, *, #1027, .T. ) ;
#1486 = VERTEX_POINT ( 'NONE', #350 ) ;
#1487 = DIRECTION ( 'NONE',  ( -1.000000000000000000, 0.000000000000000000, 0.000000000000000000 ) ) ;
#1488 = ORIENTED_EDGE ( 'NONE', *, *, #452, .T. ) ;
#1489 = CARTESIAN_POINT ( 'NONE',  ( -25.41742430504416106, 10.75000000000000000, -37.00000000000000000 ) ) ;
#1490 = DIRECTION ( 'NONE',  ( 0.000000000000000000, -1.000000000000000000, 0.000000000000000000 ) ) ;
#1491 = CYLINDRICAL_SURFACE ( 'NONE', #238, 4.999999999999997335 ) ;
#1492 = AXIS2_PLACEMENT_3D ( 'NONE', #941, #1518, #973 ) ;
#1493 = ORIENTED_EDGE ( 'NONE', *, *, #1475, .F. ) ;
#1494 = AXIS2_PLACEMENT_3D ( 'NONE', #617, #756, #71 ) ;
#1495 = ORIENTED_EDGE ( 'NONE', *, *, #1111, .F. ) ;
#1496 = ORIENTED_EDGE ( 'NONE', *, *, #288, .F. ) ;
#1497 = VECTOR ( 'NONE', #145, 1000.000000000000000 ) ;
#1498 = CARTESIAN_POINT ( 'NONE',  ( -35.00000000000000000, 21.50000000000000000, 40.00000000000000000 ) ) ;
#1499 = EDGE_CURVE ( 'NONE', #573, #1117, #994, .T. ) ;
#1500 = ORIENTED_EDGE ( 'NONE', *, *, #1460, .T. ) ;
#1501 = DIRECTION ( 'NONE',  ( 0.000000000000000000, 0.000000000000000000, -1.000000000000000000 ) ) ;
#1502 = CARTESIAN_POINT ( 'NONE',  ( -23.50000000000000355, 12.45000000000000284, 38.69999999999999574 ) ) ;
#1503 = LINE ( 'NONE', #1474, #931 ) ;
#1504 = VERTEX_POINT ( 'NONE', #189 ) ;
#1505 = AXIS2_PLACEMENT_3D ( 'NONE', #1732, #1451, #1299 ) ;
#1506 = EDGE_LOOP ( 'NONE', ( #1833, #1232, #196, #654, #490, #599 ) ) ;
#1507 = CYLINDRICAL_SURFACE ( 'NONE', #754, 3.699999999999994849 ) ;
#1508 = LINE ( 'NONE', #226, #574 ) ;
#1509 = CYLINDRICAL_SURFACE ( 'NONE', #1438, 1.000000000000000888 ) ;
#1510 = ADVANCED_FACE ( 'NONE', ( #1203 ), #1608, .T. ) ;
#1511 = CARTESIAN_POINT ( 'NONE',  ( -30.00000000000000355, 0.000000000000000000, -34.00000000000000711 ) ) ;
#1512 = APPLICATION_CONTEXT ( 'automotive_design' ) ;
#1513 = ORIENTED_EDGE ( 'NONE', *, *, #1457, .T. ) ;
#1514 = ORIENTED_EDGE ( 'NONE', *, *, #1830, .F. ) ;
#1515 = CARTESIAN_POINT ( 'NONE',  ( -33.69999999999999574, 12.45000000000000284, -14.52277442494834325 ) ) ;
#1516 = VERTEX_POINT ( 'NONE', #1357 ) ;
#1517 = LINE ( 'NONE', #110, #1530 ) ;
#1518 = DIRECTION ( 'NONE',  ( 0.000000000000000000, -1.000000000000000000, 0.000000000000000000 ) ) ;
#1519 = ORIENTED_EDGE ( 'NONE', *, *, #59, .T. ) ;
#1520 = CIRCLE ( 'NONE', #1523, 5.500000000000000000 ) ;
#1521 = EDGE_CURVE ( 'NONE', #1740, #415, #358, .T. ) ;
#1522 = VERTEX_POINT ( 'NONE', #1778 ) ;
#1523 = AXIS2_PLACEMENT_3D ( 'NONE', #556, #269, #1256 ) ;
#1524 = EDGE_LOOP ( 'NONE', ( #146, #1365, #804, #1011 ) ) ;
#1525 = CARTESIAN_POINT ( 'NONE',  ( -30.00000000000000355, 10.75000000000000000, -35.00000000000000711 ) ) ;
#1526 = VECTOR ( 'NONE', #1708, 1000.000000000000000 ) ;
#1527 = AXIS2_PLACEMENT_3D ( 'NONE', #1572, #424, #1420 ) ;
#1528 = CYLINDRICAL_SURFACE ( 'NONE', #14, 4.999999999999997335 ) ;
#1529 = DIRECTION ( 'NONE',  ( 0.000000000000000000, 0.000000000000000000, -1.000000000000000000 ) ) ;
#1530 = VECTOR ( 'NONE', #1012, 1000.000000000000000 ) ;
#1531 = CARTESIAN_POINT ( 'NONE',  ( 29.99999999999999645, 3.000000000000000000, -30.00000000000001776 ) ) ;
#1532 = DIRECTION ( 'NONE',  ( -1.000000000000000000, 0.000000000000000000, 9.912705577010325549E-17 ) ) ;
#1533 = DIRECTION ( 'NONE',  ( 0.000000000000000000, 0.000000000000000000, 1.000000000000000000 ) ) ;
#1534 = CARTESIAN_POINT ( 'NONE',  ( 11.02506281446691005, 12.44999999999999929, 39.99999999999999289 ) ) ;
#1535 = EDGE_CURVE ( 'NONE', #1707, #276, #1295, .T. ) ;
#1536 = ORIENTED_EDGE ( 'NONE', *, *, #1333, .F. ) ;
#1537 = MECHANICAL_DESIGN_GEOMETRIC_PRESENTATION_REPRESENTATION (  '', ( #891 ), #736 ) ;
#1538 = VERTEX_POINT ( 'NONE', #1785 ) ;
#1539 = DIRECTION ( 'NONE',  ( -0.000000000000000000, -1.000000000000000000, -0.000000000000000000 ) ) ;
#1540 = CARTESIAN_POINT ( 'NONE',  ( -30.00000000000000711, 10.75000000000000000, 35.00000000000000000 ) ) ;
#1541 = CARTESIAN_POINT ( 'NONE',  ( 29.99999999999999645, 10.75000000000000000, -35.00000000000000711 ) ) ;
#1542 = CARTESIAN_POINT ( 'NONE',  ( 29.99999999999999645, 12.45000000000000284, 38.69999999999998153 ) ) ;
#1543 = CARTESIAN_POINT ( 'NONE',  ( 5.999999999999998224, 10.75000000000000000, 36.99999999999999289 ) ) ;
#1544 = DIRECTION ( 'NONE',  ( 1.000000000000000000, -0.000000000000000000, 9.912705577010326782E-17 ) ) ;
#1545 = ORIENTED_EDGE ( 'NONE', *, *, #1694, .F. ) ;
#1546 = DIRECTION ( 'NONE',  ( -0.000000000000000000, 1.000000000000000000, -0.000000000000000000 ) ) ;
#1547 = EDGE_LOOP ( 'NONE', ( #846, #636 ) ) ;
#1548 = LINE ( 'NONE', #299, #1221 ) ;
#1549 = EDGE_CURVE ( 'NONE', #945, #981, #1766, .T. ) ;
#1550 = DIRECTION ( 'NONE',  ( 1.000000000000000000, -0.000000000000000000, 9.912705577010326782E-17 ) ) ;
#1551 = LINE ( 'NONE', #123, #810 ) ;
#1552 = ORIENTED_EDGE ( 'NONE', *, *, #1021, .F. ) ;
#1553 = CARTESIAN_POINT ( 'NONE',  ( -30.00000000000000355, 119.0514581273465069, -35.00000000000000711 ) ) ;
#1554 = ORIENTED_EDGE ( 'NONE', *, *, #262, .F. ) ;
#1555 = VERTEX_POINT ( 'NONE', #487 ) ;
#1556 = ADVANCED_FACE ( 'NONE', ( #1472 ), #1045, .F. ) ;
#1557 = CARTESIAN_POINT ( 'NONE',  ( -30.00000000000000711, 0.000000000000000000, 35.00000000000000000 ) ) ;
#1558 = ORIENTED_EDGE ( 'NONE', *, *, #1574, .T. ) ;
#1559 = CARTESIAN_POINT ( 'NONE',  ( 29.99999999999999645, 0.000000000000000000, -35.00000000000000711 ) ) ;
#1560 = ADVANCED_FACE ( 'NONE', ( #627 ), #1196, .F. ) ;
#1561 = AXIS2_PLACEMENT_3D ( 'NONE', #749, #1300, #592 ) ;
#1562 = LINE ( 'NONE', #279, #1497 ) ;
#1563 = AXIS2_PLACEMENT_3D ( 'NONE', #1382, #1247, #1123 ) ;
#1564 = ORIENTED_EDGE ( 'NONE', *, *, #1793, .F. ) ;
#1565 = DIRECTION ( 'NONE',  ( 0.000000000000000000, 0.000000000000000000, -1.000000000000000000 ) ) ;
#1566 = CARTESIAN_POINT ( 'NONE',  ( 20.85386443980464222, 10.75000000000000000, 29.99999999999999289 ) ) ;
#1567 = DIRECTION ( 'NONE',  ( 0.000000000000000000, -1.000000000000000000, 0.000000000000000000 ) ) ;
#1568 = ORIENTED_EDGE ( 'NONE', *, *, #1259, .T. ) ;
#1569 = CARTESIAN_POINT ( 'NONE',  ( -23.50000000000000000, 4.750000000000001776, 47.00000000000000000 ) ) ;
#1570 = CARTESIAN_POINT ( 'NONE',  ( 16.00000000000000711, 11.95000000000000284, 38.69999999999998153 ) ) ;
#1571 = EDGE_CURVE ( 'NONE', #932, #1695, #650, .T. ) ;
#1572 = CARTESIAN_POINT ( 'NONE',  ( -30.00000000000000355, 0.000000000000000000, -35.00000000000000711 ) ) ;
#1573 = LINE ( 'NONE', #1566, #1366 ) ;
#1574 = EDGE_CURVE ( 'NONE', #1107, #5, #1508, .T. ) ;
#1575 = EDGE_CURVE ( 'NONE', #648, #938, #962, .T. ) ;
#1576 = LINE ( 'NONE', #260, #598 ) ;
#1577 = CARTESIAN_POINT ( 'NONE',  ( 34.99999999999999289, 0.000000000000000000, 34.99999999999999289 ) ) ;
#1578 = DIRECTION ( 'NONE',  ( -0.000000000000000000, -0.000000000000000000, 1.000000000000000000 ) ) ;
#1579 = CARTESIAN_POINT ( 'NONE',  ( -35.00000000000000000, 12.45000000000000284, 35.00000000000000000 ) ) ;
#1580 = ORIENTED_EDGE ( 'NONE', *, *, #310, .T. ) ;
#1581 = EDGE_CURVE ( 'NONE', #273, #1276, #812, .T. ) ;
#1582 = DIRECTION ( 'NONE',  ( -9.912705577010325549E-17, 0.000000000000000000, 1.000000000000000000 ) ) ;
#1583 = FACE_OUTER_BOUND ( 'NONE', #709, .T. ) ;
#1584 = ORIENTED_EDGE ( 'NONE', *, *, #1694, .T. ) ;
#1585 = CYLINDRICAL_SURFACE ( 'NONE', #552, 4.999999999999993783 ) ;
#1586 = AXIS2_PLACEMENT_3D ( 'NONE', #1559, #161, #20 ) ;
#1587 = LINE ( 'NONE', #743, #1790 ) ;
#1588 = AXIS2_PLACEMENT_3D ( 'NONE', #437, #1546, #864 ) ;
#1589 = AXIS2_PLACEMENT_3D ( 'NONE', #306, #163, #1008 ) ;
#1590 = VECTOR ( 'NONE', #662, 1000.000000000000000 ) ;
#1591 = ORIENTED_EDGE ( 'NONE', *, *, #1369, .F. ) ;
#1592 = LINE ( 'NONE', #476, #1825 ) ;
#1593 = AXIS2_PLACEMENT_3D ( 'NONE', #783, #1635, #1628 ) ;
#1594 = ADVANCED_FACE ( 'NONE', ( #120, #1227, #401, #1374 ), #686, .F. ) ;
#1595 = CARTESIAN_POINT ( 'NONE',  ( -23.50000000000000000, 10.75000000000000000, 39.99999999999998579 ) ) ;
#1596 = ADVANCED_FACE ( 'NONE', ( #972 ), #1528, .T. ) ;
#1597 = ADVANCED_FACE ( 'NONE', ( #244 ), #831, .T. ) ;
#1598 = CARTESIAN_POINT ( 'NONE',  ( -30.00000000000000711, 0.000000000000000000, 34.00000000000000000 ) ) ;
#1599 = PLANE ( 'NONE',  #1174 ) ;
#1600 = EDGE_LOOP ( 'NONE', ( #23, #624 ) ) ;
#1601 = DIRECTION ( 'NONE',  ( -0.000000000000000000, 0.000000000000000000, 1.000000000000000000 ) ) ;
#1602 = EDGE_CURVE ( 'NONE', #1538, #1117, #841, .T. ) ;
#1603 = LINE ( 'NONE', #312, #1442 ) ;
#1604 = PLANE ( 'NONE',  #852 ) ;
#1605 = ORIENTED_EDGE ( 'NONE', *, *, #872, .T. ) ;
#1606 = CARTESIAN_POINT ( 'NONE',  ( -32.00000000000000000, 2.999999999999999112, 40.00000000000000000 ) ) ;
#1607 = UNCERTAINTY_MEASURE_WITH_UNIT (LENGTH_MEASURE( 1.000000000000000082E-05 ), #672, 'distance_accuracy_value', 'NONE');
#1608 = CYLINDRICAL_SURFACE ( 'NONE', #698, 4.999999999999997335 ) ;
#1609 = DIRECTION ( 'NONE',  ( -0.000000000000000000, 1.000000000000000000, -0.000000000000000000 ) ) ;
#1610 = FACE_OUTER_BOUND ( 'NONE', #503, .T. ) ;
#1611 = EDGE_CURVE ( 'NONE', #1271, #682, #1548, .T. ) ;
#1612 = VECTOR ( 'NONE', #1108, 1000.000000000000000 ) ;
#1613 = CIRCLE ( 'NONE', #1527, 1.000000000000000888 ) ;
#1614 = CARTESIAN_POINT ( 'NONE',  ( 25.41742430504416106, 3.000000000000000000, -37.00000000000000711 ) ) ;
#1615 = CIRCLE ( 'NONE', #214, 5.000000000000000888 ) ;
#1616 = ORIENTED_EDGE ( 'NONE', *, *, #175, .F. ) ;
#1617 = ORIENTED_EDGE ( 'NONE', *, *, #607, .T. ) ;
#1618 = CARTESIAN_POINT ( 'NONE',  ( 34.99999999999999289, 12.45000000000000284, -35.00000000000000711 ) ) ;
#1619 = ORIENTED_EDGE ( 'NONE', *, *, #677, .F. ) ;
#1620 = CARTESIAN_POINT ( 'NONE',  ( -33.69999999999999574, 10.75000000000000000, -25.36749476012786175 ) ) ;
#1621 = CARTESIAN_POINT ( 'NONE',  ( -30.00000000000000711, 21.50000000000000000, -40.00000000000000000 ) ) ;
#1622 = DIRECTION ( 'NONE',  ( 0.000000000000000000, -1.000000000000000000, 0.000000000000000000 ) ) ;
#1623 = DIRECTION ( 'NONE',  ( -0.000000000000000000, -1.000000000000000000, -0.000000000000000000 ) ) ;
#1624 = ORIENTED_EDGE ( 'NONE', *, *, #349, .F. ) ;
#1625 = ORIENTED_EDGE ( 'NONE', *, *, #1581, .F. ) ;
#1626 = FILL_AREA_STYLE_COLOUR ( '', #1274 ) ;
#1627 = DIRECTION ( 'NONE',  ( 0.000000000000000000, -1.000000000000000000, 0.000000000000000000 ) ) ;
#1628 = DIRECTION ( 'NONE',  ( 0.000000000000000000, 0.000000000000000000, 1.000000000000000000 ) ) ;
#1629 = DIRECTION ( 'NONE',  ( 0.000000000000000000, -1.000000000000000000, 0.000000000000000000 ) ) ;
#1630 =( NAMED_UNIT ( * ) SI_UNIT ( $, .STERADIAN. ) SOLID_ANGLE_UNIT ( ) );
#1631 = ORIENTED_EDGE ( 'NONE', *, *, #193, .T. ) ;
#1632 = VERTEX_POINT ( 'NONE', #550 ) ;
#1633 =( LENGTH_UNIT ( ) NAMED_UNIT ( * ) SI_UNIT ( .MILLI., .METRE. ) );
#1634 = LINE ( 'NONE', #912, #329 ) ;
#1635 = DIRECTION ( 'NONE',  ( -0.000000000000000000, -1.000000000000000000, -0.000000000000000000 ) ) ;
#1636 = DIRECTION ( 'NONE',  ( 0.000000000000000000, -0.000000000000000000, -1.000000000000000000 ) ) ;
#1637 = VECTOR ( 'NONE', #390, 1000.000000000000000 ) ;
#1638 = DIRECTION ( 'NONE',  ( 1.000000000000000000, 0.000000000000000000, 0.000000000000000000 ) ) ;
#1639 = ORIENTED_EDGE ( 'NONE', *, *, #546, .T. ) ;
#1640 = VECTOR ( 'NONE', #348, 1000.000000000000000 ) ;
#1641 = VECTOR ( 'NONE', #735, 1000.000000000000000 ) ;
#1642 = ORIENTED_EDGE ( 'NONE', *, *, #844, .F. ) ;
#1643 = ORIENTED_EDGE ( 'NONE', *, *, #1179, .F. ) ;
#1644 = ADVANCED_FACE ( 'NONE', ( #1236 ), #940, .T. ) ;
#1645 = CIRCLE ( 'NONE', #101, 3.699999999999994849 ) ;
#1646 = FACE_OUTER_BOUND ( 'NONE', #615, .T. ) ;
#1647 = ORIENTED_EDGE ( 'NONE', *, *, #1057, .T. ) ;
#1648 = CARTESIAN_POINT ( 'NONE',  ( -32.00000000000000000, 10.75000000000000000, 40.00000000000000000 ) ) ;
#1649 = EDGE_CURVE ( 'NONE', #355, #361, #757, .T. ) ;
#1650 = PLANE ( 'NONE',  #734 ) ;
#1651 = EDGE_CURVE ( 'NONE', #957, #648, #954, .T. ) ;
#1652 = EDGE_CURVE ( 'NONE', #5, #2, #1517, .T. ) ;
#1653 = EDGE_LOOP ( 'NONE', ( #1281, #777 ) ) ;
#1654 = VERTEX_POINT ( 'NONE', #948 ) ;
#1655 = DIRECTION ( 'NONE',  ( 0.000000000000000000, 0.000000000000000000, -1.000000000000000000 ) ) ;
#1656 = ORIENTED_EDGE ( 'NONE', *, *, #1319, .T. ) ;
#1657 = CARTESIAN_POINT ( 'NONE',  ( 29.99999999999999289, 10.75000000000000000, -38.70000000000000284 ) ) ;
#1658 = EDGE_CURVE ( 'NONE', #825, #224, #1615, .T. ) ;
#1659 = ORIENTED_EDGE ( 'NONE', *, *, #653, .T. ) ;
#1660 = ORIENTED_EDGE ( 'NONE', *, *, #1351, .F. ) ;
#1661 = ORIENTED_EDGE ( 'NONE', *, *, #472, .F. ) ;
#1662 = FACE_OUTER_BOUND ( 'NONE', #1279, .T. ) ;
#1663 = VECTOR ( 'NONE', #1601, 1000.000000000000000 ) ;
#1664 = EDGE_CURVE ( 'NONE', #494, #1433, #523, .T. ) ;
#1665 = DIRECTION ( 'NONE',  ( 0.000000000000000000, 1.000000000000000000, 0.000000000000000000 ) ) ;
#1666 = DIRECTION ( 'NONE',  ( -1.000000000000000000, -0.000000000000000000, -0.000000000000000000 ) ) ;
#1667 = DIRECTION ( 'NONE',  ( -0.000000000000000000, 1.000000000000000000, -0.000000000000000000 ) ) ;
#1668 = ADVANCED_FACE ( 'NONE', ( #1837 ), #540, .T. ) ;
#1669 = DIRECTION ( 'NONE',  ( -0.000000000000000000, 1.000000000000000000, -0.000000000000000000 ) ) ;
#1670 = ORIENTED_EDGE ( 'NONE', *, *, #337, .F. ) ;
#1671 = LINE ( 'NONE', #977, #1787 ) ;
#1672 = CIRCLE ( 'NONE', #565, 4.999999999999997335 ) ;
#1673 = ADVANCED_FACE ( 'NONE', ( #91 ), #658, .F. ) ;
#1674 = ORIENTED_EDGE ( 'NONE', *, *, #1793, .T. ) ;
#1675 = LINE ( 'NONE', #961, #1372 ) ;
#1676 = AXIS2_PLACEMENT_3D ( 'NONE', #1844, #1567, #168 ) ;
#1677 = DIRECTION ( 'NONE',  ( -0.000000000000000000, -1.000000000000000000, -0.000000000000000000 ) ) ;
#1678 = CARTESIAN_POINT ( 'NONE',  ( 20.97493718553310416, 12.44999999999999929, 39.99999999999999289 ) ) ;
#1679 = CIRCLE ( 'NONE', #66, 4.999999999999997335 ) ;
#1680 = ORIENTED_EDGE ( 'NONE', *, *, #860, .T. ) ;
#1681 = DIRECTION ( 'NONE',  ( -1.000000000000000000, 0.000000000000000000, 2.312964634635742957E-16 ) ) ;
#1682 = DIRECTION ( 'NONE',  ( 1.000000000000000000, -0.000000000000000000, 9.912705577010326782E-17 ) ) ;
#1683 = SHAPE_DEFINITION_REPRESENTATION ( #459, #1326 ) ;
#1684 = CARTESIAN_POINT ( 'NONE',  ( 29.99999999999999289, 10.75000000000000000, -38.70000000000000284 ) ) ;
#1685 = VERTEX_POINT ( 'NONE', #1318 ) ;
#1686 = VECTOR ( 'NONE', #997, 1000.000000000000000 ) ;
#1687 = DIRECTION ( 'NONE',  ( 1.000000000000000000, 0.000000000000000000, -1.982541115402065110E-16 ) ) ;
#1688 = CARTESIAN_POINT ( 'NONE',  ( -33.69999999999999574, 10.75000000000000000, -35.00000000000000711 ) ) ;
#1689 = CARTESIAN_POINT ( 'NONE',  ( 34.99999999999999289, 21.50000000000000000, -37.00000000000000711 ) ) ;
#1690 = CARTESIAN_POINT ( 'NONE',  ( 29.99999999999999645, 0.000000000000000000, -35.00000000000000711 ) ) ;
#1691 = CARTESIAN_POINT ( 'NONE',  ( -30.00000000000000355, 0.000000000000000000, -30.00000000000001421 ) ) ;
#1692 = ORIENTED_EDGE ( 'NONE', *, *, #1272, .F. ) ;
#1693 = CARTESIAN_POINT ( 'NONE',  ( 6.000000000000000000, 4.749999999999999112, 46.99999999999999289 ) ) ;
#1694 = EDGE_CURVE ( 'NONE', #682, #359, #907, .T. ) ;
#1695 = VERTEX_POINT ( 'NONE', #1461 ) ;
#1696 = CARTESIAN_POINT ( 'NONE',  ( 29.99999999999999645, 119.0514581273465069, 34.99999999999999289 ) ) ;
#1697 = DIRECTION ( 'NONE',  ( -0.000000000000000000, -1.000000000000000000, -0.000000000000000000 ) ) ;
#1698 = ORIENTED_EDGE ( 'NONE', *, *, #609, .T. ) ;
#1699 = DIRECTION ( 'NONE',  ( 9.912705577010326782E-17, 0.000000000000000000, -1.000000000000000000 ) ) ;
#1700 = DIRECTION ( 'NONE',  ( 0.000000000000000000, 1.000000000000000000, 0.000000000000000000 ) ) ;
#1701 = VECTOR ( 'NONE', #1046, 1000.000000000000000 ) ;
#1702 = CARTESIAN_POINT ( 'NONE',  ( -30.00000000000000355, 10.75000000000000000, -36.00000000000001421 ) ) ;
#1703 = ORIENTED_EDGE ( 'NONE', *, *, #1339, .T. ) ;
#1704 = CARTESIAN_POINT ( 'NONE',  ( 16.00000000000000711, 11.95000000000000284, 38.69999999999998153 ) ) ;
#1705 = CIRCLE ( 'NONE', #900, 4.999999999999997335 ) ;
#1706 = EDGE_CURVE ( 'NONE', #1146, #1799, #1177, .T. ) ;
#1707 = VERTEX_POINT ( 'NONE', #32 ) ;
#1708 = DIRECTION ( 'NONE',  ( 0.000000000000000000, 1.000000000000000000, 0.000000000000000000 ) ) ;
#1709 = ADVANCED_FACE ( 'NONE', ( #1765 ), #1599, .F. ) ;
#1710 = AXIS2_PLACEMENT_3D ( 'NONE', #167, #185, #54 ) ;
#1711 = ORIENTED_EDGE ( 'NONE', *, *, #1229, .T. ) ;
#1712 = DIRECTION ( 'NONE',  ( 0.000000000000000000, -0.000000000000000000, -1.000000000000000000 ) ) ;
#1713 = CARTESIAN_POINT ( 'NONE',  ( 29.99999999999999645, 21.50000000000000000, -40.00000000000000711 ) ) ;
#1714 = ORIENTED_EDGE ( 'NONE', *, *, #1742, .T. ) ;
#1715 = CARTESIAN_POINT ( 'NONE',  ( -25.41742430504416461, 3.000000000000000000, 37.00000000000000000 ) ) ;
#1716 = ORIENTED_EDGE ( 'NONE', *, *, #93, .F. ) ;
#1717 = DIRECTION ( 'NONE',  ( 0.000000000000000000, -1.000000000000000000, 0.000000000000000000 ) ) ;
#1718 = DIRECTION ( 'NONE',  ( 0.000000000000000000, 1.000000000000000000, 0.000000000000000000 ) ) ;
#1719 = ADVANCED_FACE ( 'NONE', ( #314 ), #332, .F. ) ;
#1720 = CARTESIAN_POINT ( 'NONE',  ( 29.99999999999999645, 12.45000000000003126, -40.00000000000000711 ) ) ;
#1721 = ORIENTED_EDGE ( 'NONE', *, *, #1285, .T. ) ;
#1722 = DIRECTION ( 'NONE',  ( 0.000000000000000000, 0.000000000000000000, 1.000000000000000000 ) ) ;
#1723 = CARTESIAN_POINT ( 'NONE',  ( -25.41742430504416461, 10.75000000000000000, 37.00000000000000000 ) ) ;
#1724 = ORIENTED_EDGE ( 'NONE', *, *, #1450, .T. ) ;
#1725 = CARTESIAN_POINT ( 'NONE',  ( 29.99999999999999645, 12.45000000000000284, 39.99999999999998579 ) ) ;
#1726 = DIRECTION ( 'NONE',  ( 0.000000000000000000, 0.000000000000000000, -1.000000000000000000 ) ) ;
#1727 = EDGE_CURVE ( 'NONE', #811, #548, #1645, .T. ) ;
#1728 = ADVANCED_FACE ( 'NONE', ( #1038 ), #1604, .F. ) ;
#1729 = DIRECTION ( 'NONE',  ( 0.000000000000000000, 0.000000000000000000, 1.000000000000000000 ) ) ;
#1730 = EDGE_CURVE ( 'NONE', #1832, #313, #320, .T. ) ;
#1731 = ORIENTED_EDGE ( 'NONE', *, *, #149, .F. ) ;
#1732 = CARTESIAN_POINT ( 'NONE',  ( 31.99999999999999289, 21.50000000000000000, 39.99999999999998579 ) ) ;
#1733 = CIRCLE ( 'NONE', #1406, 5.499999999999998224 ) ;
#1734 = AXIS2_PLACEMENT_3D ( 'NONE', #316, #453, #1052 ) ;
#1735 = DIRECTION ( 'NONE',  ( 0.000000000000000000, 1.000000000000000000, 0.000000000000000000 ) ) ;
#1736 = VERTEX_POINT ( 'NONE', #621 ) ;
#1737 = AXIS2_PLACEMENT_3D ( 'NONE', #105, #526, #1839 ) ;
#1738 = AXIS2_PLACEMENT_3D ( 'NONE', #629, #1622, #1636 ) ;
#1739 = AXIS2_PLACEMENT_3D ( 'NONE', #1391, #1219, #451 ) ;
#1740 = VERTEX_POINT ( 'NONE', #1182 ) ;
#1741 = DIRECTION ( 'NONE',  ( 0.000000000000000000, 1.000000000000000000, 0.000000000000000000 ) ) ;
#1742 = EDGE_CURVE ( 'NONE', #26, #1424, #474, .T. ) ;
#1743 = CARTESIAN_POINT ( 'NONE',  ( 29.99999999999999645, 10.75000000000000000, -35.00000000000000711 ) ) ;
#1744 = CARTESIAN_POINT ( 'NONE',  ( 29.99999999999999645, 10.75000000000000000, -34.00000000000000711 ) ) ;
#1745 = EDGE_LOOP ( 'NONE', ( #791, #871, #1484, #1076 ) ) ;
#1746 = DIRECTION ( 'NONE',  ( -4.336808689942018969E-17, -1.000000000000000000, 0.000000000000000000 ) ) ;
#1747 = ORIENTED_EDGE ( 'NONE', *, *, #800, .F. ) ;
#1748 = EDGE_CURVE ( 'NONE', #689, #625, #1468, .T. ) ;
#1749 = CARTESIAN_POINT ( 'NONE',  ( -30.00000000000000711, 12.45000000000000284, -40.00000000000000000 ) ) ;
#1750 = LINE ( 'NONE', #73, #728 ) ;
#1751 = CARTESIAN_POINT ( 'NONE',  ( -30.00000000000000355, 0.000000000000000000, -36.00000000000001421 ) ) ;
#1752 = LINE ( 'NONE', #904, #1218 ) ;
#1753 = ORIENTED_EDGE ( 'NONE', *, *, #1410, .T. ) ;
#1754 = LINE ( 'NONE', #1331, #632 ) ;
#1755 = ORIENTED_EDGE ( 'NONE', *, *, #1773, .T. ) ;
#1756 = ORIENTED_EDGE ( 'NONE', *, *, #76, .F. ) ;
#1757 = SURFACE_SIDE_STYLE ('',( #910 ) ) ;
#1758 = DIRECTION ( 'NONE',  ( 0.000000000000000000, 0.000000000000000000, -1.000000000000000000 ) ) ;
#1759 = LINE ( 'NONE', #1621, #1037 ) ;
#1760 = CARTESIAN_POINT ( 'NONE',  ( -30.00000000000000355, 119.0514581273465069, 38.69999999999999574 ) ) ;
#1761 = CIRCLE ( 'NONE', #947, 5.499999999999998224 ) ;
#1762 = EDGE_CURVE ( 'NONE', #560, #502, #1592, .T. ) ;
#1763 = AXIS2_PLACEMENT_3D ( 'NONE', #25, #1284, #397 ) ;
#1764 = AXIS2_PLACEMENT_3D ( 'NONE', #257, #834, #1396 ) ;
#1765 = FACE_OUTER_BOUND ( 'NONE', #85, .T. ) ;
#1766 = CIRCLE ( 'NONE', #881, 1.000000000000000888 ) ;
#1767 = ORIENTED_EDGE ( 'NONE', *, *, #1272, .T. ) ;
#1768 = AXIS2_PLACEMENT_3D ( 'NONE', #1689, #364, #1786 ) ;
#1769 = ORIENTED_EDGE ( 'NONE', *, *, #860, .F. ) ;
#1770 = FACE_OUTER_BOUND ( 'NONE', #664, .T. ) ;
#1771 = LINE ( 'NONE', #578, #1340 ) ;
#1772 = CARTESIAN_POINT ( 'NONE',  ( 16.00000000000000711, 11.95000000000000284, 29.99999999999999289 ) ) ;
#1773 = EDGE_CURVE ( 'NONE', #46, #938, #614, .T. ) ;
#1774 = ORIENTED_EDGE ( 'NONE', *, *, #122, .F. ) ;
#1775 = EDGE_LOOP ( 'NONE', ( #909, #797, #1500, #588, #1421, #1656, #522, #1605 ) ) ;
#1776 = DIRECTION ( 'NONE',  ( 1.000000000000000000, 0.000000000000000000, 0.000000000000000000 ) ) ;
#1777 = EDGE_LOOP ( 'NONE', ( #1798, #1386, #673, #1398, #1126, #1496, #892, #1260, #1554, #223, #1488, #1395, #130, #148, #1639, #769 ) ) ;
#1778 = CARTESIAN_POINT ( 'NONE',  ( 34.99999999999999289, 12.45000000000000284, 34.99999999999999289 ) ) ;
#1779 = CARTESIAN_POINT ( 'NONE',  ( -30.00000000000000711, 21.50000000000000000, 35.00000000000000000 ) ) ;
#1780 = CARTESIAN_POINT ( 'NONE',  ( 29.99999999999999289, 119.0514581273465069, -38.70000000000000284 ) ) ;
#1781 = EDGE_CURVE ( 'NONE', #1654, #1361, #762, .T. ) ;
#1782 = EDGE_CURVE ( 'NONE', #1828, #263, #1754, .T. ) ;
#1783 = EDGE_CURVE ( 'NONE', #818, #1360, #1679, .T. ) ;
#1784 = DIRECTION ( 'NONE',  ( -1.000000000000000000, 0.000000000000000000, 1.982541115402065110E-16 ) ) ;
#1785 = CARTESIAN_POINT ( 'NONE',  ( -30.00000000000000711, 0.000000000000000000, 36.00000000000000711 ) ) ;
#1786 = DIRECTION ( 'NONE',  ( 1.000000000000000000, 0.000000000000000000, -9.912705577010325549E-17 ) ) ;
#1787 = VECTOR ( 'NONE', #393, 1000.000000000000000 ) ;
#1788 = ORIENTED_EDGE ( 'NONE', *, *, #1325, .F. ) ;
#1789 = AXIS2_PLACEMENT_3D ( 'NONE', #1498, #1245, #90 ) ;
#1790 = VECTOR ( 'NONE', #583, 1000.000000000000000 ) ;
#1791 = AXIS2_PLACEMENT_3D ( 'NONE', #368, #1677, #668 ) ;
#1792 = LINE ( 'NONE', #538, #497 ) ;
#1793 = EDGE_CURVE ( 'NONE', #1107, #55, #1101, .T. ) ;
#1794 = DIRECTION ( 'NONE',  ( 0.000000000000000000, 0.000000000000000000, -1.000000000000000000 ) ) ;
#1795 = CARTESIAN_POINT ( 'NONE',  ( -32.00000000000000000, 0.000000000000000000, 30.41742430504416106 ) ) ;
#1796 = ORIENTED_EDGE ( 'NONE', *, *, #1111, .T. ) ;
#1797 = CIRCLE ( 'NONE', #887, 4.999999999999997335 ) ;
#1798 = ORIENTED_EDGE ( 'NONE', *, *, #732, .T. ) ;
#1799 = VERTEX_POINT ( 'NONE', #1614 ) ;
#1800 = DIRECTION ( 'NONE',  ( 0.000000000000000000, 0.000000000000000000, 1.000000000000000000 ) ) ;
#1801 = ORIENTED_EDGE ( 'NONE', *, *, #423, .F. ) ;
#1802 = EDGE_CURVE ( 'NONE', #1202, #1516, #1347, .T. ) ;
#1803 = CARTESIAN_POINT ( 'NONE',  ( -33.69999999999999574, 11.95000000000000284, -20.00000000000000355 ) ) ;
#1804 = CARTESIAN_POINT ( 'NONE',  ( 29.99999999999999645, 0.000000000000000000, -34.00000000000000711 ) ) ;
#1805 = CARTESIAN_POINT ( 'NONE',  ( -30.00000000000000355, 0.000000000000000000, -34.00000000000000711 ) ) ;
#1806 = CARTESIAN_POINT ( 'NONE',  ( 29.99999999999999645, 10.75000000000000000, 35.99999999999999289 ) ) ;
#1807 = CARTESIAN_POINT ( 'NONE',  ( 31.99999999999999289, 3.000000000000000000, -30.41742430504417527 ) ) ;
#1808 = VERTEX_POINT ( 'NONE', #443 ) ;
#1809 = ORIENTED_EDGE ( 'NONE', *, *, #1014, .T. ) ;
#1810 = DIRECTION ( 'NONE',  ( 0.000000000000000000, 0.000000000000000000, -1.000000000000000000 ) ) ;
#1811 = ORIENTED_EDGE ( 'NONE', *, *, #1762, .F. ) ;
#1812 = DIRECTION ( 'NONE',  ( 1.000000000000000000, -0.000000000000000000, 9.912705577010326782E-17 ) ) ;
#1813 = DIRECTION ( 'NONE',  ( -1.000000000000000000, 0.000000000000000000, 0.000000000000000000 ) ) ;
#1814 = CARTESIAN_POINT ( 'NONE',  ( 20.85386443980464222, 10.75000000000000000, 38.69999999999999574 ) ) ;
#1815 = VERTEX_POINT ( 'NONE', #1019 ) ;
#1816 = FACE_OUTER_BOUND ( 'NONE', #1215, .T. ) ;
#1817 = CARTESIAN_POINT ( 'NONE',  ( -30.00000000000000355, 10.75000000000000000, -35.00000000000000711 ) ) ;
#1818 = ORIENTED_EDGE ( 'NONE', *, *, #93, .T. ) ;
#1819 = EDGE_LOOP ( 'NONE', ( #386, #1477 ) ) ;
#1820 = CARTESIAN_POINT ( 'NONE',  ( -35.00000000000000000, 12.45000000000000284, -35.00000000000000000 ) ) ;
#1821 = CIRCLE ( 'NONE', #445, 1.000000000000000888 ) ;
#1822 = VECTOR ( 'NONE', #1231, 1000.000000000000000 ) ;
#1823 = DIRECTION ( 'NONE',  ( -0.000000000000000000, 1.000000000000000000, -0.000000000000000000 ) ) ;
#1824 = CARTESIAN_POINT ( 'NONE',  ( 29.99999999999999645, 0.000000000000000000, -36.00000000000001421 ) ) ;
#1825 = VECTOR ( 'NONE', #737, 1000.000000000000000 ) ;
#1826 = AXIS2_PLACEMENT_3D ( 'NONE', #402, #1550, #245 ) ;
#1827 = LINE ( 'NONE', #1239, #129 ) ;
#1828 = VERTEX_POINT ( 'NONE', #888 ) ;
#1829 = FACE_OUTER_BOUND ( 'NONE', #863, .T. ) ;
#1830 = EDGE_CURVE ( 'NONE', #1415, #1209, #229, .T. ) ;
#1831 = DIRECTION ( 'NONE',  ( 0.000000000000000000, 0.000000000000000000, -1.000000000000000000 ) ) ;
#1832 = VERTEX_POINT ( 'NONE', #1341 ) ;
#1833 = ORIENTED_EDGE ( 'NONE', *, *, #706, .F. ) ;
#1834 = DIRECTION ( 'NONE',  ( -2.312964634635742957E-16, 0.000000000000000000, -1.000000000000000000 ) ) ;
#1835 = ORIENTED_EDGE ( 'NONE', *, *, #1727, .F. ) ;
#1836 = ORIENTED_EDGE ( 'NONE', *, *, #1069, .T. ) ;
#1837 = FACE_OUTER_BOUND ( 'NONE', #1193, .T. ) ;
#1838 = CARTESIAN_POINT ( 'NONE',  ( 29.99999999999999645, 10.75000000000000000, -35.00000000000000711 ) ) ;
#1839 = DIRECTION ( 'NONE',  ( 0.000000000000000000, 0.000000000000000000, 1.000000000000000000 ) ) ;
#1840 = EDGE_LOOP ( 'NONE', ( #1223, #1404, #1767, #1136, #1377, #94, #1379, #293, #1233, #427, #646, #1224, #1714, #1113, #200, #1143, #1368, #58 ) ) ;
#1841 = DIRECTION ( 'NONE',  ( 1.000000000000000000, 0.000000000000000000, 0.000000000000000000 ) ) ;
#1842 = DIRECTION ( 'NONE',  ( -0.000000000000000000, 1.000000000000000000, -0.000000000000000000 ) ) ;
#1843 = EDGE_LOOP ( 'NONE', ( #297, #1367, #1801, #205 ) ) ;
#1844 = CARTESIAN_POINT ( 'NONE',  ( 29.99999999999999645, 12.45000000000000284, -35.00000000000000711 ) ) ;
#1845 = EDGE_CURVE ( 'NONE', #444, #1832, #517, .T. ) ;
#1846 = EDGE_LOOP ( 'NONE', ( #1071, #483, #1207, #127 ) ) ;
#1847 = DIRECTION ( 'NONE',  ( -1.982541115402065110E-16, 0.000000000000000000, -1.000000000000000000 ) ) ;
ENDSEC;
END-ISO-10303-21;
