ISO-10303-21;
HEADER;
FILE_DESCRIPTION (( 'STEP AP214' ),
    '1' );
FILE_NAME ('SkiSafe 02 - Front.STEP',
    '2026-06-02T15:48:03',
    ( '' ),
    ( '' ),
    'SwSTEP 2.0',
    'SolidWorks 2026',
    '' );
FILE_SCHEMA (( 'AUTOMOTIVE_DESIGN' ));
ENDSEC;

DATA;
#1 = CYLINDRICAL_SURFACE ( 'NONE', #1332, 2.500000000000002220 ) ;
#2 = UNCERTAINTY_MEASURE_WITH_UNIT (LENGTH_MEASURE( 1.000000000000000082E-05 ), #165, 'distance_accuracy_value', 'NONE');
#3 = ORIENTED_EDGE ( 'NONE', *, *, #1577, .F. ) ;
#4 = ORIENTED_EDGE ( 'NONE', *, *, #2743, .F. ) ;
#5 = ORIENTED_EDGE ( 'NONE', *, *, #4035, .F. ) ;
#6 = CARTESIAN_POINT ( 'NONE',  ( 44.50000000000001421, -2.999999999999998224, 29.00000000000000711 ) ) ;
#7 = CARTESIAN_POINT ( 'NONE',  ( 45.50000000000001421, 0.000000000000000000, 26.50000000000001066 ) ) ;
#8 = VERTEX_POINT ( 'NONE', #2230 ) ;
#9 = ADVANCED_FACE ( 'NONE', ( #2859 ), #4330, .F. ) ;
#10 = CARTESIAN_POINT ( 'NONE',  ( 45.50000000000001421, 3.799999999999999822, 2.999999999999999556 ) ) ;
#11 = FACE_OUTER_BOUND ( 'NONE', #2370, .T. ) ;
#12 = CARTESIAN_POINT ( 'NONE',  ( 44.50000000000001421, -18.50000000000000000, -30.75000000000001421 ) ) ;
#13 = ORIENTED_EDGE ( 'NONE', *, *, #3805, .T. ) ;
#14 = VERTEX_POINT ( 'NONE', #3297 ) ;
#15 = DIRECTION ( 'NONE',  ( 0.000000000000000000, -1.000000000000000000, 0.000000000000000000 ) ) ;
#16 = CARTESIAN_POINT ( 'NONE',  ( 44.50000000000001421, -18.50000000000000000, 26.50000000000000711 ) ) ;
#17 = CARTESIAN_POINT ( 'NONE',  ( -44.50000000000001421, 15.00000000000000000, -29.00000000000000711 ) ) ;
#18 = EDGE_CURVE ( 'NONE', #958, #4366, #83, .T. ) ;
#19 = CYLINDRICAL_SURFACE ( 'NONE', #3429, 8.500000000000010658 ) ;
#20 = DIRECTION ( 'NONE',  ( 0.000000000000000000, 0.000000000000000000, 1.000000000000000000 ) ) ;
#21 = CIRCLE ( 'NONE', #2882, 2.000000000000000444 ) ;
#22 = CARTESIAN_POINT ( 'NONE',  ( 45.50000000000001421, 1.799999999999999600, 30.00000000000001066 ) ) ;
#23 = ADVANCED_FACE ( 'NONE', ( #1117 ), #19, .T. ) ;
#24 = ORIENTED_EDGE ( 'NONE', *, *, #1571, .F. ) ;
#25 = VERTEX_POINT ( 'NONE', #1449 ) ;
#26 = AXIS2_PLACEMENT_3D ( 'NONE', #2374, #2328, #1714 ) ;
#27 = ORIENTED_EDGE ( 'NONE', *, *, #887, .F. ) ;
#28 = DIRECTION ( 'NONE',  ( -0.000000000000000000, 1.000000000000000000, -0.000000000000000000 ) ) ;
#29 = DIRECTION ( 'NONE',  ( 0.000000000000000000, 1.000000000000000000, 0.000000000000000000 ) ) ;
#30 = CIRCLE ( 'NONE', #3771, 1.750000000000005107 ) ;
#31 = CARTESIAN_POINT ( 'NONE',  ( 44.50000000000001421, 0.000000000000000000, 34.00000000000000000 ) ) ;
#32 = AXIS2_PLACEMENT_3D ( 'NONE', #3857, #641, #2079 ) ;
#33 = LINE ( 'NONE', #2172, #1854 ) ;
#34 = ADVANCED_FACE ( 'NONE', ( #441 ), #1164, .T. ) ;
#35 = DIRECTION ( 'NONE',  ( 0.000000000000000000, 1.000000000000000000, 0.000000000000000000 ) ) ;
#36 = ORIENTED_EDGE ( 'NONE', *, *, #2743, .T. ) ;
#37 = VERTEX_POINT ( 'NONE', #1801 ) ;
#38 = SURFACE_STYLE_USAGE ( .BOTH. , #714 ) ;
#39 = CARTESIAN_POINT ( 'NONE',  ( -18.59150718393674850, -22.00000000000000000, -30.00000000000000711 ) ) ;
#40 = LINE ( 'NONE', #4204, #3164 ) ;
#41 = DIRECTION ( 'NONE',  ( 0.000000000000000000, 0.000000000000000000, 1.000000000000000000 ) ) ;
#42 = DIRECTION ( 'NONE',  ( -0.000000000000000000, -1.000000000000000000, -0.000000000000000000 ) ) ;
#43 = CARTESIAN_POINT ( 'NONE',  ( 12.49999999999999289, 4.000000000000000000, 28.00000000000001066 ) ) ;
#44 = DIRECTION ( 'NONE',  ( -0.000000000000000000, 1.000000000000000000, -0.000000000000000000 ) ) ;
#45 = VERTEX_POINT ( 'NONE', #3624 ) ;
#46 = VERTEX_POINT ( 'NONE', #2251 ) ;
#47 = ADVANCED_FACE ( 'NONE', ( #1073 ), #2602, .F. ) ;
#48 = AXIS2_PLACEMENT_3D ( 'NONE', #3118, #2105, #604 ) ;
#49 = ORIENTED_EDGE ( 'NONE', *, *, #477, .F. ) ;
#50 = CARTESIAN_POINT ( 'NONE',  ( 44.50000000000001421, -2.999999999999999112, 31.50000000000001421 ) ) ;
#51 = ORIENTED_EDGE ( 'NONE', *, *, #3765, .T. ) ;
#52 = ADVANCED_FACE ( 'NONE', ( #419 ), #1494, .F. ) ;
#53 = DIRECTION ( 'NONE',  ( 0.000000000000000000, 1.000000000000000000, -0.000000000000000000 ) ) ;
#54 = CIRCLE ( 'NONE', #2904, 2.500000000000002220 ) ;
#55 = CIRCLE ( 'NONE', #3276, 8.500000000000010658 ) ;
#56 = DIRECTION ( 'NONE',  ( -0.000000000000000000, -1.000000000000000000, -0.000000000000000000 ) ) ;
#57 = DIRECTION ( 'NONE',  ( 0.000000000000000000, 0.000000000000000000, -1.000000000000000000 ) ) ;
#58 = VERTEX_POINT ( 'NONE', #3952 ) ;
#59 = ORIENTED_EDGE ( 'NONE', *, *, #690, .T. ) ;
#60 = AXIS2_PLACEMENT_3D ( 'NONE', #2948, #1444, #759 ) ;
#61 = LINE ( 'NONE', #1421, #579 ) ;
#62 = DIRECTION ( 'NONE',  ( 0.000000000000000000, 0.000000000000000000, -1.000000000000000000 ) ) ;
#63 = DIRECTION ( 'NONE',  ( -1.000000000000000000, 0.000000000000000000, 0.000000000000000000 ) ) ;
#64 = EDGE_CURVE ( 'NONE', #3909, #2934, #586, .T. ) ;
#65 = CARTESIAN_POINT ( 'NONE',  ( -44.50000000000001421, -22.00000000000000355, -26.50000000000000711 ) ) ;
#66 = FACE_BOUND ( 'NONE', #1062, .T. ) ;
#67 = CARTESIAN_POINT ( 'NONE',  ( -14.99999999999999467, 4.000000000000000000, -26.50000000000000711 ) ) ;
#68 = VERTEX_POINT ( 'NONE', #376 ) ;
#69 = ORIENTED_EDGE ( 'NONE', *, *, #4200, .F. ) ;
#70 = EDGE_LOOP ( 'NONE', ( #3261, #3122, #2484, #4321 ) ) ;
#71 = CARTESIAN_POINT ( 'NONE',  ( -18.59150718393674850, 0.000000000000000000, -26.50000000000000711 ) ) ;
#72 = DIRECTION ( 'NONE',  ( -0.000000000000000000, -1.000000000000000000, -0.000000000000000000 ) ) ;
#73 = EDGE_CURVE ( 'NONE', #3956, #2673, #3232, .T. ) ;
#74 = ORIENTED_EDGE ( 'NONE', *, *, #3636, .F. ) ;
#75 = CARTESIAN_POINT ( 'NONE',  ( 18.59150718393674495, -9.352464774572464279, 30.00000000000001066 ) ) ;
#76 = DIRECTION ( 'NONE',  ( 0.000000000000000000, -1.000000000000000000, 0.000000000000000000 ) ) ;
#77 = EDGE_CURVE ( 'NONE', #1761, #3330, #743, .T. ) ;
#78 = ORIENTED_EDGE ( 'NONE', *, *, #4449, .T. ) ;
#79 = ORIENTED_EDGE ( 'NONE', *, *, #133, .T. ) ;
#80 =( NAMED_UNIT ( * ) SI_UNIT ( $, .STERADIAN. ) SOLID_ANGLE_UNIT ( ) );
#81 = CARTESIAN_POINT ( 'NONE',  ( 44.50000000000001421, 0.000000000000000000, 29.00000000000000711 ) ) ;
#82 = DIRECTION ( 'NONE',  ( 0.000000000000000000, -1.000000000000000000, 0.000000000000000000 ) ) ;
#83 = LINE ( 'NONE', #65, #2015 ) ;
#84 = CARTESIAN_POINT ( 'NONE',  ( 45.50000000000001421, 3.799999999999999378, -3.000000000000001332 ) ) ;
#85 = DIRECTION ( 'NONE',  ( 0.000000000000000000, -0.000000000000000000, 1.000000000000000000 ) ) ;
#86 = EDGE_CURVE ( 'NONE', #2748, #4091, #4241, .T. ) ;
#87 = ORIENTED_EDGE ( 'NONE', *, *, #2211, .F. ) ;
#88 = ORIENTED_EDGE ( 'NONE', *, *, #580, .F. ) ;
#89 = AXIS2_PLACEMENT_3D ( 'NONE', #1539, #1808, #2302 ) ;
#90 = VECTOR ( 'NONE', #161, 1000.000000000000000 ) ;
#91 = ORIENTED_EDGE ( 'NONE', *, *, #3383, .T. ) ;
#92 = CARTESIAN_POINT ( 'NONE',  ( 9.500000000000001776, -13.49999999999999822, 28.00000000000001066 ) ) ;
#93 = AXIS2_PLACEMENT_3D ( 'NONE', #2364, #3087, #4506 ) ;
#94 = CARTESIAN_POINT ( 'NONE',  ( 45.67077626419152381, 0.000000000000000000, -20.58101651390110831 ) ) ;
#95 = ORIENTED_EDGE ( 'NONE', *, *, #2135, .F. ) ;
#96 = CIRCLE ( 'NONE', #3170, 8.500000000000010658 ) ;
#97 = CIRCLE ( 'NONE', #2354, 1.999999999999999556 ) ;
#98 = DIRECTION ( 'NONE',  ( 0.000000000000000000, 1.000000000000000000, 0.000000000000000000 ) ) ;
#99 = AXIS2_PLACEMENT_3D ( 'NONE', #4374, #2999, #787 ) ;
#100 = CARTESIAN_POINT ( 'NONE',  ( 44.50000000000001421, -2.999999999999999112, -29.00000000000000711 ) ) ;
#101 = CARTESIAN_POINT ( 'NONE',  ( 85.50000000000001421, -22.00000000000000000, 3.091507183936761827 ) ) ;
#102 = ORIENTED_EDGE ( 'NONE', *, *, #3849, .F. ) ;
#103 = AXIS2_PLACEMENT_3D ( 'NONE', #2454, #4525, #660 ) ;
#104 = DIRECTION ( 'NONE',  ( 0.000000000000000000, 1.000000000000000000, 0.000000000000000000 ) ) ;
#105 = EDGE_CURVE ( 'NONE', #1948, #861, #2207, .T. ) ;
#106 = FACE_OUTER_BOUND ( 'NONE', #2091, .T. ) ;
#107 = ORIENTED_EDGE ( 'NONE', *, *, #631, .T. ) ;
#108 = CARTESIAN_POINT ( 'NONE',  ( -44.50000000000001421, -22.00000000000000355, 29.00000000000000711 ) ) ;
#109 = LINE ( 'NONE', #2977, #1556 ) ;
#110 = FACE_OUTER_BOUND ( 'NONE', #1463, .T. ) ;
#111 = CARTESIAN_POINT ( 'NONE',  ( -35.50000000000001421, 11.00000000000000000, 2.500000000000000000 ) ) ;
#112 = EDGE_CURVE ( 'NONE', #3002, #3351, #1783, .T. ) ;
#113 = ORIENTED_EDGE ( 'NONE', *, *, #4345, .F. ) ;
#114 = ORIENTED_EDGE ( 'NONE', *, *, #3986, .F. ) ;
#115 = CARTESIAN_POINT ( 'NONE',  ( 45.50000000000000711, -9.000000000000010658, -26.50000000000000711 ) ) ;
#116 = CIRCLE ( 'NONE', #275, 8.500000000000010658 ) ;
#117 = CARTESIAN_POINT ( 'NONE',  ( -15.50000000000001776, -15.00000000000000178, 20.00000000000001066 ) ) ;
#118 = EDGE_LOOP ( 'NONE', ( #2770, #2191 ) ) ;
#119 = EDGE_CURVE ( 'NONE', #2981, #793, #3208, .T. ) ;
#120 = CARTESIAN_POINT ( 'NONE',  ( -27.50000000000001776, -11.99999999999999822, 17.40000000000001279 ) ) ;
#121 = CIRCLE ( 'NONE', #48, 8.500000000000010658 ) ;
#122 = CARTESIAN_POINT ( 'NONE',  ( -18.59150718393674495, 0.000000000000000000, 30.00000000000001066 ) ) ;
#123 = DIRECTION ( 'NONE',  ( 1.000000000000000000, 0.000000000000000000, 4.885258803315056063E-16 ) ) ;
#124 = DIRECTION ( 'NONE',  ( 0.000000000000000000, 0.000000000000000000, 1.000000000000000000 ) ) ;
#125 = VERTEX_POINT ( 'NONE', #1208 ) ;
#126 = AXIS2_PLACEMENT_3D ( 'NONE', #1552, #431, #3359 ) ;
#127 = LINE ( 'NONE', #2945, #3918 ) ;
#128 = CARTESIAN_POINT ( 'NONE',  ( -0.9999999999999940048, -7.000000000000000000, -30.00000000000000711 ) ) ;
#129 = CARTESIAN_POINT ( 'NONE',  ( 44.50000000000001421, -2.999999999999998224, 29.00000000000000711 ) ) ;
#130 = AXIS2_PLACEMENT_3D ( 'NONE', #1099, #44, #1119 ) ;
#131 = VERTEX_POINT ( 'NONE', #1188 ) ;
#132 = LINE ( 'NONE', #2973, #3762 ) ;
#133 = EDGE_CURVE ( 'NONE', #3370, #266, #2163, .T. ) ;
#134 = AXIS2_PLACEMENT_3D ( 'NONE', #899, #4064, #2324 ) ;
#135 = FACE_OUTER_BOUND ( 'NONE', #3568, .T. ) ;
#136 = DIRECTION ( 'NONE',  ( -1.000000000000000000, -0.000000000000000000, -0.000000000000000000 ) ) ;
#137 = CARTESIAN_POINT ( 'NONE',  ( 25.50000000000000000, -18.50000000000000000, 21.50000000000000355 ) ) ;
#138 = DIRECTION ( 'NONE',  ( -0.000000000000000000, -1.000000000000000000, -0.000000000000000000 ) ) ;
#139 = CIRCLE ( 'NONE', #2914, 2.500000000000005773 ) ;
#140 = EDGE_CURVE ( 'NONE', #344, #3464, #3353, .T. ) ;
#141 = EDGE_LOOP ( 'NONE', ( #590, #4566 ) ) ;
#142 = EDGE_LOOP ( 'NONE', ( #2541, #3776, #3728, #1842 ) ) ;
#143 = CARTESIAN_POINT ( 'NONE',  ( 42.04188619865061582, 15.00000000000000000, 5.000000000000000000 ) ) ;
#144 = DIRECTION ( 'NONE',  ( 0.000000000000000000, 1.000000000000000000, 0.000000000000000000 ) ) ;
#145 = EDGE_LOOP ( 'NONE', ( #3979, #516, #4078, #189 ) ) ;
#146 = DIRECTION ( 'NONE',  ( 0.000000000000000000, 1.000000000000000000, 0.000000000000000000 ) ) ;
#147 = FACE_OUTER_BOUND ( 'NONE', #1736, .T. ) ;
#148 = LINE ( 'NONE', #3379, #4553 ) ;
#149 = ADVANCED_FACE ( 'NONE', ( #135 ), #2647, .F. ) ;
#150 = ORIENTED_EDGE ( 'NONE', *, *, #2620, .F. ) ;
#151 = DIRECTION ( 'NONE',  ( 0.000000000000000000, 1.000000000000000000, 0.000000000000000000 ) ) ;
#152 = CARTESIAN_POINT ( 'NONE',  ( 55.50000000000001421, 12.26513208105595076, -5.000000000000000000 ) ) ;
#153 = ORIENTED_EDGE ( 'NONE', *, *, #1587, .F. ) ;
#154 = DIRECTION ( 'NONE',  ( 1.000000000000000000, 0.000000000000000000, -0.000000000000000000 ) ) ;
#155 = ADVANCED_FACE ( 'NONE', ( #4486, #3669 ), #3695, .T. ) ;
#156 = CARTESIAN_POINT ( 'NONE',  ( 12.49999999999999112, 9.004083487752723158, 40.00000000000000711 ) ) ;
#157 = CYLINDRICAL_SURFACE ( 'NONE', #2671, 2.500000000000005773 ) ;
#158 = CARTESIAN_POINT ( 'NONE',  ( -44.50000000000001421, 0.000000000000000000, -29.00000000000000711 ) ) ;
#159 = EDGE_LOOP ( 'NONE', ( #687, #775, #746, #2327, #2283, #3523, #1030, #2007 ) ) ;
#160 = EDGE_LOOP ( 'NONE', ( #1388, #2937, #3811, #4584 ) ) ;
#161 = DIRECTION ( 'NONE',  ( 0.000000000000000000, -1.000000000000000000, 0.000000000000000000 ) ) ;
#162 = PLANE ( 'NONE',  #4127 ) ;
#163 = ORIENTED_EDGE ( 'NONE', *, *, #254, .T. ) ;
#164 = AXIS2_PLACEMENT_3D ( 'NONE', #6, #2866, #2980 ) ;
#165 =( LENGTH_UNIT ( ) NAMED_UNIT ( * ) SI_UNIT ( .MILLI., .METRE. ) );
#166 = AXIS2_PLACEMENT_3D ( 'NONE', #4371, #1161, #2203 ) ;
#167 = DIRECTION ( 'NONE',  ( 0.000000000000000000, 1.000000000000000000, 0.000000000000000000 ) ) ;
#168 = DIRECTION ( 'NONE',  ( 0.000000000000000000, 0.000000000000000000, 1.000000000000000000 ) ) ;
#169 = AXIS2_PLACEMENT_3D ( 'NONE', #3877, #271, #3135 ) ;
#170 = PLANE ( 'NONE',  #4251 ) ;
#171 = VECTOR ( 'NONE', #773, 1000.000000000000000 ) ;
#172 = EDGE_CURVE ( 'NONE', #2748, #216, #206, .T. ) ;
#173 = ORIENTED_EDGE ( 'NONE', *, *, #77, .F. ) ;
#174 = AXIS2_PLACEMENT_3D ( 'NONE', #1416, #3265, #2850 ) ;
#175 = DIRECTION ( 'NONE',  ( 0.000000000000000000, 0.000000000000000000, 1.000000000000000000 ) ) ;
#176 = CIRCLE ( 'NONE', #253, 2.600000000000001421 ) ;
#177 = EDGE_CURVE ( 'NONE', #941, #2310, #3391, .T. ) ;
#178 = CARTESIAN_POINT ( 'NONE',  ( 18.59150718393674495, 0.000000000000000000, -70.00000000000000000 ) ) ;
#179 = ORIENTED_EDGE ( 'NONE', *, *, #3075, .T. ) ;
#180 = DIRECTION ( 'NONE',  ( 0.000000000000000000, 0.000000000000000000, -1.000000000000000000 ) ) ;
#181 = EDGE_LOOP ( 'NONE', ( #2953, #4233 ) ) ;
#182 = EDGE_CURVE ( 'NONE', #2972, #8, #957, .T. ) ;
#183 = CARTESIAN_POINT ( 'NONE',  ( 19.50000000000000355, -7.000000000000000000, 28.00000000000001066 ) ) ;
#184 = DIRECTION ( 'NONE',  ( 0.000000000000000000, -1.000000000000000000, 0.000000000000000000 ) ) ;
#185 = CARTESIAN_POINT ( 'NONE',  ( 18.59150718393674495, 0.000000000000000000, -30.00000000000000711 ) ) ;
#186 = VERTEX_POINT ( 'NONE', #183 ) ;
#187 = ORIENTED_EDGE ( 'NONE', *, *, #105, .F. ) ;
#188 = DIRECTION ( 'NONE',  ( 0.000000000000000000, -1.000000000000000000, 1.084202172485504434E-16 ) ) ;
#189 = ORIENTED_EDGE ( 'NONE', *, *, #4283, .T. ) ;
#190 = EDGE_LOOP ( 'NONE', ( #2553, #2710, #1440, #1042 ) ) ;
#191 = EDGE_CURVE ( 'NONE', #1353, #3746, #2390, .T. ) ;
#192 = CARTESIAN_POINT ( 'NONE',  ( 42.04188619865061582, 3.671782008058153135, 5.000000000000000000 ) ) ;
#193 = AXIS2_PLACEMENT_3D ( 'NONE', #2617, #411, #1201 ) ;
#194 = CARTESIAN_POINT ( 'NONE',  ( 22.50000000000000000, -13.49999999999999822, 24.30000000000000782 ) ) ;
#195 = CARTESIAN_POINT ( 'NONE',  ( 44.50000000000001421, -42.54163056034263946, 29.00000000000000711 ) ) ;
#196 = DIRECTION ( 'NONE',  ( 0.000000000000000000, 1.000000000000000000, 0.000000000000000000 ) ) ;
#197 = VERTEX_POINT ( 'NONE', #1259 ) ;
#198 = ADVANCED_FACE ( 'NONE', ( #3069 ), #4443, .T. ) ;
#199 = FACE_OUTER_BOUND ( 'NONE', #1654, .T. ) ;
#200 = FACE_OUTER_BOUND ( 'NONE', #145, .T. ) ;
#201 = DIRECTION ( 'NONE',  ( -0.000000000000000000, -1.000000000000000000, -0.000000000000000000 ) ) ;
#202 = VERTEX_POINT ( 'NONE', #829 ) ;
#203 = CARTESIAN_POINT ( 'NONE',  ( 45.50000000000001421, -22.00000000000000000, 3.091507183936761827 ) ) ;
#204 = VERTEX_POINT ( 'NONE', #4110 ) ;
#205 = CIRCLE ( 'NONE', #126, 2.500000000000005773 ) ;
#206 = LINE ( 'NONE', #3417, #4467 ) ;
#207 = FACE_OUTER_BOUND ( 'NONE', #2887, .T. ) ;
#208 = CARTESIAN_POINT ( 'NONE',  ( 42.01558492405640521, 2.241982647174705967, -4.260405075992329316 ) ) ;
#209 = EDGE_CURVE ( 'NONE', #946, #572, #3134, .T. ) ;
#210 = ORIENTED_EDGE ( 'NONE', *, *, #2135, .T. ) ;
#211 = CIRCLE ( 'NONE', #4322, 1.750000000000005107 ) ;
#212 = EDGE_LOOP ( 'NONE', ( #4521, #1841 ) ) ;
#213 = CARTESIAN_POINT ( 'NONE',  ( -27.50000000000001776, -22.00000000000000000, 22.60000000000000853 ) ) ;
#214 = AXIS2_PLACEMENT_3D ( 'NONE', #4298, #415, #782 ) ;
#215 = ORIENTED_EDGE ( 'NONE', *, *, #4266, .T. ) ;
#216 = VERTEX_POINT ( 'NONE', #1536 ) ;
#217 = AXIS2_PLACEMENT_3D ( 'NONE', #4076, #4526, #3407 ) ;
#218 = CARTESIAN_POINT ( 'NONE',  ( -42.00000000000000711, 2.999999999999999112, 30.00000000000001066 ) ) ;
#219 = EDGE_CURVE ( 'NONE', #1351, #3605, #3766, .T. ) ;
#220 = CARTESIAN_POINT ( 'NONE',  ( 6.500000000000002665, -39.31465829649864929, 30.00000000000001066 ) ) ;
#221 = CARTESIAN_POINT ( 'NONE',  ( -46.12432983716945500, 4.000000000000000000, 10.13115200650949888 ) ) ;
#222 = DIRECTION ( 'NONE',  ( 0.000000000000000000, 1.000000000000000000, 0.000000000000000000 ) ) ;
#223 = VERTEX_POINT ( 'NONE', #1943 ) ;
#224 = CARTESIAN_POINT ( 'NONE',  ( 85.50000000000001421, 15.00000000000000000, -3.091507183936761827 ) ) ;
#225 = DIRECTION ( 'NONE',  ( 0.000000000000000000, 1.000000000000000000, 0.000000000000000000 ) ) ;
#226 = ADVANCED_FACE ( 'NONE', ( #4134 ), #460, .T. ) ;
#227 = DIRECTION ( 'NONE',  ( 1.000000000000000000, 0.000000000000000000, -4.885417284221725125E-16 ) ) ;
#228 = CARTESIAN_POINT ( 'NONE',  ( -44.50000000000001421, -6.000000000000000000, 29.00000000000000711 ) ) ;
#229 = ORIENTED_EDGE ( 'NONE', *, *, #3089, .F. ) ;
#230 = PLANE ( 'NONE',  #2312 ) ;
#231 = LINE ( 'NONE', #1657, #3712 ) ;
#232 = CARTESIAN_POINT ( 'NONE',  ( 44.50000000000001421, -22.00000000000000355, -29.00000000000000711 ) ) ;
#233 = ORIENTED_EDGE ( 'NONE', *, *, #254, .F. ) ;
#234 = ORIENTED_EDGE ( 'NONE', *, *, #4210, .F. ) ;
#235 = CARTESIAN_POINT ( 'NONE',  ( -44.50000000000001421, -22.00000000000000355, -29.00000000000000711 ) ) ;
#236 = EDGE_CURVE ( 'NONE', #2297, #1790, #109, .T. ) ;
#237 = ORIENTED_EDGE ( 'NONE', *, *, #2413, .T. ) ;
#238 = EDGE_LOOP ( 'NONE', ( #1770, #3138, #2845, #4344 ) ) ;
#239 = CARTESIAN_POINT ( 'NONE',  ( 42.02384130253816608, 2.510669078557897116, 4.534177089409962669 ) ) ;
#240 = SHAPE_DEFINITION_REPRESENTATION ( #4559, #2201 ) ;
#241 = DIRECTION ( 'NONE',  ( 0.000000000000000000, 1.000000000000000000, 0.000000000000000000 ) ) ;
#242 = FACE_OUTER_BOUND ( 'NONE', #2889, .T. ) ;
#243 = CARTESIAN_POINT ( 'NONE',  ( 85.50000000000001421, 4.000000000000000000, -3.091507183936761827 ) ) ;
#244 = EDGE_LOOP ( 'NONE', ( #4208, #1526 ) ) ;
#245 = FACE_OUTER_BOUND ( 'NONE', #1113, .T. ) ;
#246 = CYLINDRICAL_SURFACE ( 'NONE', #169, 43.50000000000000711 ) ;
#247 = VECTOR ( 'NONE', #2780, 1000.000000000000000 ) ;
#248 = VECTOR ( 'NONE', #2098, 1000.000000000000000 ) ;
#249 = CARTESIAN_POINT ( 'NONE',  ( 44.50000000000001421, 0.000000000000000000, -29.00000000000000711 ) ) ;
#250 = DIRECTION ( 'NONE',  ( 0.000000000000000000, 0.000000000000000000, 1.000000000000000000 ) ) ;
#251 = VERTEX_POINT ( 'NONE', #2624 ) ;
#252 = PRODUCT_DEFINITION_FORMATION_WITH_SPECIFIED_SOURCE ( 'ANY', '', #4595, .NOT_KNOWN. ) ;
#253 = AXIS2_PLACEMENT_3D ( 'NONE', #461, #4065, #2231 ) ;
#254 = EDGE_CURVE ( 'NONE', #3961, #884, #4039, .T. ) ;
#255 = CARTESIAN_POINT ( 'NONE',  ( 15.00000000000000178, 4.000000000000000000, -30.00000000000000000 ) ) ;
#256 = DIRECTION ( 'NONE',  ( 0.000000000000000000, 0.000000000000000000, -1.000000000000000000 ) ) ;
#257 = FACE_OUTER_BOUND ( 'NONE', #3854, .T. ) ;
#258 = VECTOR ( 'NONE', #3853, 1000.000000000000000 ) ;
#259 = VECTOR ( 'NONE', #2217, 1000.000000000000000 ) ;
#260 = ORIENTED_EDGE ( 'NONE', *, *, #339, .T. ) ;
#261 = DIRECTION ( 'NONE',  ( -0.000000000000000000, -1.000000000000000000, -0.000000000000000000 ) ) ;
#262 = EDGE_CURVE ( 'NONE', #819, #3168, #211, .T. ) ;
#263 = ORIENTED_EDGE ( 'NONE', *, *, #2318, .F. ) ;
#264 = ORIENTED_EDGE ( 'NONE', *, *, #477, .T. ) ;
#265 = CARTESIAN_POINT ( 'NONE',  ( 42.04188619865061582, 3.800000000000014477, 4.999999999999999112 ) ) ;
#266 = VERTEX_POINT ( 'NONE', #2443 ) ;
#267 = CARTESIAN_POINT ( 'NONE',  ( 44.50000000000001421, -2.999999999999998224, 29.00000000000000711 ) ) ;
#268 = LINE ( 'NONE', #3875, #248 ) ;
#269 = ADVANCED_FACE ( 'NONE', ( #4157 ), #230, .F. ) ;
#270 = DIRECTION ( 'NONE',  ( -0.000000000000000000, 1.000000000000000000, -0.000000000000000000 ) ) ;
#271 = DIRECTION ( 'NONE',  ( 0.000000000000000000, -1.000000000000000000, 0.000000000000000000 ) ) ;
#272 = CARTESIAN_POINT ( 'NONE',  ( 55.50000000000001421, 12.26513208105595076, 5.000000000000000000 ) ) ;
#273 = VERTEX_POINT ( 'NONE', #670 ) ;
#274 = DIRECTION ( 'NONE',  ( 0.000000000000000000, 0.000000000000000000, 1.000000000000000000 ) ) ;
#275 = AXIS2_PLACEMENT_3D ( 'NONE', #755, #3312, #1840 ) ;
#276 = ORIENTED_EDGE ( 'NONE', *, *, #2187, .T. ) ;
#277 = CIRCLE ( 'NONE', #2151, 1.750000000000005107 ) ;
#278 = DIRECTION ( 'NONE',  ( 0.000000000000000000, -1.000000000000000000, 0.000000000000000000 ) ) ;
#279 = DIRECTION ( 'NONE',  ( -1.000000000000000000, 0.000000000000000000, 0.000000000000000000 ) ) ;
#280 = CARTESIAN_POINT ( 'NONE',  ( -27.50000000000001776, -18.50000000000000000, 15.40000000000001101 ) ) ;
#281 = EDGE_CURVE ( 'NONE', #941, #4563, #321, .T. ) ;
#282 = AXIS2_PLACEMENT_3D ( 'NONE', #1019, #2829, #1793 ) ;
#283 = VECTOR ( 'NONE', #3310, 1000.000000000000000 ) ;
#284 = ORIENTED_EDGE ( 'NONE', *, *, #4258, .T. ) ;
#285 = CARTESIAN_POINT ( 'NONE',  ( -44.50000000000001421, -6.000000000000001776, -29.00000000000000711 ) ) ;
#286 = EDGE_CURVE ( 'NONE', #3194, #2043, #582, .T. ) ;
#287 = VERTEX_POINT ( 'NONE', #2466 ) ;
#288 = VECTOR ( 'NONE', #1656, 1000.000000000000000 ) ;
#289 = ORIENTED_EDGE ( 'NONE', *, *, #3416, .T. ) ;
#290 = DIRECTION ( 'NONE',  ( -0.000000000000000000, -1.000000000000000000, -0.000000000000000000 ) ) ;
#291 = MECHANICAL_DESIGN_GEOMETRIC_PRESENTATION_REPRESENTATION (  '', ( #3200 ), #3061 ) ;
#292 = ORIENTED_EDGE ( 'NONE', *, *, #950, .T. ) ;
#293 = CARTESIAN_POINT ( 'NONE',  ( 22.50000000000000000, -13.50000000000000000, 28.00000000000001066 ) ) ;
#294 = DIRECTION ( 'NONE',  ( -0.000000000000000000, 1.000000000000000000, -0.000000000000000000 ) ) ;
#295 = FACE_BOUND ( 'NONE', #4113, .T. ) ;
#296 = EDGE_CURVE ( 'NONE', #4027, #1439, #2366, .T. ) ;
#297 = LINE ( 'NONE', #1349, #4625 ) ;
#298 = ORIENTED_EDGE ( 'NONE', *, *, #2331, .T. ) ;
#299 = CARTESIAN_POINT ( 'NONE',  ( 44.50000000000001421, -2.999999999999998224, 29.00000000000000711 ) ) ;
#300 = ORIENTED_EDGE ( 'NONE', *, *, #3218, .F. ) ;
#301 = LINE ( 'NONE', #1355, #4092 ) ;
#302 = LINE ( 'NONE', #4203, #3341 ) ;
#303 = CYLINDRICAL_SURFACE ( 'NONE', #3467, 2.599999999999998312 ) ;
#304 = VERTEX_POINT ( 'NONE', #1401 ) ;
#305 = CARTESIAN_POINT ( 'NONE',  ( 20.00000000000000000, -13.49999999999999822, 24.30000000000000782 ) ) ;
#306 = ORIENTED_EDGE ( 'NONE', *, *, #4558, .F. ) ;
#307 = ORIENTED_EDGE ( 'NONE', *, *, #3056, .F. ) ;
#308 = LINE ( 'NONE', #4589, #1152 ) ;
#309 = EDGE_LOOP ( 'NONE', ( #2732, #3442, #4532, #4161 ) ) ;
#310 = DIRECTION ( 'NONE',  ( 0.000000000000000000, 1.000000000000000000, 0.000000000000000000 ) ) ;
#311 = FACE_OUTER_BOUND ( 'NONE', #1874, .T. ) ;
#312 = PLANE ( 'NONE',  #2199 ) ;
#313 = DIRECTION ( 'NONE',  ( 0.000000000000000000, 0.000000000000000000, -1.000000000000000000 ) ) ;
#314 = EDGE_CURVE ( 'NONE', #202, #3126, #603, .T. ) ;
#315 = VERTEX_POINT ( 'NONE', #3185 ) ;
#316 = DIRECTION ( 'NONE',  ( 0.000000000000000000, 1.000000000000000000, 0.000000000000000000 ) ) ;
#317 = ORIENTED_EDGE ( 'NONE', *, *, #3011, .T. ) ;
#318 = EDGE_LOOP ( 'NONE', ( #2919, #87, #4061, #3586 ) ) ;
#319 = VECTOR ( 'NONE', #491, 1000.000000000000000 ) ;
#320 = EDGE_CURVE ( 'NONE', #987, #3518, #3055, .T. ) ;
#321 = LINE ( 'NONE', #3117, #4170 ) ;
#322 = AXIS2_PLACEMENT_3D ( 'NONE', #2557, #4062, #3646 ) ;
#323 = DIRECTION ( 'NONE',  ( -0.000000000000000000, -0.000000000000000000, -1.000000000000000000 ) ) ;
#324 = CARTESIAN_POINT ( 'NONE',  ( 45.50000000000001421, 15.00000000000000000, -26.50000000000000711 ) ) ;
#325 = AXIS2_PLACEMENT_3D ( 'NONE', #3106, #1344, #2429 ) ;
#326 = CIRCLE ( 'NONE', #2576, 2.500000000000002220 ) ;
#327 = EDGE_CURVE ( 'NONE', #315, #1089, #2104, .T. ) ;
#328 = VECTOR ( 'NONE', #1919, 1000.000000000000000 ) ;
#329 = ORIENTED_EDGE ( 'NONE', *, *, #2575, .T. ) ;
#330 = LINE ( 'NONE', #2490, #1220 ) ;
#331 = CARTESIAN_POINT ( 'NONE',  ( 85.50000000000001421, 15.00000000000000000, -3.091507183936761827 ) ) ;
#332 = VERTEX_POINT ( 'NONE', #1708 ) ;
#333 = ORIENTED_EDGE ( 'NONE', *, *, #2898, .T. ) ;
#334 = AXIS2_PLACEMENT_3D ( 'NONE', #3664, #3734, #2294 ) ;
#335 = ORIENTED_EDGE ( 'NONE', *, *, #4266, .F. ) ;
#336 = CARTESIAN_POINT ( 'NONE',  ( -58.34927731208833279, 0.000000000000000000, -37.51000000000001933 ) ) ;
#337 = AXIS2_PLACEMENT_3D ( 'NONE', #3131, #3153, #1415 ) ;
#338 = CARTESIAN_POINT ( 'NONE',  ( 19.50000000000000355, -7.000000000000000000, 30.01031832080728989 ) ) ;
#339 = EDGE_CURVE ( 'NONE', #3302, #2363, #648, .T. ) ;
#340 = CARTESIAN_POINT ( 'NONE',  ( 42.04188619865060872, 4.000000000000000000, -5.000000000000000888 ) ) ;
#341 = DIRECTION ( 'NONE',  ( 0.000000000000000000, 0.000000000000000000, -1.000000000000000000 ) ) ;
#342 = DIRECTION ( 'NONE',  ( 0.000000000000000000, -0.000000000000000000, 1.000000000000000000 ) ) ;
#343 = EDGE_CURVE ( 'NONE', #3128, #1089, #301, .T. ) ;
#344 = VERTEX_POINT ( 'NONE', #4560 ) ;
#345 = ORIENTED_EDGE ( 'NONE', *, *, #2660, .F. ) ;
#346 = AXIS2_PLACEMENT_3D ( 'NONE', #1864, #2173, #2922 ) ;
#347 = CARTESIAN_POINT ( 'NONE',  ( 44.50000000000001421, -22.00000000000000355, -29.00000000000000711 ) ) ;
#348 = LINE ( 'NONE', #1403, #424 ) ;
#349 = CARTESIAN_POINT ( 'NONE',  ( 45.52592858655267349, 2.510665572404139123, 4.534173856549316817 ) ) ;
#350 = CIRCLE ( 'NONE', #1400, 40.00000000000000711 ) ;
#351 = VERTEX_POINT ( 'NONE', #2040 ) ;
#352 = CARTESIAN_POINT ( 'NONE',  ( 44.50000000000001421, -2.999999999999998224, 29.00000000000000711 ) ) ;
#353 = FACE_OUTER_BOUND ( 'NONE', #2462, .T. ) ;
#354 = EDGE_CURVE ( 'NONE', #1103, #2719, #2018, .T. ) ;
#355 = ORIENTED_EDGE ( 'NONE', *, *, #561, .F. ) ;
#356 = ORIENTED_EDGE ( 'NONE', *, *, #1493, .F. ) ;
#357 = CIRCLE ( 'NONE', #3051, 2.599999999999998312 ) ;
#358 = EDGE_LOOP ( 'NONE', ( #3991, #4288, #653, #3976 ) ) ;
#359 = AXIS2_PLACEMENT_3D ( 'NONE', #569, #4255, #699 ) ;
#360 = CYLINDRICAL_SURFACE ( 'NONE', #164, 4.999999999999993783 ) ;
#361 = DIRECTION ( 'NONE',  ( 0.000000000000000000, 0.000000000000000000, -1.000000000000000000 ) ) ;
#362 = ORIENTED_EDGE ( 'NONE', *, *, #3974, .F. ) ;
#363 = AXIS2_PLACEMENT_3D ( 'NONE', #3042, #2690, #3718 ) ;
#364 = LINE ( 'NONE', #4622, #3389 ) ;
#365 = EDGE_CURVE ( 'NONE', #3004, #3892, #2767, .T. ) ;
#366 = CARTESIAN_POINT ( 'NONE',  ( -14.99999999999999289, 0.000000000000000000, -26.50000000000000711 ) ) ;
#367 = CARTESIAN_POINT ( 'NONE',  ( 44.50000000000001421, -19.99999999999999645, 29.00000000000000711 ) ) ;
#368 = AXIS2_PLACEMENT_3D ( 'NONE', #2734, #3155, #4153 ) ;
#369 = EDGE_LOOP ( 'NONE', ( #932, #3608, #3030, #522 ) ) ;
#370 = ORIENTED_EDGE ( 'NONE', *, *, #523, .T. ) ;
#371 = EDGE_CURVE ( 'NONE', #1341, #4446, #4248, .T. ) ;
#372 = CARTESIAN_POINT ( 'NONE',  ( 45.50000000000001421, 0.000000000000000000, 26.50000000000001066 ) ) ;
#373 = DIRECTION ( 'NONE',  ( 0.000000000000000000, 0.000000000000000000, -1.000000000000000000 ) ) ;
#374 = FACE_OUTER_BOUND ( 'NONE', #4601, .T. ) ;
#375 = ADVANCED_FACE ( 'NONE', ( #3491 ), #3791, .T. ) ;
#376 = CARTESIAN_POINT ( 'NONE',  ( -45.50000000000001421, -22.00000000000000000, -3.091507183936765379 ) ) ;
#377 = DIRECTION ( 'NONE',  ( 0.000000000000000000, 1.000000000000000000, 0.000000000000000000 ) ) ;
#378 = ORIENTED_EDGE ( 'NONE', *, *, #1870, .F. ) ;
#379 = VERTEX_POINT ( 'NONE', #3883 ) ;
#380 = EDGE_CURVE ( 'NONE', #3761, #379, #3090, .T. ) ;
#381 = VERTEX_POINT ( 'NONE', #1379 ) ;
#382 = DIRECTION ( 'NONE',  ( -1.000000000000000000, 0.000000000000000000, 0.000000000000000000 ) ) ;
#383 = DIRECTION ( 'NONE',  ( 0.000000000000000000, 0.000000000000000000, -1.000000000000000000 ) ) ;
#384 = ORIENTED_EDGE ( 'NONE', *, *, #3003, .T. ) ;
#385 = DIRECTION ( 'NONE',  ( -0.000000000000000000, -0.000000000000000000, -1.000000000000000000 ) ) ;
#386 = CARTESIAN_POINT ( 'NONE',  ( -18.59150718393674495, 15.00000000000000000, 70.00000000000000000 ) ) ;
#387 = LINE ( 'NONE', #1814, #1917 ) ;
#388 = ORIENTED_EDGE ( 'NONE', *, *, #2667, .T. ) ;
#389 = ORIENTED_EDGE ( 'NONE', *, *, #2407, .T. ) ;
#390 = CARTESIAN_POINT ( 'NONE',  ( 55.50000000000001421, 1.800000000000000044, -2.999999999999986677 ) ) ;
#391 = CARTESIAN_POINT ( 'NONE',  ( -18.59150718393674850, -18.50000000000000355, -26.50000000000000711 ) ) ;
#392 = CYLINDRICAL_SURFACE ( 'NONE', #2570, 3.500000000000004885 ) ;
#393 = EDGE_CURVE ( 'NONE', #3605, #2189, #1306, .T. ) ;
#394 = CARTESIAN_POINT ( 'NONE',  ( -44.50000000000001421, -2.999999999999998224, 29.00000000000000711 ) ) ;
#395 = VECTOR ( 'NONE', #3936, 1000.000000000000000 ) ;
#396 = CARTESIAN_POINT ( 'NONE',  ( -44.50000000000001421, -18.50000000000000000, 29.00000000000000711 ) ) ;
#397 = CARTESIAN_POINT ( 'NONE',  ( -3.500000000000016875, -15.00000000000000178, 15.40000000000000924 ) ) ;
#398 = VECTOR ( 'NONE', #3459, 1000.000000000000000 ) ;
#399 = CARTESIAN_POINT ( 'NONE',  ( -9.999999999999992895, -9.000000000000000000, -26.50000000000000711 ) ) ;
#400 = VECTOR ( 'NONE', #2917, 1000.000000000000000 ) ;
#401 = ORIENTED_EDGE ( 'NONE', *, *, #2482, .F. ) ;
#402 = ORIENTED_EDGE ( 'NONE', *, *, #3623, .T. ) ;
#403 = AXIS2_PLACEMENT_3D ( 'NONE', #3583, #377, #1828 ) ;
#404 = ADVANCED_FACE ( 'NONE', ( #2394 ), #1333, .F. ) ;
#405 = ORIENTED_EDGE ( 'NONE', *, *, #3100, .T. ) ;
#406 = DIRECTION ( 'NONE',  ( 0.000000000000000000, -0.000000000000000000, 1.000000000000000000 ) ) ;
#407 = CIRCLE ( 'NONE', #2506, 40.00000000000000000 ) ;
#408 = VERTEX_POINT ( 'NONE', #3993 ) ;
#409 = CARTESIAN_POINT ( 'NONE',  ( -85.50000000000001421, -18.50000000000000355, 3.091507183936761827 ) ) ;
#410 = CARTESIAN_POINT ( 'NONE',  ( -44.50000000000001421, -6.000000000000001776, 26.50000000000000711 ) ) ;
#411 = DIRECTION ( 'NONE',  ( -0.000000000000000000, -1.000000000000000000, -0.000000000000000000 ) ) ;
#412 = EDGE_CURVE ( 'NONE', #3961, #1101, #4269, .T. ) ;
#413 = VERTEX_POINT ( 'NONE', #2177 ) ;
#414 = ORIENTED_EDGE ( 'NONE', *, *, #981, .F. ) ;
#415 = DIRECTION ( 'NONE',  ( 0.000000000000000000, -1.084202172485504434E-16, -1.000000000000000000 ) ) ;
#416 = CARTESIAN_POINT ( 'NONE',  ( 44.50000000000001421, -18.50000000000000000, 29.00000000000000711 ) ) ;
#417 = DIRECTION ( 'NONE',  ( -0.000000000000000000, -0.000000000000000000, -1.000000000000000000 ) ) ;
#418 = EDGE_CURVE ( 'NONE', #790, #1279, #2130, .T. ) ;
#419 = FACE_OUTER_BOUND ( 'NONE', #4102, .T. ) ;
#420 = CARTESIAN_POINT ( 'NONE',  ( 0.000000000000000000, -22.00000000000000000, 0.000000000000000000 ) ) ;
#421 = DIRECTION ( 'NONE',  ( 0.000000000000000000, 1.000000000000000000, 0.000000000000000000 ) ) ;
#422 = ORIENTED_EDGE ( 'NONE', *, *, #2822, .T. ) ;
#423 = VERTEX_POINT ( 'NONE', #1797 ) ;
#424 = VECTOR ( 'NONE', #4225, 1000.000000000000000 ) ;
#425 = ORIENTED_EDGE ( 'NONE', *, *, #2620, .T. ) ;
#426 = CARTESIAN_POINT ( 'NONE',  ( 6.500000000000005329, 15.00000000000000000, 26.50000000000001066 ) ) ;
#427 = DIRECTION ( 'NONE',  ( 0.000000000000000000, 0.000000000000000000, 1.000000000000000000 ) ) ;
#428 = ADVANCED_FACE ( 'NONE', ( #2577 ), #3209, .T. ) ;
#429 = AXIS2_PLACEMENT_3D ( 'NONE', #4198, #2102, #3573 ) ;
#430 = AXIS2_PLACEMENT_3D ( 'NONE', #4364, #452, #1573 ) ;
#431 = DIRECTION ( 'NONE',  ( -0.000000000000000000, -1.000000000000000000, -0.000000000000000000 ) ) ;
#432 = CYLINDRICAL_SURFACE ( 'NONE', #4073, 8.500000000000010658 ) ;
#433 = ORIENTED_EDGE ( 'NONE', *, *, #4175, .F. ) ;
#434 = ORIENTED_EDGE ( 'NONE', *, *, #3581, .T. ) ;
#435 = AXIS2_PLACEMENT_3D ( 'NONE', #1848, #2928, #2582 ) ;
#436 = ADVANCED_FACE ( 'NONE', ( #2153 ), #4325, .T. ) ;
#437 = EDGE_CURVE ( 'NONE', #3145, #273, #2879, .T. ) ;
#438 = FILL_AREA_STYLE ('',( #2530 ) ) ;
#439 = CARTESIAN_POINT ( 'NONE',  ( 22.50000000000000000, -13.49999999999999822, 26.50000000000001066 ) ) ;
#440 = FACE_OUTER_BOUND ( 'NONE', #4188, .T. ) ;
#441 = FACE_OUTER_BOUND ( 'NONE', #2504, .T. ) ;
#442 = DIRECTION ( 'NONE',  ( -0.000000000000000000, 0.000000000000000000, 1.000000000000000000 ) ) ;
#443 = FACE_OUTER_BOUND ( 'NONE', #864, .T. ) ;
#444 = ORIENTED_EDGE ( 'NONE', *, *, #1800, .F. ) ;
#445 = EDGE_LOOP ( 'NONE', ( #2799, #4401, #1456, #1507 ) ) ;
#446 = ORIENTED_EDGE ( 'NONE', *, *, #4026, .T. ) ;
#447 = FACE_OUTER_BOUND ( 'NONE', #309, .T. ) ;
#448 = CARTESIAN_POINT ( 'NONE',  ( 39.95933631058686331, -22.00000000000000000, 36.18556701030929901 ) ) ;
#449 = VERTEX_POINT ( 'NONE', #1133 ) ;
#450 = EDGE_CURVE ( 'NONE', #3789, #8, #2925, .T. ) ;
#451 = DIRECTION ( 'NONE',  ( 0.000000000000000000, 1.000000000000000000, 0.000000000000000000 ) ) ;
#452 = DIRECTION ( 'NONE',  ( 0.000000000000000000, -1.000000000000000000, 0.000000000000000000 ) ) ;
#453 = DIRECTION ( 'NONE',  ( -0.000000000000000000, 1.000000000000000000, -0.000000000000000000 ) ) ;
#454 = ORIENTED_EDGE ( 'NONE', *, *, #2184, .T. ) ;
#455 = LINE ( 'NONE', #4389, #1300 ) ;
#456 = ADVANCED_FACE ( 'NONE', ( #3643 ), #4346, .F. ) ;
#457 = DIRECTION ( 'NONE',  ( 0.000000000000000000, 0.000000000000000000, 1.000000000000000000 ) ) ;
#458 = CARTESIAN_POINT ( 'NONE',  ( -44.50000000000001421, -19.99999999999999645, -29.00000000000000711 ) ) ;
#459 = CARTESIAN_POINT ( 'NONE',  ( -44.50000000000001421, -22.00000000000000000, -37.50000000000002132 ) ) ;
#460 = PLANE ( 'NONE',  #3577 ) ;
#461 = CARTESIAN_POINT ( 'NONE',  ( -15.50000000000001776, -22.00000000000000000, 20.00000000000001066 ) ) ;
#462 = CARTESIAN_POINT ( 'NONE',  ( 42.00000000000000711, 15.00000000000000000, -3.091507183936765379 ) ) ;
#463 = CARTESIAN_POINT ( 'NONE',  ( -27.50000000000001776, -15.00000000000000178, 20.00000000000001066 ) ) ;
#464 = ADVANCED_FACE ( 'NONE', ( #3578 ), #2903, .F. ) ;
#465 = ORIENTED_EDGE ( 'NONE', *, *, #1737, .F. ) ;
#466 = MANIFOLD_SOLID_BREP ( 'Move Face1', #1937 ) ;
#467 = AXIS2_PLACEMENT_3D ( 'NONE', #3589, #511, #1921 ) ;
#468 = AXIS2_PLACEMENT_3D ( 'NONE', #3084, #2781, #2805 ) ;
#469 = AXIS2_PLACEMENT_3D ( 'NONE', #661, #2406, #2477 ) ;
#470 = ORIENTED_EDGE ( 'NONE', *, *, #2420, .T. ) ;
#471 = LINE ( 'NONE', #495, #2645 ) ;
#472 = VECTOR ( 'NONE', #1561, 1000.000000000000000 ) ;
#473 = CYLINDRICAL_SURFACE ( 'NONE', #2426, 4.600000000000001421 ) ;
#474 = ORIENTED_EDGE ( 'NONE', *, *, #4152, .F. ) ;
#475 = CARTESIAN_POINT ( 'NONE',  ( 44.50000000000001421, -18.50000000000000000, 29.00000000000000711 ) ) ;
#476 = CIRCLE ( 'NONE', #2356, 2.500000000000005773 ) ;
#477 = EDGE_CURVE ( 'NONE', #3802, #1598, #61, .T. ) ;
#478 = DIRECTION ( 'NONE',  ( -0.000000000000000000, 1.000000000000000000, -0.000000000000000000 ) ) ;
#479 = DIRECTION ( 'NONE',  ( 0.000000000000000000, -1.000000000000000000, 0.000000000000000000 ) ) ;
#480 = EDGE_LOOP ( 'NONE', ( #934, #3714, #686, #3700 ) ) ;
#481 = CIRCLE ( 'NONE', #619, 2.500000000000002220 ) ;
#482 = DIRECTION ( 'NONE',  ( 0.000000000000000000, 1.000000000000000000, 0.000000000000000000 ) ) ;
#483 = EDGE_CURVE ( 'NONE', #3330, #3028, #1490, .T. ) ;
#484 = FACE_OUTER_BOUND ( 'NONE', #4166, .T. ) ;
#485 = ORIENTED_EDGE ( 'NONE', *, *, #1028, .T. ) ;
#486 = CARTESIAN_POINT ( 'NONE',  ( -3.500000000000016875, -11.99999999999999822, 20.00000000000001066 ) ) ;
#487 = EDGE_CURVE ( 'NONE', #4410, #3188, #2508, .T. ) ;
#488 = CARTESIAN_POINT ( 'NONE',  ( 9.500000000000001776, 1.734723475976807094E-15, 26.50000000000001066 ) ) ;
#489 = DIRECTION ( 'NONE',  ( 0.000000000000000000, -0.000000000000000000, 1.000000000000000000 ) ) ;
#490 = DIRECTION ( 'NONE',  ( -0.000000000000000000, -1.000000000000000000, -0.000000000000000000 ) ) ;
#491 = DIRECTION ( 'NONE',  ( 1.000000000000000000, 0.000000000000000000, -0.000000000000000000 ) ) ;
#492 = ORIENTED_EDGE ( 'NONE', *, *, #609, .T. ) ;
#493 = ADVANCED_FACE ( 'NONE', ( #484 ), #2338, .T. ) ;
#494 = ORIENTED_EDGE ( 'NONE', *, *, #1337, .F. ) ;
#495 = CARTESIAN_POINT ( 'NONE',  ( 42.57211781330950373, 4.000000000000000000, -10.12335836023591007 ) ) ;
#496 = AXIS2_PLACEMENT_3D ( 'NONE', #1129, #479, #57 ) ;
#497 = ORIENTED_EDGE ( 'NONE', *, *, #2554, .F. ) ;
#498 = CARTESIAN_POINT ( 'NONE',  ( 9.500000000000001776, -13.49999999999999822, 28.00000000000001066 ) ) ;
#499 = CARTESIAN_POINT ( 'NONE',  ( 44.50000000000001421, -2.999999999999998224, -29.00000000000000711 ) ) ;
#500 = CARTESIAN_POINT ( 'NONE',  ( 44.50000000000001421, -19.99999999999999645, -29.00000000000000711 ) ) ;
#501 = AXIS2_PLACEMENT_3D ( 'NONE', #249, #3878, #973 ) ;
#502 = ADVANCED_FACE ( 'NONE', ( #4390 ), #2248, .F. ) ;
#503 = DIRECTION ( 'NONE',  ( 0.000000000000000000, -1.000000000000000000, 1.084202172485504434E-16 ) ) ;
#504 = CARTESIAN_POINT ( 'NONE',  ( -27.50000000000001776, -15.00000000000000178, 20.00000000000001066 ) ) ;
#505 = ORIENTED_EDGE ( 'NONE', *, *, #977, .F. ) ;
#506 = DIRECTION ( 'NONE',  ( -0.000000000000000000, 1.000000000000000000, -0.000000000000000000 ) ) ;
#507 = CIRCLE ( 'NONE', #3727, 40.00000000000000000 ) ;
#508 = CARTESIAN_POINT ( 'NONE',  ( 44.50000000000001421, -2.999999999999999112, -29.00000000000000711 ) ) ;
#509 = DIRECTION ( 'NONE',  ( 0.000000000000000000, 1.000000000000000000, 0.000000000000000000 ) ) ;
#510 = DIRECTION ( 'NONE',  ( -0.000000000000000000, 1.000000000000000000, -0.000000000000000000 ) ) ;
#511 = DIRECTION ( 'NONE',  ( -0.000000000000000000, 1.000000000000000000, -0.000000000000000000 ) ) ;
#512 = ORIENTED_EDGE ( 'NONE', *, *, #3772, .T. ) ;
#513 = ORIENTED_EDGE ( 'NONE', *, *, #450, .T. ) ;
#514 = DIRECTION ( 'NONE',  ( 0.000000000000000000, 0.000000000000000000, 1.000000000000000000 ) ) ;
#515 = ADVANCED_FACE ( 'NONE', ( #2971 ), #4369, .T. ) ;
#516 = ORIENTED_EDGE ( 'NONE', *, *, #1032, .T. ) ;
#517 = ADVANCED_FACE ( 'NONE', ( #106, #874 ), #1205, .T. ) ;
#518 = DIRECTION ( 'NONE',  ( 0.000000000000000000, 0.000000000000000000, 1.000000000000000000 ) ) ;
#519 = CYLINDRICAL_SURFACE ( 'NONE', #430, 40.00000000000000000 ) ;
#520 = DIRECTION ( 'NONE',  ( 0.000000000000000000, 0.000000000000000000, 1.000000000000000000 ) ) ;
#521 = DIRECTION ( 'NONE',  ( -0.000000000000000000, 1.000000000000000000, -0.000000000000000000 ) ) ;
#522 = ORIENTED_EDGE ( 'NONE', *, *, #1455, .F. ) ;
#523 = EDGE_CURVE ( 'NONE', #826, #1341, #139, .T. ) ;
#524 = DIRECTION ( 'NONE',  ( 0.000000000000000000, 0.000000000000000000, -1.000000000000000000 ) ) ;
#525 = DIRECTION ( 'NONE',  ( 0.000000000000000000, -1.000000000000000000, -1.024628711853730936E-16 ) ) ;
#526 = ORIENTED_EDGE ( 'NONE', *, *, #327, .F. ) ;
#527 = DIRECTION ( 'NONE',  ( 0.000000000000000000, 0.000000000000000000, 1.000000000000000000 ) ) ;
#528 = ORIENTED_EDGE ( 'NONE', *, *, #3876, .F. ) ;
#529 = CARTESIAN_POINT ( 'NONE',  ( 45.50000000000001421, 0.000000000000000000, 30.00000000000001066 ) ) ;
#530 = CARTESIAN_POINT ( 'NONE',  ( -18.59150718393674495, 15.00000000000000000, -70.00000000000000000 ) ) ;
#531 = PLANE ( 'NONE',  #3308 ) ;
#532 = EDGE_CURVE ( 'NONE', #1995, #381, #1578, .T. ) ;
#533 = VERTEX_POINT ( 'NONE', #2621 ) ;
#534 = ORIENTED_EDGE ( 'NONE', *, *, #4262, .F. ) ;
#535 = PLANE ( 'NONE',  #2501 ) ;
#536 = EDGE_CURVE ( 'NONE', #735, #1659, #2601, .T. ) ;
#537 = ORIENTED_EDGE ( 'NONE', *, *, #646, .T. ) ;
#538 = AXIS2_PLACEMENT_3D ( 'NONE', #1261, #2769, #3044 ) ;
#539 = EDGE_CURVE ( 'NONE', #3194, #3101, #2321, .T. ) ;
#540 = DIRECTION ( 'NONE',  ( 0.000000000000000000, 1.000000000000000000, 0.000000000000000000 ) ) ;
#541 = VECTOR ( 'NONE', #3018, 1000.000000000000000 ) ;
#542 = CARTESIAN_POINT ( 'NONE',  ( 25.50000000000000000, -18.50000000000000000, 21.50000000000000355 ) ) ;
#543 = CARTESIAN_POINT ( 'NONE',  ( -85.50000000000001421, 4.000000000000000000, 3.091507183936761827 ) ) ;
#544 = AXIS2_PLACEMENT_3D ( 'NONE', #4406, #2635, #518 ) ;
#545 = CARTESIAN_POINT ( 'NONE',  ( -44.50000000000001421, -42.54163056034264656, -29.00000000000000711 ) ) ;
#546 = CIRCLE ( 'NONE', #1142, 4.999999999999997335 ) ;
#547 = ORIENTED_EDGE ( 'NONE', *, *, #343, .F. ) ;
#548 = CARTESIAN_POINT ( 'NONE',  ( 19.50000000000000355, -7.000000000000000000, 30.01031832080728989 ) ) ;
#549 = CARTESIAN_POINT ( 'NONE',  ( -44.50000000000001421, -42.54163056034264656, -20.49999999999999645 ) ) ;
#550 = AXIS2_PLACEMENT_3D ( 'NONE', #4331, #3998, #2208 ) ;
#551 = ADVANCED_FACE ( 'NONE', ( #4060, #552 ), #3342, .T. ) ;
#552 = FACE_BOUND ( 'NONE', #4141, .T. ) ;
#553 = EDGE_LOOP ( 'NONE', ( #4279, #3462, #3610, #4212 ) ) ;
#554 = CARTESIAN_POINT ( 'NONE',  ( -85.50000000000001421, 0.000000000000000000, 3.091507183936761827 ) ) ;
#555 = ORIENTED_EDGE ( 'NONE', *, *, #3100, .F. ) ;
#556 = AXIS2_PLACEMENT_3D ( 'NONE', #637, #3501, #3172 ) ;
#557 = DIRECTION ( 'NONE',  ( 1.000000000000000000, 0.000000000000000000, 0.000000000000000000 ) ) ;
#558 = DIRECTION ( 'NONE',  ( -0.000000000000000000, -0.000000000000000000, 1.000000000000000000 ) ) ;
#559 = PLANE ( 'NONE',  #2049 ) ;
#560 = ORIENTED_EDGE ( 'NONE', *, *, #3785, .F. ) ;
#561 = EDGE_CURVE ( 'NONE', #4306, #3333, #507, .T. ) ;
#562 = VERTEX_POINT ( 'NONE', #2268 ) ;
#563 = CYLINDRICAL_SURFACE ( 'NONE', #3025, 2.500000000000002220 ) ;
#564 = EDGE_LOOP ( 'NONE', ( #3206, #1194, #3640, #1974 ) ) ;
#565 = DIRECTION ( 'NONE',  ( 0.000000000000000000, 1.000000000000000000, 0.000000000000000000 ) ) ;
#566 = EDGE_LOOP ( 'NONE', ( #3148, #666, #1277, #4565, #962, #401, #613, #1419 ) ) ;
#567 = CARTESIAN_POINT ( 'NONE',  ( 19.50000000000000355, 9.004083487752723158, 28.00000000000001066 ) ) ;
#568 = AXIS2_PLACEMENT_3D ( 'NONE', #3662, #2572, #3637 ) ;
#569 = CARTESIAN_POINT ( 'NONE',  ( 44.50000000000001421, -18.50000000000000000, -29.00000000000000711 ) ) ;
#570 = CYLINDRICAL_SURFACE ( 'NONE', #1382, 1.750000000000005107 ) ;
#571 = DIRECTION ( 'NONE',  ( 0.000000000000000000, -1.000000000000000000, 0.000000000000000000 ) ) ;
#572 = VERTEX_POINT ( 'NONE', #4438 ) ;
#573 = CARTESIAN_POINT ( 'NONE',  ( 45.50000000000002132, 1.802094487897897501, 3.091507183936769376 ) ) ;
#574 = CARTESIAN_POINT ( 'NONE',  ( 45.53684714403362221, 2.937031687249003209, -4.808667952221237663 ) ) ;
#575 = CIRCLE ( 'NONE', #3198, 4.999999999999997335 ) ;
#576 = DIRECTION ( 'NONE',  ( -1.000000000000000000, 0.000000000000000000, -0.000000000000000000 ) ) ;
#577 = CARTESIAN_POINT ( 'NONE',  ( 1.000000000000007772, 15.00000000000000000, -26.50000000000000711 ) ) ;
#578 = ORIENTED_EDGE ( 'NONE', *, *, #2898, .F. ) ;
#579 = VECTOR ( 'NONE', #691, 1000.000000000000000 ) ;
#580 = EDGE_CURVE ( 'NONE', #1876, #3782, #1258, .T. ) ;
#581 = AXIS2_PLACEMENT_3D ( 'NONE', #1678, #4531, #2060 ) ;
#582 = LINE ( 'NONE', #255, #2465 ) ;
#583 = DIRECTION ( 'NONE',  ( 0.000000000000000000, 0.000000000000000000, -1.000000000000000000 ) ) ;
#584 = CARTESIAN_POINT ( 'NONE',  ( 45.50000000000001421, 0.000000000000000000, -30.00000000000000711 ) ) ;
#585 = VERTEX_POINT ( 'NONE', #1559 ) ;
#586 = CIRCLE ( 'NONE', #1256, 40.00000000000000711 ) ;
#587 = ORIENTED_EDGE ( 'NONE', *, *, #1337, .T. ) ;
#588 = CARTESIAN_POINT ( 'NONE',  ( 44.50000000000001421, -42.54163056034264656, -20.49999999999999645 ) ) ;
#589 = ORIENTED_EDGE ( 'NONE', *, *, #3340, .F. ) ;
#590 = ORIENTED_EDGE ( 'NONE', *, *, #3369, .F. ) ;
#591 = DIRECTION ( 'NONE',  ( -0.000000000000000000, 1.000000000000000000, -0.000000000000000000 ) ) ;
#592 = CARTESIAN_POINT ( 'NONE',  ( -42.00000000000000711, 4.000000000000000000, 2.499999999999999112 ) ) ;
#593 = DIRECTION ( 'NONE',  ( 0.000000000000000000, 0.000000000000000000, 1.000000000000000000 ) ) ;
#594 = DIRECTION ( 'NONE',  ( 0.000000000000000000, 0.000000000000000000, -1.000000000000000000 ) ) ;
#595 = EDGE_CURVE ( 'NONE', #1439, #712, #1230, .T. ) ;
#596 = ORIENTED_EDGE ( 'NONE', *, *, #1478, .T. ) ;
#597 = DIRECTION ( 'NONE',  ( 0.000000000000000000, -1.000000000000000000, 0.000000000000000000 ) ) ;
#598 = CARTESIAN_POINT ( 'NONE',  ( 45.50000000000001421, -22.00000000000000000, 3.091507183936761827 ) ) ;
#599 = ORIENTED_EDGE ( 'NONE', *, *, #1060, .F. ) ;
#600 = FACE_OUTER_BOUND ( 'NONE', #2984, .T. ) ;
#601 = VERTEX_POINT ( 'NONE', #1601 ) ;
#602 = EDGE_CURVE ( 'NONE', #1533, #1130, #2838, .T. ) ;
#603 = LINE ( 'NONE', #1024, #877 ) ;
#604 = DIRECTION ( 'NONE',  ( 0.000000000000000000, 0.000000000000000000, -1.000000000000000000 ) ) ;
#605 = CARTESIAN_POINT ( 'NONE',  ( 42.00820452154236762, 2.032341933360154673, -3.944250035537601562 ) ) ;
#606 = ORIENTED_EDGE ( 'NONE', *, *, #4048, .F. ) ;
#607 = ORIENTED_EDGE ( 'NONE', *, *, #3144, .T. ) ;
#608 = CARTESIAN_POINT ( 'NONE',  ( -9.999999999999992895, -9.000000000000000000, -20.00000000000000355 ) ) ;
#609 = EDGE_CURVE ( 'NONE', #601, #3452, #3435, .T. ) ;
#610 = ORIENTED_EDGE ( 'NONE', *, *, #2144, .F. ) ;
#611 = EDGE_LOOP ( 'NONE', ( #2316, #210, #4600, #1784, #2339, #1936, #4534, #3691 ) ) ;
#612 = LINE ( 'NONE', #3480, #3992 ) ;
#613 = ORIENTED_EDGE ( 'NONE', *, *, #646, .F. ) ;
#614 = LINE ( 'NONE', #4189, #2206 ) ;
#615 = CARTESIAN_POINT ( 'NONE',  ( -44.50000000000001421, -42.54163056034264656, 29.00000000000000711 ) ) ;
#616 = CIRCLE ( 'NONE', #3903, 2.000000000000000000 ) ;
#617 = CARTESIAN_POINT ( 'NONE',  ( 45.54555525137369187, 3.543558612795619567, -5.000000000000003553 ) ) ;
#618 = EDGE_CURVE ( 'NONE', #712, #729, #4082, .T. ) ;
#619 = AXIS2_PLACEMENT_3D ( 'NONE', #2994, #1096, #1228 ) ;
#620 = VECTOR ( 'NONE', #3980, 1000.000000000000000 ) ;
#621 = PLANE ( 'NONE',  #2765 ) ;
#622 = DIRECTION ( 'NONE',  ( 0.000000000000000000, 1.000000000000000000, 0.000000000000000000 ) ) ;
#623 = ORIENTED_EDGE ( 'NONE', *, *, #4617, .F. ) ;
#624 = VECTOR ( 'NONE', #3358, 1000.000000000000000 ) ;
#625 = CIRCLE ( 'NONE', #3245, 2.599999999999998312 ) ;
#626 = ADVANCED_FACE ( 'NONE', ( #3384 ), #1253, .F. ) ;
#627 = CARTESIAN_POINT ( 'NONE',  ( 44.50000000000001421, -19.99999999999999645, 29.00000000000000711 ) ) ;
#628 = CARTESIAN_POINT ( 'NONE',  ( -27.50000000000001776, -22.00000000000000000, 20.00000000000001066 ) ) ;
#629 = CARTESIAN_POINT ( 'NONE',  ( 42.57339518699360070, 4.000000000000000000, 10.13115200650950065 ) ) ;
#630 = AXIS2_PLACEMENT_3D ( 'NONE', #3916, #2824, #3855 ) ;
#631 = EDGE_CURVE ( 'NONE', #790, #958, #3881, .T. ) ;
#632 = ORIENTED_EDGE ( 'NONE', *, *, #4011, .T. ) ;
#633 = CARTESIAN_POINT ( 'NONE',  ( 0.000000000000000000, 4.000000000000000000, 0.000000000000000000 ) ) ;
#634 = ORIENTED_EDGE ( 'NONE', *, *, #3963, .F. ) ;
#635 = ORIENTED_EDGE ( 'NONE', *, *, #2211, .T. ) ;
#636 = ADVANCED_FACE ( 'NONE', ( #4196 ), #621, .T. ) ;
#637 = CARTESIAN_POINT ( 'NONE',  ( -85.50000000000001421, -18.50000000000000355, -3.091507183936761827 ) ) ;
#638 = VERTEX_POINT ( 'NONE', #1652 ) ;
#639 = CARTESIAN_POINT ( 'NONE',  ( -18.59150718393674495, 0.000000000000000000, 70.00000000000000000 ) ) ;
#640 = CYLINDRICAL_SURFACE ( 'NONE', #1683, 8.500000000000010658 ) ;
#641 = DIRECTION ( 'NONE',  ( 0.000000000000000000, 1.000000000000000000, 0.000000000000000000 ) ) ;
#642 = DIRECTION ( 'NONE',  ( 0.000000000000000000, 0.000000000000000000, 1.000000000000000000 ) ) ;
#643 = CARTESIAN_POINT ( 'NONE',  ( -27.50000000000001776, -15.00000000000000178, 17.40000000000001279 ) ) ;
#644 = CARTESIAN_POINT ( 'NONE',  ( -44.50000000000001421, -6.000000000000000000, 29.00000000000000711 ) ) ;
#645 = ORIENTED_EDGE ( 'NONE', *, *, #2345, .T. ) ;
#646 = EDGE_CURVE ( 'NONE', #4117, #2269, #2807, .T. ) ;
#647 = VECTOR ( 'NONE', #4579, 1000.000000000000000 ) ;
#648 = LINE ( 'NONE', #4577, #1480 ) ;
#649 = DIRECTION ( 'NONE',  ( 0.000000000000000000, 0.000000000000000000, -1.000000000000000000 ) ) ;
#650 = DIRECTION ( 'NONE',  ( 0.000000000000000000, -1.000000000000000000, 0.000000000000000000 ) ) ;
#651 = EDGE_CURVE ( 'NONE', #3188, #2310, #297, .T. ) ;
#652 = AXIS2_PLACEMENT_3D ( 'NONE', #1179, #2290, #1224 ) ;
#653 = ORIENTED_EDGE ( 'NONE', *, *, #1358, .T. ) ;
#654 = CARTESIAN_POINT ( 'NONE',  ( -35.50000000000001421, 3.000000000000000000, -2.499999999999999112 ) ) ;
#655 = VERTEX_POINT ( 'NONE', #3114 ) ;
#656 = ORIENTED_EDGE ( 'NONE', *, *, #3182, .T. ) ;
#657 = EDGE_CURVE ( 'NONE', #3892, #1614, #4399, .T. ) ;
#658 = DIRECTION ( 'NONE',  ( -0.000000000000000000, 1.000000000000000000, -0.000000000000000000 ) ) ;
#659 = ORIENTED_EDGE ( 'NONE', *, *, #2711, .F. ) ;
#660 = DIRECTION ( 'NONE',  ( 0.000000000000000000, -0.000000000000000000, 1.000000000000000000 ) ) ;
#661 = CARTESIAN_POINT ( 'NONE',  ( 0.000000000000000000, 0.000000000000000000, 0.000000000000000000 ) ) ;
#662 = ADVANCED_FACE ( 'NONE', ( #2782 ), #2760, .T. ) ;
#663 = CARTESIAN_POINT ( 'NONE',  ( -18.59150718393674850, 0.000000000000000000, 26.50000000000001066 ) ) ;
#664 = AXIS2_PLACEMENT_3D ( 'NONE', #500, #2659, #1226 ) ;
#665 = CARTESIAN_POINT ( 'NONE',  ( -14.99999999999999467, 4.000000000000000000, -26.50000000000000711 ) ) ;
#666 = ORIENTED_EDGE ( 'NONE', *, *, #64, .F. ) ;
#667 = DIRECTION ( 'NONE',  ( 0.000000000000000000, 1.000000000000000000, 0.000000000000000000 ) ) ;
#668 = EDGE_CURVE ( 'NONE', #3948, #3605, #4573, .T. ) ;
#669 = ORIENTED_EDGE ( 'NONE', *, *, #1722, .F. ) ;
#670 = CARTESIAN_POINT ( 'NONE',  ( 44.50000000000001421, 0.000000000000000000, 24.00000000000001066 ) ) ;
#671 = CARTESIAN_POINT ( 'NONE',  ( 44.50000000000001421, 0.000000000000000000, -24.00000000000001066 ) ) ;
#672 = CARTESIAN_POINT ( 'NONE',  ( 45.50256486106324161, 1.875305707251385900, 3.599606090109688683 ) ) ;
#673 = ADVANCED_FACE ( 'NONE', ( #3816 ), #3439, .F. ) ;
#674 = ORIENTED_EDGE ( 'NONE', *, *, #2800, .F. ) ;
#675 = CYLINDRICAL_SURFACE ( 'NONE', #2204, 4.999999999999993783 ) ;
#676 = CYLINDRICAL_SURFACE ( 'NONE', #4619, 2.599999999999998312 ) ;
#677 = ORIENTED_EDGE ( 'NONE', *, *, #1757, .F. ) ;
#678 = ORIENTED_EDGE ( 'NONE', *, *, #4606, .F. ) ;
#679 = EDGE_CURVE ( 'NONE', #4446, #408, #734, .T. ) ;
#680 = ORIENTED_EDGE ( 'NONE', *, *, #1095, .T. ) ;
#681 = CARTESIAN_POINT ( 'NONE',  ( -35.50000000000001421, 3.000000000000000000, -2.499999999999999112 ) ) ;
#682 = CARTESIAN_POINT ( 'NONE',  ( 6.500000000000002665, -18.50000000000000000, 26.50000000000001066 ) ) ;
#683 = LINE ( 'NONE', #2170, #914 ) ;
#684 = CARTESIAN_POINT ( 'NONE',  ( 12.00000000000000178, 0.000000000000000000, 21.50000000000000355 ) ) ;
#685 = CARTESIAN_POINT ( 'NONE',  ( 44.50000000000001421, 0.000000000000000000, 29.00000000000000711 ) ) ;
#686 = ORIENTED_EDGE ( 'NONE', *, *, #4434, .F. ) ;
#687 = ORIENTED_EDGE ( 'NONE', *, *, #4340, .F. ) ;
#688 = CIRCLE ( 'NONE', #994, 4.999999999999993783 ) ;
#689 = VECTOR ( 'NONE', #1950, 1000.000000000000000 ) ;
#690 = EDGE_CURVE ( 'NONE', #266, #562, #2459, .T. ) ;
#691 = DIRECTION ( 'NONE',  ( 0.000000000000000000, 0.000000000000000000, -1.000000000000000000 ) ) ;
#692 = AXIS2_PLACEMENT_3D ( 'NONE', #1004, #2445, #1404 ) ;
#693 = LINE ( 'NONE', #3142, #4608 ) ;
#694 = CARTESIAN_POINT ( 'NONE',  ( 36.08101651390111897, 0.000000000000000000, 30.17077626419152736 ) ) ;
#695 =( GEOMETRIC_REPRESENTATION_CONTEXT ( 3 ) GLOBAL_UNCERTAINTY_ASSIGNED_CONTEXT ( ( #2 ) ) GLOBAL_UNIT_ASSIGNED_CONTEXT ( ( #165, #1952, #4098 ) ) REPRESENTATION_CONTEXT ( 'NONE', 'WORKASPACE' ) );
#696 = CIRCLE ( 'NONE', #2059, 4.999999999999993783 ) ;
#697 = ORIENTED_EDGE ( 'NONE', *, *, #4035, .T. ) ;
#698 = PLANE ( 'NONE',  #3546 ) ;
#699 = DIRECTION ( 'NONE',  ( 0.000000000000000000, 0.000000000000000000, 1.000000000000000000 ) ) ;
#700 = EDGE_LOOP ( 'NONE', ( #2693, #1762, #908, #3828 ) ) ;
#701 = ORIENTED_EDGE ( 'NONE', *, *, #3248, .T. ) ;
#702 = CIRCLE ( 'NONE', #3179, 40.00000000000000000 ) ;
#703 = EDGE_CURVE ( 'NONE', #1100, #202, #1249, .T. ) ;
#704 = ORIENTED_EDGE ( 'NONE', *, *, #3248, .F. ) ;
#705 = CARTESIAN_POINT ( 'NONE',  ( 12.49999999999999289, 1.534563074902560562E-15, 28.00000000000001066 ) ) ;
#706 = CARTESIAN_POINT ( 'NONE',  ( 19.34267067914357341, -8.059781911968128654, 30.00697806787585264 ) ) ;
#707 = ORIENTED_EDGE ( 'NONE', *, *, #3996, .T. ) ;
#708 = EDGE_CURVE ( 'NONE', #351, #1429, #2085, .T. ) ;
#709 = LINE ( 'NONE', #1394, #1140 ) ;
#710 = DIRECTION ( 'NONE',  ( 0.000000000000000000, -0.000000000000000000, 1.000000000000000000 ) ) ;
#711 = DIRECTION ( 'NONE',  ( 0.000000000000000000, 1.000000000000000000, 0.000000000000000000 ) ) ;
#712 = VERTEX_POINT ( 'NONE', #2409 ) ;
#713 = ORIENTED_EDGE ( 'NONE', *, *, #2451, .T. ) ;
#714 = SURFACE_SIDE_STYLE ('',( #1774 ) ) ;
#715 = FACE_OUTER_BOUND ( 'NONE', #3847, .T. ) ;
#716 = CARTESIAN_POINT ( 'NONE',  ( 16.00000000000000000, -7.000000000000000000, 40.00000000000000711 ) ) ;
#717 = EDGE_CURVE ( 'NONE', #2783, #2127, #3129, .T. ) ;
#718 = AXIS2_PLACEMENT_3D ( 'NONE', #3930, #4022, #721 ) ;
#719 = DIRECTION ( 'NONE',  ( -0.000000000000000000, 0.000000000000000000, 1.000000000000000000 ) ) ;
#720 = DIRECTION ( 'NONE',  ( -1.000000000000000000, -0.000000000000000000, -0.000000000000000000 ) ) ;
#721 = DIRECTION ( 'NONE',  ( 0.000000000000000000, 0.000000000000000000, 1.000000000000000000 ) ) ;
#722 = EDGE_LOOP ( 'NONE', ( #2773, #2708 ) ) ;
#723 = ORIENTED_EDGE ( 'NONE', *, *, #2188, .F. ) ;
#724 = AXIS2_PLACEMENT_3D ( 'NONE', #2571, #3988, #710 ) ;
#725 = ORIENTED_EDGE ( 'NONE', *, *, #2634, .F. ) ;
#726 = VECTOR ( 'NONE', #1474, 1000.000000000000000 ) ;
#727 = CARTESIAN_POINT ( 'NONE',  ( -0.9999999999999940048, -7.000000000000000000, -26.50000000000000711 ) ) ;
#728 = LINE ( 'NONE', #4029, #3684 ) ;
#729 = VERTEX_POINT ( 'NONE', #665 ) ;
#730 = DIRECTION ( 'NONE',  ( -0.000000000000000000, 1.000000000000000000, -0.000000000000000000 ) ) ;
#731 = EDGE_CURVE ( 'NONE', #2696, #4468, #3137, .T. ) ;
#732 = DIRECTION ( 'NONE',  ( 0.000000000000000000, 0.000000000000000000, -1.000000000000000000 ) ) ;
#733 = CARTESIAN_POINT ( 'NONE',  ( 85.50000000000001421, -22.00000000000000000, -3.091507183936761827 ) ) ;
#734 = CIRCLE ( 'NONE', #3872, 2.500000000000005773 ) ;
#735 = VERTEX_POINT ( 'NONE', #643 ) ;
#736 = ORIENTED_EDGE ( 'NONE', *, *, #3056, .T. ) ;
#737 = DIRECTION ( 'NONE',  ( 1.000000000000000000, 0.000000000000000000, -0.000000000000000000 ) ) ;
#738 = CARTESIAN_POINT ( 'NONE',  ( -44.50000000000001421, -22.00000000000000355, -31.50000000000001421 ) ) ;
#739 = DIRECTION ( 'NONE',  ( -0.000000000000000000, -1.000000000000000000, -0.000000000000000000 ) ) ;
#740 = CIRCLE ( 'NONE', #664, 2.500000000000005773 ) ;
#741 = EDGE_CURVE ( 'NONE', #1995, #3552, #2381, .T. ) ;
#742 = CYLINDRICAL_SURFACE ( 'NONE', #835, 2.600000000000001421 ) ;
#743 = LINE ( 'NONE', #1827, #2834 ) ;
#744 = CARTESIAN_POINT ( 'NONE',  ( -51.68556701030929901, 15.00000000000000000, -24.45933631058685620 ) ) ;
#745 = PLANE ( 'NONE',  #2157 ) ;
#746 = ORIENTED_EDGE ( 'NONE', *, *, #2372, .F. ) ;
#747 = ORIENTED_EDGE ( 'NONE', *, *, #393, .F. ) ;
#748 = ADVANCED_FACE ( 'NONE', ( #2081 ), #3509, .T. ) ;
#749 = EDGE_LOOP ( 'NONE', ( #635, #4615, #3557, #669 ) ) ;
#750 = DIRECTION ( 'NONE',  ( 0.000000000000000000, 0.000000000000000000, -1.000000000000000000 ) ) ;
#751 = DIRECTION ( 'NONE',  ( 0.000000000000000000, -1.000000000000000000, 0.000000000000000000 ) ) ;
#752 = ORIENTED_EDGE ( 'NONE', *, *, #4382, .F. ) ;
#753 = DIRECTION ( 'NONE',  ( 0.000000000000000000, 1.000000000000000000, -0.000000000000000000 ) ) ;
#754 = PLANE ( 'NONE',  #2677 ) ;
#755 = CARTESIAN_POINT ( 'NONE',  ( 44.50000000000001421, -22.00000000000000000, -29.00000000000000711 ) ) ;
#756 = ORIENTED_EDGE ( 'NONE', *, *, #1013, .F. ) ;
#757 = ORIENTED_EDGE ( 'NONE', *, *, #380, .T. ) ;
#758 = EDGE_CURVE ( 'NONE', #4492, #2747, #54, .T. ) ;
#759 = DIRECTION ( 'NONE',  ( 0.000000000000000000, 0.000000000000000000, -1.000000000000000000 ) ) ;
#760 = DIRECTION ( 'NONE',  ( 0.000000000000000000, 0.000000000000000000, 1.000000000000000000 ) ) ;
#761 = FACE_OUTER_BOUND ( 'NONE', #3343, .T. ) ;
#762 = CIRCLE ( 'NONE', #4125, 2.000000000000000444 ) ;
#763 = VECTOR ( 'NONE', #3738, 1000.000000000000000 ) ;
#764 = DIRECTION ( 'NONE',  ( 0.000000000000000000, 1.000000000000000000, 0.000000000000000000 ) ) ;
#765 = FACE_OUTER_BOUND ( 'NONE', #2185, .T. ) ;
#766 = CARTESIAN_POINT ( 'NONE',  ( -0.9999999999999940048, -7.000000000000000000, -20.00000000000000355 ) ) ;
#767 = AXIS2_PLACEMENT_3D ( 'NONE', #3803, #565, #2285 ) ;
#768 = VERTEX_POINT ( 'NONE', #2218 ) ;
#769 = VERTEX_POINT ( 'NONE', #3635 ) ;
#770 = AXIS2_PLACEMENT_3D ( 'NONE', #3867, #3519, #1896 ) ;
#771 = ORIENTED_EDGE ( 'NONE', *, *, #3772, .F. ) ;
#772 = DIRECTION ( 'NONE',  ( -0.000000000000000000, -1.000000000000000000, -0.000000000000000000 ) ) ;
#773 = DIRECTION ( 'NONE',  ( -0.000000000000000000, 1.000000000000000000, -0.000000000000000000 ) ) ;
#774 = VECTOR ( 'NONE', #3455, 1000.000000000000000 ) ;
#775 = ORIENTED_EDGE ( 'NONE', *, *, #4527, .F. ) ;
#776 = EDGE_CURVE ( 'NONE', #3168, #1940, #3896, .T. ) ;
#777 = CARTESIAN_POINT ( 'NONE',  ( -18.59150718393674495, 15.00000000000000000, -30.00000000000000711 ) ) ;
#778 = CARTESIAN_POINT ( 'NONE',  ( -27.50000000000001776, -22.00000000000000000, 20.00000000000001066 ) ) ;
#779 = CARTESIAN_POINT ( 'NONE',  ( -3.500000000000016431, -15.00000000000000178, 24.60000000000001208 ) ) ;
#780 = VERTEX_POINT ( 'NONE', #2921 ) ;
#781 = VERTEX_POINT ( 'NONE', #3246 ) ;
#782 = DIRECTION ( 'NONE',  ( 0.000000000000000000, 1.000000000000000000, -1.084202172485504434E-16 ) ) ;
#783 = DIRECTION ( 'NONE',  ( 0.000000000000000000, 0.000000000000000000, -1.000000000000000000 ) ) ;
#784 = CARTESIAN_POINT ( 'NONE',  ( 25.50000000000000000, 0.000000000000000000, 21.50000000000000355 ) ) ;
#785 = EDGE_CURVE ( 'NONE', #3552, #1014, #33, .T. ) ;
#786 = DIRECTION ( 'NONE',  ( 0.000000000000000000, -1.000000000000000000, 0.000000000000000000 ) ) ;
#787 = DIRECTION ( 'NONE',  ( 0.000000000000000000, 0.000000000000000000, 1.000000000000000000 ) ) ;
#788 = CARTESIAN_POINT ( 'NONE',  ( 44.50000000000001421, -22.00000000000000355, 29.00000000000000711 ) ) ;
#789 = EDGE_CURVE ( 'NONE', #1751, #3264, #357, .T. ) ;
#790 = VERTEX_POINT ( 'NONE', #1041 ) ;
#791 = ORIENTED_EDGE ( 'NONE', *, *, #4297, .T. ) ;
#792 = VECTOR ( 'NONE', #4370, 1000.000000000000000 ) ;
#793 = VERTEX_POINT ( 'NONE', #3616 ) ;
#794 = CARTESIAN_POINT ( 'NONE',  ( 9.500000000000001776, 4.000000000000000000, 28.00000000000001066 ) ) ;
#795 = DIRECTION ( 'NONE',  ( 0.000000000000000000, 0.000000000000000000, 1.000000000000000000 ) ) ;
#796 = ORIENTED_EDGE ( 'NONE', *, *, #3416, .F. ) ;
#797 = EDGE_CURVE ( 'NONE', #1728, #1787, #1085, .T. ) ;
#798 = DIRECTION ( 'NONE',  ( 0.000000000000000000, 0.000000000000000000, 1.000000000000000000 ) ) ;
#799 = CIRCLE ( 'NONE', #1477, 8.500000000000010658 ) ;
#800 = CARTESIAN_POINT ( 'NONE',  ( 15.00000000000000178, 4.000000000000000000, -26.50000000000001421 ) ) ;
#801 = EDGE_CURVE ( 'NONE', #408, #4446, #2309, .T. ) ;
#802 = CARTESIAN_POINT ( 'NONE',  ( 44.50000000000001421, -18.50000000000000000, 30.75000000000001421 ) ) ;
#803 = ORIENTED_EDGE ( 'NONE', *, *, #950, .F. ) ;
#804 = CARTESIAN_POINT ( 'NONE',  ( 25.50000000000000000, 0.000000000000000000, 30.00000000000000711 ) ) ;
#805 = ADVANCED_FACE ( 'NONE', ( #4623, #1461 ), #1838, .F. ) ;
#806 = CARTESIAN_POINT ( 'NONE',  ( 36.08101651390111186, -9.250000000000001776, 30.17077626419151670 ) ) ;
#807 = CARTESIAN_POINT ( 'NONE',  ( 19.50000000000000355, 4.603689224707673994E-16, 28.00000000000001066 ) ) ;
#808 = CARTESIAN_POINT ( 'NONE',  ( -85.50000000000001421, 4.000000000000000000, 2.499999999999999112 ) ) ;
#809 = VECTOR ( 'NONE', #196, 1000.000000000000000 ) ;
#810 = CARTESIAN_POINT ( 'NONE',  ( 85.50000000000001421, 4.000000000000000000, 3.091507183936761827 ) ) ;
#811 = DIRECTION ( 'NONE',  ( 0.000000000000000000, 1.000000000000000000, 0.000000000000000000 ) ) ;
#812 = FACE_OUTER_BOUND ( 'NONE', #749, .T. ) ;
#813 = ORIENTED_EDGE ( 'NONE', *, *, #371, .T. ) ;
#814 = ORIENTED_EDGE ( 'NONE', *, *, #3945, .T. ) ;
#815 = ADVANCED_FACE ( 'NONE', ( #3550 ), #2827, .F. ) ;
#816 = ORIENTED_EDGE ( 'NONE', *, *, #2176, .T. ) ;
#817 = DIRECTION ( 'NONE',  ( -0.000000000000000000, 1.000000000000000000, -0.000000000000000000 ) ) ;
#818 = DIRECTION ( 'NONE',  ( 0.000000000000000000, 1.000000000000000000, 0.000000000000000000 ) ) ;
#819 = VERTEX_POINT ( 'NONE', #2502 ) ;
#820 = CARTESIAN_POINT ( 'NONE',  ( -44.50000000000001421, -22.00000000000000355, 26.50000000000000711 ) ) ;
#821 = CARTESIAN_POINT ( 'NONE',  ( -44.50000000000001421, -6.000000000000000000, -29.00000000000000711 ) ) ;
#822 = CARTESIAN_POINT ( 'NONE',  ( -18.59150718393674495, 0.000000000000000000, -70.00000000000000000 ) ) ;
#823 = ORIENTED_EDGE ( 'NONE', *, *, #1193, .T. ) ;
#824 = CARTESIAN_POINT ( 'NONE',  ( -14.99999999999998934, 4.000000000000000000, 26.50000000000001066 ) ) ;
#825 = DIRECTION ( 'NONE',  ( 0.000000000000000000, 1.000000000000000000, 0.000000000000000000 ) ) ;
#826 = VERTEX_POINT ( 'NONE', #410 ) ;
#827 = DIRECTION ( 'NONE',  ( 0.000000000000000000, 1.000000000000000000, 0.000000000000000000 ) ) ;
#828 = ADVANCED_FACE ( 'NONE', ( #11, #4341 ), #3920, .T. ) ;
#829 = CARTESIAN_POINT ( 'NONE',  ( -44.50000000000001421, -2.999999999999998224, -34.00000000000000000 ) ) ;
#830 = CARTESIAN_POINT ( 'NONE',  ( -3.500000000000016875, -18.50000000000000000, 15.40000000000000924 ) ) ;
#831 = CARTESIAN_POINT ( 'NONE',  ( 44.50000000000001421, -22.00000000000000355, 29.00000000000000711 ) ) ;
#832 = DIRECTION ( 'NONE',  ( 0.000000000000000000, 1.000000000000000000, 0.000000000000000000 ) ) ;
#833 = ORIENTED_EDGE ( 'NONE', *, *, #3136, .T. ) ;
#834 = CIRCLE ( 'NONE', #4501, 2.500000000000002220 ) ;
#835 = AXIS2_PLACEMENT_3D ( 'NONE', #4301, #1938, #1912 ) ;
#836 = VECTOR ( 'NONE', #4261, 1000.000000000000000 ) ;
#837 = ORIENTED_EDGE ( 'NONE', *, *, #1448, .T. ) ;
#838 = DIRECTION ( 'NONE',  ( -1.000000000000000000, 1.927470528863119049E-16, 0.000000000000000000 ) ) ;
#839 = FACE_OUTER_BOUND ( 'NONE', #1541, .T. ) ;
#840 = EDGE_CURVE ( 'NONE', #2335, #2412, #2480, .T. ) ;
#841 = ORIENTED_EDGE ( 'NONE', *, *, #651, .F. ) ;
#842 = VECTOR ( 'NONE', #442, 1000.000000000000000 ) ;
#843 = LINE ( 'NONE', #1908, #3845 ) ;
#844 = CIRCLE ( 'NONE', #630, 1.750000000000005107 ) ;
#845 = DIRECTION ( 'NONE',  ( -0.000000000000000000, 1.000000000000000000, -0.000000000000000000 ) ) ;
#846 = CARTESIAN_POINT ( 'NONE',  ( 85.50000000000001421, 4.000000000000000000, 3.091507183936761827 ) ) ;
#847 = ADVANCED_FACE ( 'NONE', ( #4318 ), #1768, .F. ) ;
#848 = VERTEX_POINT ( 'NONE', #3964 ) ;
#849 = VECTOR ( 'NONE', #2246, 1000.000000000000000 ) ;
#850 = CARTESIAN_POINT ( 'NONE',  ( 51.68556701030929901, -22.00000000000000000, -24.45933631058685620 ) ) ;
#851 = DIRECTION ( 'NONE',  ( 0.000000000000000000, 0.000000000000000000, 1.000000000000000000 ) ) ;
#852 = DIRECTION ( 'NONE',  ( 0.000000000000000000, 1.000000000000000000, 0.000000000000000000 ) ) ;
#853 = ORIENTED_EDGE ( 'NONE', *, *, #2280, .T. ) ;
#854 = FACE_BOUND ( 'NONE', #1962, .T. ) ;
#855 = DIRECTION ( 'NONE',  ( -1.000000000000000000, -0.000000000000000000, -0.000000000000000000 ) ) ;
#856 = DIRECTION ( 'NONE',  ( 0.000000000000000000, 1.000000000000000000, 0.000000000000000000 ) ) ;
#857 = DIRECTION ( 'NONE',  ( 0.000000000000000000, 0.000000000000000000, 1.000000000000000000 ) ) ;
#858 = DIRECTION ( 'NONE',  ( 1.000000000000000000, -1.534563074902559724E-16, 0.000000000000000000 ) ) ;
#859 = ADVANCED_FACE ( 'NONE', ( #1059 ), #754, .F. ) ;
#860 = VERTEX_POINT ( 'NONE', #366 ) ;
#861 = VERTEX_POINT ( 'NONE', #1792 ) ;
#862 = FACE_OUTER_BOUND ( 'NONE', #1853, .T. ) ;
#863 = AXIS2_PLACEMENT_3D ( 'NONE', #822, #453, #1529 ) ;
#864 = EDGE_LOOP ( 'NONE', ( #656, #4466, #3387, #526 ) ) ;
#865 = VECTOR ( 'NONE', #256, 1000.000000000000000 ) ;
#866 = B_SPLINE_CURVE_WITH_KNOTS ( 'NONE', 3,
 ( #1721, #4594, #2143, #1346, #1695, #706, #1433, #1392, #4173, #338 ),
 .UNSPECIFIED., .F., .F.,
 ( 4, 2, 2, 2, 4 ),
 ( 0.000000000000000000, 0.0006414022918732333826, 0.001282804583746466765, 0.001924206875619700148, 0.002565609167492935699 ),
 .UNSPECIFIED. ) ;
#867 = CARTESIAN_POINT ( 'NONE',  ( -44.50000000000001421, 0.000000000000000000, 29.00000000000000711 ) ) ;
#868 = DIRECTION ( 'NONE',  ( -0.000000000000000000, 1.000000000000000000, -0.000000000000000000 ) ) ;
#869 = CARTESIAN_POINT ( 'NONE',  ( -44.50000000000001421, -19.99999999999999645, 31.50000000000001421 ) ) ;
#870 = ORIENTED_EDGE ( 'NONE', *, *, #2888, .T. ) ;
#871 = CARTESIAN_POINT ( 'NONE',  ( 51.68556701030929901, 15.00000000000000000, -24.45933631058685620 ) ) ;
#872 = DIRECTION ( 'NONE',  ( -0.000000000000000000, 0.000000000000000000, -1.000000000000000000 ) ) ;
#873 = EDGE_CURVE ( 'NONE', #4097, #186, #3224, .T. ) ;
#874 = FACE_BOUND ( 'NONE', #2108, .T. ) ;
#875 = EDGE_LOOP ( 'NONE', ( #674, #378, #1875, #1268 ) ) ;
#876 = CARTESIAN_POINT ( 'NONE',  ( 25.49999999999998934, -13.50000000000000000, 21.49999999999998934 ) ) ;
#877 = VECTOR ( 'NONE', #2835, 1000.000000000000000 ) ;
#878 = AXIS2_PLACEMENT_3D ( 'NONE', #178, #3690, #4014 ) ;
#879 = ADVANCED_FACE ( 'NONE', ( #4293 ), #3943, .F. ) ;
#880 = CARTESIAN_POINT ( 'NONE',  ( -44.50000000000001421, -42.54163056034263946, 29.00000000000000711 ) ) ;
#881 = DIRECTION ( 'NONE',  ( -0.000000000000000000, -1.000000000000000000, -0.000000000000000000 ) ) ;
#882 = DIRECTION ( 'NONE',  ( -1.000000000000000000, 0.000000000000000000, 0.000000000000000000 ) ) ;
#883 = ORIENTED_EDGE ( 'NONE', *, *, #2817, .F. ) ;
#884 = VERTEX_POINT ( 'NONE', #2592 ) ;
#885 = FACE_OUTER_BOUND ( 'NONE', #244, .T. ) ;
#886 = ORIENTED_EDGE ( 'NONE', *, *, #4398, .T. ) ;
#887 = EDGE_CURVE ( 'NONE', #572, #946, #2831, .T. ) ;
#888 = DIRECTION ( 'NONE',  ( 0.000000000000000000, 0.000000000000000000, 1.000000000000000000 ) ) ;
#889 = DIRECTION ( 'NONE',  ( -0.000000000000000000, -1.000000000000000000, -0.000000000000000000 ) ) ;
#890 = CARTESIAN_POINT ( 'NONE',  ( -45.50000000000001421, 15.00000000000000000, 3.091507183936761827 ) ) ;
#891 = CARTESIAN_POINT ( 'NONE',  ( -45.50000000000001421, 15.00000000000000000, 30.00000000000001066 ) ) ;
#892 = ORIENTED_EDGE ( 'NONE', *, *, #3301, .T. ) ;
#893 = DIRECTION ( 'NONE',  ( 0.000000000000000000, 1.000000000000000000, 0.000000000000000000 ) ) ;
#894 = DIRECTION ( 'NONE',  ( -0.000000000000000000, -1.000000000000000000, -0.000000000000000000 ) ) ;
#895 = ORIENTED_EDGE ( 'NONE', *, *, #657, .F. ) ;
#896 = PLANE ( 'NONE',  #2119 ) ;
#897 = ORIENTED_EDGE ( 'NONE', *, *, #3505, .F. ) ;
#898 = EDGE_CURVE ( 'NONE', #131, #204, #799, .T. ) ;
#899 = CARTESIAN_POINT ( 'NONE',  ( 44.50000000000001421, -6.000000000000000000, -29.00000000000000711 ) ) ;
#900 = DIRECTION ( 'NONE',  ( 0.000000000000000000, 0.000000000000000000, 1.000000000000000000 ) ) ;
#901 = CARTESIAN_POINT ( 'NONE',  ( 85.50000000000001421, 15.00000000000000000, 3.091507183936761827 ) ) ;
#902 = DIRECTION ( 'NONE',  ( -0.000000000000000000, 1.000000000000000000, -0.000000000000000000 ) ) ;
#903 = EDGE_CURVE ( 'NONE', #655, #2023, #2940, .T. ) ;
#904 = ORIENTED_EDGE ( 'NONE', *, *, #2974, .F. ) ;
#905 = ORIENTED_EDGE ( 'NONE', *, *, #3597, .T. ) ;
#906 = DIRECTION ( 'NONE',  ( 0.000000000000000000, -0.000000000000000000, -1.000000000000000000 ) ) ;
#907 = ORIENTED_EDGE ( 'NONE', *, *, #741, .F. ) ;
#908 = ORIENTED_EDGE ( 'NONE', *, *, #1697, .F. ) ;
#909 = AXIS2_PLACEMENT_3D ( 'NONE', #3994, #2225, #1868 ) ;
#910 = DIRECTION ( 'NONE',  ( 0.000000000000000000, 1.000000000000000000, 0.000000000000000000 ) ) ;
#911 = AXIS2_PLACEMENT_3D ( 'NONE', #486, #3295, #3321 ) ;
#912 = CARTESIAN_POINT ( 'NONE',  ( -15.50000000000001776, -22.00000000000000000, 22.60000000000001208 ) ) ;
#913 = DIRECTION ( 'NONE',  ( -0.000000000000000000, 1.000000000000000000, -0.000000000000000000 ) ) ;
#914 = VECTOR ( 'NONE', #53, 1000.000000000000000 ) ;
#915 = DIRECTION ( 'NONE',  ( 0.000000000000000000, 0.000000000000000000, 1.000000000000000000 ) ) ;
#916 = VECTOR ( 'NONE', #838, 1000.000000000000000 ) ;
#917 = EDGE_CURVE ( 'NONE', #1049, #3427, #205, .T. ) ;
#918 = ORIENTED_EDGE ( 'NONE', *, *, #4219, .T. ) ;
#919 = DIRECTION ( 'NONE',  ( 0.000000000000000000, 0.000000000000000000, 1.000000000000000000 ) ) ;
#920 = LINE ( 'NONE', #2435, #3906 ) ;
#921 = CIRCLE ( 'NONE', #2721, 4.999999999999997335 ) ;
#922 = DIRECTION ( 'NONE',  ( 0.000000000000000000, 0.000000000000000000, 1.000000000000000000 ) ) ;
#923 = ORIENTED_EDGE ( 'NONE', *, *, #3064, .F. ) ;
#924 = FACE_OUTER_BOUND ( 'NONE', #3217, .T. ) ;
#925 = ORIENTED_EDGE ( 'NONE', *, *, #2888, .F. ) ;
#926 = AXIS2_PLACEMENT_3D ( 'NONE', #2052, #2427, #2027 ) ;
#927 = DIRECTION ( 'NONE',  ( 0.000000000000000000, 0.000000000000000000, -1.000000000000000000 ) ) ;
#928 = DIRECTION ( 'NONE',  ( 0.000000000000000000, -1.000000000000000000, 0.000000000000000000 ) ) ;
#929 = CARTESIAN_POINT ( 'NONE',  ( 42.04188619865061582, 3.543564344074468853, -5.000000000000003553 ) ) ;
#930 = ORIENTED_EDGE ( 'NONE', *, *, #1498, .F. ) ;
#931 = ADVANCED_FACE ( 'NONE', ( #147 ), #2313, .F. ) ;
#932 = ORIENTED_EDGE ( 'NONE', *, *, #2413, .F. ) ;
#933 = CARTESIAN_POINT ( 'NONE',  ( -3.500000000000016875, -18.50000000000000000, 20.00000000000001066 ) ) ;
#934 = ORIENTED_EDGE ( 'NONE', *, *, #1729, .F. ) ;
#935 = ORIENTED_EDGE ( 'NONE', *, *, #4048, .T. ) ;
#936 = DIRECTION ( 'NONE',  ( 1.000000000000000000, 0.000000000000000000, -9.770517606630112126E-16 ) ) ;
#937 = CARTESIAN_POINT ( 'NONE',  ( -51.68556701030929901, -22.00000000000000000, -24.45933631058685620 ) ) ;
#938 = DIRECTION ( 'NONE',  ( 0.000000000000000000, 1.000000000000000000, 0.000000000000000000 ) ) ;
#939 = CARTESIAN_POINT ( 'NONE',  ( 18.59150718393674495, 0.000000000000000000, -70.00000000000000000 ) ) ;
#940 = ADVANCED_FACE ( 'NONE', ( #3033 ), #519, .F. ) ;
#941 = VERTEX_POINT ( 'NONE', #122 ) ;
#942 = FACE_OUTER_BOUND ( 'NONE', #2013, .T. ) ;
#943 = CARTESIAN_POINT ( 'NONE',  ( 45.53431741164784796, 2.822566142874646911, -4.749509804523667889 ) ) ;
#944 = VECTOR ( 'NONE', #2486, 1000.000000000000000 ) ;
#945 = DIRECTION ( 'NONE',  ( -1.000000000000000000, 0.000000000000000000, -0.000000000000000000 ) ) ;
#946 = VERTEX_POINT ( 'NONE', #4451 ) ;
#947 = DIRECTION ( 'NONE',  ( 0.000000000000000000, 1.000000000000000000, 0.000000000000000000 ) ) ;
#948 = ORIENTED_EDGE ( 'NONE', *, *, #1107, .T. ) ;
#949 = AXIS2_PLACEMENT_3D ( 'NONE', #100, #1595, #2616 ) ;
#950 = EDGE_CURVE ( 'NONE', #1241, #1453, #1245, .T. ) ;
#951 = AXIS2_PLACEMENT_3D ( 'NONE', #3454, #3808, #2979 ) ;
#952 = DIRECTION ( 'NONE',  ( 4.336808689942019708E-16, -1.000000000000000000, 0.000000000000000000 ) ) ;
#953 = DIRECTION ( 'NONE',  ( 0.000000000000000000, 0.000000000000000000, 1.000000000000000000 ) ) ;
#954 = CARTESIAN_POINT ( 'NONE',  ( -0.9999999999999941158, -9.000000000000001776, -20.00000000000000355 ) ) ;
#955 = DIRECTION ( 'NONE',  ( 0.000000000000000000, 0.000000000000000000, 1.000000000000000000 ) ) ;
#956 = ORIENTED_EDGE ( 'NONE', *, *, #873, .T. ) ;
#957 = CIRCLE ( 'NONE', #4393, 1.999999999999999556 ) ;
#958 = VERTEX_POINT ( 'NONE', #1953 ) ;
#959 = LINE ( 'NONE', #2399, #2128 ) ;
#960 = AXIS2_PLACEMENT_3D ( 'NONE', #3859, #1726, #227 ) ;
#961 = EDGE_LOOP ( 'NONE', ( #2145, #1452 ) ) ;
#962 = ORIENTED_EDGE ( 'NONE', *, *, #3201, .F. ) ;
#963 = EDGE_CURVE ( 'NONE', #2654, #1508, #2636, .T. ) ;
#964 = CARTESIAN_POINT ( 'NONE',  ( 39.95933631058686331, 15.00000000000000000, -36.18556701030929901 ) ) ;
#965 = VERTEX_POINT ( 'NONE', #3378 ) ;
#966 = DIRECTION ( 'NONE',  ( 0.000000000000000000, 0.000000000000000000, 1.000000000000000000 ) ) ;
#967 = DIRECTION ( 'NONE',  ( 0.000000000000000000, -0.000000000000000000, -1.000000000000000000 ) ) ;
#968 = VECTOR ( 'NONE', #1321, 1000.000000000000000 ) ;
#969 = FACE_OUTER_BOUND ( 'NONE', #369, .T. ) ;
#970 = EDGE_CURVE ( 'NONE', #768, #562, #3570, .T. ) ;
#971 = CARTESIAN_POINT ( 'NONE',  ( 45.50000000000001421, 0.000000000000000000, -30.00000000000000711 ) ) ;
#972 = DIRECTION ( 'NONE',  ( 0.000000000000000000, -1.000000000000000000, 0.000000000000000000 ) ) ;
#973 = DIRECTION ( 'NONE',  ( 0.000000000000000000, 0.000000000000000000, 1.000000000000000000 ) ) ;
#974 = ORIENTED_EDGE ( 'NONE', *, *, #3157, .F. ) ;
#975 = CARTESIAN_POINT ( 'NONE',  ( -45.67077626419153091, -18.50000000000000000, -20.58101651390110831 ) ) ;
#976 = VERTEX_POINT ( 'NONE', #2989 ) ;
#977 = EDGE_CURVE ( 'NONE', #4123, #14, #3682, .T. ) ;
#978 = DIRECTION ( 'NONE',  ( 0.9999975931331908097, 0.000000000000000000, -0.002194020926397173468 ) ) ;
#979 = CARTESIAN_POINT ( 'NONE',  ( -11.99999999999999289, 4.000000000000000000, -30.00000000000000711 ) ) ;
#980 = DIRECTION ( 'NONE',  ( 0.000000000000000000, 0.000000000000000000, 1.000000000000000000 ) ) ;
#981 = EDGE_CURVE ( 'NONE', #3464, #1519, #1863, .T. ) ;
#982 = ORIENTED_EDGE ( 'NONE', *, *, #418, .F. ) ;
#983 = CARTESIAN_POINT ( 'NONE',  ( 16.00000000000000000, -7.000000000000000000, 28.00000000000001066 ) ) ;
#984 = ORIENTED_EDGE ( 'NONE', *, *, #1843, .T. ) ;
#985 = ORIENTED_EDGE ( 'NONE', *, *, #3668, .F. ) ;
#986 = CARTESIAN_POINT ( 'NONE',  ( -9.999999999999992895, -6.999999999999999112, -30.00000000000000711 ) ) ;
#987 = VERTEX_POINT ( 'NONE', #3009 ) ;
#988 = PLANE ( 'NONE',  #4441 ) ;
#989 = CIRCLE ( 'NONE', #3607, 1.750000000000005107 ) ;
#990 = DIRECTION ( 'NONE',  ( -0.000000000000000000, 1.000000000000000000, -0.000000000000000000 ) ) ;
#991 = CARTESIAN_POINT ( 'NONE',  ( 42.57339518699360781, 0.000000000000000000, 10.13115200650949888 ) ) ;
#992 = VECTOR ( 'NONE', #858, 1000.000000000000000 ) ;
#993 = DIRECTION ( 'NONE',  ( 1.000000000000000000, 0.000000000000000000, 0.000000000000000000 ) ) ;
#994 = AXIS2_PLACEMENT_3D ( 'NONE', #394, #151, #41 ) ;
#995 = AXIS2_PLACEMENT_3D ( 'NONE', #3402, #1196, #3374 ) ;
#996 = EDGE_CURVE ( 'NONE', #3518, #987, #3644, .T. ) ;
#997 = DIRECTION ( 'NONE',  ( 0.000000000000000000, 0.000000000000000000, 1.000000000000000000 ) ) ;
#998 = ORIENTED_EDGE ( 'NONE', *, *, #1411, .F. ) ;
#999 = DIRECTION ( 'NONE',  ( 0.000000000000000000, 1.000000000000000000, 0.000000000000000000 ) ) ;
#1000 = ORIENTED_EDGE ( 'NONE', *, *, #1221, .F. ) ;
#1001 = AXIS2_PLACEMENT_3D ( 'NONE', #420, #856, #489 ) ;
#1002 = DIRECTION ( 'NONE',  ( -0.000000000000000000, -0.000000000000000000, -1.000000000000000000 ) ) ;
#1003 = CYLINDRICAL_SURFACE ( 'NONE', #4160, 43.50000000000000711 ) ;
#1004 = CARTESIAN_POINT ( 'NONE',  ( -85.50000000000001421, 0.000000000000000000, -3.091507183936761827 ) ) ;
#1005 = CIRCLE ( 'NONE', #4588, 4.999999999999993783 ) ;
#1006 = EDGE_CURVE ( 'NONE', #3370, #768, #1882, .T. ) ;
#1007 = VERTEX_POINT ( 'NONE', #75 ) ;
#1008 = DIRECTION ( 'NONE',  ( 0.000000000000000000, 0.000000000000000000, 1.000000000000000000 ) ) ;
#1009 = ADVANCED_FACE ( 'NONE', ( #3706 ), #1505, .T. ) ;
#1010 = ORIENTED_EDGE ( 'NONE', *, *, #4426, .F. ) ;
#1011 = ORIENTED_EDGE ( 'NONE', *, *, #1722, .T. ) ;
#1012 = CARTESIAN_POINT ( 'NONE',  ( 42.00000000000000711, -18.50000000000000355, -3.091507183936765379 ) ) ;
#1013 = EDGE_CURVE ( 'NONE', #729, #2039, #1909, .T. ) ;
#1014 = VERTEX_POINT ( 'NONE', #4075 ) ;
#1015 = PLANE ( 'NONE',  #2653 ) ;
#1016 = DIRECTION ( 'NONE',  ( -1.000000000000000000, 0.000000000000000000, 0.000000000000000000 ) ) ;
#1017 = DIRECTION ( 'NONE',  ( 0.000000000000000000, 1.000000000000000000, 0.000000000000000000 ) ) ;
#1018 = DIRECTION ( 'NONE',  ( 0.000000000000000000, 0.000000000000000000, -1.000000000000000000 ) ) ;
#1019 = CARTESIAN_POINT ( 'NONE',  ( 44.50000000000001421, 0.000000000000000000, -29.00000000000000711 ) ) ;
#1020 = AXIS2_PLACEMENT_3D ( 'NONE', #243, #4477, #915 ) ;
#1021 = ORIENTED_EDGE ( 'NONE', *, *, #1424, .F. ) ;
#1022 = ADVANCED_FACE ( 'NONE', ( #3661 ), #676, .F. ) ;
#1023 = AXIS2_PLACEMENT_3D ( 'NONE', #1731, #323, #3555 ) ;
#1024 = CARTESIAN_POINT ( 'NONE',  ( -44.50000000000001421, -2.999999999999998224, -34.00000000000000000 ) ) ;
#1025 = CARTESIAN_POINT ( 'NONE',  ( -45.50000000000001421, -22.00000000000000000, 30.00000000000001066 ) ) ;
#1026 = CARTESIAN_POINT ( 'NONE',  ( -44.50000000000001421, -6.000000000000000000, 30.75000000000001421 ) ) ;
#1027 = AXIS2_PLACEMENT_3D ( 'NONE', #2784, #1727, #1418 ) ;
#1028 = EDGE_CURVE ( 'NONE', #2222, #3403, #3537, .T. ) ;
#1029 = VECTOR ( 'NONE', #2680, 1000.000000000000000 ) ;
#1030 = ORIENTED_EDGE ( 'NONE', *, *, #1383, .F. ) ;
#1031 = CARTESIAN_POINT ( 'NONE',  ( -15.50000000000001776, -15.00000000000000178, 20.00000000000001066 ) ) ;
#1032 = EDGE_CURVE ( 'NONE', #2127, #2783, #4015, .T. ) ;
#1033 = ORIENTED_EDGE ( 'NONE', *, *, #2958, .T. ) ;
#1034 = VERTEX_POINT ( 'NONE', #4497 ) ;
#1035 = VECTOR ( 'NONE', #737, 1000.000000000000000 ) ;
#1036 = EDGE_LOOP ( 'NONE', ( #2236, #3868 ) ) ;
#1037 = FACE_BOUND ( 'NONE', #118, .T. ) ;
#1038 = FACE_OUTER_BOUND ( 'NONE', #3946, .T. ) ;
#1039 = EDGE_CURVE ( 'NONE', #793, #2363, #3942, .T. ) ;
#1040 = CARTESIAN_POINT ( 'NONE',  ( 42.00000000000000711, 1.799999999999999600, 30.00000000000001066 ) ) ;
#1041 = CARTESIAN_POINT ( 'NONE',  ( -44.50000000000001421, -19.99999999999999645, -31.50000000000001421 ) ) ;
#1042 = ORIENTED_EDGE ( 'NONE', *, *, #3938, .T. ) ;
#1043 = FACE_OUTER_BOUND ( 'NONE', #4450, .T. ) ;
#1044 = EDGE_LOOP ( 'NONE', ( #1033, #2495 ) ) ;
#1045 = ORIENTED_EDGE ( 'NONE', *, *, #140, .T. ) ;
#1046 = LINE ( 'NONE', #1025, #865 ) ;
#1047 = CARTESIAN_POINT ( 'NONE',  ( 45.52892837307424401, 2.612190991007328211, 4.614047281171850479 ) ) ;
#1048 = EDGE_CURVE ( 'NONE', #1982, #1315, #4277, .T. ) ;
#1049 = VERTEX_POINT ( 'NONE', #1618 ) ;
#1050 = PLANE ( 'NONE',  #1824 ) ;
#1051 = DIRECTION ( 'NONE',  ( 0.000000000000000000, 0.000000000000000000, 1.000000000000000000 ) ) ;
#1052 = ADVANCED_FACE ( 'NONE', ( #1979 ), #2404, .T. ) ;
#1053 = ORIENTED_EDGE ( 'NONE', *, *, #1757, .T. ) ;
#1054 = VERTEX_POINT ( 'NONE', #937 ) ;
#1055 = EDGE_LOOP ( 'NONE', ( #2150, #2447, #4587, #1123 ) ) ;
#1056 = CARTESIAN_POINT ( 'NONE',  ( 85.50000000000001421, 0.000000000000000000, -3.091507183936761827 ) ) ;
#1057 = DIRECTION ( 'NONE',  ( 0.000000000000000000, 0.000000000000000000, 1.000000000000000000 ) ) ;
#1058 = CARTESIAN_POINT ( 'NONE',  ( -46.12432983716945500, 0.000000000000000000, 10.13115200650949888 ) ) ;
#1059 = FACE_OUTER_BOUND ( 'NONE', #1739, .T. ) ;
#1060 = EDGE_CURVE ( 'NONE', #1130, #1904, #3215, .T. ) ;
#1061 = DIRECTION ( 'NONE',  ( 0.000000000000000000, 1.000000000000000000, 0.000000000000000000 ) ) ;
#1062 = EDGE_LOOP ( 'NONE', ( #2126, #3804 ) ) ;
#1063 = ORIENTED_EDGE ( 'NONE', *, *, #412, .T. ) ;
#1064 = VECTOR ( 'NONE', #2142, 1000.000000000000000 ) ;
#1065 = VECTOR ( 'NONE', #2595, 1000.000000000000000 ) ;
#1066 = AXIS2_PLACEMENT_3D ( 'NONE', #3982, #2867, #1151 ) ;
#1067 = DIRECTION ( 'NONE',  ( -0.000000000000000000, 1.000000000000000000, -0.000000000000000000 ) ) ;
#1068 = DIRECTION ( 'NONE',  ( -0.000000000000000000, 1.000000000000000000, -0.000000000000000000 ) ) ;
#1069 = PLANE ( 'NONE',  #4272 ) ;
#1070 = CIRCLE ( 'NONE', #3541, 4.600000000000001421 ) ;
#1071 = VECTOR ( 'NONE', #2448, 1000.000000000000000 ) ;
#1072 = VECTOR ( 'NONE', #123, 1000.000000000000000 ) ;
#1073 = FACE_OUTER_BOUND ( 'NONE', #2735, .T. ) ;
#1074 = CARTESIAN_POINT ( 'NONE',  ( -46.12293727264081866, 4.000000000000000000, -10.12335836023587987 ) ) ;
#1075 = DIRECTION ( 'NONE',  ( 1.000000000000000000, -0.000000000000000000, 0.000000000000000000 ) ) ;
#1076 = ORIENTED_EDGE ( 'NONE', *, *, #2590, .F. ) ;
#1077 = EDGE_LOOP ( 'NONE', ( #4414, #736, #3674, #163, #1182, #1997 ) ) ;
#1078 = AXIS2_PLACEMENT_3D ( 'NONE', #3154, #4479, #4176 ) ;
#1079 = EDGE_CURVE ( 'NONE', #3269, #204, #3724, .T. ) ;
#1080 = ORIENTED_EDGE ( 'NONE', *, *, #343, .T. ) ;
#1081 = DIRECTION ( 'NONE',  ( -1.000000000000000000, 0.000000000000000000, 0.000000000000000000 ) ) ;
#1082 = LINE ( 'NONE', #3657, #1666 ) ;
#1083 = ORIENTED_EDGE ( 'NONE', *, *, #3963, .T. ) ;
#1084 = FACE_OUTER_BOUND ( 'NONE', #4422, .T. ) ;
#1085 = LINE ( 'NONE', #684, #1178 ) ;
#1086 = ADVANCED_FACE ( 'NONE', ( #353 ), #1, .F. ) ;
#1087 = DIRECTION ( 'NONE',  ( 1.000000000000000000, 0.000000000000000000, 0.000000000000000000 ) ) ;
#1088 = ORIENTED_EDGE ( 'NONE', *, *, #2100, .F. ) ;
#1089 = VERTEX_POINT ( 'NONE', #592 ) ;
#1090 = ADVANCED_FACE ( 'NONE', ( #4524 ), #2110, .F. ) ;
#1091 = CARTESIAN_POINT ( 'NONE',  ( -45.50000000000001421, 4.000000000000000000, -3.091507183936761827 ) ) ;
#1092 = DIRECTION ( 'NONE',  ( 0.000000000000000000, -1.000000000000000000, 0.000000000000000000 ) ) ;
#1093 = CARTESIAN_POINT ( 'NONE',  ( 45.54496642486498814, 3.545641891765404896, 4.987783985904783890 ) ) ;
#1094 = AXIS2_PLACEMENT_3D ( 'NONE', #2669, #2368, #857 ) ;
#1095 = EDGE_CURVE ( 'NONE', #2586, #3629, #2757, .T. ) ;
#1096 = DIRECTION ( 'NONE',  ( -0.000000000000000000, -1.000000000000000000, -0.000000000000000000 ) ) ;
#1097 = DIRECTION ( 'NONE',  ( 0.000000000000000000, -1.000000000000000000, 0.000000000000000000 ) ) ;
#1098 = DIRECTION ( 'NONE',  ( -0.000000000000000000, 0.000000000000000000, 1.000000000000000000 ) ) ;
#1099 = CARTESIAN_POINT ( 'NONE',  ( -44.50000000000001421, -2.999999999999998224, 29.00000000000000711 ) ) ;
#1100 = VERTEX_POINT ( 'NONE', #2843 ) ;
#1101 = VERTEX_POINT ( 'NONE', #4121 ) ;
#1102 = VECTOR ( 'NONE', #2123, 1000.000000000000000 ) ;
#1103 = VERTEX_POINT ( 'NONE', #4146 ) ;
#1104 = AXIS2_PLACEMENT_3D ( 'NONE', #4302, #1779, #4349 ) ;
#1105 = CARTESIAN_POINT ( 'NONE',  ( 85.50000000000001421, 4.000000000000000000, -5.000000000000000888 ) ) ;
#1106 = DIRECTION ( 'NONE',  ( 0.000000000000000000, 0.000000000000000000, -1.000000000000000000 ) ) ;
#1107 = EDGE_CURVE ( 'NONE', #4563, #533, #3132, .T. ) ;
#1108 = VERTEX_POINT ( 'NONE', #912 ) ;
#1109 = AXIS2_PLACEMENT_3D ( 'NONE', #3665, #2596, #457 ) ;
#1110 = DIRECTION ( 'NONE',  ( 1.000000000000000000, 0.000000000000000000, 0.000000000000000000 ) ) ;
#1111 = CARTESIAN_POINT ( 'NONE',  ( 15.00000000000000178, 4.000000000000000000, -30.00000000000000000 ) ) ;
#1112 = CYLINDRICAL_SURFACE ( 'NONE', #4309, 43.50000000000001421 ) ;
#1113 = EDGE_LOOP ( 'NONE', ( #2400, #2993, #2639, #345, #405, #356, #4609, #3102 ) ) ;
#1114 = ORIENTED_EDGE ( 'NONE', *, *, #2372, .T. ) ;
#1115 = CARTESIAN_POINT ( 'NONE',  ( -44.50000000000001421, 0.000000000000000000, -20.49999999999999645 ) ) ;
#1116 = CARTESIAN_POINT ( 'NONE',  ( -3.500000000000016431, -15.00000000000000178, 22.60000000000001208 ) ) ;
#1117 = FACE_OUTER_BOUND ( 'NONE', #3110, .T. ) ;
#1118 = CARTESIAN_POINT ( 'NONE',  ( -42.00000000000000711, 3.000000000000000000, -2.499999999999999112 ) ) ;
#1119 = DIRECTION ( 'NONE',  ( 0.000000000000000000, 0.000000000000000000, 1.000000000000000000 ) ) ;
#1120 = EDGE_CURVE ( 'NONE', #2341, #585, #3350, .T. ) ;
#1121 = ORIENTED_EDGE ( 'NONE', *, *, #4628, .T. ) ;
#1122 = ORIENTED_EDGE ( 'NONE', *, *, #703, .F. ) ;
#1123 = ORIENTED_EDGE ( 'NONE', *, *, #371, .F. ) ;
#1124 = CARTESIAN_POINT ( 'NONE',  ( -15.50000000000001776, -11.99999999999999822, 17.40000000000000924 ) ) ;
#1125 = ORIENTED_EDGE ( 'NONE', *, *, #2839, .T. ) ;
#1126 = DIRECTION ( 'NONE',  ( 0.000000000000000000, 0.000000000000000000, 1.000000000000000000 ) ) ;
#1127 = ADVANCED_FACE ( 'NONE', ( #1293 ), #3559, .T. ) ;
#1128 = CARTESIAN_POINT ( 'NONE',  ( -44.50000000000001421, -42.54163056034263946, 30.75000000000001421 ) ) ;
#1129 = CARTESIAN_POINT ( 'NONE',  ( -44.50000000000001421, 0.000000000000000000, -29.00000000000000711 ) ) ;
#1130 = VERTEX_POINT ( 'NONE', #3079 ) ;
#1131 = ORIENTED_EDGE ( 'NONE', *, *, #561, .T. ) ;
#1132 = ADVANCED_FACE ( 'NONE', ( #3107 ), #2382, .T. ) ;
#1133 = CARTESIAN_POINT ( 'NONE',  ( -42.00000000000000711, 4.000000000000000000, -3.091507183936765379 ) ) ;
#1134 = DIRECTION ( 'NONE',  ( -1.000000000000000000, 0.000000000000000000, 0.000000000000000000 ) ) ;
#1135 = CARTESIAN_POINT ( 'NONE',  ( 44.50000000000001421, -42.54163056034263946, 30.75000000000001421 ) ) ;
#1136 = CIRCLE ( 'NONE', #3240, 4.999999999999997335 ) ;
#1137 = VECTOR ( 'NONE', #827, 1000.000000000000000 ) ;
#1138 = ORIENTED_EDGE ( 'NONE', *, *, #3201, .T. ) ;
#1139 = FACE_BOUND ( 'NONE', #722, .T. ) ;
#1140 = VECTOR ( 'NONE', #3941, 1000.000000000000000 ) ;
#1141 = FACE_OUTER_BOUND ( 'NONE', #553, .T. ) ;
#1142 = AXIS2_PLACEMENT_3D ( 'NONE', #4357, #2566, #514 ) ;
#1143 = B_SPLINE_CURVE_WITH_KNOTS ( 'NONE', 3,
 ( #2326, #3744, #2396, #3822, #4112, #605, #3419, #208, #3469, #4488, #1283, #3093, #2715, #4136, #929, #2369 ),
 .UNSPECIFIED., .F., .F.,
 ( 4, 2, 2, 2, 2, 2, 2, 4 ),
 ( 0.000000000000000000, 0.0003791906699825364161, 0.0007583813399650728322, 0.001137572009947609248, 0.001516762679930145664, 0.001895953349912681864, 0.002275144019895218497, 0.003033525359860290462 ),
 .UNSPECIFIED. ) ;
#1144 = ADVANCED_FACE ( 'NONE', ( #812 ), #3999, .F. ) ;
#1145 = ORIENTED_EDGE ( 'NONE', *, *, #3505, .T. ) ;
#1146 = ORIENTED_EDGE ( 'NONE', *, *, #898, .F. ) ;
#1147 = AXIS2_PLACEMENT_3D ( 'NONE', #2583, #3279, #3346 ) ;
#1148 = EDGE_CURVE ( 'NONE', #2679, #3101, #2540, .T. ) ;
#1149 = ORIENTED_EDGE ( 'NONE', *, *, #1430, .T. ) ;
#1150 = LINE ( 'NONE', #3676, #4504 ) ;
#1151 = DIRECTION ( 'NONE',  ( 0.000000000000000000, 0.000000000000000000, -1.000000000000000000 ) ) ;
#1152 = VECTOR ( 'NONE', #4237, 1000.000000000000000 ) ;
#1153 = ORIENTED_EDGE ( 'NONE', *, *, #2718, .T. ) ;
#1154 = ADVANCED_FACE ( 'NONE', ( #1850 ), #3954, .F. ) ;
#1155 = CARTESIAN_POINT ( 'NONE',  ( -44.50000000000001421, -42.54163056034264656, -29.00000000000000711 ) ) ;
#1156 = CARTESIAN_POINT ( 'NONE',  ( 44.50000000000001421, -18.50000000000000000, -29.00000000000000711 ) ) ;
#1157 = VERTEX_POINT ( 'NONE', #3259 ) ;
#1158 = DIRECTION ( 'NONE',  ( -1.000000000000000000, 0.000000000000000000, 2.312964634635743450E-16 ) ) ;
#1159 = DIRECTION ( 'NONE',  ( 0.000000000000000000, -1.024628711853730936E-16, 1.000000000000000000 ) ) ;
#1160 = PLANE ( 'NONE',  #1846 ) ;
#1161 = DIRECTION ( 'NONE',  ( 0.000000000000000000, -1.000000000000000000, 0.000000000000000000 ) ) ;
#1162 = EDGE_CURVE ( 'NONE', #3789, #3653, #2912, .T. ) ;
#1163 = CIRCLE ( 'NONE', #3932, 2.500000000000002220 ) ;
#1164 = PLANE ( 'NONE',  #2763 ) ;
#1165 = DIRECTION ( 'NONE',  ( -0.000000000000000000, -1.000000000000000000, -0.000000000000000000 ) ) ;
#1166 = CARTESIAN_POINT ( 'NONE',  ( -15.50000000000001776, -18.50000000000000000, 20.00000000000001066 ) ) ;
#1167 = EDGE_LOOP ( 'NONE', ( #497, #4000 ) ) ;
#1168 = ADVANCED_FACE ( 'NONE', ( #1141 ), #745, .F. ) ;
#1169 = ORIENTED_EDGE ( 'NONE', *, *, #1489, .F. ) ;
#1170 = CIRCLE ( 'NONE', #2303, 8.500000000000010658 ) ;
#1171 = VECTOR ( 'NONE', #3488, 1000.000000000000000 ) ;
#1172 = ORIENTED_EDGE ( 'NONE', *, *, #1999, .T. ) ;
#1173 = LINE ( 'NONE', #2610, #3390 ) ;
#1174 = VECTOR ( 'NONE', #1075, 1000.000000000000000 ) ;
#1175 = CARTESIAN_POINT ( 'NONE',  ( -44.50000000000001421, 0.000000000000000000, -29.00000000000000711 ) ) ;
#1176 = ORIENTED_EDGE ( 'NONE', *, *, #1890, .F. ) ;
#1177 = CARTESIAN_POINT ( 'NONE',  ( 85.50000000000001421, 15.00000000000000000, 3.091507183936761827 ) ) ;
#1178 = VECTOR ( 'NONE', #3267, 1000.000000000000000 ) ;
#1179 = CARTESIAN_POINT ( 'NONE',  ( 44.50000000000001421, -22.00000000000000355, -29.00000000000000711 ) ) ;
#1180 = DIRECTION ( 'NONE',  ( -0.000000000000000000, 1.000000000000000000, -0.000000000000000000 ) ) ;
#1181 = ADVANCED_FACE ( 'NONE', ( #2584 ), #4375, .F. ) ;
#1182 = ORIENTED_EDGE ( 'NONE', *, *, #3120, .F. ) ;
#1183 = AXIS2_PLACEMENT_3D ( 'NONE', #4020, #2158, #1871 ) ;
#1184 = DIRECTION ( 'NONE',  ( 0.000000000000000000, -0.000000000000000000, 1.000000000000000000 ) ) ;
#1185 = VERTEX_POINT ( 'NONE', #399 ) ;
#1186 = CYLINDRICAL_SURFACE ( 'NONE', #4202, 2.500000000000005773 ) ;
#1187 = EDGE_CURVE ( 'NONE', #3915, #2972, #1898, .T. ) ;
#1188 = CARTESIAN_POINT ( 'NONE',  ( 39.95933631058686331, 0.000000000000000000, 36.18556701030929901 ) ) ;
#1189 = DIRECTION ( 'NONE',  ( -0.000000000000000000, -1.000000000000000000, -0.000000000000000000 ) ) ;
#1190 = DIRECTION ( 'NONE',  ( 0.000000000000000000, 0.000000000000000000, 1.000000000000000000 ) ) ;
#1191 = DIRECTION ( 'NONE',  ( -0.000000000000000000, 1.000000000000000000, -0.000000000000000000 ) ) ;
#1192 = ORIENTED_EDGE ( 'NONE', *, *, #86, .F. ) ;
#1193 = EDGE_CURVE ( 'NONE', #729, #860, #3326, .T. ) ;
#1194 = ORIENTED_EDGE ( 'NONE', *, *, #2685, .T. ) ;
#1195 = CARTESIAN_POINT ( 'NONE',  ( 15.00000000000000000, 0.000000000000000000, -26.50000000000000711 ) ) ;
#1196 = DIRECTION ( 'NONE',  ( 0.000000000000000000, -1.000000000000000000, 0.000000000000000000 ) ) ;
#1197 = ORIENTED_EDGE ( 'NONE', *, *, #1631, .F. ) ;
#1198 = DIRECTION ( 'NONE',  ( 0.000000000000000000, 0.000000000000000000, -1.000000000000000000 ) ) ;
#1199 = CARTESIAN_POINT ( 'NONE',  ( -44.50000000000001421, 15.00000000000000000, -37.50000000000002132 ) ) ;
#1200 = CARTESIAN_POINT ( 'NONE',  ( -44.50000000000001421, 0.000000000000000000, 34.00000000000000000 ) ) ;
#1201 = DIRECTION ( 'NONE',  ( 0.000000000000000000, 0.000000000000000000, 1.000000000000000000 ) ) ;
#1202 = EDGE_LOOP ( 'NONE', ( #4387, #2932, #2818, #474, #3476, #2472, #78, #4378, #1475, #3073, #1387, #1604, #2213, #534 ) ) ;
#1203 = CARTESIAN_POINT ( 'NONE',  ( -44.50000000000001421, -22.00000000000000355, 29.00000000000000711 ) ) ;
#1204 = ADVANCED_FACE ( 'NONE', ( #443 ), #2183, .F. ) ;
#1205 = PLANE ( 'NONE',  #3812 ) ;
#1206 = ORIENTED_EDGE ( 'NONE', *, *, #209, .F. ) ;
#1207 = CARTESIAN_POINT ( 'NONE',  ( 18.59150718393674495, 15.00000000000000000, -70.00000000000000000 ) ) ;
#1208 = CARTESIAN_POINT ( 'NONE',  ( 42.57211781330951084, 0.000000000000000000, -10.12335836023591007 ) ) ;
#1209 = DIRECTION ( 'NONE',  ( 0.000000000000000000, 0.000000000000000000, 1.000000000000000000 ) ) ;
#1210 = FACE_OUTER_BOUND ( 'NONE', #2025, .T. ) ;
#1211 = CARTESIAN_POINT ( 'NONE',  ( -15.50000000000001776, -15.00000000000000178, 17.40000000000000924 ) ) ;
#1212 = ORIENTED_EDGE ( 'NONE', *, *, #2008, .T. ) ;
#1213 = VECTOR ( 'NONE', #4271, 1000.000000000000000 ) ;
#1214 = VECTOR ( 'NONE', #2619, 1000.000000000000000 ) ;
#1215 = AXIS2_PLACEMENT_3D ( 'NONE', #1877, #4379, #3331 ) ;
#1216 = ORIENTED_EDGE ( 'NONE', *, *, #18, .T. ) ;
#1217 = DIRECTION ( 'NONE',  ( -0.000000000000000000, -0.000000000000000000, -1.000000000000000000 ) ) ;
#1218 = ORIENTED_EDGE ( 'NONE', *, *, #4516, .T. ) ;
#1219 = CIRCLE ( 'NONE', #1294, 8.500000000000010658 ) ;
#1220 = VECTOR ( 'NONE', #720, 1000.000000000000000 ) ;
#1221 = EDGE_CURVE ( 'NONE', #1508, #3899, #4307, .T. ) ;
#1222 = FACE_BOUND ( 'NONE', #2473, .T. ) ;
#1223 = VECTOR ( 'NONE', #591, 1000.000000000000000 ) ;
#1224 = DIRECTION ( 'NONE',  ( 0.000000000000000000, 0.000000000000000000, 1.000000000000000000 ) ) ;
#1225 = DIRECTION ( 'NONE',  ( 0.000000000000000000, 0.000000000000000000, -1.000000000000000000 ) ) ;
#1226 = DIRECTION ( 'NONE',  ( 0.000000000000000000, 0.000000000000000000, -1.000000000000000000 ) ) ;
#1227 = ORIENTED_EDGE ( 'NONE', *, *, #3547, .T. ) ;
#1228 = DIRECTION ( 'NONE',  ( 0.000000000000000000, 0.000000000000000000, 1.000000000000000000 ) ) ;
#1229 = ADVANCED_FACE ( 'NONE', ( #4396, #4304, #1538, #3299 ), #1829, .T. ) ;
#1230 = LINE ( 'NONE', #3319, #2003 ) ;
#1231 = ORIENTED_EDGE ( 'NONE', *, *, #1971, .F. ) ;
#1232 = DIRECTION ( 'NONE',  ( 1.000000000000000000, 0.000000000000000000, -0.000000000000000000 ) ) ;
#1233 = DIRECTION ( 'NONE',  ( 0.000000000000000000, 0.000000000000000000, -1.000000000000000000 ) ) ;
#1234 = CARTESIAN_POINT ( 'NONE',  ( -44.50000000000001421, -18.50000000000000000, -31.50000000000001421 ) ) ;
#1235 = CARTESIAN_POINT ( 'NONE',  ( 44.50000000000001421, -2.999999999999998224, -29.00000000000000711 ) ) ;
#1236 = ADVANCED_FACE ( 'NONE', ( #3604 ), #1804, .T. ) ;
#1237 = ORIENTED_EDGE ( 'NONE', *, *, #2488, .T. ) ;
#1238 = VECTOR ( 'NONE', #3337, 1000.000000000000000 ) ;
#1239 = ORIENTED_EDGE ( 'NONE', *, *, #801, .F. ) ;
#1240 = DIRECTION ( 'NONE',  ( 0.000000000000000000, 0.000000000000000000, -1.000000000000000000 ) ) ;
#1241 = VERTEX_POINT ( 'NONE', #2955 ) ;
#1242 = CIRCLE ( 'NONE', #3795, 43.50000000000000711 ) ;
#1243 = DIRECTION ( 'NONE',  ( 0.000000000000000000, 0.000000000000000000, -1.000000000000000000 ) ) ;
#1244 = EDGE_CURVE ( 'NONE', #2552, #1499, #4384, .T. ) ;
#1245 = LINE ( 'NONE', #4385, #3425 ) ;
#1246 = CARTESIAN_POINT ( 'NONE',  ( -44.50000000000001421, -18.50000000000000000, -29.00000000000000711 ) ) ;
#1247 = CIRCLE ( 'NONE', #2371, 2.500000000000002220 ) ;
#1248 = ORIENTED_EDGE ( 'NONE', *, *, #4181, .T. ) ;
#1249 = CIRCLE ( 'NONE', #2531, 4.999999999999997335 ) ;
#1250 = CARTESIAN_POINT ( 'NONE',  ( 15.00000000000000178, 4.000000000000000000, -26.50000000000001421 ) ) ;
#1251 = AXIS2_PLACEMENT_3D ( 'NONE', #2509, #3210, #3925 ) ;
#1252 = CARTESIAN_POINT ( 'NONE',  ( -85.50000000000001421, -22.00000000000000000, -3.091507183936761827 ) ) ;
#1253 = PLANE ( 'NONE',  #1558 ) ;
#1254 = ORIENTED_EDGE ( 'NONE', *, *, #2451, .F. ) ;
#1255 = LINE ( 'NONE', #577, #3169 ) ;
#1256 = AXIS2_PLACEMENT_3D ( 'NONE', #810, #42, #3582 ) ;
#1257 = ORIENTED_EDGE ( 'NONE', *, *, #1697, .T. ) ;
#1258 = CIRCLE ( 'NONE', #878, 40.00000000000000711 ) ;
#1259 = CARTESIAN_POINT ( 'NONE',  ( 44.50000000000001421, -6.000000000000000000, -30.75000000000001421 ) ) ;
#1260 = CARTESIAN_POINT ( 'NONE',  ( 42.00000000000000711, 1.800000000000000044, 2.999999999999984901 ) ) ;
#1261 = CARTESIAN_POINT ( 'NONE',  ( -18.59150718393674495, -18.50000000000000355, 70.00000000000000000 ) ) ;
#1262 = ORIENTED_EDGE ( 'NONE', *, *, #1095, .F. ) ;
#1263 = EDGE_CURVE ( 'NONE', #3909, #3269, #2160, .T. ) ;
#1264 = ORIENTED_EDGE ( 'NONE', *, *, #2488, .F. ) ;
#1265 = LINE ( 'NONE', #1973, #3615 ) ;
#1266 = EDGE_CURVE ( 'NONE', #2127, #1911, #2649, .T. ) ;
#1267 = ORIENTED_EDGE ( 'NONE', *, *, #3465, .T. ) ;
#1268 = ORIENTED_EDGE ( 'NONE', *, *, #3968, .F. ) ;
#1269 = FACE_OUTER_BOUND ( 'NONE', #181, .T. ) ;
#1270 = APPLICATION_PROTOCOL_DEFINITION ( 'draft international standard', 'automotive_design', 1998, #3689 ) ;
#1271 = DIRECTION ( 'NONE',  ( 1.000000000000000000, -0.000000000000000000, 0.000000000000000000 ) ) ;
#1272 = CYLINDRICAL_SURFACE ( 'NONE', #4140, 8.500000000000010658 ) ;
#1273 = PLANE ( 'NONE',  #4228 ) ;
#1274 = ORIENTED_EDGE ( 'NONE', *, *, #4011, .F. ) ;
#1275 = CARTESIAN_POINT ( 'NONE',  ( 45.50061462206381435, 1.825935518250270118, -3.345039934326195397 ) ) ;
#1276 = CARTESIAN_POINT ( 'NONE',  ( -44.50000000000001421, -42.54163056034263946, -30.75000000000001421 ) ) ;
#1277 = ORIENTED_EDGE ( 'NONE', *, *, #1263, .T. ) ;
#1278 = LINE ( 'NONE', #2014, #763 ) ;
#1279 = VERTEX_POINT ( 'NONE', #1234 ) ;
#1280 = DIRECTION ( 'NONE',  ( 0.000000000000000000, 1.000000000000000000, 0.000000000000000000 ) ) ;
#1281 = CARTESIAN_POINT ( 'NONE',  ( -44.50000000000001421, -2.999999999999998224, 29.00000000000000711 ) ) ;
#1282 = CARTESIAN_POINT ( 'NONE',  ( -3.500000000000016431, -11.99999999999999822, 22.60000000000001208 ) ) ;
#1283 = CARTESIAN_POINT ( 'NONE',  ( 42.02651554202303430, 2.608920458391176922, -4.611673415072806037 ) ) ;
#1284 = EDGE_LOOP ( 'NONE', ( #1989, #3306 ) ) ;
#1285 = DIRECTION ( 'NONE',  ( 0.000000000000000000, 0.000000000000000000, -1.000000000000000000 ) ) ;
#1286 = ADVANCED_FACE ( 'NONE', ( #3347 ), #4418, .F. ) ;
#1287 = ORIENTED_EDGE ( 'NONE', *, *, #112, .T. ) ;
#1288 = ORIENTED_EDGE ( 'NONE', *, *, #4087, .T. ) ;
#1289 = VECTOR ( 'NONE', #902, 1000.000000000000000 ) ;
#1290 = AXIS2_PLACEMENT_3D ( 'NONE', #2611, #2168, #795 ) ;
#1291 = DIRECTION ( 'NONE',  ( -1.000000000000000000, 0.000000000000000000, 0.000000000000000000 ) ) ;
#1292 = AXIS2_PLACEMENT_3D ( 'NONE', #1628, #2038, #1329 ) ;
#1293 = FACE_OUTER_BOUND ( 'NONE', #1880, .T. ) ;
#1294 = AXIS2_PLACEMENT_3D ( 'NONE', #1881, #1527, #888 ) ;
#1295 = LINE ( 'NONE', #2383, #968 ) ;
#1296 = VECTOR ( 'NONE', #3099, 1000.000000000000000 ) ;
#1297 = ORIENTED_EDGE ( 'NONE', *, *, #2858, .T. ) ;
#1298 = ADVANCED_FACE ( 'NONE', ( #2325 ), #3743, .F. ) ;
#1299 = PLANE ( 'NONE',  #4276 ) ;
#1300 = VECTOR ( 'NONE', #4013, 1000.000000000000000 ) ;
#1301 = DIRECTION ( 'NONE',  ( 0.000000000000000000, 1.000000000000000000, 0.000000000000000000 ) ) ;
#1302 = ORIENTED_EDGE ( 'NONE', *, *, #4471, .F. ) ;
#1303 = DIRECTION ( 'NONE',  ( 0.000000000000000000, 0.000000000000000000, 1.000000000000000000 ) ) ;
#1304 = ORIENTED_EDGE ( 'NONE', *, *, #3835, .F. ) ;
#1305 = AXIS2_PLACEMENT_3D ( 'NONE', #3409, #1347, #1324 ) ;
#1306 = LINE ( 'NONE', #2738, #2614 ) ;
#1307 = CARTESIAN_POINT ( 'NONE',  ( -27.50000000000001776, -15.00000000000000178, 20.00000000000001066 ) ) ;
#1308 = LINE ( 'NONE', #1356, #1543 ) ;
#1309 = CYLINDRICAL_SURFACE ( 'NONE', #2497, 4.999999999999997335 ) ;
#1310 = ADVANCED_FACE ( 'NONE', ( #2277 ), #3070, .T. ) ;
#1311 = ORIENTED_EDGE ( 'NONE', *, *, #236, .T. ) ;
#1312 = EDGE_LOOP ( 'NONE', ( #4590, #1399, #2942, #1643 ) ) ;
#1313 = DIRECTION ( 'NONE',  ( -1.000000000000000000, 0.000000000000000000, 0.000000000000000000 ) ) ;
#1314 = ADVANCED_FACE ( 'NONE', ( #1210 ), #157, .F. ) ;
#1315 = VERTEX_POINT ( 'NONE', #137 ) ;
#1316 = ORIENTED_EDGE ( 'NONE', *, *, #4193, .F. ) ;
#1317 = LINE ( 'NONE', #567, #2727 ) ;
#1318 = AXIS2_PLACEMENT_3D ( 'NONE', #2638, #2593, #2551 ) ;
#1319 = CARTESIAN_POINT ( 'NONE',  ( -27.50000000000001776, -11.99999999999999822, 20.00000000000001066 ) ) ;
#1320 = CARTESIAN_POINT ( 'NONE',  ( -15.50000000000001776, -18.50000000000000000, 24.60000000000001208 ) ) ;
#1321 = DIRECTION ( 'NONE',  ( -0.000000000000000000, -1.000000000000000000, -0.000000000000000000 ) ) ;
#1322 = AXIS2_PLACEMENT_3D ( 'NONE', #628, #2768, #4249 ) ;
#1323 = ORIENTED_EDGE ( 'NONE', *, *, #296, .T. ) ;
#1324 = DIRECTION ( 'NONE',  ( 0.000000000000000000, -0.000000000000000000, 1.000000000000000000 ) ) ;
#1325 = DIRECTION ( 'NONE',  ( 0.000000000000000000, -1.000000000000000000, 0.000000000000000000 ) ) ;
#1326 = EDGE_CURVE ( 'NONE', #3028, #2696, #350, .T. ) ;
#1327 = CARTESIAN_POINT ( 'NONE',  ( 18.59150718393674495, 0.000000000000000000, 70.00000000000000000 ) ) ;
#1328 = ORIENTED_EDGE ( 'NONE', *, *, #963, .F. ) ;
#1329 = DIRECTION ( 'NONE',  ( 0.000000000000000000, 0.000000000000000000, -1.000000000000000000 ) ) ;
#1330 = ORIENTED_EDGE ( 'NONE', *, *, #1729, .T. ) ;
#1331 = AXIS2_PLACEMENT_3D ( 'NONE', #1327, #3836, #3528 ) ;
#1332 = AXIS2_PLACEMENT_3D ( 'NONE', #4171, #3889, #966 ) ;
#1333 = PLANE ( 'NONE',  #1861 ) ;
#1334 = CARTESIAN_POINT ( 'NONE',  ( 44.50000000000001421, -18.50000000000000000, 27.25000000000000355 ) ) ;
#1335 = DIRECTION ( 'NONE',  ( 0.000000000000000000, 0.000000000000000000, -1.000000000000000000 ) ) ;
#1336 = VECTOR ( 'NONE', #1964, 1000.000000000000000 ) ;
#1337 = EDGE_CURVE ( 'NONE', #4507, #2384, #3043, .T. ) ;
#1338 = ORIENTED_EDGE ( 'NONE', *, *, #3309, .T. ) ;
#1339 = LINE ( 'NONE', #588, #3913 ) ;
#1340 = VERTEX_POINT ( 'NONE', #1260 ) ;
#1341 = VERTEX_POINT ( 'NONE', #4487 ) ;
#1342 = PLANE ( 'NONE',  #3251 ) ;
#1343 = ORIENTED_EDGE ( 'NONE', *, *, #917, .F. ) ;
#1344 = DIRECTION ( 'NONE',  ( 0.000000000000000000, 0.000000000000000000, 1.000000000000000000 ) ) ;
#1345 = DIRECTION ( 'NONE',  ( -0.000000000000000000, -1.000000000000000000, -0.000000000000000000 ) ) ;
#1346 = CARTESIAN_POINT ( 'NONE',  ( 19.09059517604347178, -8.656484800871085739, 30.00295602321883237 ) ) ;
#1347 = DIRECTION ( 'NONE',  ( 0.000000000000000000, 1.000000000000000000, 0.000000000000000000 ) ) ;
#1348 = CARTESIAN_POINT ( 'NONE',  ( -44.50000000000001421, -22.00000000000000000, -29.00000000000000711 ) ) ;
#1349 = CARTESIAN_POINT ( 'NONE',  ( -14.99999999999998934, 0.000000000000000000, 26.50000000000001066 ) ) ;
#1350 = EDGE_CURVE ( 'NONE', #223, #68, #4066, .T. ) ;
#1351 = VERTEX_POINT ( 'NONE', #2714 ) ;
#1352 = LINE ( 'NONE', #4265, #1171 ) ;
#1353 = VERTEX_POINT ( 'NONE', #4444 ) ;
#1354 = EDGE_CURVE ( 'NONE', #965, #3564, #3121, .T. ) ;
#1355 = CARTESIAN_POINT ( 'NONE',  ( -42.00000000000000711, 4.000000000000000000, -3.091507183936765379 ) ) ;
#1356 = CARTESIAN_POINT ( 'NONE',  ( -44.50000000000001421, -2.999999999999998224, 34.00000000000000000 ) ) ;
#1357 = FACE_OUTER_BOUND ( 'NONE', #4353, .T. ) ;
#1358 = EDGE_CURVE ( 'NONE', #1911, #3227, #2456, .T. ) ;
#1359 = EDGE_LOOP ( 'NONE', ( #276, #260, #725, #3481 ) ) ;
#1360 = LINE ( 'NONE', #654, #1976 ) ;
#1361 = ORIENTED_EDGE ( 'NONE', *, *, #3974, .T. ) ;
#1362 = VERTEX_POINT ( 'NONE', #4111 ) ;
#1363 = CARTESIAN_POINT ( 'NONE',  ( 12.49999999999999289, 4.000000000000000000, 30.00000000000001066 ) ) ;
#1364 = ORIENTED_EDGE ( 'NONE', *, *, #2711, .T. ) ;
#1365 = CARTESIAN_POINT ( 'NONE',  ( -58.34927731208833279, 0.000000000000000000, -37.51000000000001933 ) ) ;
#1366 = AXIS2_PLACEMENT_3D ( 'NONE', #324, #2881, #2468 ) ;
#1367 = CARTESIAN_POINT ( 'NONE',  ( -45.50000000000001421, 4.000000000000000000, -3.091507183936761827 ) ) ;
#1368 = ADVANCED_FACE ( 'NONE', ( #1564 ), #2343, .T. ) ;
#1369 = AXIS2_PLACEMENT_3D ( 'NONE', #2411, #1580, #250 ) ;
#1370 = DIRECTION ( 'NONE',  ( 0.000000000000000000, 0.000000000000000000, 1.000000000000000000 ) ) ;
#1371 = CIRCLE ( 'NONE', #2499, 4.600000000000001421 ) ;
#1372 = VECTOR ( 'NONE', #2655, 1000.000000000000000 ) ;
#1373 = DIRECTION ( 'NONE',  ( 0.000000000000000000, 0.000000000000000000, -1.000000000000000000 ) ) ;
#1374 = ORIENTED_EDGE ( 'NONE', *, *, #1326, .F. ) ;
#1375 = DIRECTION ( 'NONE',  ( 1.000000000000000000, 0.000000000000000000, 0.000000000000000000 ) ) ;
#1376 = EDGE_CURVE ( 'NONE', #3314, #3188, #231, .T. ) ;
#1377 = EDGE_LOOP ( 'NONE', ( #3053, #505, #4343, #4296 ) ) ;
#1378 = CIRCLE ( 'NONE', #4058, 2.000000000000000000 ) ;
#1379 = CARTESIAN_POINT ( 'NONE',  ( 36.08101651390111186, -18.50000000000000000, 30.17077626419151670 ) ) ;
#1380 = CARTESIAN_POINT ( 'NONE',  ( 85.50000000000001421, 0.000000000000000000, -3.091507183936761827 ) ) ;
#1381 = CARTESIAN_POINT ( 'NONE',  ( -27.50000000000001776, -11.99999999999999822, 20.00000000000001066 ) ) ;
#1382 = AXIS2_PLACEMENT_3D ( 'NONE', #195, #1619, #3058 ) ;
#1383 = EDGE_CURVE ( 'NONE', #1034, #781, #4229, .T. ) ;
#1384 = ORIENTED_EDGE ( 'NONE', *, *, #3500, .F. ) ;
#1385 = CARTESIAN_POINT ( 'NONE',  ( 45.50000000000001421, 15.00000000000000000, 26.50000000000001066 ) ) ;
#1386 = EDGE_CURVE ( 'NONE', #2489, #655, #1170, .T. ) ;
#1387 = ORIENTED_EDGE ( 'NONE', *, *, #296, .F. ) ;
#1388 = ORIENTED_EDGE ( 'NONE', *, *, #4252, .F. ) ;
#1389 = CARTESIAN_POINT ( 'NONE',  ( -11.99999999999999289, -6.999999999999999112, -30.00000000000000711 ) ) ;
#1390 = ORIENTED_EDGE ( 'NONE', *, *, #2983, .T. ) ;
#1391 = DIRECTION ( 'NONE',  ( 1.000000000000000000, 0.000000000000000000, -9.770517606630112126E-16 ) ) ;
#1392 = CARTESIAN_POINT ( 'NONE',  ( 19.47968733486688464, -7.433109373686194843, 30.00984264699494375 ) ) ;
#1393 = CIRCLE ( 'NONE', #3193, 1.750000000000005107 ) ;
#1394 = CARTESIAN_POINT ( 'NONE',  ( 45.54555525137367766, 15.00000000000000000, 5.000000000000000000 ) ) ;
#1395 = ADVANCED_FACE ( 'NONE', ( #207 ), #4041, .F. ) ;
#1396 = DIRECTION ( 'NONE',  ( 0.000000000000000000, 0.000000000000000000, -1.000000000000000000 ) ) ;
#1397 = FACE_OUTER_BOUND ( 'NONE', #3204, .T. ) ;
#1398 = ORIENTED_EDGE ( 'NONE', *, *, #4442, .F. ) ;
#1399 = ORIENTED_EDGE ( 'NONE', *, *, #1263, .F. ) ;
#1400 = AXIS2_PLACEMENT_3D ( 'NONE', #3023, #490, #3793 ) ;
#1401 = CARTESIAN_POINT ( 'NONE',  ( 20.00000000000000000, 0.000000000000000000, 24.30000000000000782 ) ) ;
#1402 = VECTOR ( 'NONE', #2686, 1000.000000000000000 ) ;
#1403 = CARTESIAN_POINT ( 'NONE',  ( 44.50000000000001421, 15.00000000000000000, -37.50000000000002132 ) ) ;
#1404 = DIRECTION ( 'NONE',  ( 8.932828933765625795E-15, 0.000000000000000000, -1.000000000000000000 ) ) ;
#1405 = VECTOR ( 'NONE', #3288, 1000.000000000000000 ) ;
#1406 = VERTEX_POINT ( 'NONE', #2812 ) ;
#1407 = PLANE ( 'NONE',  #403 ) ;
#1408 = CARTESIAN_POINT ( 'NONE',  ( 44.50000000000001421, -2.999999999999998224, -29.00000000000000711 ) ) ;
#1409 = ORIENTED_EDGE ( 'NONE', *, *, #1531, .F. ) ;
#1410 = ORIENTED_EDGE ( 'NONE', *, *, #3011, .F. ) ;
#1411 = EDGE_CURVE ( 'NONE', #2865, #1545, #1709, .T. ) ;
#1412 = AXIS2_PLACEMENT_3D ( 'NONE', #1939, #3758, #2664 ) ;
#1413 = ORIENTED_EDGE ( 'NONE', *, *, #140, .F. ) ;
#1414 = DIRECTION ( 'NONE',  ( 0.000000000000000000, 0.000000000000000000, -1.000000000000000000 ) ) ;
#1415 = DIRECTION ( 'NONE',  ( 1.000000000000000000, 0.000000000000000000, 0.000000000000000000 ) ) ;
#1416 = CARTESIAN_POINT ( 'NONE',  ( 44.50000000000001421, -6.000000000000001776, -29.00000000000000711 ) ) ;
#1417 = DIRECTION ( 'NONE',  ( 0.000000000000000000, 1.000000000000000000, 0.000000000000000000 ) ) ;
#1418 = DIRECTION ( 'NONE',  ( 1.000000000000000000, 0.000000000000000000, 0.000000000000000000 ) ) ;
#1419 = ORIENTED_EDGE ( 'NONE', *, *, #1956, .F. ) ;
#1420 = ORIENTED_EDGE ( 'NONE', *, *, #105, .T. ) ;
#1421 = CARTESIAN_POINT ( 'NONE',  ( 19.50000000000000355, 0.000000000000000000, -37.51000000000001933 ) ) ;
#1422 = DIRECTION ( 'NONE',  ( -0.000000000000000000, 1.000000000000000000, -0.000000000000000000 ) ) ;
#1423 = CARTESIAN_POINT ( 'NONE',  ( 0.000000000000000000, 0.000000000000000000, 28.00000000000001066 ) ) ;
#1424 = EDGE_CURVE ( 'NONE', #2221, #3655, #348, .T. ) ;
#1425 = CARTESIAN_POINT ( 'NONE',  ( 44.50000000000001421, -22.00000000000000355, 29.00000000000000711 ) ) ;
#1426 = CARTESIAN_POINT ( 'NONE',  ( 9.500000000000001776, -13.49999999999999822, 26.50000000000001066 ) ) ;
#1427 = DIRECTION ( 'NONE',  ( -1.000000000000000000, 0.000000000000000000, 0.000000000000000000 ) ) ;
#1428 = ORIENTED_EDGE ( 'NONE', *, *, #4516, .F. ) ;
#1429 = VERTEX_POINT ( 'NONE', #671 ) ;
#1430 = EDGE_CURVE ( 'NONE', #197, #2375, #277, .T. ) ;
#1431 = ORIENTED_EDGE ( 'NONE', *, *, #4597, .T. ) ;
#1432 = CARTESIAN_POINT ( 'NONE',  ( 44.50000000000001421, -6.000000000000000000, -29.00000000000000711 ) ) ;
#1433 = CARTESIAN_POINT ( 'NONE',  ( 19.40098788072952374, -7.853867151926287704, 30.00817220856076872 ) ) ;
#1434 = ORIENTED_EDGE ( 'NONE', *, *, #4628, .F. ) ;
#1435 = CARTESIAN_POINT ( 'NONE',  ( -18.59150718393674495, 0.000000000000000000, -30.00000000000000711 ) ) ;
#1436 = CARTESIAN_POINT ( 'NONE',  ( 19.50000000000000355, -7.000000000000000000, 40.00000000000000711 ) ) ;
#1437 = DIRECTION ( 'NONE',  ( 0.000000000000000000, 0.000000000000000000, 1.000000000000000000 ) ) ;
#1438 = ADVANCED_FACE ( 'NONE', ( #3492 ), #2415, .F. ) ;
#1439 = VERTEX_POINT ( 'NONE', #979 ) ;
#1440 = ORIENTED_EDGE ( 'NONE', *, *, #4059, .T. ) ;
#1441 = AXIS2_PLACEMENT_3D ( 'NONE', #1608, #3071, #1335 ) ;
#1442 = VECTOR ( 'NONE', #503, 1000.000000000000000 ) ;
#1443 = CIRCLE ( 'NONE', #2717, 8.500000000000010658 ) ;
#1444 = DIRECTION ( 'NONE',  ( 1.000000000000000000, -0.000000000000000000, 0.000000000000000000 ) ) ;
#1445 = PLANE ( 'NONE',  #2116 ) ;
#1446 = CARTESIAN_POINT ( 'NONE',  ( 45.50000000000003553, 1.813827608714747797, 3.347680150316570735 ) ) ;
#1447 = VECTOR ( 'NONE', #811, 1000.000000000000000 ) ;
#1448 = EDGE_CURVE ( 'NONE', #2221, #3782, #121, .T. ) ;
#1449 = CARTESIAN_POINT ( 'NONE',  ( -45.67077626419153091, 0.000000000000000000, 20.58101651390110831 ) ) ;
#1450 = FACE_BOUND ( 'NONE', #4238, .T. ) ;
#1451 = DIRECTION ( 'NONE',  ( -1.000000000000000000, 0.000000000000000000, -4.885258803315056063E-16 ) ) ;
#1452 = ORIENTED_EDGE ( 'NONE', *, *, #2361, .T. ) ;
#1453 = VERTEX_POINT ( 'NONE', #1776 ) ;
#1454 = CIRCLE ( 'NONE', #2716, 40.00000000000000000 ) ;
#1455 = EDGE_CURVE ( 'NONE', #1100, #4543, #3841, .T. ) ;
#1456 = ORIENTED_EDGE ( 'NONE', *, *, #3876, .T. ) ;
#1457 = CARTESIAN_POINT ( 'NONE',  ( -45.50000000000001421, 3.000000000000000000, 2.499999999999999112 ) ) ;
#1458 = CARTESIAN_POINT ( 'NONE',  ( 42.00000000000001421, 1.802094487897897279, -3.091507183936754277 ) ) ;
#1459 = ORIENTED_EDGE ( 'NONE', *, *, #3075, .F. ) ;
#1460 = CARTESIAN_POINT ( 'NONE',  ( -3.500000000000016875, -15.00000000000000178, 20.00000000000001066 ) ) ;
#1461 = FACE_BOUND ( 'NONE', #3747, .T. ) ;
#1462 = LINE ( 'NONE', #1486, #3494 ) ;
#1463 = EDGE_LOOP ( 'NONE', ( #4557, #4139 ) ) ;
#1464 = ORIENTED_EDGE ( 'NONE', *, *, #3587, .F. ) ;
#1465 = EDGE_CURVE ( 'NONE', #781, #423, #302, .T. ) ;
#1466 = AXIS2_PLACEMENT_3D ( 'NONE', #644, #316, #4599 ) ;
#1467 = DIRECTION ( 'NONE',  ( -1.000000000000000000, 0.000000000000000000, 0.000000000000000000 ) ) ;
#1468 = FACE_OUTER_BOUND ( 'NONE', #2916, .T. ) ;
#1469 = CARTESIAN_POINT ( 'NONE',  ( 6.500000000000001776, -39.31465829649864929, 21.50000000000000355 ) ) ;
#1470 = VECTOR ( 'NONE', #1920, 1000.000000000000000 ) ;
#1471 = LINE ( 'NONE', #2180, #1214 ) ;
#1472 = CARTESIAN_POINT ( 'NONE',  ( -42.57211781330949663, 4.000000000000000000, -10.12335836023588165 ) ) ;
#1473 = CARTESIAN_POINT ( 'NONE',  ( 12.00000000000000178, -39.31465829649864929, 21.50000000000000355 ) ) ;
#1474 = DIRECTION ( 'NONE',  ( -1.000000000000000000, 0.000000000000000000, 0.000000000000000000 ) ) ;
#1475 = ORIENTED_EDGE ( 'NONE', *, *, #1786, .F. ) ;
#1476 = ORIENTED_EDGE ( 'NONE', *, *, #3914, .F. ) ;
#1477 = AXIS2_PLACEMENT_3D ( 'NONE', #1528, #868, #2965 ) ;
#1478 = EDGE_CURVE ( 'NONE', #4253, #68, #1046, .T. ) ;
#1479 = VERTEX_POINT ( 'NONE', #3901 ) ;
#1480 = VECTOR ( 'NONE', #3839, 1000.000000000000000 ) ;
#1481 = CARTESIAN_POINT ( 'NONE',  ( 85.50000000000001421, 4.000000000000000000, 4.999999999999999112 ) ) ;
#1482 = ORIENTED_EDGE ( 'NONE', *, *, #3790, .T. ) ;
#1483 = AXIS2_PLACEMENT_3D ( 'NONE', #504, #852, #2296 ) ;
#1484 = DIRECTION ( 'NONE',  ( 0.000000000000000000, -0.000000000000000000, -1.000000000000000000 ) ) ;
#1485 = DIRECTION ( 'NONE',  ( 0.000000000000000000, -0.000000000000000000, 1.000000000000000000 ) ) ;
#1486 = CARTESIAN_POINT ( 'NONE',  ( -45.50000000000001421, 3.000000000000000000, -2.499999999999999112 ) ) ;
#1487 = ORIENTED_EDGE ( 'NONE', *, *, #789, .T. ) ;
#1488 = ORIENTED_EDGE ( 'NONE', *, *, #281, .F. ) ;
#1489 = EDGE_CURVE ( 'NONE', #3264, #1751, #3567, .T. ) ;
#1490 = LINE ( 'NONE', #1091, #1632 ) ;
#1491 = DIRECTION ( 'NONE',  ( -0.000000000000000000, -1.000000000000000000, -0.000000000000000000 ) ) ;
#1492 = FACE_OUTER_BOUND ( 'NONE', #1735, .T. ) ;
#1493 = EDGE_CURVE ( 'NONE', #2981, #125, #1242, .T. ) ;
#1494 = CYLINDRICAL_SURFACE ( 'NONE', #1104, 4.999999999999993783 ) ;
#1495 = CARTESIAN_POINT ( 'NONE',  ( 44.50000000000001421, -6.000000000000001776, 29.00000000000000711 ) ) ;
#1496 = DIRECTION ( 'NONE',  ( -0.000000000000000000, -1.000000000000000000, -0.000000000000000000 ) ) ;
#1497 = ORIENTED_EDGE ( 'NONE', *, *, #2379, .F. ) ;
#1498 = EDGE_CURVE ( 'NONE', #2586, #351, #4513, .T. ) ;
#1499 = VERTEX_POINT ( 'NONE', #1334 ) ;
#1500 = ORIENTED_EDGE ( 'NONE', *, *, #4081, .F. ) ;
#1501 = LINE ( 'NONE', #92, #620 ) ;
#1502 = CARTESIAN_POINT ( 'NONE',  ( -44.50000000000001421, -42.54163056034263946, -29.00000000000000711 ) ) ;
#1503 = ORIENTED_EDGE ( 'NONE', *, *, #4315, .T. ) ;
#1504 = EDGE_CURVE ( 'NONE', #2256, #848, #4604, .T. ) ;
#1505 = CYLINDRICAL_SURFACE ( 'NONE', #2235, 8.500000000000010658 ) ;
#1506 = FACE_OUTER_BOUND ( 'NONE', #2450, .T. ) ;
#1507 = ORIENTED_EDGE ( 'NONE', *, *, #2894, .F. ) ;
#1508 = VERTEX_POINT ( 'NONE', #3884 ) ;
#1509 = EDGE_CURVE ( 'NONE', #2341, #197, #693, .T. ) ;
#1510 = DIRECTION ( 'NONE',  ( 0.000000000000000000, -0.000000000000000000, -1.000000000000000000 ) ) ;
#1511 = CARTESIAN_POINT ( 'NONE',  ( -18.59150718393674850, -18.50000000000000355, 26.50000000000001066 ) ) ;
#1512 = DIRECTION ( 'NONE',  ( 0.000000000000000000, 0.000000000000000000, -1.000000000000000000 ) ) ;
#1513 = VECTOR ( 'NONE', #28, 1000.000000000000000 ) ;
#1514 = EDGE_LOOP ( 'NONE', ( #3082, #4404 ) ) ;
#1515 = CARTESIAN_POINT ( 'NONE',  ( 42.57211781330950373, 4.000000000000000000, -10.12335836023591007 ) ) ;
#1516 = DIRECTION ( 'NONE',  ( 0.000000000000000000, -0.000000000000000000, 1.000000000000000000 ) ) ;
#1517 = VECTOR ( 'NONE', #3894, 1000.000000000000000 ) ;
#1518 = ORIENTED_EDGE ( 'NONE', *, *, #3581, .F. ) ;
#1519 = VERTEX_POINT ( 'NONE', #4183 ) ;
#1520 = AXIS2_PLACEMENT_3D ( 'NONE', #1031, #1759, #4254 ) ;
#1521 = ADVANCED_FACE ( 'NONE', ( #2131 ), #3468, .F. ) ;
#1522 = ORIENTED_EDGE ( 'NONE', *, *, #2331, .F. ) ;
#1523 = CARTESIAN_POINT ( 'NONE',  ( -42.00000000000000711, 4.000000000000000000, 3.091507183936764491 ) ) ;
#1524 = CARTESIAN_POINT ( 'NONE',  ( 44.50000000000001421, -2.999999999999998224, 34.00000000000000000 ) ) ;
#1525 = VECTOR ( 'NONE', #4408, 1000.000000000000000 ) ;
#1526 = ORIENTED_EDGE ( 'NONE', *, *, #1655, .T. ) ;
#1527 = DIRECTION ( 'NONE',  ( 0.000000000000000000, -1.000000000000000000, 0.000000000000000000 ) ) ;
#1528 = CARTESIAN_POINT ( 'NONE',  ( 44.50000000000001421, 0.000000000000000000, 29.00000000000000711 ) ) ;
#1529 = DIRECTION ( 'NONE',  ( 2.688821387764050602E-15, 0.000000000000000000, -1.000000000000000000 ) ) ;
#1530 = ORIENTED_EDGE ( 'NONE', *, *, #3633, .F. ) ;
#1531 = EDGE_CURVE ( 'NONE', #2068, #3746, #1308, .T. ) ;
#1532 = DIRECTION ( 'NONE',  ( 0.000000000000000000, 0.000000000000000000, -1.000000000000000000 ) ) ;
#1533 = VERTEX_POINT ( 'NONE', #2444 ) ;
#1534 = LINE ( 'NONE', #784, #3911 ) ;
#1535 = EDGE_CURVE ( 'NONE', #4454, #4547, #4158, .T. ) ;
#1536 = CARTESIAN_POINT ( 'NONE',  ( -36.08101651390111897, 0.000000000000000000, 30.17077626419152736 ) ) ;
#1537 = CYLINDRICAL_SURFACE ( 'NONE', #99, 4.999999999999997335 ) ;
#1538 = FACE_BOUND ( 'NONE', #3039, .T. ) ;
#1539 = CARTESIAN_POINT ( 'NONE',  ( -15.50000000000001776, -22.00000000000000000, 20.00000000000001066 ) ) ;
#1540 = AXIS2_PLACEMENT_3D ( 'NONE', #939, #521, #2031 ) ;
#1541 = EDGE_LOOP ( 'NONE', ( #1865, #4030, #1902, #713 ) ) ;
#1542 = ADVANCED_FACE ( 'NONE', ( #2787 ), #1003, .T. ) ;
#1543 = VECTOR ( 'NONE', #2739, 1000.000000000000000 ) ;
#1544 = VECTOR ( 'NONE', #999, 1000.000000000000000 ) ;
#1545 = VERTEX_POINT ( 'NONE', #1511 ) ;
#1546 = CARTESIAN_POINT ( 'NONE',  ( -11.99999999999999289, -6.999999999999999112, -26.50000000000000711 ) ) ;
#1547 = AXIS2_PLACEMENT_3D ( 'NONE', #821, #167, #2263 ) ;
#1548 = ORIENTED_EDGE ( 'NONE', *, *, #2685, .F. ) ;
#1549 = ADVANCED_FACE ( 'NONE', ( #3949 ), #1160, .F. ) ;
#1550 = LINE ( 'NONE', #2591, #2802 ) ;
#1551 = AXIS2_PLACEMENT_3D ( 'NONE', #2357, #4612, #2702 ) ;
#1552 = CARTESIAN_POINT ( 'NONE',  ( 44.50000000000001421, -6.000000000000001776, 29.00000000000000711 ) ) ;
#1553 = LINE ( 'NONE', #2990, #1525 ) ;
#1554 = DIRECTION ( 'NONE',  ( 0.000000000000000000, 0.000000000000000000, 1.000000000000000000 ) ) ;
#1555 = ORIENTED_EDGE ( 'NONE', *, *, #4571, .F. ) ;
#1556 = VECTOR ( 'NONE', #4394, 1000.000000000000000 ) ;
#1557 = DIRECTION ( 'NONE',  ( 1.000000000000000000, 0.000000000000000000, 0.000000000000000000 ) ) ;
#1558 = AXIS2_PLACEMENT_3D ( 'NONE', #4554, #576, #1701 ) ;
#1559 = CARTESIAN_POINT ( 'NONE',  ( 44.50000000000001421, -18.50000000000000000, -27.25000000000000355 ) ) ;
#1560 = EDGE_LOOP ( 'NONE', ( #3838, #2460, #3396, #4381 ) ) ;
#1561 = DIRECTION ( 'NONE',  ( 0.000000000000000000, 1.000000000000000000, 0.000000000000000000 ) ) ;
#1562 = DIRECTION ( 'NONE',  ( -0.000000000000000000, -1.000000000000000000, -0.000000000000000000 ) ) ;
#1563 = PLANE ( 'NONE',  #1673 ) ;
#1564 = FACE_OUTER_BOUND ( 'NONE', #611, .T. ) ;
#1565 = CARTESIAN_POINT ( 'NONE',  ( -14.99999999999999467, 4.000000000000000000, -29.99999999999999289 ) ) ;
#1566 = EDGE_CURVE ( 'NONE', #4025, #3518, #2880, .T. ) ;
#1567 = EDGE_LOOP ( 'NONE', ( #444, #3725 ) ) ;
#1568 = ORIENTED_EDGE ( 'NONE', *, *, #1509, .F. ) ;
#1569 = LINE ( 'NONE', #3005, #1372 ) ;
#1570 = ORIENTED_EDGE ( 'NONE', *, *, #539, .F. ) ;
#1571 = EDGE_CURVE ( 'NONE', #413, #2222, #2949, .T. ) ;
#1572 = DIRECTION ( 'NONE',  ( 0.000000000000000000, -0.000000000000000000, 1.000000000000000000 ) ) ;
#1573 = DIRECTION ( 'NONE',  ( 0.000000000000000000, 0.000000000000000000, -1.000000000000000000 ) ) ;
#1574 = LINE ( 'NONE', #1980, #3563 ) ;
#1575 = ORIENTED_EDGE ( 'NONE', *, *, #3309, .F. ) ;
#1576 = LINE ( 'NONE', #1600, #1442 ) ;
#1577 = EDGE_CURVE ( 'NONE', #1758, #572, #3666, .T. ) ;
#1578 = LINE ( 'NONE', #806, #1402 ) ;
#1579 = ORIENTED_EDGE ( 'NONE', *, *, #3191, .T. ) ;
#1580 = DIRECTION ( 'NONE',  ( 0.000000000000000000, 1.000000000000000000, 0.000000000000000000 ) ) ;
#1581 = CARTESIAN_POINT ( 'NONE',  ( -44.50000000000001421, -18.50000000000000000, 29.00000000000000711 ) ) ;
#1582 = CIRCLE ( 'NONE', #538, 43.50000000000001421 ) ;
#1583 = DIRECTION ( 'NONE',  ( 0.000000000000000000, 0.000000000000000000, 1.000000000000000000 ) ) ;
#1584 = CARTESIAN_POINT ( 'NONE',  ( 44.50000000000001421, -22.00000000000000355, 26.50000000000000711 ) ) ;
#1585 = ORIENTED_EDGE ( 'NONE', *, *, #1386, .F. ) ;
#1586 = AXIS2_PLACEMENT_3D ( 'NONE', #1207, #82, #1512 ) ;
#1587 = EDGE_CURVE ( 'NONE', #4543, #3126, #575, .T. ) ;
#1588 = VECTOR ( 'NONE', #3332, 1000.000000000000000 ) ;
#1589 = ORIENTED_EDGE ( 'NONE', *, *, #3182, .F. ) ;
#1590 = LINE ( 'NONE', #4423, #3313 ) ;
#1591 = ORIENTED_EDGE ( 'NONE', *, *, #3722, .T. ) ;
#1592 = VECTOR ( 'NONE', #1098, 1000.000000000000000 ) ;
#1593 = EDGE_CURVE ( 'NONE', #2032, #1728, #4347, .T. ) ;
#1594 = AXIS2_PLACEMENT_3D ( 'NONE', #681, #3544, #2847 ) ;
#1595 = DIRECTION ( 'NONE',  ( -0.000000000000000000, -1.000000000000000000, -0.000000000000000000 ) ) ;
#1596 = FACE_OUTER_BOUND ( 'NONE', #70, .T. ) ;
#1597 = DIRECTION ( 'NONE',  ( -0.000000000000000000, 0.000000000000000000, 1.000000000000000000 ) ) ;
#1598 = VERTEX_POINT ( 'NONE', #807 ) ;
#1599 = EDGE_CURVE ( 'NONE', #958, #790, #3717, .T. ) ;
#1600 = CARTESIAN_POINT ( 'NONE',  ( -45.50000000000001421, 11.00000000000000000, -2.500000000000000000 ) ) ;
#1601 = CARTESIAN_POINT ( 'NONE',  ( 44.50000000000001421, -6.000000000000000000, 27.25000000000000355 ) ) ;
#1602 = ORIENTED_EDGE ( 'NONE', *, *, #4152, .T. ) ;
#1603 = FACE_BOUND ( 'NONE', #2245, .T. ) ;
#1604 = ORIENTED_EDGE ( 'NONE', *, *, #3955, .F. ) ;
#1605 = EDGE_CURVE ( 'NONE', #1995, #14, #55, .T. ) ;
#1606 = DIRECTION ( 'NONE',  ( 0.000000000000000000, 0.000000000000000000, 1.000000000000000000 ) ) ;
#1607 = CARTESIAN_POINT ( 'NONE',  ( 44.50000000000001421, -22.00000000000000355, 29.00000000000000711 ) ) ;
#1608 = CARTESIAN_POINT ( 'NONE',  ( -14.99999999999998934, 4.000000000000000000, 26.50000000000001066 ) ) ;
#1609 = ORIENTED_EDGE ( 'NONE', *, *, #2958, .F. ) ;
#1610 = CIRCLE ( 'NONE', #2893, 40.00000000000000000 ) ;
#1611 = ORIENTED_EDGE ( 'NONE', *, *, #3296, .F. ) ;
#1612 = CARTESIAN_POINT ( 'NONE',  ( 36.08101651390111897, -18.50000000000000000, -30.17077626419152381 ) ) ;
#1613 = ORIENTED_EDGE ( 'NONE', *, *, #3729, .T. ) ;
#1614 = VERTEX_POINT ( 'NONE', #391 ) ;
#1615 = AXIS2_PLACEMENT_3D ( 'NONE', #3767, #3418, #4089 ) ;
#1616 = VECTOR ( 'NONE', #4459, 1000.000000000000000 ) ;
#1617 = CARTESIAN_POINT ( 'NONE',  ( 42.03928337464625997, 3.297370397271865095, 4.939934590481320775 ) ) ;
#1618 = CARTESIAN_POINT ( 'NONE',  ( 44.50000000000001421, -6.000000000000001776, 26.50000000000000711 ) ) ;
#1619 = DIRECTION ( 'NONE',  ( 0.000000000000000000, 1.000000000000000000, 0.000000000000000000 ) ) ;
#1620 = CARTESIAN_POINT ( 'NONE',  ( 20.00000000000000000, -13.49999999999999822, 23.00000000000001066 ) ) ;
#1621 = CIRCLE ( 'NONE', #1027, 4.600000000000001421 ) ;
#1622 = EDGE_LOOP ( 'NONE', ( #2808, #2823 ) ) ;
#1623 = AXIS2_PLACEMENT_3D ( 'NONE', #4428, #889, #3335 ) ;
#1624 = CARTESIAN_POINT ( 'NONE',  ( -44.50000000000001421, -22.00000000000000000, 29.00000000000000711 ) ) ;
#1625 = CARTESIAN_POINT ( 'NONE',  ( 51.68556701030929901, 0.000000000000000000, -24.45933631058685620 ) ) ;
#1626 = DIRECTION ( 'NONE',  ( -0.000000000000000000, 1.000000000000000000, -0.000000000000000000 ) ) ;
#1627 = ORIENTED_EDGE ( 'NONE', *, *, #3659, .F. ) ;
#1628 = CARTESIAN_POINT ( 'NONE',  ( 42.00000000000000711, 15.00000000000000000, 30.00000000000001066 ) ) ;
#1629 = VECTOR ( 'NONE', #3345, 1000.000000000000000 ) ;
#1630 = ORIENTED_EDGE ( 'NONE', *, *, #4093, .T. ) ;
#1631 = EDGE_CURVE ( 'NONE', #1130, #1533, #2678, .T. ) ;
#1632 = VECTOR ( 'NONE', #2855, 1000.000000000000000 ) ;
#1633 = DIRECTION ( 'NONE',  ( 0.000000000000000000, 0.000000000000000000, 1.000000000000000000 ) ) ;
#1634 = CARTESIAN_POINT ( 'NONE',  ( -44.50000000000001421, 0.000000000000000000, -29.00000000000000711 ) ) ;
#1635 = DIRECTION ( 'NONE',  ( -1.632680918566404624E-15, 0.000000000000000000, -1.000000000000000000 ) ) ;
#1636 = DIRECTION ( 'NONE',  ( -9.770517606630112126E-16, 0.000000000000000000, -1.000000000000000000 ) ) ;
#1637 = EDGE_CURVE ( 'NONE', #3427, #2892, #4630, .T. ) ;
#1638 = ORIENTED_EDGE ( 'NONE', *, *, #3642, .F. ) ;
#1639 = ORIENTED_EDGE ( 'NONE', *, *, #797, .T. ) ;
#1640 = CARTESIAN_POINT ( 'NONE',  ( 46.12432983716944790, 0.000000000000000000, 10.13115200650948999 ) ) ;
#1641 = ADVANCED_FACE ( 'NONE', ( #2202 ), #1821, .F. ) ;
#1642 = UNCERTAINTY_MEASURE_WITH_UNIT (LENGTH_MEASURE( 1.000000000000000082E-05 ), #3293, 'distance_accuracy_value', 'NONE');
#1643 = ORIENTED_EDGE ( 'NONE', *, *, #4617, .T. ) ;
#1644 = ORIENTED_EDGE ( 'NONE', *, *, #393, .T. ) ;
#1645 = CARTESIAN_POINT ( 'NONE',  ( 42.00000000000002132, 1.813827345558952864, 3.347674404752220223 ) ) ;
#1646 = PRODUCT_CONTEXT ( 'NONE', #3689, 'mechanical' ) ;
#1647 = CARTESIAN_POINT ( 'NONE',  ( -18.59150718393674495, -22.00000000000000000, 70.00000000000000000 ) ) ;
#1648 = DIRECTION ( 'NONE',  ( 0.000000000000000000, 1.000000000000000000, 0.000000000000000000 ) ) ;
#1649 = ORIENTED_EDGE ( 'NONE', *, *, #339, .F. ) ;
#1650 = CYLINDRICAL_SURFACE ( 'NONE', #1665, 1.750000000000005107 ) ;
#1651 = ADVANCED_FACE ( 'NONE', ( #715 ), #3229, .T. ) ;
#1652 = CARTESIAN_POINT ( 'NONE',  ( 25.50000000000000000, 0.000000000000000000, 21.50000000000000355 ) ) ;
#1653 = DIRECTION ( 'NONE',  ( 0.000000000000000000, -1.000000000000000000, 0.000000000000000000 ) ) ;
#1654 = EDGE_LOOP ( 'NONE', ( #4377, #402, #2084, #3066, #3824, #3538, #485, #388 ) ) ;
#1655 = EDGE_CURVE ( 'NONE', #1663, #2968, #1817, .T. ) ;
#1656 = DIRECTION ( 'NONE',  ( 0.000000000000000000, 1.000000000000000000, 0.000000000000000000 ) ) ;
#1657 = CARTESIAN_POINT ( 'NONE',  ( -14.99999999999998934, 4.000000000000000000, 26.50000000000001066 ) ) ;
#1658 = FACE_OUTER_BOUND ( 'NONE', #1312, .T. ) ;
#1659 = VERTEX_POINT ( 'NONE', #3579 ) ;
#1660 = ORIENTED_EDGE ( 'NONE', *, *, #657, .T. ) ;
#1661 = CARTESIAN_POINT ( 'NONE',  ( -45.50000000000001421, 4.000000000000000000, 2.499999999999998668 ) ) ;
#1662 = VERTEX_POINT ( 'NONE', #39 ) ;
#1663 = VERTEX_POINT ( 'NONE', #16 ) ;
#1664 = AXIS2_PLACEMENT_3D ( 'NONE', #2067, #1710, #3143 ) ;
#1665 = AXIS2_PLACEMENT_3D ( 'NONE', #4126, #1017, #642 ) ;
#1666 = VECTOR ( 'NONE', #2961, 1000.000000000000000 ) ;
#1667 = ADVANCED_FACE ( 'NONE', ( #1468 ), #1445, .T. ) ;
#1668 = CARTESIAN_POINT ( 'NONE',  ( 42.01838420794479134, 2.327262769142513843, 4.359087420110785871 ) ) ;
#1669 = DIRECTION ( 'NONE',  ( -0.000000000000000000, -1.000000000000000000, -0.000000000000000000 ) ) ;
#1670 = PLANE ( 'NONE',  #1594 ) ;
#1671 = CIRCLE ( 'NONE', #1897, 1.750000000000005107 ) ;
#1672 = CARTESIAN_POINT ( 'NONE',  ( 20.00000000000000000, 0.000000000000000000, 21.50000000000000355 ) ) ;
#1673 = AXIS2_PLACEMENT_3D ( 'NONE', #2560, #509, #3972 ) ;
#1674 = VERTEX_POINT ( 'NONE', #1115 ) ;
#1675 = CYLINDRICAL_SURFACE ( 'NONE', #2286, 43.50000000000000711 ) ;
#1676 = DIRECTION ( 'NONE',  ( -0.9999975931331908097, -0.000000000000000000, 0.002194020926397173468 ) ) ;
#1677 = AXIS2_PLACEMENT_3D ( 'NONE', #1056, #2496, #3108 ) ;
#1678 = CARTESIAN_POINT ( 'NONE',  ( -3.500000000000016875, -15.00000000000000178, 20.00000000000001066 ) ) ;
#1679 = DIRECTION ( 'NONE',  ( -0.000000000000000000, -1.000000000000000000, -0.000000000000000000 ) ) ;
#1680 = ORIENTED_EDGE ( 'NONE', *, *, #2446, .T. ) ;
#1681 = VECTOR ( 'NONE', #2871, 1000.000000000000000 ) ;
#1682 = ADVANCED_FACE ( 'NONE', ( #2578 ), #3969, .T. ) ;
#1683 = AXIS2_PLACEMENT_3D ( 'NONE', #4621, #2075, #361 ) ;
#1684 = CARTESIAN_POINT ( 'NONE',  ( -42.57339518699360070, 4.000000000000000000, 10.13115200650950065 ) ) ;
#1685 = DIRECTION ( 'NONE',  ( -0.000000000000000000, -0.000000000000000000, -1.000000000000000000 ) ) ;
#1686 = DIRECTION ( 'NONE',  ( -0.000000000000000000, 1.000000000000000000, -0.000000000000000000 ) ) ;
#1687 = ORIENTED_EDGE ( 'NONE', *, *, #191, .T. ) ;
#1688 = DIRECTION ( 'NONE',  ( -0.000000000000000000, 1.000000000000000000, -0.000000000000000000 ) ) ;
#1689 = B_SPLINE_CURVE_WITH_KNOTS ( 'NONE', 3,
 ( #2360, #2099, #1275, #2706, #3784, #2408, #3834, #2386, #4502, #4218, #3814, #943, #574, #2058, #617, #4195 ),
 .UNSPECIFIED., .F., .F.,
 ( 4, 2, 2, 2, 2, 2, 2, 4 ),
 ( 0.000000000000000000, 0.0003791985538783449600, 0.0007583971077566899199, 0.001137595661635034446, 0.001516794215513378973, 0.001895992769391723065, 0.002275191323270067591, 0.003033588431026757078 ),
 .UNSPECIFIED. ) ;
#1690 = ORIENTED_EDGE ( 'NONE', *, *, #3340, .T. ) ;
#1691 = EDGE_LOOP ( 'NONE', ( #2863, #4107, #1149, #5 ) ) ;
#1692 = DIRECTION ( 'NONE',  ( 0.000000000000000000, 0.000000000000000000, 1.000000000000000000 ) ) ;
#1693 = ORIENTED_EDGE ( 'NONE', *, *, #1599, .F. ) ;
#1694 = LINE ( 'NONE', #2430, #4515 ) ;
#1695 = CARTESIAN_POINT ( 'NONE',  ( 19.18713103411931087, -8.462457090479762911, 30.00435921142168993 ) ) ;
#1696 = AXIS2_PLACEMENT_3D ( 'NONE', #3092, #881, #1190 ) ;
#1697 = EDGE_CURVE ( 'NONE', #4410, #216, #3757, .T. ) ;
#1698 = DIRECTION ( 'NONE',  ( -0.000000000000000000, -1.000000000000000000, 0.000000000000000000 ) ) ;
#1699 = CARTESIAN_POINT ( 'NONE',  ( -15.50000000000001776, -15.00000000000000178, 20.00000000000001066 ) ) ;
#1700 = AXIS2_PLACEMENT_3D ( 'NONE', #2875, #2125, #1087 ) ;
#1701 = DIRECTION ( 'NONE',  ( -0.000000000000000000, 0.000000000000000000, 1.000000000000000000 ) ) ;
#1702 = ORIENTED_EDGE ( 'NONE', *, *, #4074, .T. ) ;
#1703 = CARTESIAN_POINT ( 'NONE',  ( -44.50000000000001421, -2.999999999999998224, -29.00000000000000711 ) ) ;
#1704 = ORIENTED_EDGE ( 'NONE', *, *, #2699, .T. ) ;
#1705 = AXIS2_PLACEMENT_3D ( 'NONE', #458, #1422, #62 ) ;
#1706 = AXIS2_PLACEMENT_3D ( 'NONE', #1647, #3778, #1051 ) ;
#1707 = VECTOR ( 'NONE', #557, 1000.000000000000000 ) ;
#1708 = CARTESIAN_POINT ( 'NONE',  ( -15.50000000000001776, -22.00000000000000000, 17.40000000000000924 ) ) ;
#1709 = LINE ( 'NONE', #3161, #944 ) ;
#1710 = DIRECTION ( 'NONE',  ( 0.000000000000000000, 1.000000000000000000, 0.000000000000000000 ) ) ;
#1711 = VECTOR ( 'NONE', #3514, 1000.000000000000000 ) ;
#1712 = EDGE_CURVE ( 'NONE', #2981, #1362, #2890, .T. ) ;
#1713 = ORIENTED_EDGE ( 'NONE', *, *, #1244, .T. ) ;
#1714 = DIRECTION ( 'NONE',  ( 3.469446951953614189E-15, 0.000000000000000000, -1.000000000000000000 ) ) ;
#1715 = EDGE_LOOP ( 'NONE', ( #3077, #704, #1431, #1304, #3596, #841, #3499, #1257, #925, #3723 ) ) ;
#1716 = ORIENTED_EDGE ( 'NONE', *, *, #1350, .T. ) ;
#1717 = CARTESIAN_POINT ( 'NONE',  ( 42.00821773991152241, 2.032704480712606898, 3.944807211180761275 ) ) ;
#1718 = EDGE_CURVE ( 'NONE', #1185, #3151, #616, .T. ) ;
#1719 = ORIENTED_EDGE ( 'NONE', *, *, #1424, .T. ) ;
#1720 = DIRECTION ( 'NONE',  ( 0.000000000000000000, 0.000000000000000000, -1.000000000000000000 ) ) ;
#1721 = CARTESIAN_POINT ( 'NONE',  ( 18.59150718393674495, -9.352464774572464279, 30.00000000000001066 ) ) ;
#1722 = EDGE_CURVE ( 'NONE', #58, #4454, #762, .T. ) ;
#1723 = DIRECTION ( 'NONE',  ( 0.000000000000000000, -1.000000000000000000, 0.000000000000000000 ) ) ;
#1724 = FACE_OUTER_BOUND ( 'NONE', #1715, .T. ) ;
#1725 = EDGE_CURVE ( 'NONE', #3629, #2586, #1136, .T. ) ;
#1726 = DIRECTION ( 'NONE',  ( 4.885417284221725125E-16, -0.000000000000000000, 1.000000000000000000 ) ) ;
#1727 = DIRECTION ( 'NONE',  ( 0.000000000000000000, 1.000000000000000000, 0.000000000000000000 ) ) ;
#1728 = VERTEX_POINT ( 'NONE', #4397 ) ;
#1729 = EDGE_CURVE ( 'NONE', #655, #3333, #1741, .T. ) ;
#1730 = DIRECTION ( 'NONE',  ( -0.000000000000000000, 1.000000000000000000, -0.000000000000000000 ) ) ;
#1731 = CARTESIAN_POINT ( 'NONE',  ( -9.999999999999992895, -6.999999999999999112, -20.00000000000000355 ) ) ;
#1732 = DIRECTION ( 'NONE',  ( 0.000000000000000000, -1.000000000000000000, 0.000000000000000000 ) ) ;
#1733 = EDGE_LOOP ( 'NONE', ( #4478, #2044, #1609, #2234 ) ) ;
#1734 = DIRECTION ( 'NONE',  ( 0.000000000000000000, 0.000000000000000000, 1.000000000000000000 ) ) ;
#1735 = EDGE_LOOP ( 'NONE', ( #1713, #1153, #492, #1088 ) ) ;
#1736 = EDGE_LOOP ( 'NONE', ( #930, #3281, #470, #2574 ) ) ;
#1737 = EDGE_CURVE ( 'NONE', #1598, #2384, #4311, .T. ) ;
#1738 = CARTESIAN_POINT ( 'NONE',  ( 18.59150718393674495, 0.000000000000000000, 70.00000000000000000 ) ) ;
#1739 = EDGE_LOOP ( 'NONE', ( #2441, #2665 ) ) ;
#1740 = CARTESIAN_POINT ( 'NONE',  ( -51.68556701030929901, 0.000000000000000000, 24.45933631058685620 ) ) ;
#1741 = CIRCLE ( 'NONE', #2193, 8.500000000000010658 ) ;
#1742 = LINE ( 'NONE', #1367, #1517 ) ;
#1743 = EDGE_CURVE ( 'NONE', #332, #1108, #1965, .T. ) ;
#1744 = DIRECTION ( 'NONE',  ( 0.000000000000000000, -1.000000000000000000, 0.000000000000000000 ) ) ;
#1745 = VECTOR ( 'NONE', #3007, 1000.000000000000000 ) ;
#1746 = AXIS2_PLACEMENT_3D ( 'NONE', #2546, #3677, #406 ) ;
#1747 = DIRECTION ( 'NONE',  ( 0.000000000000000000, 1.000000000000000000, 0.000000000000000000 ) ) ;
#1748 = EDGE_LOOP ( 'NONE', ( #4154, #2475, #289, #1248, #1503, #2815 ) ) ;
#1749 = DIRECTION ( 'NONE',  ( -0.000000000000000000, 1.000000000000000000, -0.000000000000000000 ) ) ;
#1750 = ORIENTED_EDGE ( 'NONE', *, *, #3914, .T. ) ;
#1751 = VERTEX_POINT ( 'NONE', #2670 ) ;
#1752 = VECTOR ( 'NONE', #2603, 1000.000000000000000 ) ;
#1753 = CARTESIAN_POINT ( 'NONE',  ( 42.57211781330949663, 4.000000000000000000, -10.12335836023587987 ) ) ;
#1754 = CARTESIAN_POINT ( 'NONE',  ( 44.50000000000001421, -6.000000000000000000, -29.00000000000000711 ) ) ;
#1755 = CARTESIAN_POINT ( 'NONE',  ( 45.53437937844740446, 2.825272604931442277, 4.750984115577654876 ) ) ;
#1756 = VECTOR ( 'NONE', #4145, 1000.000000000000000 ) ;
#1757 = EDGE_CURVE ( 'NONE', #4494, #1663, #3239, .T. ) ;
#1758 = VERTEX_POINT ( 'NONE', #3024 ) ;
#1759 = DIRECTION ( 'NONE',  ( 0.000000000000000000, 1.000000000000000000, 0.000000000000000000 ) ) ;
#1760 = DIRECTION ( 'NONE',  ( 0.000000000000000000, -1.000000000000000000, 0.000000000000000000 ) ) ;
#1761 = VERTEX_POINT ( 'NONE', #1457 ) ;
#1762 = ORIENTED_EDGE ( 'NONE', *, *, #172, .T. ) ;
#1763 = ORIENTED_EDGE ( 'NONE', *, *, #4434, .T. ) ;
#1764 = CARTESIAN_POINT ( 'NONE',  ( 12.00000000000000178, -39.31465829649864929, 24.30000000000000782 ) ) ;
#1765 = CARTESIAN_POINT ( 'NONE',  ( 25.50000000000000000, -39.31465829649864929, 30.00000000000000711 ) ) ;
#1766 = DIRECTION ( 'NONE',  ( 0.000000000000000000, 0.000000000000000000, 1.000000000000000000 ) ) ;
#1767 = EDGE_CURVE ( 'NONE', #1876, #1805, #2627, .T. ) ;
#1768 = PLANE ( 'NONE',  #3716 ) ;
#1769 = CARTESIAN_POINT ( 'NONE',  ( 44.50000000000001421, -6.000000000000000000, -27.25000000000000355 ) ) ;
#1770 = ORIENTED_EDGE ( 'NONE', *, *, #4429, .T. ) ;
#1771 = ORIENTED_EDGE ( 'NONE', *, *, #4340, .T. ) ;
#1772 = VECTOR ( 'NONE', #3186, 1000.000000000000000 ) ;
#1773 = CIRCLE ( 'NONE', #3940, 4.999999999999993783 ) ;
#1774 = SURFACE_STYLE_FILL_AREA ( #438 ) ;
#1775 = AXIS2_PLACEMENT_3D ( 'NONE', #4264, #1417, #1485 ) ;
#1776 = CARTESIAN_POINT ( 'NONE',  ( -45.50000000000001421, 4.000000000000000000, -2.499999999999999112 ) ) ;
#1777 = FACE_OUTER_BOUND ( 'NONE', #4072, .T. ) ;
#1778 = EDGE_CURVE ( 'NONE', #4420, #1034, #3698, .T. ) ;
#1779 = DIRECTION ( 'NONE',  ( -0.000000000000000000, 1.000000000000000000, -0.000000000000000000 ) ) ;
#1780 = PLANE ( 'NONE',  #3176 ) ;
#1781 = DIRECTION ( 'NONE',  ( 0.000000000000000000, 1.000000000000000000, 0.000000000000000000 ) ) ;
#1782 = ORIENTED_EDGE ( 'NONE', *, *, #1326, .T. ) ;
#1783 = CIRCLE ( 'NONE', #435, 40.00000000000000711 ) ;
#1784 = ORIENTED_EDGE ( 'NONE', *, *, #4315, .F. ) ;
#1785 = AXIS2_PLACEMENT_3D ( 'NONE', #129, #825, #3713 ) ;
#1786 = EDGE_CURVE ( 'NONE', #712, #2353, #3348, .T. ) ;
#1787 = VERTEX_POINT ( 'NONE', #2545 ) ;
#1788 = DIRECTION ( 'NONE',  ( 0.000000000000000000, 0.000000000000000000, 1.000000000000000000 ) ) ;
#1789 = DIRECTION ( 'NONE',  ( 0.000000000000000000, 0.000000000000000000, 1.000000000000000000 ) ) ;
#1790 = VERTEX_POINT ( 'NONE', #3327 ) ;
#1791 = CARTESIAN_POINT ( 'NONE',  ( 22.50000000000000000, 0.000000000000000000, 24.30000000000000782 ) ) ;
#1792 = CARTESIAN_POINT ( 'NONE',  ( -42.57211781330950373, 0.000000000000000000, -10.12335836023588165 ) ) ;
#1793 = DIRECTION ( 'NONE',  ( 0.000000000000000000, 0.000000000000000000, -1.000000000000000000 ) ) ;
#1794 = ORIENTED_EDGE ( 'NONE', *, *, #2113, .F. ) ;
#1795 = ORIENTED_EDGE ( 'NONE', *, *, #3815, .F. ) ;
#1796 = EDGE_CURVE ( 'NONE', #780, #2269, #3001, .T. ) ;
#1797 = CARTESIAN_POINT ( 'NONE',  ( 46.12432983716945500, 0.000000000000000000, -10.13115200650949710 ) ) ;
#1798 = DIRECTION ( 'NONE',  ( -0.000000000000000000, 1.000000000000000000, -0.000000000000000000 ) ) ;
#1799 = CARTESIAN_POINT ( 'NONE',  ( 6.500000000000001776, -18.50000000000000000, 21.50000000000000355 ) ) ;
#1800 = EDGE_CURVE ( 'NONE', #2375, #197, #989, .T. ) ;
#1801 = CARTESIAN_POINT ( 'NONE',  ( -39.95933631058686331, 0.000000000000000000, 36.18556701030929901 ) ) ;
#1802 = FACE_OUTER_BOUND ( 'NONE', #2573, .T. ) ;
#1803 = PRODUCT_DEFINITION ( 'UNKNOWN', '', #252, #3147 ) ;
#1804 = PLANE ( 'NONE',  #4080 ) ;
#1805 = VERTEX_POINT ( 'NONE', #3220 ) ;
#1806 = ORIENTED_EDGE ( 'NONE', *, *, #1039, .F. ) ;
#1807 = EDGE_LOOP ( 'NONE', ( #2565, #3686, #4460, #1328 ) ) ;
#1808 = DIRECTION ( 'NONE',  ( 0.000000000000000000, -1.000000000000000000, 0.000000000000000000 ) ) ;
#1809 = FACE_OUTER_BOUND ( 'NONE', #4333, .T. ) ;
#1810 = ORIENTED_EDGE ( 'NONE', *, *, #327, .T. ) ;
#1811 = ADVANCED_FACE ( 'NONE', ( #3721 ), #360, .F. ) ;
#1812 = CARTESIAN_POINT ( 'NONE',  ( -44.50000000000001421, 0.000000000000000000, -24.00000000000001066 ) ) ;
#1813 = CARTESIAN_POINT ( 'NONE',  ( -44.50000000000001421, -19.99999999999999645, 29.00000000000000711 ) ) ;
#1814 = CARTESIAN_POINT ( 'NONE',  ( 39.95933631058686331, 15.00000000000000000, 36.18556701030929901 ) ) ;
#1815 = VERTEX_POINT ( 'NONE', #1211 ) ;
#1816 = ORIENTED_EDGE ( 'NONE', *, *, #2849, .T. ) ;
#1817 = CIRCLE ( 'NONE', #3091, 2.500000000000005773 ) ;
#1818 = VECTOR ( 'NONE', #1676, 1000.000000000000000 ) ;
#1819 = VECTOR ( 'NONE', #4448, 1000.000000000000000 ) ;
#1820 = CARTESIAN_POINT ( 'NONE',  ( 9.500000000000001776, 0.000000000000000000, 26.50000000000001066 ) ) ;
#1821 = CYLINDRICAL_SURFACE ( 'NONE', #2424, 2.500000000000005773 ) ;
#1822 = CARTESIAN_POINT ( 'NONE',  ( -46.12432983716945500, 0.000000000000000000, 10.13115200650949888 ) ) ;
#1823 = CIRCLE ( 'NONE', #4435, 43.50000000000000711 ) ;
#1824 = AXIS2_PLACEMENT_3D ( 'NONE', #2884, #3536, #20 ) ;
#1825 = DIRECTION ( 'NONE',  ( 0.000000000000000000, 0.000000000000000000, 1.000000000000000000 ) ) ;
#1826 = CIRCLE ( 'NONE', #1903, 43.50000000000001421 ) ;
#1827 = CARTESIAN_POINT ( 'NONE',  ( -45.50000000000001421, 11.00000000000000000, 2.500000000000000000 ) ) ;
#1828 = DIRECTION ( 'NONE',  ( 0.000000000000000000, -0.000000000000000000, 1.000000000000000000 ) ) ;
#1829 = PLANE ( 'NONE',  #3934 ) ;
#1830 = ADVANCED_FACE ( 'NONE', ( #4285 ), #3959, .T. ) ;
#1831 = EDGE_LOOP ( 'NONE', ( #1866, #1053, #3371, #883 ) ) ;
#1832 = ORIENTED_EDGE ( 'NONE', *, *, #2474, .T. ) ;
#1833 = ORIENTED_EDGE ( 'NONE', *, *, #758, .F. ) ;
#1834 = CARTESIAN_POINT ( 'NONE',  ( -36.08101651390111186, 0.000000000000000000, -30.17077626419150960 ) ) ;
#1835 = ORIENTED_EDGE ( 'NONE', *, *, #1566, .T. ) ;
#1836 = ADVANCED_FACE ( 'NONE', ( #2254 ), #3672, .T. ) ;
#1837 = LINE ( 'NONE', #3178, #1681 ) ;
#1838 = PLANE ( 'NONE',  #1775 ) ;
#1839 = ADVANCED_FACE ( 'NONE', ( #1658 ), #531, .F. ) ;
#1840 = DIRECTION ( 'NONE',  ( 0.000000000000000000, 0.000000000000000000, -1.000000000000000000 ) ) ;
#1841 = ORIENTED_EDGE ( 'NONE', *, *, #801, .T. ) ;
#1842 = ORIENTED_EDGE ( 'NONE', *, *, #3479, .F. ) ;
#1843 = EDGE_CURVE ( 'NONE', #1479, #946, #4464, .T. ) ;
#1844 = DIRECTION ( 'NONE',  ( 0.000000000000000000, 0.000000000000000000, -1.000000000000000000 ) ) ;
#1845 = DIRECTION ( 'NONE',  ( 1.000000000000000000, 0.000000000000000000, 0.000000000000000000 ) ) ;
#1846 = AXIS2_PLACEMENT_3D ( 'NONE', #3294, #3253, #373 ) ;
#1847 = VECTOR ( 'NONE', #3274, 1000.000000000000000 ) ;
#1848 = CARTESIAN_POINT ( 'NONE',  ( 18.59150718393674495, -22.00000000000000000, 70.00000000000000000 ) ) ;
#1849 = CARTESIAN_POINT ( 'NONE',  ( 45.50000000000001421, 1.800000000000000044, 2.999999999999984901 ) ) ;
#1850 = FACE_OUTER_BOUND ( 'NONE', #1831, .T. ) ;
#1851 = VECTOR ( 'NONE', #3181, 1000.000000000000000 ) ;
#1852 = EDGE_LOOP ( 'NONE', ( #2103, #3250, #3125, #1410 ) ) ;
#1853 = EDGE_LOOP ( 'NONE', ( #2876, #1197, #2305, #1145 ) ) ;
#1854 = VECTOR ( 'NONE', #3180, 1000.000000000000000 ) ;
#1855 = ADVANCED_FACE ( 'NONE', ( #4090 ), #1967, .F. ) ;
#1856 = EDGE_LOOP ( 'NONE', ( #587, #465, #49, #3910, #4356, #4044, #2053, #4295, #3457, #1925, #1288, #3904, #512, #2776 ) ) ;
#1857 = CARTESIAN_POINT ( 'NONE',  ( -44.50000000000001421, -6.000000000000000000, -29.00000000000000711 ) ) ;
#1858 = AXIS2_PLACEMENT_3D ( 'NONE', #396, #764, #3257 ) ;
#1859 = CARTESIAN_POINT ( 'NONE',  ( 22.50000000000000000, 0.000000000000000000, 24.30000000000000782 ) ) ;
#1860 = ORIENTED_EDGE ( 'NONE', *, *, #1455, .T. ) ;
#1861 = AXIS2_PLACEMENT_3D ( 'NONE', #627, #278, #1510 ) ;
#1862 = ADVANCED_FACE ( 'NONE', ( #1357 ), #2692, .F. ) ;
#1863 = LINE ( 'NONE', #4050, #2751 ) ;
#1864 = CARTESIAN_POINT ( 'NONE',  ( -14.99999999999999467, 4.000000000000000000, -29.99999999999999289 ) ) ;
#1865 = ORIENTED_EDGE ( 'NONE', *, *, #2699, .F. ) ;
#1866 = ORIENTED_EDGE ( 'NONE', *, *, #2446, .F. ) ;
#1867 = PRESENTATION_STYLE_ASSIGNMENT (( #38 ) ) ;
#1868 = DIRECTION ( 'NONE',  ( 0.000000000000000000, 0.000000000000000000, -1.000000000000000000 ) ) ;
#1869 = LINE ( 'NONE', #1469, #472 ) ;
#1870 = EDGE_CURVE ( 'NONE', #2747, #4492, #834, .T. ) ;
#1871 = DIRECTION ( 'NONE',  ( 0.000000000000000000, 0.000000000000000000, 1.000000000000000000 ) ) ;
#1872 = FACE_BOUND ( 'NONE', #1284, .T. ) ;
#1873 = DIRECTION ( 'NONE',  ( 0.000000000000000000, 1.000000000000000000, 0.000000000000000000 ) ) ;
#1874 = EDGE_LOOP ( 'NONE', ( #918, #3385, #3882, #1638 ) ) ;
#1875 = ORIENTED_EDGE ( 'NONE', *, *, #3986, .T. ) ;
#1876 = VERTEX_POINT ( 'NONE', #185 ) ;
#1877 = CARTESIAN_POINT ( 'NONE',  ( 44.50000000000001421, -42.54163056034264656, -29.00000000000000711 ) ) ;
#1878 = CARTESIAN_POINT ( 'NONE',  ( -44.50000000000001421, -18.50000000000000000, -29.00000000000000711 ) ) ;
#1879 = ADVANCED_FACE ( 'NONE', ( #4159 ), #559, .T. ) ;
#1880 = EDGE_LOOP ( 'NONE', ( #560, #2628, #3755, #923 ) ) ;
#1881 = CARTESIAN_POINT ( 'NONE',  ( 44.50000000000001421, -22.00000000000000000, 29.00000000000000711 ) ) ;
#1882 = LINE ( 'NONE', #2333, #1405 ) ;
#1883 = LINE ( 'NONE', #3989, #1238 ) ;
#1884 = EDGE_CURVE ( 'NONE', #1545, #2748, #1582, .T. ) ;
#1885 = ORIENTED_EDGE ( 'NONE', *, *, #437, .F. ) ;
#1886 = CARTESIAN_POINT ( 'NONE',  ( -45.67077626419152381, -18.50000000000000000, 20.58101651390110831 ) ) ;
#1887 = DIRECTION ( 'NONE',  ( 0.000000000000000000, 1.000000000000000000, 0.000000000000000000 ) ) ;
#1888 = EDGE_LOOP ( 'NONE', ( #3787, #454, #1011, #1579, #3632, #4244, #756, #823, #2149, #2594, #1361, #4545, #2761, #1570 ) ) ;
#1889 = CARTESIAN_POINT ( 'NONE',  ( 44.50000000000001421, -42.54163056034263946, 29.00000000000000711 ) ) ;
#1890 = EDGE_CURVE ( 'NONE', #2972, #2996, #1143, .T. ) ;
#1891 = AXIS2_PLACEMENT_3D ( 'NONE', #232, #2344, #980 ) ;
#1892 = CIRCLE ( 'NONE', #1078, 2.500000000000002220 ) ;
#1893 = AXIS2_PLACEMENT_3D ( 'NONE', #4312, #4380, #427 ) ;
#1894 = CIRCLE ( 'NONE', #692, 43.50000000000000711 ) ;
#1895 = DIRECTION ( 'NONE',  ( 1.000000000000000000, 2.167851070390029859E-16, 0.000000000000000000 ) ) ;
#1896 = DIRECTION ( 'NONE',  ( 1.000000000000000000, 0.000000000000000000, 0.000000000000000000 ) ) ;
#1897 = AXIS2_PLACEMENT_3D ( 'NONE', #2120, #4339, #1126 ) ;
#1898 = LINE ( 'NONE', #462, #2535 ) ;
#1899 = CARTESIAN_POINT ( 'NONE',  ( 18.59150718393674495, -22.00000000000000000, -30.00000000000000711 ) ) ;
#1900 = AXIS2_PLACEMENT_3D ( 'NONE', #285, #261, #3848 ) ;
#1901 = EDGE_CURVE ( 'NONE', #2353, #4522, #3794, .T. ) ;
#1902 = ORIENTED_EDGE ( 'NONE', *, *, #776, .T. ) ;
#1903 = AXIS2_PLACEMENT_3D ( 'NONE', #543, #3080, #168 ) ;
#1904 = VERTEX_POINT ( 'NONE', #280 ) ;
#1905 = DIRECTION ( 'NONE',  ( -0.000000000000000000, -1.000000000000000000, -0.000000000000000000 ) ) ;
#1906 = LINE ( 'NONE', #1859, #2946 ) ;
#1907 = VECTOR ( 'NONE', #385, 1000.000000000000000 ) ;
#1908 = CARTESIAN_POINT ( 'NONE',  ( 42.57339518699360070, 4.000000000000000000, 10.13115200650950065 ) ) ;
#1909 = LINE ( 'NONE', #800, #283 ) ;
#1910 = CARTESIAN_POINT ( 'NONE',  ( 44.50000000000001421, -22.00000000000000355, -26.50000000000000711 ) ) ;
#1911 = VERTEX_POINT ( 'NONE', #4514 ) ;
#1912 = DIRECTION ( 'NONE',  ( 0.000000000000000000, 0.000000000000000000, -1.000000000000000000 ) ) ;
#1913 = ADVANCED_FACE ( 'NONE', ( #257 ), #1309, .F. ) ;
#1914 = DIRECTION ( 'NONE',  ( 0.000000000000000000, 0.000000000000000000, 1.000000000000000000 ) ) ;
#1915 = ORIENTED_EDGE ( 'NONE', *, *, #2575, .F. ) ;
#1916 = FACE_OUTER_BOUND ( 'NONE', #1560, .T. ) ;
#1917 = VECTOR ( 'NONE', #76, 1000.000000000000000 ) ;
#1918 = CARTESIAN_POINT ( 'NONE',  ( -44.50000000000001421, 0.000000000000000000, 29.00000000000000711 ) ) ;
#1919 = DIRECTION ( 'NONE',  ( -0.000000000000000000, 0.000000000000000000, 1.000000000000000000 ) ) ;
#1920 = DIRECTION ( 'NONE',  ( -0.000000000000000000, -1.000000000000000000, -0.000000000000000000 ) ) ;
#1921 = DIRECTION ( 'NONE',  ( 0.000000000000000000, 0.000000000000000000, -1.000000000000000000 ) ) ;
#1922 = VECTOR ( 'NONE', #2885, 1000.000000000000000 ) ;
#1923 = ADVANCED_FACE ( 'NONE', ( #4537, #2416 ), #3842, .F. ) ;
#1924 = AXIS2_PLACEMENT_3D ( 'NONE', #1246, #2754, #3432 ) ;
#1925 = ORIENTED_EDGE ( 'NONE', *, *, #741, .T. ) ;
#1926 = ADVANCED_FACE ( 'NONE', ( #3865 ), #3162, .T. ) ;
#1927 = ORIENTED_EDGE ( 'NONE', *, *, #1221, .T. ) ;
#1928 = CARTESIAN_POINT ( 'NONE',  ( 15.00000000000000178, 4.000000000000000000, -26.50000000000001421 ) ) ;
#1929 = AXIS2_PLACEMENT_3D ( 'NONE', #386, #2897, #341 ) ;
#1930 = EDGE_LOOP ( 'NONE', ( #153, #1627 ) ) ;
#1931 = ADVANCED_FACE ( 'NONE', ( #1777 ), #1069, .T. ) ;
#1932 = PLANE ( 'NONE',  #4281 ) ;
#1933 = AXIS2_PLACEMENT_3D ( 'NONE', #1408, #241, #2029 ) ;
#1934 = DIRECTION ( 'NONE',  ( 0.000000000000000000, -1.000000000000000000, 0.000000000000000000 ) ) ;
#1935 = DIRECTION ( 'NONE',  ( 0.000000000000000000, -1.000000000000000000, 0.000000000000000000 ) ) ;
#1936 = ORIENTED_EDGE ( 'NONE', *, *, #177, .F. ) ;
#1937 = CLOSED_SHELL ( 'NONE', ( #1395, #2028, #1154, #456, #4289, #502, #1086, #4368, #3329, #1913, #3373, #2789, #2766, #1830, #436, #2549, #1981, #1438, #2107, #2947, #1836, #1651, #52, #47, #149, #4273, #662, #3433, #3781, #34, #226, #1985, #2035, #1229, #3037, #4001, #2672, #4103, #1090, #4582, #1310, #3015, #2078, #2171, #3036, #4138, #859, #1641, #3927, #1181, #3517, #3450, #517, #198, #3046, #2494, #4236, #1286, #1022, #1132, #2229, #3237, #626, #3540, #2755, #3177, #2613, #847, #2124, #1682, #269, #3207, #1926, #1298, #2437, #2464, #2129, #1942, #493, #1009, #4405, #673, #3820, #3490, #2779, #1542, #3745, #1839, #375, #2842, #2605, #1855, #1368, #815, #23, #940, #1168, #4412, #3862, #3531, #551, #1811, #828, #931, #4421, #4120, #805, #2931, #4591, #3678, #4372, #879, #1923, #2021, #155, #1862, #404, #9, #3256, #3740, #2329, #1314, #1549, #3398, #1521, #4602, #1144, #2939, #2205, #748, #4124, #515, #3886, #464, #1204, #2833, #1127, #1236, #1052, #636, #428, #2874, #1879, #3376, #1667, #4168, #1931 ) ) ;
#1938 = DIRECTION ( 'NONE',  ( -0.000000000000000000, -1.000000000000000000, -0.000000000000000000 ) ) ;
#1939 = CARTESIAN_POINT ( 'NONE',  ( 44.50000000000001421, -6.000000000000000000, 29.00000000000000711 ) ) ;
#1940 = VERTEX_POINT ( 'NONE', #1026 ) ;
#1941 = FACE_OUTER_BOUND ( 'NONE', #3422, .T. ) ;
#1942 = ADVANCED_FACE ( 'NONE', ( #4250 ), #2088, .F. ) ;
#1943 = CARTESIAN_POINT ( 'NONE',  ( -45.50000000000001421, 4.000000000000000000, -3.091507183936759162 ) ) ;
#1944 = DIRECTION ( 'NONE',  ( 0.000000000000000000, 0.000000000000000000, 1.000000000000000000 ) ) ;
#1945 = CARTESIAN_POINT ( 'NONE',  ( 45.50000000000001421, -22.00000000000000000, 30.00000000000001066 ) ) ;
#1946 = EDGE_CURVE ( 'NONE', #860, #3068, #2132, .T. ) ;
#1947 = ORIENTED_EDGE ( 'NONE', *, *, #4175, .T. ) ;
#1948 = VERTEX_POINT ( 'NONE', #4226 ) ;
#1949 = LINE ( 'NONE', #143, #1819 ) ;
#1950 = DIRECTION ( 'NONE',  ( -0.000000000000000000, -1.000000000000000000, -0.000000000000000000 ) ) ;
#1951 = ORIENTED_EDGE ( 'NONE', *, *, #1884, .F. ) ;
#1952 =( NAMED_UNIT ( * ) PLANE_ANGLE_UNIT ( ) SI_UNIT ( $, .RADIAN. ) );
#1953 = CARTESIAN_POINT ( 'NONE',  ( -44.50000000000001421, -19.99999999999999645, -26.50000000000000711 ) ) ;
#1954 = CARTESIAN_POINT ( 'NONE',  ( -9.999999999999992895, -9.000000000000000000, -30.00000000000000711 ) ) ;
#1955 = LINE ( 'NONE', #3456, #3438 ) ;
#1956 = EDGE_CURVE ( 'NONE', #2216, #4117, #2121, .T. ) ;
#1957 = ORIENTED_EDGE ( 'NONE', *, *, #2646, .F. ) ;
#1958 = CYLINDRICAL_SURFACE ( 'NONE', #3242, 1.750000000000005107 ) ;
#1959 = DIRECTION ( 'NONE',  ( -0.000000000000000000, 1.000000000000000000, -0.000000000000000000 ) ) ;
#1960 = ORIENTED_EDGE ( 'NONE', *, *, #3587, .T. ) ;
#1961 = DIRECTION ( 'NONE',  ( -0.000000000000000000, 1.000000000000000000, -0.000000000000000000 ) ) ;
#1962 = EDGE_LOOP ( 'NONE', ( #229, #2527 ) ) ;
#1963 = EDGE_CURVE ( 'NONE', #1533, #3477, #3211, .T. ) ;
#1964 = DIRECTION ( 'NONE',  ( 1.000000000000000000, 0.000000000000000000, -0.000000000000000000 ) ) ;
#1965 = CIRCLE ( 'NONE', #89, 2.600000000000001421 ) ;
#1966 = DIRECTION ( 'NONE',  ( 0.000000000000000000, 0.000000000000000000, -1.000000000000000000 ) ) ;
#1967 = PLANE ( 'NONE',  #1441 ) ;
#1968 = EDGE_LOOP ( 'NONE', ( #1338, #747, #4197, #4574 ) ) ;
#1969 = CIRCLE ( 'NONE', #4578, 2.500000000000005773 ) ;
#1970 = CIRCLE ( 'NONE', #3317, 2.000000000000000000 ) ;
#1971 = EDGE_CURVE ( 'NONE', #4410, #1545, #3187, .T. ) ;
#1972 = ORIENTED_EDGE ( 'NONE', *, *, #3921, .T. ) ;
#1973 = CARTESIAN_POINT ( 'NONE',  ( -42.00000000000000711, 14.99999999999999645, -2.499999999999998668 ) ) ;
#1974 = ORIENTED_EDGE ( 'NONE', *, *, #2336, .F. ) ;
#1975 = ORIENTED_EDGE ( 'NONE', *, *, #2862, .F. ) ;
#1976 = VECTOR ( 'NONE', #4635, 1000.000000000000000 ) ;
#1977 = CARTESIAN_POINT ( 'NONE',  ( -44.50000000000001421, -18.50000000000000000, 29.00000000000000711 ) ) ;
#1978 = AXIS2_PLACEMENT_3D ( 'NONE', #3832, #1345, #3483 ) ;
#1979 = FACE_OUTER_BOUND ( 'NONE', #2346, .T. ) ;
#1980 = CARTESIAN_POINT ( 'NONE',  ( -39.95933631058686331, 15.00000000000000000, -36.18556701030929901 ) ) ;
#1981 = ADVANCED_FACE ( 'NONE', ( #374 ), #303, .F. ) ;
#1982 = VERTEX_POINT ( 'NONE', #1799 ) ;
#1983 = FACE_BOUND ( 'NONE', #2307, .T. ) ;
#1984 = AXIS2_PLACEMENT_3D ( 'NONE', #545, #294, #3175 ) ;
#1985 = ADVANCED_FACE ( 'NONE', ( #2179 ), #392, .F. ) ;
#1986 = DIRECTION ( 'NONE',  ( 0.000000000000000000, 0.000000000000000000, 1.000000000000000000 ) ) ;
#1987 = EDGE_LOOP ( 'NONE', ( #3639, #3235, #179, #2330 ) ) ;
#1988 = LINE ( 'NONE', #3463, #1616 ) ;
#1989 = ORIENTED_EDGE ( 'NONE', *, *, #4283, .F. ) ;
#1990 = EDGE_CURVE ( 'NONE', #4468, #2719, #3516, .T. ) ;
#1991 = DIRECTION ( 'NONE',  ( 0.000000000000000000, 0.000000000000000000, 1.000000000000000000 ) ) ;
#1992 = CARTESIAN_POINT ( 'NONE',  ( -15.50000000000001776, -11.99999999999999822, 20.00000000000001066 ) ) ;
#1993 = CARTESIAN_POINT ( 'NONE',  ( 22.50000000000000000, -39.31465829649864929, 26.50000000000001066 ) ) ;
#1994 = ORIENTED_EDGE ( 'NONE', *, *, #1489, .T. ) ;
#1995 = VERTEX_POINT ( 'NONE', #694 ) ;
#1996 = DIRECTION ( 'NONE',  ( 1.000000000000000000, 0.000000000000000000, 0.000000000000000000 ) ) ;
#1997 = ORIENTED_EDGE ( 'NONE', *, *, #3144, .F. ) ;
#1998 = ORIENTED_EDGE ( 'NONE', *, *, #789, .F. ) ;
#1999 = EDGE_CURVE ( 'NONE', #3817, #1157, #40, .T. ) ;
#2000 = AXIS2_PLACEMENT_3D ( 'NONE', #2691, #3720, #583 ) ;
#2001 = VECTOR ( 'NONE', #1961, 1000.000000000000000 ) ;
#2002 = DIRECTION ( 'NONE',  ( -0.000000000000000000, -1.000000000000000000, -0.000000000000000000 ) ) ;
#2003 = VECTOR ( 'NONE', #2995, 1000.000000000000000 ) ;
#2004 = DIRECTION ( 'NONE',  ( -1.000000000000000000, 0.000000000000000000, 1.020425574104003629E-16 ) ) ;
#2005 = CARTESIAN_POINT ( 'NONE',  ( -44.50000000000001421, -6.000000000000000000, 29.00000000000000711 ) ) ;
#2006 = LINE ( 'NONE', #3810, #4607 ) ;
#2007 = ORIENTED_EDGE ( 'NONE', *, *, #2629, .F. ) ;
#2008 = EDGE_CURVE ( 'NONE', #861, #1790, #1894, .T. ) ;
#2009 = VECTOR ( 'NONE', #2438, 1000.000000000000000 ) ;
#2010 = CARTESIAN_POINT ( 'NONE',  ( 44.50000000000001421, -2.999999999999999112, 26.50000000000000711 ) ) ;
#2011 = LINE ( 'NONE', #4151, #1818 ) ;
#2012 = CARTESIAN_POINT ( 'NONE',  ( -44.50000000000001421, -19.99999999999999645, -29.00000000000000711 ) ) ;
#2013 = EDGE_LOOP ( 'NONE', ( #2618, #2112 ) ) ;
#2014 = CARTESIAN_POINT ( 'NONE',  ( -15.50000000000001776, -15.00000000000000178, 24.60000000000001208 ) ) ;
#2015 = VECTOR ( 'NONE', #4274, 1000.000000000000000 ) ;
#2016 = VERTEX_POINT ( 'NONE', #2837 ) ;
#2017 = VECTOR ( 'NONE', #3065, 1000.000000000000000 ) ;
#2018 = LINE ( 'NONE', #1684, #2684 ) ;
#2019 = DIRECTION ( 'NONE',  ( -0.000000000000000000, -1.000000000000000000, -0.000000000000000000 ) ) ;
#2020 = DIRECTION ( 'NONE',  ( -1.000000000000000000, 0.000000000000000000, 0.000000000000000000 ) ) ;
#2021 = ADVANCED_FACE ( 'NONE', ( #1941 ), #2643, .F. ) ;
#2022 = EDGE_LOOP ( 'NONE', ( #2661, #1585, #425, #2287 ) ) ;
#2023 = VERTEX_POINT ( 'NONE', #459 ) ;
#2024 = CARTESIAN_POINT ( 'NONE',  ( 39.95933631058686331, -22.00000000000000000, -36.18556701030929901 ) ) ;
#2025 = EDGE_LOOP ( 'NONE', ( #1302, #2388, #3440, #723 ) ) ;
#2026 = ORIENTED_EDGE ( 'NONE', *, *, #119, .F. ) ;
#2027 = DIRECTION ( 'NONE',  ( 0.000000000000000000, -0.000000000000000000, 1.000000000000000000 ) ) ;
#2028 = ADVANCED_FACE ( 'NONE', ( #1492 ), #3970, .F. ) ;
#2029 = DIRECTION ( 'NONE',  ( 0.000000000000000000, 0.000000000000000000, 1.000000000000000000 ) ) ;
#2030 = DIRECTION ( 'NONE',  ( 1.020425574104003629E-16, -0.000000000000000000, 1.000000000000000000 ) ) ;
#2031 = DIRECTION ( 'NONE',  ( 0.000000000000000000, 0.000000000000000000, -1.000000000000000000 ) ) ;
#2032 = VERTEX_POINT ( 'NONE', #3344 ) ;
#2033 = LINE ( 'NONE', #3783, #3984 ) ;
#2034 = DIRECTION ( 'NONE',  ( 0.000000000000000000, -0.000000000000000000, -1.000000000000000000 ) ) ;
#2035 = ADVANCED_FACE ( 'NONE', ( #440 ), #4038, .F. ) ;
#2036 = CARTESIAN_POINT ( 'NONE',  ( 12.00000000000000178, -39.31465829649864929, 21.50000000000000355 ) ) ;
#2037 = ORIENTED_EDGE ( 'NONE', *, *, #602, .F. ) ;
#2038 = DIRECTION ( 'NONE',  ( 1.000000000000000000, 0.000000000000000000, 0.000000000000000000 ) ) ;
#2039 = VERTEX_POINT ( 'NONE', #3622 ) ;
#2040 = CARTESIAN_POINT ( 'NONE',  ( 44.50000000000001421, 0.000000000000000000, -34.00000000000000000 ) ) ;
#2041 = DIRECTION ( 'NONE',  ( -0.000000000000000000, 1.000000000000000000, -0.000000000000000000 ) ) ;
#2042 = CARTESIAN_POINT ( 'NONE',  ( 44.50000000000001421, -2.999999999999998224, -29.00000000000000711 ) ) ;
#2043 = VERTEX_POINT ( 'NONE', #2598 ) ;
#2044 = ORIENTED_EDGE ( 'NONE', *, *, #418, .T. ) ;
#2045 = CYLINDRICAL_SURFACE ( 'NONE', #4581, 40.00000000000000000 ) ;
#2046 = EDGE_CURVE ( 'NONE', #2865, #1982, #132, .T. ) ;
#2047 = ORIENTED_EDGE ( 'NONE', *, *, #3157, .T. ) ;
#2048 = ORIENTED_EDGE ( 'NONE', *, *, #73, .T. ) ;
#2049 = AXIS2_PLACEMENT_3D ( 'NONE', #1993, #882, #955 ) ;
#2050 = VECTOR ( 'NONE', #2080, 1000.000000000000000 ) ;
#2051 = AXIS2_PLACEMENT_3D ( 'NONE', #1502, #818, #3609 ) ;
#2052 = CARTESIAN_POINT ( 'NONE',  ( 85.50000000000001421, 4.000000000000000000, 3.091507183936761827 ) ) ;
#2053 = ORIENTED_EDGE ( 'NONE', *, *, #3813, .F. ) ;
#2054 = DIRECTION ( 'NONE',  ( 0.000000000000000000, -0.000000000000000000, -1.000000000000000000 ) ) ;
#2055 = DIRECTION ( 'NONE',  ( 0.000000000000000000, 0.000000000000000000, 1.000000000000000000 ) ) ;
#2056 = VECTOR ( 'NONE', #4095, 1000.000000000000000 ) ;
#2057 = DIRECTION ( 'NONE',  ( 0.000000000000000000, -1.000000000000000000, 0.000000000000000000 ) ) ;
#2058 = CARTESIAN_POINT ( 'NONE',  ( 45.54309203193080435, 3.289082804604421373, -4.950112791678213497 ) ) ;
#2059 = AXIS2_PLACEMENT_3D ( 'NONE', #267, #310, #4569 ) ;
#2060 = DIRECTION ( 'NONE',  ( 0.000000000000000000, 0.000000000000000000, 1.000000000000000000 ) ) ;
#2061 = CARTESIAN_POINT ( 'NONE',  ( 44.50000000000001421, -19.99999999999999645, 29.00000000000000711 ) ) ;
#2062 = ORIENTED_EDGE ( 'NONE', *, *, #3685, .T. ) ;
#2063 = AXIS2_PLACEMENT_3D ( 'NONE', #3083, #270, #3133 ) ;
#2064 = EDGE_CURVE ( 'NONE', #1982, #1787, #1869, .T. ) ;
#2065 = CARTESIAN_POINT ( 'NONE',  ( -36.08101651390111186, -9.250000000000001776, -30.17077626419151670 ) ) ;
#2066 = CARTESIAN_POINT ( 'NONE',  ( 12.00000000000000178, -13.49999999999999822, 24.30000000000000782 ) ) ;
#2067 = CARTESIAN_POINT ( 'NONE',  ( 0.000000000000000000, -18.50000000000000000, 0.000000000000000000 ) ) ;
#2068 = VERTEX_POINT ( 'NONE', #3995 ) ;
#2069 = CARTESIAN_POINT ( 'NONE',  ( -3.500000000000016875, -22.00000000000000000, 17.40000000000000924 ) ) ;
#2070 = EDGE_LOOP ( 'NONE', ( #1000, #2791 ) ) ;
#2071 = VERTEX_POINT ( 'NONE', #3667 ) ;
#2072 = CARTESIAN_POINT ( 'NONE',  ( 20.00000000000000000, -13.50000000000000000, 21.49999999999999289 ) ) ;
#2073 = ORIENTED_EDGE ( 'NONE', *, *, #1718, .F. ) ;
#2074 = DIRECTION ( 'NONE',  ( -0.000000000000000000, 1.000000000000000000, -0.000000000000000000 ) ) ;
#2075 = DIRECTION ( 'NONE',  ( 0.000000000000000000, -1.000000000000000000, 0.000000000000000000 ) ) ;
#2076 = AXIS2_PLACEMENT_3D ( 'NONE', #831, #510, #1944 ) ;
#2077 = VECTOR ( 'NONE', #2358, 1000.000000000000000 ) ;
#2078 = ADVANCED_FACE ( 'NONE', ( #2997 ), #1186, .F. ) ;
#2079 = DIRECTION ( 'NONE',  ( 0.000000000000000000, -0.000000000000000000, 1.000000000000000000 ) ) ;
#2080 = DIRECTION ( 'NONE',  ( -1.000000000000000000, 0.000000000000000000, 0.000000000000000000 ) ) ;
#2081 = FACE_OUTER_BOUND ( 'NONE', #3560, .T. ) ;
#2082 = VERTEX_POINT ( 'NONE', #4415 ) ;
#2083 = CARTESIAN_POINT ( 'NONE',  ( 20.00000000000000000, -39.31465829649864929, 24.30000000000000782 ) ) ;
#2084 = ORIENTED_EDGE ( 'NONE', *, *, #1504, .T. ) ;
#2085 = CIRCLE ( 'NONE', #501, 4.999999999999997335 ) ;
#2086 = DIRECTION ( 'NONE',  ( -0.000000000000000000, -1.000000000000000000, -0.000000000000000000 ) ) ;
#2087 = DIRECTION ( 'NONE',  ( -0.000000000000000000, -1.000000000000000000, -0.000000000000000000 ) ) ;
#2088 = PLANE ( 'NONE',  #1366 ) ;
#2089 = EDGE_CURVE ( 'NONE', #3086, #3948, #4392, .T. ) ;
#2090 = VECTOR ( 'NONE', #3038, 1000.000000000000000 ) ;
#2091 = EDGE_LOOP ( 'NONE', ( #3451, #3049 ) ) ;
#2092 = CARTESIAN_POINT ( 'NONE',  ( 44.50000000000001421, -19.99999999999999645, -31.50000000000001421 ) ) ;
#2093 = ORIENTED_EDGE ( 'NONE', *, *, #2521, .T. ) ;
#2094 = ORIENTED_EDGE ( 'NONE', *, *, #4019, .T. ) ;
#2095 = DIRECTION ( 'NONE',  ( 5.290906601729261638E-15, 0.000000000000000000, -1.000000000000000000 ) ) ;
#2096 = ORIENTED_EDGE ( 'NONE', *, *, #3654, .F. ) ;
#2097 = CARTESIAN_POINT ( 'NONE',  ( 45.54555525137367766, 3.800000000000014477, -5.000000000000000888 ) ) ;
#2098 = DIRECTION ( 'NONE',  ( -0.000000000000000000, -1.000000000000000000, -0.000000000000000000 ) ) ;
#2099 = CARTESIAN_POINT ( 'NONE',  ( 45.50000000000003553, 1.807961059918339553, -3.219593920655551056 ) ) ;
#2100 = EDGE_CURVE ( 'NONE', #2552, #3452, #2250, .T. ) ;
#2101 = CARTESIAN_POINT ( 'NONE',  ( -44.50000000000001421, -2.999999999999998224, -29.00000000000000711 ) ) ;
#2102 = DIRECTION ( 'NONE',  ( -0.000000000000000000, 0.000000000000000000, -1.000000000000000000 ) ) ;
#2103 = ORIENTED_EDGE ( 'NONE', *, *, #2247, .T. ) ;
#2104 = LINE ( 'NONE', #4224, #3507 ) ;
#2105 = DIRECTION ( 'NONE',  ( -0.000000000000000000, 1.000000000000000000, -0.000000000000000000 ) ) ;
#2106 = CARTESIAN_POINT ( 'NONE',  ( 45.50000000000002132, 1.802094487897897501, 3.091507183936769376 ) ) ;
#2107 = ADVANCED_FACE ( 'NONE', ( #2579 ), #2270, .F. ) ;
#2108 = EDGE_LOOP ( 'NONE', ( #3284, #985 ) ) ;
#2109 = FACE_OUTER_BOUND ( 'NONE', #564, .T. ) ;
#2110 = CYLINDRICAL_SURFACE ( 'NONE', #2385, 40.00000000000000000 ) ;
#2111 = EDGE_LOOP ( 'NONE', ( #3173, #3543, #2162, #2398 ) ) ;
#2112 = ORIENTED_EDGE ( 'NONE', *, *, #3968, .T. ) ;
#2113 = EDGE_CURVE ( 'NONE', #638, #2673, #1534, .T. ) ;
#2114 = ORIENTED_EDGE ( 'NONE', *, *, #182, .T. ) ;
#2115 = DIRECTION ( 'NONE',  ( 0.000000000000000000, 0.000000000000000000, 1.000000000000000000 ) ) ;
#2116 = AXIS2_PLACEMENT_3D ( 'NONE', #2905, #1134, #4326 ) ;
#2117 = PLANE ( 'NONE',  #3095 ) ;
#2118 = CIRCLE ( 'NONE', #1290, 8.500000000000010658 ) ;
#2119 = AXIS2_PLACEMENT_3D ( 'NONE', #228, #947, #3115 ) ;
#2120 = CARTESIAN_POINT ( 'NONE',  ( 44.50000000000001421, -18.50000000000000000, -29.00000000000000711 ) ) ;
#2121 = B_SPLINE_CURVE_WITH_KNOTS ( 'NONE', 3,
 ( #4631, #3580, #1093, #3556, #3600, #2510, #1755, #1047, #349, #3230, #2487, #3885, #4300, #672, #1446, #2106 ),
 .UNSPECIFIED., .F., .F.,
 ( 4, 2, 2, 2, 2, 2, 2, 4 ),
 ( 0.000000000000000000, 0.0003791986719825332273, 0.0007583973439650664545, 0.001137596015947599628, 0.001516794687930132909, 0.001895993359912665974, 0.002275192031895199255, 0.003033589375860264951 ),
 .UNSPECIFIED. ) ;
#2122 = AXIS2_PLACEMENT_3D ( 'NONE', #4549, #4570, #1789 ) ;
#2123 = DIRECTION ( 'NONE',  ( -0.000000000000000000, 0.000000000000000000, 1.000000000000000000 ) ) ;
#2124 = ADVANCED_FACE ( 'NONE', ( #1916 ), #4327, .F. ) ;
#2125 = DIRECTION ( 'NONE',  ( 0.000000000000000000, 1.000000000000000000, 0.000000000000000000 ) ) ;
#2126 = ORIENTED_EDGE ( 'NONE', *, *, #1743, .F. ) ;
#2127 = VERTEX_POINT ( 'NONE', #1116 ) ;
#2128 = VECTOR ( 'NONE', #3475, 1000.000000000000000 ) ;
#2129 = ADVANCED_FACE ( 'NONE', ( #854, #761 ), #2298, .F. ) ;
#2130 = LINE ( 'NONE', #3228, #2165 ) ;
#2131 = FACE_OUTER_BOUND ( 'NONE', #3448, .T. ) ;
#2132 = LINE ( 'NONE', #4580, #1213 ) ;
#2133 = CIRCLE ( 'NONE', #1978, 40.00000000000000711 ) ;
#2134 = VECTOR ( 'NONE', #3545, 1000.000000000000000 ) ;
#2135 = EDGE_CURVE ( 'NONE', #1007, #3086, #2198, .T. ) ;
#2136 = ORIENTED_EDGE ( 'NONE', *, *, #354, .T. ) ;
#2137 = DIRECTION ( 'NONE',  ( 0.000000000000000000, 0.000000000000000000, 1.000000000000000000 ) ) ;
#2138 = DIRECTION ( 'NONE',  ( 0.000000000000000000, 0.000000000000000000, -1.000000000000000000 ) ) ;
#2139 = ORIENTED_EDGE ( 'NONE', *, *, #1193, .F. ) ;
#2140 = ORIENTED_EDGE ( 'NONE', *, *, #4449, .F. ) ;
#2141 = ORIENTED_EDGE ( 'NONE', *, *, #3754, .T. ) ;
#2142 = DIRECTION ( 'NONE',  ( -0.000000000000000000, -1.000000000000000000, -0.000000000000000000 ) ) ;
#2143 = CARTESIAN_POINT ( 'NONE',  ( 18.86596637189668968, -9.020385407009641199, 30.00078390944922191 ) ) ;
#2144 = EDGE_CURVE ( 'NONE', #3330, #1089, #3275, .T. ) ;
#2145 = ORIENTED_EDGE ( 'NONE', *, *, #3815, .T. ) ;
#2146 = LINE ( 'NONE', #1040, #4133 ) ;
#2147 = CARTESIAN_POINT ( 'NONE',  ( -44.50000000000001421, -19.99999999999999645, 29.00000000000000711 ) ) ;
#2148 = PLANE ( 'NONE',  #429 ) ;
#2149 = ORIENTED_EDGE ( 'NONE', *, *, #1946, .T. ) ;
#2150 = ORIENTED_EDGE ( 'NONE', *, *, #2554, .T. ) ;
#2151 = AXIS2_PLACEMENT_3D ( 'NONE', #1754, #2395, #4536 ) ;
#2152 = CIRCLE ( 'NONE', #4538, 40.00000000000000000 ) ;
#2153 = FACE_OUTER_BOUND ( 'NONE', #3799, .T. ) ;
#2154 = AXIS2_PLACEMENT_3D ( 'NONE', #272, #4481, #2707 ) ;
#2155 = DIRECTION ( 'NONE',  ( -0.000000000000000000, -1.000000000000000000, -0.000000000000000000 ) ) ;
#2156 = CARTESIAN_POINT ( 'NONE',  ( -27.50000000000001776, -15.00000000000000178, 24.60000000000001208 ) ) ;
#2157 = AXIS2_PLACEMENT_3D ( 'NONE', #3973, #2561, #1451 ) ;
#2158 = DIRECTION ( 'NONE',  ( -0.000000000000000000, 1.000000000000000000, -0.000000000000000000 ) ) ;
#2159 = CARTESIAN_POINT ( 'NONE',  ( 44.50000000000001421, -6.000000000000000000, 30.75000000000001421 ) ) ;
#2160 = LINE ( 'NONE', #3584, #1922 ) ;
#2161 = EDGE_CURVE ( 'NONE', #769, #3899, #1278, .T. ) ;
#2162 = ORIENTED_EDGE ( 'NONE', *, *, #4085, .T. ) ;
#2163 = CIRCLE ( 'NONE', #4544, 1.750000000000005107 ) ;
#2164 = ORIENTED_EDGE ( 'NONE', *, *, #776, .F. ) ;
#2165 = VECTOR ( 'NONE', #3554, 1000.000000000000000 ) ;
#2166 = EDGE_LOOP ( 'NONE', ( #1488, #4541, #4586, #3183 ) ) ;
#2167 = CARTESIAN_POINT ( 'NONE',  ( -9.999999999999992895, -6.999999999999999112, -26.50000000000000711 ) ) ;
#2168 = DIRECTION ( 'NONE',  ( 0.000000000000000000, 1.000000000000000000, 0.000000000000000000 ) ) ;
#2169 = ORIENTED_EDGE ( 'NONE', *, *, #4398, .F. ) ;
#2170 = CARTESIAN_POINT ( 'NONE',  ( 45.50000000000001421, 15.00000000000000000, -3.091507183936761827 ) ) ;
#2171 = ADVANCED_FACE ( 'NONE', ( #3441, #1603 ), #896, .T. ) ;
#2172 = CARTESIAN_POINT ( 'NONE',  ( 25.50000000000000000, 15.00000000000000000, 27.05209286809889235 ) ) ;
#2173 = DIRECTION ( 'NONE',  ( 1.000000000000000000, 0.000000000000000000, 0.000000000000000000 ) ) ;
#2174 = ORIENTED_EDGE ( 'NONE', *, *, #3111, .T. ) ;
#2175 = EDGE_LOOP ( 'NONE', ( #1021, #263, #1702, #4215 ) ) ;
#2176 = EDGE_CURVE ( 'NONE', #1101, #2032, #4533, .T. ) ;
#2177 = CARTESIAN_POINT ( 'NONE',  ( 22.50000000000000000, -13.50000000000000000, 28.00000000000001066 ) ) ;
#2178 = CARTESIAN_POINT ( 'NONE',  ( 44.50000000000001421, -22.00000000000000355, -31.50000000000001421 ) ) ;
#2179 = FACE_OUTER_BOUND ( 'NONE', #3260, .T. ) ;
#2180 = CARTESIAN_POINT ( 'NONE',  ( -42.00000000000000711, 15.00000000000000000, 3.091507183936761827 ) ) ;
#2181 = DIRECTION ( 'NONE',  ( -0.000000000000000000, 1.000000000000000000, 1.084202172485504434E-16 ) ) ;
#2182 = CARTESIAN_POINT ( 'NONE',  ( 42.04188619865061582, 15.00000000000000000, -5.000000000000000000 ) ) ;
#2183 = PLANE ( 'NONE',  #4456 ) ;
#2184 = EDGE_CURVE ( 'NONE', #2412, #58, #1255, .T. ) ;
#2185 = EDGE_LOOP ( 'NONE', ( #3606, #1122, #1860, #2528 ) ) ;
#2186 = ORIENTED_EDGE ( 'NONE', *, *, #2442, .F. ) ;
#2187 = EDGE_CURVE ( 'NONE', #287, #3302, #3315, .T. ) ;
#2188 = EDGE_CURVE ( 'NONE', #4119, #2892, #1969, .T. ) ;
#2189 = VERTEX_POINT ( 'NONE', #2736 ) ;
#2190 = DIRECTION ( 'NONE',  ( 0.000000000000000000, 0.000000000000000000, 1.000000000000000000 ) ) ;
#2191 = ORIENTED_EDGE ( 'NONE', *, *, #996, .T. ) ;
#2192 = DIRECTION ( 'NONE',  ( -1.000000000000000000, -0.000000000000000000, -0.000000000000000000 ) ) ;
#2193 = AXIS2_PLACEMENT_3D ( 'NONE', #158, #1191, #2278 ) ;
#2194 = DIRECTION ( 'NONE',  ( 0.000000000000000000, -1.000000000000000000, 0.000000000000000000 ) ) ;
#2195 = DIRECTION ( 'NONE',  ( -0.000000000000000000, -1.000000000000000000, -0.000000000000000000 ) ) ;
#2196 = ORIENTED_EDGE ( 'NONE', *, *, #1048, .F. ) ;
#2197 = ORIENTED_EDGE ( 'NONE', *, *, #873, .F. ) ;
#2198 = CIRCLE ( 'NONE', #2795, 3.500000000000003109 ) ;
#2199 = AXIS2_PLACEMENT_3D ( 'NONE', #4530, #1325, #4263 ) ;
#2200 = DIRECTION ( 'NONE',  ( 0.000000000000000000, 0.000000000000000000, -1.000000000000000000 ) ) ;
#2201 = ADVANCED_BREP_SHAPE_REPRESENTATION ( 'SkiSafe 02 - Front', ( #466, #325 ), #695 ) ;
#2202 = FACE_OUTER_BOUND ( 'NONE', #875, .T. ) ;
#2203 = DIRECTION ( 'NONE',  ( 0.000000000000000000, -0.000000000000000000, -1.000000000000000000 ) ) ;
#2204 = AXIS2_PLACEMENT_3D ( 'NONE', #352, #2539, #1734 ) ;
#2205 = ADVANCED_FACE ( 'NONE', ( #924 ), #3788, .F. ) ;
#2206 = VECTOR ( 'NONE', #290, 1000.000000000000000 ) ;
#2207 = LINE ( 'NONE', #1472, #2542 ) ;
#2208 = DIRECTION ( 'NONE',  ( 3.589083053745116929E-15, 0.000000000000000000, -1.000000000000000000 ) ) ;
#2209 = DIRECTION ( 'NONE',  ( -0.000000000000000000, 1.000000000000000000, 0.000000000000000000 ) ) ;
#2210 = ORIENTED_EDGE ( 'NONE', *, *, #4059, .F. ) ;
#2211 = EDGE_CURVE ( 'NONE', #58, #251, #4155, .T. ) ;
#2212 = ORIENTED_EDGE ( 'NONE', *, *, #3729, .F. ) ;
#2213 = ORIENTED_EDGE ( 'NONE', *, *, #3711, .F. ) ;
#2214 = CARTESIAN_POINT ( 'NONE',  ( -44.50000000000001421, -18.50000000000000000, 30.75000000000001421 ) ) ;
#2215 = DIRECTION ( 'NONE',  ( -0.000000000000000000, -0.000000000000000000, -1.000000000000000000 ) ) ;
#2216 = VERTEX_POINT ( 'NONE', #2340 ) ;
#2217 = DIRECTION ( 'NONE',  ( 0.000000000000000000, 1.000000000000000000, 0.000000000000000000 ) ) ;
#2218 = CARTESIAN_POINT ( 'NONE',  ( -44.50000000000001421, -6.000000000000000000, -27.25000000000000355 ) ) ;
#2219 = CARTESIAN_POINT ( 'NONE',  ( 44.50000000000001421, -2.999999999999998224, -34.00000000000000000 ) ) ;
#2220 = EDGE_CURVE ( 'NONE', #4517, #4494, #2347, .T. ) ;
#2221 = VERTEX_POINT ( 'NONE', #4130 ) ;
#2222 = VERTEX_POINT ( 'NONE', #3818 ) ;
#2223 = CIRCLE ( 'NONE', #217, 43.50000000000000711 ) ;
#2224 = CARTESIAN_POINT ( 'NONE',  ( 44.50000000000001421, 15.00000000000000000, -29.00000000000000711 ) ) ;
#2225 = DIRECTION ( 'NONE',  ( 0.000000000000000000, -1.000000000000000000, 0.000000000000000000 ) ) ;
#2226 = CARTESIAN_POINT ( 'NONE',  ( 44.50000000000001421, -42.54163056034263946, -29.00000000000000711 ) ) ;
#2227 = VECTOR ( 'NONE', #4299, 1000.000000000000000 ) ;
#2228 = CIRCLE ( 'NONE', #4314, 2.600000000000001421 ) ;
#2229 = ADVANCED_FACE ( 'NONE', ( #600 ), #3760, .F. ) ;
#2230 = CARTESIAN_POINT ( 'NONE',  ( 42.00000000000000711, 1.800000000000000044, -2.999999999999986677 ) ) ;
#2231 = DIRECTION ( 'NONE',  ( 0.000000000000000000, 0.000000000000000000, -1.000000000000000000 ) ) ;
#2232 = DIRECTION ( 'NONE',  ( -0.000000000000000000, -0.000000000000000000, -1.000000000000000000 ) ) ;
#2233 = ORIENTED_EDGE ( 'NONE', *, *, #2220, .T. ) ;
#2234 = ORIENTED_EDGE ( 'NONE', *, *, #18, .F. ) ;
#2235 = AXIS2_PLACEMENT_3D ( 'NONE', #1155, #2658, #4009 ) ;
#2236 = ORIENTED_EDGE ( 'NONE', *, *, #4345, .T. ) ;
#2237 = CARTESIAN_POINT ( 'NONE',  ( 44.50000000000001421, -2.999999999999998224, 24.00000000000001066 ) ) ;
#2238 = AXIS2_PLACEMENT_3D ( 'NONE', #880, #4462, #1991 ) ;
#2239 = DIRECTION ( 'NONE',  ( 1.000000000000000000, 0.000000000000000000, 0.000000000000000000 ) ) ;
#2240 = EDGE_LOOP ( 'NONE', ( #982, #1693, #1216, #3447 ) ) ;
#2241 = AXIS2_PLACEMENT_3D ( 'NONE', #152, #1159, #525 ) ;
#2242 = FACE_OUTER_BOUND ( 'NONE', #566, .T. ) ;
#2243 = DIRECTION ( 'NONE',  ( -0.000000000000000000, 1.000000000000000000, -0.000000000000000000 ) ) ;
#2244 = PLANE ( 'NONE',  #346 ) ;
#2245 = EDGE_LOOP ( 'NONE', ( #1254, #3290 ) ) ;
#2246 = DIRECTION ( 'NONE',  ( 0.000000000000000000, 0.000000000000000000, -1.000000000000000000 ) ) ;
#2247 = EDGE_CURVE ( 'NONE', #1815, #2987, #2228, .T. ) ;
#2248 = CYLINDRICAL_SURFACE ( 'NONE', #3282, 2.500000000000002220 ) ;
#2249 = CARTESIAN_POINT ( 'NONE',  ( 44.50000000000001421, -22.00000000000000355, 31.50000000000001421 ) ) ;
#2250 = LINE ( 'NONE', #1135, #1137 ) ;
#2251 = CARTESIAN_POINT ( 'NONE',  ( 42.04188619865061582, 4.000000000000000000, 5.000000000000000000 ) ) ;
#2252 = LINE ( 'NONE', #3670, #328 ) ;
#2253 = CARTESIAN_POINT ( 'NONE',  ( 45.50000000000001421, 0.000000000000000000, -26.50000000000000711 ) ) ;
#2254 = FACE_OUTER_BOUND ( 'NONE', #3879, .T. ) ;
#2255 = ORIENTED_EDGE ( 'NONE', *, *, #2442, .T. ) ;
#2256 = VERTEX_POINT ( 'NONE', #3040 ) ;
#2257 = ORIENTED_EDGE ( 'NONE', *, *, #3465, .F. ) ;
#2258 = LINE ( 'NONE', #115, #916 ) ;
#2259 = LINE ( 'NONE', #1524, #171 ) ;
#2260 = ORIENTED_EDGE ( 'NONE', *, *, #981, .T. ) ;
#2261 = EDGE_CURVE ( 'NONE', #25, #2719, #3638, .T. ) ;
#2262 = DIRECTION ( 'NONE',  ( 1.000000000000000000, -1.927470528863119049E-16, 0.000000000000000000 ) ) ;
#2263 = DIRECTION ( 'NONE',  ( 0.000000000000000000, 0.000000000000000000, 1.000000000000000000 ) ) ;
#2264 = CARTESIAN_POINT ( 'NONE',  ( 44.50000000000001421, -6.000000000000000000, 29.00000000000000711 ) ) ;
#2265 = ORIENTED_EDGE ( 'NONE', *, *, #1796, .F. ) ;
#2266 = DIRECTION ( 'NONE',  ( 0.000000000000000000, 1.000000000000000000, 0.000000000000000000 ) ) ;
#2267 = EDGE_CURVE ( 'NONE', #2335, #251, #1988, .T. ) ;
#2268 = CARTESIAN_POINT ( 'NONE',  ( -44.50000000000001421, -6.000000000000000000, -30.75000000000001421 ) ) ;
#2269 = VERTEX_POINT ( 'NONE', #203 ) ;
#2270 = CYLINDRICAL_SURFACE ( 'NONE', #911, 2.600000000000001421 ) ;
#2271 = VECTOR ( 'NONE', #2533, 1000.000000000000000 ) ;
#2272 = AXIS2_PLACEMENT_3D ( 'NONE', #3316, #104, #919 ) ;
#2273 = AXIS2_PLACEMENT_3D ( 'NONE', #2631, #4004, #3702 ) ;
#2274 = CARTESIAN_POINT ( 'NONE',  ( 42.00000000000000711, 3.799999999999999378, -3.000000000000001332 ) ) ;
#2275 = DIRECTION ( 'NONE',  ( 0.000000000000000000, 0.000000000000000000, -1.000000000000000000 ) ) ;
#2276 = VECTOR ( 'NONE', #3680, 1000.000000000000000 ) ;
#2277 = FACE_OUTER_BOUND ( 'NONE', #4267, .T. ) ;
#2278 = DIRECTION ( 'NONE',  ( 0.000000000000000000, 0.000000000000000000, -1.000000000000000000 ) ) ;
#2279 = CIRCLE ( 'NONE', #550, 43.50000000000001421 ) ;
#2280 = EDGE_CURVE ( 'NONE', #3412, #3956, #4084, .T. ) ;
#2281 = ORIENTED_EDGE ( 'NONE', *, *, #4227, .F. ) ;
#2282 = CIRCLE ( 'NONE', #4063, 2.000000000000000000 ) ;
#2283 = ORIENTED_EDGE ( 'NONE', *, *, #3897, .T. ) ;
#2284 = LINE ( 'NONE', #426, #90 ) ;
#2285 = DIRECTION ( 'NONE',  ( 0.000000000000000000, 0.000000000000000000, 1.000000000000000000 ) ) ;
#2286 = AXIS2_PLACEMENT_3D ( 'NONE', #224, #2057, #3062 ) ;
#2287 = ORIENTED_EDGE ( 'NONE', *, *, #4328, .F. ) ;
#2288 = CARTESIAN_POINT ( 'NONE',  ( 44.50000000000001421, -18.50000000000000000, -29.00000000000000711 ) ) ;
#2289 = EDGE_CURVE ( 'NONE', #533, #37, #4179, .T. ) ;
#2290 = DIRECTION ( 'NONE',  ( -0.000000000000000000, 1.000000000000000000, -0.000000000000000000 ) ) ;
#2291 = DIRECTION ( 'NONE',  ( 0.000000000000000000, 1.000000000000000000, 0.000000000000000000 ) ) ;
#2292 = CARTESIAN_POINT ( 'NONE',  ( 22.50000000000000000, -39.31465829649864929, 24.30000000000000782 ) ) ;
#2293 = ORIENTED_EDGE ( 'NONE', *, *, #1599, .T. ) ;
#2294 = DIRECTION ( 'NONE',  ( 0.000000000000000000, 0.000000000000000000, 1.000000000000000000 ) ) ;
#2295 = DIRECTION ( 'NONE',  ( 0.000000000000000000, -1.000000000000000000, 0.000000000000000000 ) ) ;
#2296 = DIRECTION ( 'NONE',  ( 1.000000000000000000, 0.000000000000000000, 0.000000000000000000 ) ) ;
#2297 = VERTEX_POINT ( 'NONE', #975 ) ;
#2298 = PLANE ( 'NONE',  #166 ) ;
#2299 = DIRECTION ( 'NONE',  ( 0.000000000000000000, 0.000000000000000000, -1.000000000000000000 ) ) ;
#2300 = CARTESIAN_POINT ( 'NONE',  ( -44.50000000000001421, -18.50000000000000000, 26.50000000000000711 ) ) ;
#2301 = CARTESIAN_POINT ( 'NONE',  ( -44.50000000000001421, 0.000000000000000000, -29.00000000000000711 ) ) ;
#2302 = DIRECTION ( 'NONE',  ( 0.000000000000000000, 0.000000000000000000, -1.000000000000000000 ) ) ;
#2303 = AXIS2_PLACEMENT_3D ( 'NONE', #2301, #2626, #1635 ) ;
#2304 = CIRCLE ( 'NONE', #1924, 8.500000000000010658 ) ;
#2305 = ORIENTED_EDGE ( 'NONE', *, *, #1060, .T. ) ;
#2306 = EDGE_CURVE ( 'NONE', #1662, #1805, #2688, .T. ) ;
#2307 = EDGE_LOOP ( 'NONE', ( #3891, #2350 ) ) ;
#2308 = DIRECTION ( 'NONE',  ( 0.000000000000000000, 0.000000000000000000, -1.000000000000000000 ) ) ;
#2309 = CIRCLE ( 'NONE', #2976, 2.500000000000005773 ) ;
#2310 = VERTEX_POINT ( 'NONE', #2709 ) ;
#2311 = DIRECTION ( 'NONE',  ( 0.000000000000000000, 1.000000000000000000, 0.000000000000000000 ) ) ;
#2312 = AXIS2_PLACEMENT_3D ( 'NONE', #1753, #3141, #978 ) ;
#2313 = CYLINDRICAL_SURFACE ( 'NONE', #4162, 4.999999999999997335 ) ;
#2314 = CARTESIAN_POINT ( 'NONE',  ( -11.99999999999999289, 4.000000000000000000, 0.000000000000000000 ) ) ;
#2315 = CARTESIAN_POINT ( 'NONE',  ( -36.08101651390111897, -18.50000000000000000, 30.17077626419152381 ) ) ;
#2316 = ORIENTED_EDGE ( 'NONE', *, *, #4442, .T. ) ;
#2317 = AXIS2_PLACEMENT_3D ( 'NONE', #2224, #15, #2200 ) ;
#2318 = EDGE_CURVE ( 'NONE', #4222, #2221, #2600, .T. ) ;
#2319 = DIRECTION ( 'NONE',  ( 0.000000000000000000, -1.000000000000000000, 0.000000000000000000 ) ) ;
#2320 = DIRECTION ( 'NONE',  ( -0.000000000000000000, 1.000000000000000000, -0.000000000000000000 ) ) ;
#2321 = LINE ( 'NONE', #3411, #3511 ) ;
#2322 = ORIENTED_EDGE ( 'NONE', *, *, #2862, .T. ) ;
#2323 = CARTESIAN_POINT ( 'NONE',  ( -39.95933631058686331, 15.00000000000000000, 36.18556701030929901 ) ) ;
#2324 = DIRECTION ( 'NONE',  ( 0.000000000000000000, -0.000000000000000000, 1.000000000000000000 ) ) ;
#2325 = FACE_OUTER_BOUND ( 'NONE', #3931, .T. ) ;
#2326 = CARTESIAN_POINT ( 'NONE',  ( 42.00000000000001421, 1.802094487897897279, -3.091507183936754277 ) ) ;
#2327 = ORIENTED_EDGE ( 'NONE', *, *, #4074, .F. ) ;
#2328 = DIRECTION ( 'NONE',  ( -0.000000000000000000, 1.000000000000000000, -0.000000000000000000 ) ) ;
#2329 = ADVANCED_FACE ( 'NONE', ( #1043, #2852 ), #3225, .T. ) ;
#2330 = ORIENTED_EDGE ( 'NONE', *, *, #996, .F. ) ;
#2331 = EDGE_CURVE ( 'NONE', #449, #379, #1352, .T. ) ;
#2332 = CARTESIAN_POINT ( 'NONE',  ( -9.999999999999992895, -9.000000000000000000, -20.00000000000000355 ) ) ;
#2333 = CARTESIAN_POINT ( 'NONE',  ( -44.50000000000001421, -42.54163056034263946, -27.25000000000000355 ) ) ;
#2334 = CYLINDRICAL_SURFACE ( 'NONE', #1984, 8.500000000000010658 ) ;
#2335 = VERTEX_POINT ( 'NONE', #3510 ) ;
#2336 = EDGE_CURVE ( 'NONE', #3403, #304, #2525, .T. ) ;
#2337 = DIRECTION ( 'NONE',  ( 0.000000000000000000, 0.000000000000000000, 1.000000000000000000 ) ) ;
#2338 = CYLINDRICAL_SURFACE ( 'NONE', #3652, 43.50000000000001421 ) ;
#2339 = ORIENTED_EDGE ( 'NONE', *, *, #2963, .T. ) ;
#2340 = CARTESIAN_POINT ( 'NONE',  ( 45.54555525137367766, 3.800000000000014477, 4.999999999999999112 ) ) ;
#2341 = VERTEX_POINT ( 'NONE', #12 ) ;
#2342 = DIRECTION ( 'NONE',  ( -0.000000000000000000, -1.000000000000000000, -0.000000000000000000 ) ) ;
#2343 = PLANE ( 'NONE',  #1615 ) ;
#2344 = DIRECTION ( 'NONE',  ( -0.000000000000000000, 1.000000000000000000, -0.000000000000000000 ) ) ;
#2345 = EDGE_CURVE ( 'NONE', #4433, #273, #3796, .T. ) ;
#2346 = EDGE_LOOP ( 'NONE', ( #3648, #2724, #3971, #2483 ) ) ;
#2347 = CIRCLE ( 'NONE', #2720, 2.500000000000002220 ) ;
#2348 = CIRCLE ( 'NONE', #2431, 8.500000000000010658 ) ;
#2349 = VECTOR ( 'NONE', #1016, 1000.000000000000000 ) ;
#2350 = ORIENTED_EDGE ( 'NONE', *, *, #262, .F. ) ;
#2351 = DIRECTION ( 'NONE',  ( -1.000000000000000000, -0.000000000000000000, -0.000000000000000000 ) ) ;
#2352 = EDGE_LOOP ( 'NONE', ( #3096, #892, #4230, #306, #2401, #1428 ) ) ;
#2353 = VERTEX_POINT ( 'NONE', #2461 ) ;
#2354 = AXIS2_PLACEMENT_3D ( 'NONE', #84, #136, #2275 ) ;
#2355 = DIRECTION ( 'NONE',  ( 0.000000000000000000, 0.000000000000000000, -1.000000000000000000 ) ) ;
#2356 = AXIS2_PLACEMENT_3D ( 'NONE', #1977, #2002, #3127 ) ;
#2357 = CARTESIAN_POINT ( 'NONE',  ( 85.50000000000001421, 0.000000000000000000, 3.091507183936761827 ) ) ;
#2358 = DIRECTION ( 'NONE',  ( 0.000000000000000000, 0.000000000000000000, -1.000000000000000000 ) ) ;
#2359 = ORIENTED_EDGE ( 'NONE', *, *, #2667, .F. ) ;
#2360 = CARTESIAN_POINT ( 'NONE',  ( 45.50000000000002132, 1.802094487897897279, -3.091507183936754721 ) ) ;
#2361 = EDGE_CURVE ( 'NONE', #3145, #3339, #1773, .T. ) ;
#2362 = CARTESIAN_POINT ( 'NONE',  ( 12.49999999999999289, 4.000000000000000000, 0.000000000000000000 ) ) ;
#2363 = VERTEX_POINT ( 'NONE', #2481 ) ;
#2364 = CARTESIAN_POINT ( 'NONE',  ( 55.50000000000001421, 3.799999999999999378, -3.000000000000001332 ) ) ;
#2365 = ORIENTED_EDGE ( 'NONE', *, *, #3597, .F. ) ;
#2366 = LINE ( 'NONE', #4535, #288 ) ;
#2367 = DIRECTION ( 'NONE',  ( 0.000000000000000000, 1.000000000000000000, 0.000000000000000000 ) ) ;
#2368 = DIRECTION ( 'NONE',  ( -0.000000000000000000, -1.000000000000000000, -0.000000000000000000 ) ) ;
#2369 = CARTESIAN_POINT ( 'NONE',  ( 42.04188619865061582, 3.800000000000014477, -5.000000000000000888 ) ) ;
#2370 = EDGE_LOOP ( 'NONE', ( #3957, #680 ) ) ;
#2371 = AXIS2_PLACEMENT_3D ( 'NONE', #367, #1749, #3860 ) ;
#2372 = EDGE_CURVE ( 'NONE', #4037, #780, #2152, .T. ) ;
#2373 = ORIENTED_EDGE ( 'NONE', *, *, #4550, .F. ) ;
#2374 = CARTESIAN_POINT ( 'NONE',  ( -85.50000000000001421, 0.000000000000000000, 3.091507183936761827 ) ) ;
#2375 = VERTEX_POINT ( 'NONE', #1769 ) ;
#2376 = CARTESIAN_POINT ( 'NONE',  ( -45.50000000000001421, 4.000000000000000000, 3.091507183936761827 ) ) ;
#2377 = ORIENTED_EDGE ( 'NONE', *, *, #1148, .F. ) ;
#2378 = AXIS2_PLACEMENT_3D ( 'NONE', #685, #1061, #1437 ) ;
#2379 = EDGE_CURVE ( 'NONE', #2568, #3489, #2529, .T. ) ;
#2380 = CARTESIAN_POINT ( 'NONE',  ( -44.50000000000001421, -22.00000000000000355, 31.50000000000001421 ) ) ;
#2381 = CIRCLE ( 'NONE', #1331, 43.50000000000000711 ) ;
#2382 = PLANE ( 'NONE',  #951 ) ;
#2383 = CARTESIAN_POINT ( 'NONE',  ( -3.500000000000016431, -15.00000000000000178, 24.60000000000001208 ) ) ;
#2384 = VERTEX_POINT ( 'NONE', #4556 ) ;
#2385 = AXIS2_PLACEMENT_3D ( 'NONE', #331, #1760, #3190 ) ;
#2386 = CARTESIAN_POINT ( 'NONE',  ( 45.51694929945694668, 2.241986922624502832, -4.260410258234672121 ) ) ;
#2387 = DIRECTION ( 'NONE',  ( 0.000000000000000000, 0.000000000000000000, 1.000000000000000000 ) ) ;
#2388 = ORIENTED_EDGE ( 'NONE', *, *, #917, .T. ) ;
#2389 = CARTESIAN_POINT ( 'NONE',  ( 1.000000000000006439, -7.000000000000000000, -20.00000000000000355 ) ) ;
#2390 = CIRCLE ( 'NONE', #2537, 4.999999999999993783 ) ;
#2391 = ORIENTED_EDGE ( 'NONE', *, *, #3642, .T. ) ;
#2392 = EDGE_CURVE ( 'NONE', #2968, #1663, #2902, .T. ) ;
#2393 = AXIS2_PLACEMENT_3D ( 'NONE', #4128, #3461, #922 ) ;
#2394 = FACE_OUTER_BOUND ( 'NONE', #3819, .T. ) ;
#2395 = DIRECTION ( 'NONE',  ( 0.000000000000000000, 1.000000000000000000, 0.000000000000000000 ) ) ;
#2396 = CARTESIAN_POINT ( 'NONE',  ( 42.00056514623551607, 1.825934737349131920, -3.345034777005109650 ) ) ;
#2397 = ORIENTED_EDGE ( 'NONE', *, *, #1778, .T. ) ;
#2398 = ORIENTED_EDGE ( 'NONE', *, *, #286, .T. ) ;
#2399 = CARTESIAN_POINT ( 'NONE',  ( 9.500000000000001776, -13.49999999999999822, 28.00000000000001066 ) ) ;
#2400 = ORIENTED_EDGE ( 'NONE', *, *, #1187, .T. ) ;
#2401 = ORIENTED_EDGE ( 'NONE', *, *, #1956, .T. ) ;
#2402 = CARTESIAN_POINT ( 'NONE',  ( -44.50000000000001421, -2.999999999999998224, 29.00000000000000711 ) ) ;
#2403 = ORIENTED_EDGE ( 'NONE', *, *, #4453, .T. ) ;
#2404 = PLANE ( 'NONE',  #3798 ) ;
#2405 = FACE_OUTER_BOUND ( 'NONE', #4069, .T. ) ;
#2406 = DIRECTION ( 'NONE',  ( 0.000000000000000000, 1.000000000000000000, 0.000000000000000000 ) ) ;
#2407 = EDGE_CURVE ( 'NONE', #861, #4306, #3158, .T. ) ;
#2408 = CARTESIAN_POINT ( 'NONE',  ( 45.50892274854076192, 2.032346588022616807, -3.944258663839622869 ) ) ;
#2409 = CARTESIAN_POINT ( 'NONE',  ( -14.99999999999999467, 4.000000000000000000, -29.99999999999999289 ) ) ;
#2410 = EDGE_LOOP ( 'NONE', ( #803, #4185, #3088, #91, #1482, #1816 ) ) ;
#2411 = CARTESIAN_POINT ( 'NONE',  ( 18.59150718393674495, -18.50000000000000355, -70.00000000000000000 ) ) ;
#2412 = VERTEX_POINT ( 'NONE', #2809 ) ;
#2413 = EDGE_CURVE ( 'NONE', #202, #1100, #3271, .T. ) ;
#2414 = DIRECTION ( 'NONE',  ( -0.000000000000000000, -1.000000000000000000, 0.000000000000000000 ) ) ;
#2415 = CYLINDRICAL_SURFACE ( 'NONE', #2896, 2.600000000000001421 ) ;
#2416 = FACE_BOUND ( 'NONE', #2609, .T. ) ;
#2417 = EDGE_CURVE ( 'NONE', #3899, #1508, #1621, .T. ) ;
#2418 = EDGE_LOOP ( 'NONE', ( #300, #2186 ) ) ;
#2419 = CARTESIAN_POINT ( 'NONE',  ( 18.59150718393674495, -22.00000000000000000, 30.00000000000001066 ) ) ;
#2420 = EDGE_CURVE ( 'NONE', #3629, #1429, #2503, .T. ) ;
#2421 = CIRCLE ( 'NONE', #2122, 1.750000000000005107 ) ;
#2422 = ORIENTED_EDGE ( 'NONE', *, *, #2907, .F. ) ;
#2423 = ORIENTED_EDGE ( 'NONE', *, *, #1498, .T. ) ;
#2424 = AXIS2_PLACEMENT_3D ( 'NONE', #2532, #1068, #3621 ) ;
#2425 = VECTOR ( 'NONE', #482, 1000.000000000000000 ) ;
#2426 = AXIS2_PLACEMENT_3D ( 'NONE', #117, #72, #4286 ) ;
#2427 = DIRECTION ( 'NONE',  ( 0.000000000000000000, 1.000000000000000000, 0.000000000000000000 ) ) ;
#2428 = ORIENTED_EDGE ( 'NONE', *, *, #2774, .F. ) ;
#2429 = DIRECTION ( 'NONE',  ( 1.000000000000000000, 0.000000000000000000, 0.000000000000000000 ) ) ;
#2430 = CARTESIAN_POINT ( 'NONE',  ( 42.57339518699360070, 0.000000000000000000, 10.13115200650950065 ) ) ;
#2431 = AXIS2_PLACEMENT_3D ( 'NONE', #2288, #146, #2657 ) ;
#2432 = FACE_OUTER_BOUND ( 'NONE', #2832, .T. ) ;
#2433 = AXIS2_PLACEMENT_3D ( 'NONE', #4164, #3826, #3424 ) ;
#2434 = PLANE ( 'NONE',  #32 ) ;
#2435 = CARTESIAN_POINT ( 'NONE',  ( -14.99999999999998934, 4.000000000000000000, 30.00000000000000711 ) ) ;
#2436 = CIRCLE ( 'NONE', #2952, 43.50000000000000711 ) ;
#2437 = ADVANCED_FACE ( 'NONE', ( #3922 ), #2148, .T. ) ;
#2438 = DIRECTION ( 'NONE',  ( -0.000000000000000000, -1.000000000000000000, -0.000000000000000000 ) ) ;
#2439 = ORIENTED_EDGE ( 'NONE', *, *, #1531, .T. ) ;
#2440 = DIRECTION ( 'NONE',  ( 0.000000000000000000, 1.000000000000000000, 0.000000000000000000 ) ) ;
#2441 = ORIENTED_EDGE ( 'NONE', *, *, #1870, .T. ) ;
#2442 = EDGE_CURVE ( 'NONE', #4482, #3539, #3048, .T. ) ;
#2443 = CARTESIAN_POINT ( 'NONE',  ( -44.50000000000001421, -18.50000000000000000, -30.75000000000001421 ) ) ;
#2444 = CARTESIAN_POINT ( 'NONE',  ( -27.50000000000001776, -15.00000000000000178, 24.60000000000001208 ) ) ;
#2445 = DIRECTION ( 'NONE',  ( -0.000000000000000000, 1.000000000000000000, -0.000000000000000000 ) ) ;
#2446 = EDGE_CURVE ( 'NONE', #4494, #4517, #1247, .T. ) ;
#2447 = ORIENTED_EDGE ( 'NONE', *, *, #4606, .T. ) ;
#2448 = DIRECTION ( 'NONE',  ( -0.000000000000000000, 1.000000000000000000, -0.000000000000000000 ) ) ;
#2449 = ORIENTED_EDGE ( 'NONE', *, *, #4485, .T. ) ;
#2450 = EDGE_LOOP ( 'NONE', ( #3923, #4500, #2810, #1649 ) ) ;
#2451 = EDGE_CURVE ( 'NONE', #1940, #3627, #3561, .T. ) ;
#2452 = LINE ( 'NONE', #2821, #3323 ) ;
#2453 = ORIENTED_EDGE ( 'NONE', *, *, #3231, .F. ) ;
#2454 = CARTESIAN_POINT ( 'NONE',  ( -44.50000000000001421, -2.999999999999998224, -29.00000000000000711 ) ) ;
#2455 = FACE_OUTER_BOUND ( 'NONE', #3434, .T. ) ;
#2456 = CIRCLE ( 'NONE', #2000, 2.600000000000001421 ) ;
#2457 = CARTESIAN_POINT ( 'NONE',  ( 42.00000000000000711, 15.00000000000000000, 3.091507183936761827 ) ) ;
#2458 = AXIS2_PLACEMENT_3D ( 'NONE', #1703, #667, #4624 ) ;
#2459 = LINE ( 'NONE', #1276, #3273 ) ;
#2460 = ORIENTED_EDGE ( 'NONE', *, *, #580, .T. ) ;
#2461 = CARTESIAN_POINT ( 'NONE',  ( -14.99999999999999289, 0.000000000000000000, -30.00000000000000711 ) ) ;
#2462 = EDGE_LOOP ( 'NONE', ( #2756, #1835, #4109, #1459 ) ) ;
#2463 = VECTOR ( 'NONE', #1934, 1000.000000000000000 ) ;
#2464 = ADVANCED_FACE ( 'NONE', ( #1397 ), #2244, .F. ) ;
#2465 = VECTOR ( 'NONE', #1002, 1000.000000000000000 ) ;
#2466 = CARTESIAN_POINT ( 'NONE',  ( 18.59150718393674495, -18.50000000000000355, -26.50000000000000711 ) ) ;
#2467 = DIRECTION ( 'NONE',  ( 0.000000000000000000, 0.000000000000000000, -1.000000000000000000 ) ) ;
#2468 = DIRECTION ( 'NONE',  ( -1.000000000000000000, 0.000000000000000000, 0.000000000000000000 ) ) ;
#2469 = PRESENTATION_LAYER_ASSIGNMENT (  '', '', ( #3200 ) ) ;
#2470 = ORIENTED_EDGE ( 'NONE', *, *, #1786, .T. ) ;
#2471 = CARTESIAN_POINT ( 'NONE',  ( -27.50000000000001776, -18.50000000000000000, 24.60000000000001208 ) ) ;
#2472 = ORIENTED_EDGE ( 'NONE', *, *, #2306, .F. ) ;
#2473 = EDGE_LOOP ( 'NONE', ( #3047, #974 ) ) ;
#2474 = EDGE_CURVE ( 'NONE', #3655, #4037, #116, .T. ) ;
#2475 = ORIENTED_EDGE ( 'NONE', *, *, #3120, .T. ) ;
#2476 = DIRECTION ( 'NONE',  ( 0.000000000000000000, 1.000000000000000000, 0.000000000000000000 ) ) ;
#2477 = DIRECTION ( 'NONE',  ( 0.000000000000000000, -0.000000000000000000, 1.000000000000000000 ) ) ;
#2478 = EDGE_CURVE ( 'NONE', #3004, #1674, #2967, .T. ) ;
#2479 = CARTESIAN_POINT ( 'NONE',  ( 44.50000000000001421, -22.00000000000000355, 26.50000000000000711 ) ) ;
#2480 = LINE ( 'NONE', #2524, #1102 ) ;
#2481 = CARTESIAN_POINT ( 'NONE',  ( 36.08101651390111186, 0.000000000000000000, -30.17077626419151670 ) ) ;
#2482 = EDGE_CURVE ( 'NONE', #2269, #3216, #1610, .T. ) ;
#2483 = ORIENTED_EDGE ( 'NONE', *, *, #3805, .F. ) ;
#2484 = ORIENTED_EDGE ( 'NONE', *, *, #2100, .T. ) ;
#2485 =( NAMED_UNIT ( * ) PLANE_ANGLE_UNIT ( ) SI_UNIT ( $, .RADIAN. ) );
#2486 = DIRECTION ( 'NONE',  ( -1.000000000000000000, 0.000000000000000000, 0.000000000000000000 ) ) ;
#2487 = CARTESIAN_POINT ( 'NONE',  ( 45.51704118813576372, 2.244510959416226470, 4.263572394888107908 ) ) ;
#2488 = EDGE_CURVE ( 'NONE', #2489, #4522, #2742, .T. ) ;
#2489 = VERTEX_POINT ( 'NONE', #2966 ) ;
#2490 = CARTESIAN_POINT ( 'NONE',  ( -14.99999999999998934, 4.000000000000000000, 26.50000000000001066 ) ) ;
#2491 = CARTESIAN_POINT ( 'NONE',  ( -27.50000000000001776, -15.00000000000000178, 15.40000000000001101 ) ) ;
#2492 = EDGE_LOOP ( 'NONE', ( #678, #370, #813, #1239 ) ) ;
#2493 = ORIENTED_EDGE ( 'NONE', *, *, #1478, .F. ) ;
#2494 = ADVANCED_FACE ( 'NONE', ( #3247 ), #2991, .T. ) ;
#2495 = ORIENTED_EDGE ( 'NONE', *, *, #4323, .T. ) ;
#2496 = DIRECTION ( 'NONE',  ( -0.000000000000000000, 1.000000000000000000, -0.000000000000000000 ) ) ;
#2497 = AXIS2_PLACEMENT_3D ( 'NONE', #2042, #1686, #3119 ) ;
#2498 = DIRECTION ( 'NONE',  ( -0.000000000000000000, 1.000000000000000000, -0.000000000000000000 ) ) ;
#2499 = AXIS2_PLACEMENT_3D ( 'NONE', #1699, #225, #993 ) ;
#2500 = DIRECTION ( 'NONE',  ( 0.000000000000000000, 1.000000000000000000, 0.000000000000000000 ) ) ;
#2501 = AXIS2_PLACEMENT_3D ( 'NONE', #633, #3400, #906 ) ;
#2502 = CARTESIAN_POINT ( 'NONE',  ( -44.50000000000001421, -18.50000000000000000, 27.25000000000000355 ) ) ;
#2503 = LINE ( 'NONE', #3139, #1851 ) ;
#2504 = EDGE_LOOP ( 'NONE', ( #264, #1083, #2197, #4528 ) ) ;
#2505 = ORIENTED_EDGE ( 'NONE', *, *, #2634, .T. ) ;
#2506 = AXIS2_PLACEMENT_3D ( 'NONE', #639, #3130, #1414 ) ;
#2507 = EDGE_CURVE ( 'NONE', #2892, #4119, #4077, .T. ) ;
#2508 = LINE ( 'NONE', #372, #1035 ) ;
#2509 = CARTESIAN_POINT ( 'NONE',  ( -27.50000000000001776, -15.00000000000000178, 20.00000000000001066 ) ) ;
#2510 = CARTESIAN_POINT ( 'NONE',  ( 45.53686130941645160, 2.937604184592010004, 4.809004328396132344 ) ) ;
#2511 = AXIS2_PLACEMENT_3D ( 'NONE', #3634, #3987, #1766 ) ;
#2512 = ORIENTED_EDGE ( 'NONE', *, *, #2507, .F. ) ;
#2513 = DIRECTION ( 'NONE',  ( 1.000000000000000000, 0.000000000000000000, -0.000000000000000000 ) ) ;
#2514 = CARTESIAN_POINT ( 'NONE',  ( 0.000000000000000000, -18.50000000000000000, 0.000000000000000000 ) ) ;
#2515 = ORIENTED_EDGE ( 'NONE', *, *, #3711, .T. ) ;
#2516 = ORIENTED_EDGE ( 'NONE', *, *, #112, .F. ) ;
#2517 = EDGE_CURVE ( 'NONE', #344, #2674, #4053, .T. ) ;
#2518 = ORIENTED_EDGE ( 'NONE', *, *, #2521, .F. ) ;
#2519 = DIRECTION ( 'NONE',  ( 0.000000000000000000, 0.000000000000000000, 1.000000000000000000 ) ) ;
#2520 = CARTESIAN_POINT ( 'NONE',  ( 44.50000000000001421, -18.50000000000000000, 31.50000000000001421 ) ) ;
#2521 = EDGE_CURVE ( 'NONE', #2705, #1761, #1462, .T. ) ;
#2522 = CARTESIAN_POINT ( 'NONE',  ( -0.9999999999999941158, -9.000000000000001776, -26.50000000000000711 ) ) ;
#2523 = AXIS2_PLACEMENT_3D ( 'NONE', #1992, #3697, #3367 ) ;
#2524 = CARTESIAN_POINT ( 'NONE',  ( 1.000000000000005995, 4.000000000000000000, 0.000000000000000000 ) ) ;
#2525 = LINE ( 'NONE', #2083, #1544 ) ;
#2526 = CIRCLE ( 'NONE', #1020, 43.50000000000001421 ) ;
#2527 = ORIENTED_EDGE ( 'NONE', *, *, #708, .F. ) ;
#2528 = ORIENTED_EDGE ( 'NONE', *, *, #1587, .T. ) ;
#2529 = CIRCLE ( 'NONE', #1700, 4.600000000000001421 ) ;
#2530 = FILL_AREA_STYLE_COLOUR ( '', #4324 ) ;
#2531 = AXIS2_PLACEMENT_3D ( 'NONE', #2101, #4177, #2387 ) ;
#2532 = CARTESIAN_POINT ( 'NONE',  ( -44.50000000000001421, -22.00000000000000355, 29.00000000000000711 ) ) ;
#2533 = DIRECTION ( 'NONE',  ( -0.000000000000000000, -1.000000000000000000, -0.000000000000000000 ) ) ;
#2534 = EDGE_CURVE ( 'NONE', #2043, #3423, #1883, .T. ) ;
#2535 = VECTOR ( 'NONE', #2209, 1000.000000000000000 ) ;
#2536 = LINE ( 'NONE', #3951, #3843 ) ;
#2537 = AXIS2_PLACEMENT_3D ( 'NONE', #1918, #1280, #1606 ) ;
#2538 = DIRECTION ( 'NONE',  ( 0.000000000000000000, 0.000000000000000000, 1.000000000000000000 ) ) ;
#2539 = DIRECTION ( 'NONE',  ( -0.000000000000000000, 1.000000000000000000, -0.000000000000000000 ) ) ;
#2540 = LINE ( 'NONE', #2253, #726 ) ;
#2541 = ORIENTED_EDGE ( 'NONE', *, *, #2858, .F. ) ;
#2542 = VECTOR ( 'NONE', #2910, 1000.000000000000000 ) ;
#2543 = ORIENTED_EDGE ( 'NONE', *, *, #4334, .F. ) ;
#2544 = ORIENTED_EDGE ( 'NONE', *, *, #2187, .F. ) ;
#2545 = CARTESIAN_POINT ( 'NONE',  ( 6.500000000000001776, 0.000000000000000000, 21.50000000000000355 ) ) ;
#2546 = CARTESIAN_POINT ( 'NONE',  ( 55.50000000000001421, 1.800000000000000044, 2.999999999999984901 ) ) ;
#2547 = ORIENTED_EDGE ( 'NONE', *, *, #483, .F. ) ;
#2548 = CARTESIAN_POINT ( 'NONE',  ( -44.50000000000001421, -2.999999999999999112, 31.50000000000001421 ) ) ;
#2549 = ADVANCED_FACE ( 'NONE', ( #1506 ), #432, .T. ) ;
#2550 = DIRECTION ( 'NONE',  ( 0.000000000000000000, 0.000000000000000000, 1.000000000000000000 ) ) ;
#2551 = DIRECTION ( 'NONE',  ( 0.000000000000000000, 0.000000000000000000, 1.000000000000000000 ) ) ;
#2552 = VERTEX_POINT ( 'NONE', #802 ) ;
#2553 = ORIENTED_EDGE ( 'NONE', *, *, #64, .T. ) ;
#2554 = EDGE_CURVE ( 'NONE', #1341, #826, #4223, .T. ) ;
#2555 = DIRECTION ( 'NONE',  ( 0.000000000000000000, 0.000000000000000000, 1.000000000000000000 ) ) ;
#2556 = CARTESIAN_POINT ( 'NONE',  ( -44.50000000000001421, 0.000000000000000000, -29.00000000000000711 ) ) ;
#2557 = CARTESIAN_POINT ( 'NONE',  ( 18.59150718393674495, 15.00000000000000000, 70.00000000000000000 ) ) ;
#2558 = EDGE_CURVE ( 'NONE', #3452, #601, #1393, .T. ) ;
#2559 = CARTESIAN_POINT ( 'NONE',  ( 19.50000000000000355, 9.004083487752723158, 40.00000000000000711 ) ) ;
#2560 = CARTESIAN_POINT ( 'NONE',  ( -3.500000000000016875, -15.00000000000000178, 20.00000000000001066 ) ) ;
#2561 = DIRECTION ( 'NONE',  ( 4.885258803315056063E-16, 0.000000000000000000, -1.000000000000000000 ) ) ;
#2562 = ORIENTED_EDGE ( 'NONE', *, *, #4465, .T. ) ;
#2563 = ORIENTED_EDGE ( 'NONE', *, *, #3547, .F. ) ;
#2564 = EDGE_CURVE ( 'NONE', #2016, #4123, #3338, .T. ) ;
#2565 = ORIENTED_EDGE ( 'NONE', *, *, #2814, .F. ) ;
#2566 = DIRECTION ( 'NONE',  ( 0.000000000000000000, 1.000000000000000000, 0.000000000000000000 ) ) ;
#2567 = LINE ( 'NONE', #2589, #1588 ) ;
#2568 = VERTEX_POINT ( 'NONE', #779 ) ;
#2569 = CARTESIAN_POINT ( 'NONE',  ( 15.00000000000000178, 0.000000000000000000, -30.00000000000000000 ) ) ;
#2570 = AXIS2_PLACEMENT_3D ( 'NONE', #716, #3902, #2788 ) ;
#2571 = CARTESIAN_POINT ( 'NONE',  ( 44.50000000000001421, -2.999999999999998224, -29.00000000000000711 ) ) ;
#2572 = DIRECTION ( 'NONE',  ( -0.000000000000000000, -1.000000000000000000, -0.000000000000000000 ) ) ;
#2573 = EDGE_LOOP ( 'NONE', ( #3562, #333, #1323, #3098 ) ) ;
#2574 = ORIENTED_EDGE ( 'NONE', *, *, #3089, .T. ) ;
#2575 = EDGE_CURVE ( 'NONE', #2674, #1519, #1163, .T. ) ;
#2576 = AXIS2_PLACEMENT_3D ( 'NONE', #3656, #772, #2960 ) ;
#2577 = FACE_OUTER_BOUND ( 'NONE', #1077, .T. ) ;
#2578 = FACE_OUTER_BOUND ( 'NONE', #2175, .T. ) ;
#2579 = FACE_OUTER_BOUND ( 'NONE', #358, .T. ) ;
#2580 = CIRCLE ( 'NONE', #1147, 4.599999999999999645 ) ;
#2581 = AXIS2_PLACEMENT_3D ( 'NONE', #3104, #540, #1692 ) ;
#2582 = DIRECTION ( 'NONE',  ( 0.000000000000000000, 0.000000000000000000, 1.000000000000000000 ) ) ;
#2583 = CARTESIAN_POINT ( 'NONE',  ( -27.50000000000001776, -18.50000000000000000, 20.00000000000001066 ) ) ;
#2584 = FACE_OUTER_BOUND ( 'NONE', #4144, .T. ) ;
#2585 = ORIENTED_EDGE ( 'NONE', *, *, #73, .F. ) ;
#2586 = VERTEX_POINT ( 'NONE', #2219 ) ;
#2587 = ORIENTED_EDGE ( 'NONE', *, *, #4355, .F. ) ;
#2588 = CARTESIAN_POINT ( 'NONE',  ( -44.50000000000001421, 0.000000000000000000, -34.00000000000000000 ) ) ;
#2589 = CARTESIAN_POINT ( 'NONE',  ( 19.50000000000000355, 15.00000000000000000, 30.01031832080728989 ) ) ;
#2590 = EDGE_CURVE ( 'NONE', #131, #3002, #387, .T. ) ;
#2591 = CARTESIAN_POINT ( 'NONE',  ( -11.99999999999999645, 15.00000000000000000, -26.50000000000000711 ) ) ;
#2592 = CARTESIAN_POINT ( 'NONE',  ( 9.500000000000001776, 4.000000000000000000, 26.50000000000001066 ) ) ;
#2593 = DIRECTION ( 'NONE',  ( 0.000000000000000000, 1.000000000000000000, 0.000000000000000000 ) ) ;
#2594 = ORIENTED_EDGE ( 'NONE', *, *, #4509, .F. ) ;
#2595 = DIRECTION ( 'NONE',  ( 1.000000000000000000, -0.000000000000000000, -2.312964634635743450E-16 ) ) ;
#2596 = DIRECTION ( 'NONE',  ( 0.000000000000000000, 1.000000000000000000, 0.000000000000000000 ) ) ;
#2597 = DIRECTION ( 'NONE',  ( 0.000000000000000000, 1.000000000000000000, 0.000000000000000000 ) ) ;
#2598 = CARTESIAN_POINT ( 'NONE',  ( 15.00000000000000178, 4.000000000000000000, -30.00000000000000000 ) ) ;
#2599 = VECTOR ( 'NONE', #1798, 1000.000000000000000 ) ;
#2600 = CIRCLE ( 'NONE', #282, 8.500000000000010658 ) ;
#2601 = CIRCLE ( 'NONE', #1109, 2.599999999999998312 ) ;
#2602 = CYLINDRICAL_SURFACE ( 'NONE', #1183, 2.500000000000005773 ) ;
#2603 = DIRECTION ( 'NONE',  ( 0.000000000000000000, 0.000000000000000000, 1.000000000000000000 ) ) ;
#2604 = DIRECTION ( 'NONE',  ( 1.000000000000000000, 0.000000000000000000, -0.000000000000000000 ) ) ;
#2605 = ADVANCED_FACE ( 'NONE', ( #2899 ), #4010, .T. ) ;
#2606 = ORIENTED_EDGE ( 'NONE', *, *, #2564, .F. ) ;
#2607 = ORIENTED_EDGE ( 'NONE', *, *, #3218, .T. ) ;
#2608 = AXIS2_PLACEMENT_3D ( 'NONE', #3057, #1781, #3907 ) ;
#2609 = EDGE_LOOP ( 'NONE', ( #4211, #4023 ) ) ;
#2610 = CARTESIAN_POINT ( 'NONE',  ( -35.50000000000001421, 3.000000000000000000, 2.499999999999999112 ) ) ;
#2611 = CARTESIAN_POINT ( 'NONE',  ( 44.50000000000001421, -18.50000000000000000, -29.00000000000000711 ) ) ;
#2612 = ORIENTED_EDGE ( 'NONE', *, *, #4571, .T. ) ;
#2613 = ADVANCED_FACE ( 'NONE', ( #4319 ), #1112, .T. ) ;
#2614 = VECTOR ( 'NONE', #952, 1000.000000000000000 ) ;
#2615 = CYLINDRICAL_SURFACE ( 'NONE', #4057, 40.00000000000000000 ) ;
#2616 = DIRECTION ( 'NONE',  ( 0.000000000000000000, 0.000000000000000000, 1.000000000000000000 ) ) ;
#2617 = CARTESIAN_POINT ( 'NONE',  ( -44.50000000000001421, -6.000000000000001776, 29.00000000000000711 ) ) ;
#2618 = ORIENTED_EDGE ( 'NONE', *, *, #1354, .T. ) ;
#2619 = DIRECTION ( 'NONE',  ( 0.000000000000000000, 1.000000000000000000, -0.000000000000000000 ) ) ;
#2620 = EDGE_CURVE ( 'NONE', #2489, #2828, #1574, .T. ) ;
#2621 = CARTESIAN_POINT ( 'NONE',  ( -39.95933631058686331, -22.00000000000000000, 36.18556701030929901 ) ) ;
#2622 = ORIENTED_EDGE ( 'NONE', *, *, #2336, .T. ) ;
#2623 = DIRECTION ( 'NONE',  ( 0.000000000000000000, 1.000000000000000000, 0.000000000000000000 ) ) ;
#2624 = CARTESIAN_POINT ( 'NONE',  ( 1.000000000000006439, -7.000000000000000000, -30.00000000000000711 ) ) ;
#2625 = DIRECTION ( 'NONE',  ( 0.000000000000000000, 0.000000000000000000, 1.000000000000000000 ) ) ;
#2626 = DIRECTION ( 'NONE',  ( -0.000000000000000000, 1.000000000000000000, -0.000000000000000000 ) ) ;
#2627 = LINE ( 'NONE', #1899, #3014 ) ;
#2628 = ORIENTED_EDGE ( 'NONE', *, *, #2064, .F. ) ;
#2629 = EDGE_CURVE ( 'NONE', #3871, #1034, #2006, .T. ) ;
#2630 = ORIENTED_EDGE ( 'NONE', *, *, #690, .F. ) ;
#2631 = CARTESIAN_POINT ( 'NONE',  ( 18.59150718393674495, -18.50000000000000355, 70.00000000000000000 ) ) ;
#2632 = CARTESIAN_POINT ( 'NONE',  ( 42.57211781330949663, 0.000000000000000000, -10.12335836023587987 ) ) ;
#2633 = EDGE_LOOP ( 'NONE', ( #24, #3990, #494, #1548 ) ) ;
#2634 = EDGE_CURVE ( 'NONE', #2679, #2363, #2970, .T. ) ;
#2635 = DIRECTION ( 'NONE',  ( 0.000000000000000000, 1.000000000000000000, 0.000000000000000000 ) ) ;
#2636 = LINE ( 'NONE', #4032, #1029 ) ;
#2637 = FACE_BOUND ( 'NONE', #4257, .T. ) ;
#2638 = CARTESIAN_POINT ( 'NONE',  ( 85.50000000000001421, -18.50000000000000355, 3.091507183936761827 ) ) ;
#2639 = ORIENTED_EDGE ( 'NONE', *, *, #3479, .T. ) ;
#2640 = DIRECTION ( 'NONE',  ( 0.000000000000000000, 0.000000000000000000, -1.000000000000000000 ) ) ;
#2641 = CARTESIAN_POINT ( 'NONE',  ( -27.50000000000001776, -15.00000000000000178, 20.00000000000001066 ) ) ;
#2642 = ORIENTED_EDGE ( 'NONE', *, *, #2564, .T. ) ;
#2643 = CYLINDRICAL_SURFACE ( 'NONE', #4508, 1.750000000000005107 ) ;
#2644 = VECTOR ( 'NONE', #2020, 1000.000000000000000 ) ;
#2645 = VECTOR ( 'NONE', #1905, 1000.000000000000000 ) ;
#2646 = EDGE_CURVE ( 'NONE', #4094, #3892, #2304, .T. ) ;
#2647 = CYLINDRICAL_SURFACE ( 'NONE', #2238, 1.750000000000005107 ) ;
#2648 = CARTESIAN_POINT ( 'NONE',  ( 25.49999999999999645, 0.000000000000000000, 27.05209286809889235 ) ) ;
#2649 = LINE ( 'NONE', #1282, #4008 ) ;
#2650 = CARTESIAN_POINT ( 'NONE',  ( -44.50000000000001421, 15.00000000000000000, -29.00000000000000711 ) ) ;
#2651 = CIRCLE ( 'NONE', #2951, 4.999999999999993783 ) ;
#2652 = ORIENTED_EDGE ( 'NONE', *, *, #2800, .T. ) ;
#2653 = AXIS2_PLACEMENT_3D ( 'NONE', #1365, #3503, #967 ) ;
#2654 = VERTEX_POINT ( 'NONE', #3059 ) ;
#2655 = DIRECTION ( 'NONE',  ( -0.000000000000000000, 1.000000000000000000, -0.000000000000000000 ) ) ;
#2656 = ORIENTED_EDGE ( 'NONE', *, *, #1376, .F. ) ;
#2657 = DIRECTION ( 'NONE',  ( 0.000000000000000000, 0.000000000000000000, 1.000000000000000000 ) ) ;
#2658 = DIRECTION ( 'NONE',  ( -0.000000000000000000, 1.000000000000000000, -0.000000000000000000 ) ) ;
#2659 = DIRECTION ( 'NONE',  ( -0.000000000000000000, 1.000000000000000000, -0.000000000000000000 ) ) ;
#2660 = EDGE_CURVE ( 'NONE', #3585, #4420, #2526, .T. ) ;
#2661 = ORIENTED_EDGE ( 'NONE', *, *, #903, .F. ) ;
#2662 = LINE ( 'NONE', #2969, #3549 ) ;
#2663 = LINE ( 'NONE', #549, #3094 ) ;
#2664 = DIRECTION ( 'NONE',  ( 0.000000000000000000, 0.000000000000000000, 1.000000000000000000 ) ) ;
#2665 = ORIENTED_EDGE ( 'NONE', *, *, #758, .T. ) ;
#2666 = DIRECTION ( 'NONE',  ( -0.000000000000000000, 1.000000000000000000, -0.000000000000000000 ) ) ;
#2667 = EDGE_CURVE ( 'NONE', #3403, #3956, #3360, .T. ) ;
#2668 = DIRECTION ( 'NONE',  ( -0.000000000000000000, -1.000000000000000000, -0.000000000000000000 ) ) ;
#2669 = CARTESIAN_POINT ( 'NONE',  ( -44.50000000000001421, -18.50000000000000000, 29.00000000000000711 ) ) ;
#2670 = CARTESIAN_POINT ( 'NONE',  ( -27.50000000000001776, -22.00000000000000000, 17.40000000000001279 ) ) ;
#2671 = AXIS2_PLACEMENT_3D ( 'NONE', #1607, #4135, #1583 ) ;
#2672 = ADVANCED_FACE ( 'NONE', ( #3780 ), #1273, .T. ) ;
#2673 = VERTEX_POINT ( 'NONE', #1672 ) ;
#2674 = VERTEX_POINT ( 'NONE', #3109 ) ;
#2675 = DIRECTION ( 'NONE',  ( 0.000000000000000000, 1.000000000000000000, 0.000000000000000000 ) ) ;
#2676 = EDGE_CURVE ( 'NONE', #1362, #3915, #2223, .T. ) ;
#2677 = AXIS2_PLACEMENT_3D ( 'NONE', #2147, #2194, #3572 ) ;
#2678 = CIRCLE ( 'NONE', #1251, 4.599999999999999645 ) ;
#2679 = VERTEX_POINT ( 'NONE', #3010 ) ;
#2680 = DIRECTION ( 'NONE',  ( -0.000000000000000000, -1.000000000000000000, -0.000000000000000000 ) ) ;
#2681 = DIRECTION ( 'NONE',  ( 0.000000000000000000, 0.000000000000000000, 1.000000000000000000 ) ) ;
#2682 = CARTESIAN_POINT ( 'NONE',  ( -46.12432983716945500, 4.000000000000000000, 10.13115200650949888 ) ) ;
#2683 = ORIENTED_EDGE ( 'NONE', *, *, #4597, .F. ) ;
#2684 = VECTOR ( 'NONE', #2086, 1000.000000000000000 ) ;
#2685 = EDGE_CURVE ( 'NONE', #2222, #4507, #4452, .T. ) ;
#2686 = DIRECTION ( 'NONE',  ( 0.000000000000000000, -1.000000000000000000, 0.000000000000000000 ) ) ;
#2687 = ORIENTED_EDGE ( 'NONE', *, *, #4558, .T. ) ;
#2688 = LINE ( 'NONE', #4108, #4613 ) ;
#2689 = ORIENTED_EDGE ( 'NONE', *, *, #2478, .F. ) ;
#2690 = DIRECTION ( 'NONE',  ( -0.000000000000000000, -1.000000000000000000, -0.000000000000000000 ) ) ;
#2691 = CARTESIAN_POINT ( 'NONE',  ( -3.500000000000016875, -22.00000000000000000, 20.00000000000001066 ) ) ;
#2692 = CYLINDRICAL_SURFACE ( 'NONE', #1891, 2.500000000000002220 ) ;
#2693 = ORIENTED_EDGE ( 'NONE', *, *, #1884, .T. ) ;
#2694 = ORIENTED_EDGE ( 'NONE', *, *, #4297, .F. ) ;
#2695 = CARTESIAN_POINT ( 'NONE',  ( 51.68556701030929901, -22.00000000000000000, 24.45933631058685620 ) ) ;
#2696 = VERTEX_POINT ( 'NONE', #2682 ) ;
#2697 = PLANE ( 'NONE',  #995 ) ;
#2698 = ORIENTED_EDGE ( 'NONE', *, *, #1120, .T. ) ;
#2699 = EDGE_CURVE ( 'NONE', #819, #3627, #1955, .T. ) ;
#2700 = FACE_BOUND ( 'NONE', #212, .T. ) ;
#2701 = APPLICATION_PROTOCOL_DEFINITION ( 'draft international standard', 'automotive_design', 1998, #3156 ) ;
#2702 = DIRECTION ( 'NONE',  ( 1.734723475976807094E-15, 0.000000000000000000, -1.000000000000000000 ) ) ;
#2703 = CARTESIAN_POINT ( 'NONE',  ( 44.50000000000001421, -42.54163056034264656, 29.00000000000000711 ) ) ;
#2704 = CARTESIAN_POINT ( 'NONE',  ( -15.50000000000001776, -15.00000000000000178, 20.00000000000001066 ) ) ;
#2705 = VERTEX_POINT ( 'NONE', #4101 ) ;
#2706 = CARTESIAN_POINT ( 'NONE',  ( 45.50292828161007463, 1.885096466988677610, -3.590870200337108020 ) ) ;
#2707 = DIRECTION ( 'NONE',  ( 0.000000000000000000, 1.000000000000000000, 1.024628711853730936E-16 ) ) ;
#2708 = ORIENTED_EDGE ( 'NONE', *, *, #1032, .F. ) ;
#2709 = CARTESIAN_POINT ( 'NONE',  ( -14.99999999999998579, 0.000000000000000000, 30.00000000000001066 ) ) ;
#2710 = ORIENTED_EDGE ( 'NONE', *, *, #3008, .T. ) ;
#2711 = EDGE_CURVE ( 'NONE', #2987, #1815, #3739, .T. ) ;
#2712 = DIRECTION ( 'NONE',  ( 0.000000000000000000, 0.000000000000000000, 1.000000000000000000 ) ) ;
#2713 = AXIS2_PLACEMENT_3D ( 'NONE', #2856, #2155, #783 ) ;
#2714 = CARTESIAN_POINT ( 'NONE',  ( 9.500000000000001776, 4.000000000000000000, 28.00000000000001066 ) ) ;
#2715 = CARTESIAN_POINT ( 'NONE',  ( 42.03388019044283652, 2.937040233506848619, -4.808672084278631687 ) ) ;
#2716 = AXIS2_PLACEMENT_3D ( 'NONE', #1252, #2266, #175 ) ;
#2717 = AXIS2_PLACEMENT_3D ( 'NONE', #2936, #3937, #1106 ) ;
#2718 = EDGE_CURVE ( 'NONE', #1499, #601, #148, .T. ) ;
#2719 = VERTEX_POINT ( 'NONE', #3708 ) ;
#2720 = AXIS2_PLACEMENT_3D ( 'NONE', #2061, #3837, #180 ) ;
#2721 = AXIS2_PLACEMENT_3D ( 'NONE', #1634, #3021, #3742 ) ;
#2722 = ORIENTED_EDGE ( 'NONE', *, *, #731, .F. ) ;
#2723 = FACE_BOUND ( 'NONE', #1514, .T. ) ;
#2724 = ORIENTED_EDGE ( 'NONE', *, *, #3636, .T. ) ;
#2725 = ORIENTED_EDGE ( 'NONE', *, *, #3136, .F. ) ;
#2726 = CARTESIAN_POINT ( 'NONE',  ( 42.04134487007499388, 3.545647087756318871, 4.987784527789097311 ) ) ;
#2727 = VECTOR ( 'NONE', #2750, 1000.000000000000000 ) ;
#2728 = DIRECTION ( 'NONE',  ( -0.000000000000000000, -1.000000000000000000, -0.000000000000000000 ) ) ;
#2729 = DIRECTION ( 'NONE',  ( -0.000000000000000000, -1.000000000000000000, -0.000000000000000000 ) ) ;
#2730 = CARTESIAN_POINT ( 'NONE',  ( 18.59150718393674495, 15.00000000000000000, -70.00000000000000000 ) ) ;
#2731 = EDGE_CURVE ( 'NONE', #2568, #4482, #1295, .T. ) ;
#2732 = ORIENTED_EDGE ( 'NONE', *, *, #3292, .F. ) ;
#2733 = CARTESIAN_POINT ( 'NONE',  ( 44.50000000000001421, -19.99999999999999645, -29.00000000000000711 ) ) ;
#2734 = CARTESIAN_POINT ( 'NONE',  ( 0.000000000000000000, 4.000000000000000000, 0.000000000000000000 ) ) ;
#2735 = EDGE_LOOP ( 'NONE', ( #1833, #2652, #3827, #114 ) ) ;
#2736 = CARTESIAN_POINT ( 'NONE',  ( 12.49999999999999467, -7.000000000000000000, 28.00000000000001066 ) ) ;
#2737 = ORIENTED_EDGE ( 'NONE', *, *, #3003, .F. ) ;
#2738 = CARTESIAN_POINT ( 'NONE',  ( 12.49999999999999289, 4.000000000000000000, 28.00000000000001066 ) ) ;
#2739 = DIRECTION ( 'NONE',  ( -0.000000000000000000, 1.000000000000000000, -0.000000000000000000 ) ) ;
#2740 = CARTESIAN_POINT ( 'NONE',  ( -44.50000000000001421, -19.99999999999999645, 29.00000000000000711 ) ) ;
#2741 = EDGE_LOOP ( 'NONE', ( #1476, #3236, #1121, #1487 ) ) ;
#2742 = CIRCLE ( 'NONE', #863, 40.00000000000000711 ) ;
#2743 = EDGE_CURVE ( 'NONE', #3464, #344, #740, .T. ) ;
#2744 = VECTOR ( 'NONE', #558, 1000.000000000000000 ) ;
#2745 = ORIENTED_EDGE ( 'NONE', *, *, #2188, .T. ) ;
#2746 = DIRECTION ( 'NONE',  ( -0.000000000000000000, 1.000000000000000000, -0.000000000000000000 ) ) ;
#2747 = VERTEX_POINT ( 'NONE', #869 ) ;
#2748 = VERTEX_POINT ( 'NONE', #2315 ) ;
#2749 = VECTOR ( 'NONE', #279, 1000.000000000000000 ) ;
#2750 = DIRECTION ( 'NONE',  ( 0.000000000000000000, -1.000000000000000000, 0.000000000000000000 ) ) ;
#2751 = VECTOR ( 'NONE', #845, 1000.000000000000000 ) ;
#2752 = DIRECTION ( 'NONE',  ( 0.000000000000000000, 0.000000000000000000, -1.000000000000000000 ) ) ;
#2753 = LINE ( 'NONE', #3152, #4213 ) ;
#2754 = DIRECTION ( 'NONE',  ( 0.000000000000000000, 1.000000000000000000, 0.000000000000000000 ) ) ;
#2755 = ADVANCED_FACE ( 'NONE', ( #3732 ), #170, .T. ) ;
#2756 = ORIENTED_EDGE ( 'NONE', *, *, #3369, .T. ) ;
#2757 = CIRCLE ( 'NONE', #1933, 4.999999999999997335 ) ;
#2758 = LINE ( 'NONE', #971, #247 ) ;
#2759 = CARTESIAN_POINT ( 'NONE',  ( -46.12293727264082577, 0.000000000000000000, -10.12335836023587810 ) ) ;
#2760 = PLANE ( 'NONE',  #368 ) ;
#2761 = ORIENTED_EDGE ( 'NONE', *, *, #1148, .T. ) ;
#2762 = CARTESIAN_POINT ( 'NONE',  ( -15.50000000000001776, -15.00000000000000178, 20.00000000000001066 ) ) ;
#2763 = AXIS2_PLACEMENT_3D ( 'NONE', #2559, #3602, #719 ) ;
#2764 = EDGE_LOOP ( 'NONE', ( #389, #1975, #3262, #1420 ) ) ;
#2765 = AXIS2_PLACEMENT_3D ( 'NONE', #2036, #1373, #945 ) ;
#2766 = ADVANCED_FACE ( 'NONE', ( #3753 ), #2334, .T. ) ;
#2767 = LINE ( 'NONE', #2065, #1711 ) ;
#2768 = DIRECTION ( 'NONE',  ( 0.000000000000000000, -1.000000000000000000, 0.000000000000000000 ) ) ;
#2769 = DIRECTION ( 'NONE',  ( 0.000000000000000000, 1.000000000000000000, 0.000000000000000000 ) ) ;
#2770 = ORIENTED_EDGE ( 'NONE', *, *, #320, .T. ) ;
#2771 = DIRECTION ( 'NONE',  ( 0.000000000000000000, 0.000000000000000000, -1.000000000000000000 ) ) ;
#2772 = ORIENTED_EDGE ( 'NONE', *, *, #2420, .F. ) ;
#2773 = ORIENTED_EDGE ( 'NONE', *, *, #717, .F. ) ;
#2774 = EDGE_CURVE ( 'NONE', #1007, #4097, #866, .T. ) ;
#2775 = PLANE ( 'NONE',  #926 ) ;
#2776 = ORIENTED_EDGE ( 'NONE', *, *, #2918, .T. ) ;
#2777 = FACE_BOUND ( 'NONE', #1930, .T. ) ;
#2778 = CYLINDRICAL_SURFACE ( 'NONE', #4593, 4.999999999999997335 ) ;
#2779 = ADVANCED_FACE ( 'NONE', ( #2455 ), #640, .T. ) ;
#2780 = DIRECTION ( 'NONE',  ( -1.000000000000000000, 0.000000000000000000, 0.000000000000000000 ) ) ;
#2781 = DIRECTION ( 'NONE',  ( 0.000000000000000000, 1.000000000000000000, 0.000000000000000000 ) ) ;
#2782 = FACE_OUTER_BOUND ( 'NONE', #1748, .T. ) ;
#2783 = VERTEX_POINT ( 'NONE', #3856 ) ;
#2784 = CARTESIAN_POINT ( 'NONE',  ( -15.50000000000001776, -18.50000000000000000, 20.00000000000001066 ) ) ;
#2785 = EDGE_LOOP ( 'NONE', ( #233, #1125, #3159, #4280, #1231, #2886, #2656, #796 ) ) ;
#2786 = CARTESIAN_POINT ( 'NONE',  ( -44.50000000000001421, -22.00000000000000355, 31.50000000000001421 ) ) ;
#2787 = FACE_OUTER_BOUND ( 'NONE', #3890, .T. ) ;
#2788 = DIRECTION ( 'NONE',  ( -1.000000000000000000, 0.000000000000000000, 0.000000000000000000 ) ) ;
#2789 = ADVANCED_FACE ( 'NONE', ( #969 ), #2778, .F. ) ;
#2790 = AXIS2_PLACEMENT_3D ( 'NONE', #463, #4184, #3768 ) ;
#2791 = ORIENTED_EDGE ( 'NONE', *, *, #2417, .F. ) ;
#2792 = CARTESIAN_POINT ( 'NONE',  ( -18.59150718393674495, -22.00000000000000000, -70.00000000000000000 ) ) ;
#2793 = ORIENTED_EDGE ( 'NONE', *, *, #2839, .F. ) ;
#2794 = ORIENTED_EDGE ( 'NONE', *, *, #2176, .F. ) ;
#2795 = AXIS2_PLACEMENT_3D ( 'NONE', #4017, #417, #1845 ) ;
#2796 = AXIS2_PLACEMENT_3D ( 'NONE', #3548, #1744, #1484 ) ;
#2797 = CIRCLE ( 'NONE', #4361, 8.500000000000010658 ) ;
#2798 = CARTESIAN_POINT ( 'NONE',  ( 42.03774201403206234, 3.174064771134685436, 4.903793167350142035 ) ) ;
#2799 = ORIENTED_EDGE ( 'NONE', *, *, #2361, .F. ) ;
#2800 = EDGE_CURVE ( 'NONE', #4492, #3564, #3221, .T. ) ;
#2801 = PLANE ( 'NONE',  #103 ) ;
#2802 = VECTOR ( 'NONE', #2311, 1000.000000000000000 ) ;
#2803 = CARTESIAN_POINT ( 'NONE',  ( 6.500000000000005329, 0.000000000000000000, 26.50000000000001066 ) ) ;
#2804 = AXIS2_PLACEMENT_3D ( 'NONE', #2792, #4209, #1008 ) ;
#2805 = DIRECTION ( 'NONE',  ( 0.000000000000000000, 0.000000000000000000, 1.000000000000000000 ) ) ;
#2806 = CIRCLE ( 'NONE', #2581, 40.00000000000000000 ) ;
#2807 = LINE ( 'NONE', #598, #2017 ) ;
#2808 = ORIENTED_EDGE ( 'NONE', *, *, #2558, .F. ) ;
#2809 = CARTESIAN_POINT ( 'NONE',  ( 1.000000000000007772, 4.000000000000000000, -26.50000000000000711 ) ) ;
#2810 = ORIENTED_EDGE ( 'NONE', *, *, #1039, .T. ) ;
#2811 = DIRECTION ( 'NONE',  ( -0.000000000000000000, -1.000000000000000000, -0.000000000000000000 ) ) ;
#2812 = CARTESIAN_POINT ( 'NONE',  ( -9.999999999999992895, -9.000000000000000000, -30.00000000000000711 ) ) ;
#2813 = DIRECTION ( 'NONE',  ( 0.000000000000000000, 0.000000000000000000, -1.000000000000000000 ) ) ;
#2814 = EDGE_CURVE ( 'NONE', #769, #2654, #4292, .T. ) ;
#2815 = ORIENTED_EDGE ( 'NONE', *, *, #668, .T. ) ;
#2816 = LINE ( 'NONE', #744, #1071 ) ;
#2817 = EDGE_CURVE ( 'NONE', #4517, #2968, #3566, .T. ) ;
#2818 = ORIENTED_EDGE ( 'NONE', *, *, #2534, .T. ) ;
#2819 = AXIS2_PLACEMENT_3D ( 'NONE', #4409, #2195, #4386 ) ;
#2820 = EDGE_LOOP ( 'NONE', ( #4131, #2062, #4614, #3658 ) ) ;
#2821 = CARTESIAN_POINT ( 'NONE',  ( 44.50000000000001421, -42.54163056034263946, -27.25000000000000355 ) ) ;
#2822 = EDGE_CURVE ( 'NONE', #3168, #819, #2421, .T. ) ;
#2823 = ORIENTED_EDGE ( 'NONE', *, *, #609, .F. ) ;
#2824 = DIRECTION ( 'NONE',  ( -0.000000000000000000, -1.000000000000000000, -0.000000000000000000 ) ) ;
#2825 = CARTESIAN_POINT ( 'NONE',  ( -44.50000000000001421, -22.00000000000000355, 26.50000000000000711 ) ) ;
#2826 = DIRECTION ( 'NONE',  ( 0.000000000000000000, 0.000000000000000000, 1.000000000000000000 ) ) ;
#2827 = CYLINDRICAL_SURFACE ( 'NONE', #1929, 40.00000000000000000 ) ;
#2828 = VERTEX_POINT ( 'NONE', #4192 ) ;
#2829 = DIRECTION ( 'NONE',  ( -0.000000000000000000, 1.000000000000000000, -0.000000000000000000 ) ) ;
#2830 = ORIENTED_EDGE ( 'NONE', *, *, #3722, .F. ) ;
#2831 = CIRCLE ( 'NONE', #949, 2.500000000000002220 ) ;
#2832 = EDGE_LOOP ( 'NONE', ( #2793, #1063, #816, #3704, #1639, #3861 ) ) ;
#2833 = ADVANCED_FACE ( 'NONE', ( #2432 ), #2848, .T. ) ;
#2834 = VECTOR ( 'NONE', #2181, 1000.000000000000000 ) ;
#2835 = DIRECTION ( 'NONE',  ( -0.000000000000000000, 1.000000000000000000, -0.000000000000000000 ) ) ;
#2836 = CARTESIAN_POINT ( 'NONE',  ( -44.50000000000001421, -2.999999999999998224, -24.00000000000001066 ) ) ;
#2837 = CARTESIAN_POINT ( 'NONE',  ( 42.00000000000000711, -18.50000000000000355, 3.091507183936761827 ) ) ;
#2838 = CIRCLE ( 'NONE', #1483, 4.599999999999999645 ) ;
#2839 = EDGE_CURVE ( 'NONE', #3961, #2853, #3484, .T. ) ;
#2840 = ORIENTED_EDGE ( 'NONE', *, *, #3443, .F. ) ;
#2841 = CARTESIAN_POINT ( 'NONE',  ( -14.99999999999998934, 4.000000000000000000, 30.00000000000000711 ) ) ;
#2842 = ADVANCED_FACE ( 'NONE', ( #1038 ), #3833, .T. ) ;
#2843 = CARTESIAN_POINT ( 'NONE',  ( -44.50000000000001421, -2.999999999999998224, -24.00000000000001066 ) ) ;
#2844 = ORIENTED_EDGE ( 'NONE', *, *, #4611, .F. ) ;
#2845 = ORIENTED_EDGE ( 'NONE', *, *, #286, .F. ) ;
#2846 = ORIENTED_EDGE ( 'NONE', *, *, #2660, .T. ) ;
#2847 = DIRECTION ( 'NONE',  ( 0.000000000000000000, -0.000000000000000000, -1.000000000000000000 ) ) ;
#2848 = PLANE ( 'NONE',  #469 ) ;
#2849 = EDGE_CURVE ( 'NONE', #223, #1453, #1742, .T. ) ;
#2850 = DIRECTION ( 'NONE',  ( 0.000000000000000000, 0.000000000000000000, 1.000000000000000000 ) ) ;
#2851 = DIRECTION ( 'NONE',  ( -1.000000000000000000, 0.000000000000000000, 0.000000000000000000 ) ) ;
#2852 = FACE_BOUND ( 'NONE', #1622, .T. ) ;
#2853 = VERTEX_POINT ( 'NONE', #2803 ) ;
#2854 = ORIENTED_EDGE ( 'NONE', *, *, #2008, .F. ) ;
#2855 = DIRECTION ( 'NONE',  ( 0.000000000000000000, 0.000000000000000000, 1.000000000000000000 ) ) ;
#2856 = CARTESIAN_POINT ( 'NONE',  ( -3.500000000000016875, -15.00000000000000178, 20.00000000000001066 ) ) ;
#2857 = CARTESIAN_POINT ( 'NONE',  ( -18.59150718393674850, 15.00000000000000000, 26.50000000000001066 ) ) ;
#2858 = EDGE_CURVE ( 'NONE', #3871, #2996, #3917, .T. ) ;
#2859 = FACE_OUTER_BOUND ( 'NONE', #4083, .T. ) ;
#2860 = DIRECTION ( 'NONE',  ( 0.000000000000000000, -0.000000000000000000, 1.000000000000000000 ) ) ;
#2861 = CARTESIAN_POINT ( 'NONE',  ( 44.50000000000001421, 0.000000000000000000, -29.00000000000000711 ) ) ;
#2862 = EDGE_CURVE ( 'NONE', #2071, #4306, #268, .T. ) ;
#2863 = ORIENTED_EDGE ( 'NONE', *, *, #4540, .T. ) ;
#2864 = ORIENTED_EDGE ( 'NONE', *, *, #4527, .T. ) ;
#2865 = VERTEX_POINT ( 'NONE', #682 ) ;
#2866 = DIRECTION ( 'NONE',  ( -0.000000000000000000, 1.000000000000000000, -0.000000000000000000 ) ) ;
#2867 = DIRECTION ( 'NONE',  ( 0.000000000000000000, -1.000000000000000000, 0.000000000000000000 ) ) ;
#2868 = ORIENTED_EDGE ( 'NONE', *, *, #4328, .T. ) ;
#2869 = VECTOR ( 'NONE', #4329, 1000.000000000000000 ) ;
#2870 = AXIS2_PLACEMENT_3D ( 'NONE', #1857, #2985, #3372 ) ;
#2871 = DIRECTION ( 'NONE',  ( 0.000000000000000000, 1.000000000000000000, -0.000000000000000000 ) ) ;
#2872 = AXIS2_PLACEMENT_3D ( 'NONE', #983, #1285, #1313 ) ;
#2873 = DIRECTION ( 'NONE',  ( 0.000000000000000000, 0.000000000000000000, -1.000000000000000000 ) ) ;
#2874 = ADVANCED_FACE ( 'NONE', ( #311 ), #2117, .T. ) ;
#2875 = CARTESIAN_POINT ( 'NONE',  ( -3.500000000000016875, -15.00000000000000178, 20.00000000000001066 ) ) ;
#2876 = ORIENTED_EDGE ( 'NONE', *, *, #1963, .F. ) ;
#2877 = ORIENTED_EDGE ( 'NONE', *, *, #1535, .T. ) ;
#2878 = VECTOR ( 'NONE', #3806, 1000.000000000000000 ) ;
#2879 = LINE ( 'NONE', #4629, #4096 ) ;
#2880 = LINE ( 'NONE', #738, #2227 ) ;
#2881 = DIRECTION ( 'NONE',  ( -0.000000000000000000, 0.000000000000000000, -1.000000000000000000 ) ) ;
#2882 = AXIS2_PLACEMENT_3D ( 'NONE', #128, #872, #1557 ) ;
#2883 = DIRECTION ( 'NONE',  ( 0.000000000000000000, 0.000000000000000000, -1.000000000000000000 ) ) ;
#2884 = CARTESIAN_POINT ( 'NONE',  ( -11.99999999999999289, -6.999999999999999112, -20.00000000000000355 ) ) ;
#2885 = DIRECTION ( 'NONE',  ( -0.000000000000000000, -1.000000000000000000, -0.000000000000000000 ) ) ;
#2886 = ORIENTED_EDGE ( 'NONE', *, *, #487, .T. ) ;
#2887 = EDGE_LOOP ( 'NONE', ( #1960, #4425, #2512, #3408 ) ) ;
#2888 = EDGE_CURVE ( 'NONE', #25, #216, #3171, .T. ) ;
#2889 = EDGE_LOOP ( 'NONE', ( #1267, #2093, #1589, #3300 ) ) ;
#2890 = LINE ( 'NONE', #4042, #395 ) ;
#2891 = CARTESIAN_POINT ( 'NONE',  ( 45.54555525137366345, 4.000000000000000000, 4.999999999999999112 ) ) ;
#2892 = VERTEX_POINT ( 'NONE', #50 ) ;
#2893 = AXIS2_PLACEMENT_3D ( 'NONE', #101, #35, #1554 ) ;
#2894 = EDGE_CURVE ( 'NONE', #3339, #4433, #2259, .T. ) ;
#2895 = LINE ( 'NONE', #777, #259 ) ;
#2896 = AXIS2_PLACEMENT_3D ( 'NONE', #3821, #3515, #649 ) ;
#2897 = DIRECTION ( 'NONE',  ( 0.000000000000000000, -1.000000000000000000, 0.000000000000000000 ) ) ;
#2898 = EDGE_CURVE ( 'NONE', #3151, #4027, #728, .T. ) ;
#2899 = FACE_OUTER_BOUND ( 'NONE', #700, .T. ) ;
#2900 = EDGE_LOOP ( 'NONE', ( #1500, #1364, #317, #3361 ) ) ;
#2901 = ORIENTED_EDGE ( 'NONE', *, *, #1963, .T. ) ;
#2902 = CIRCLE ( 'NONE', #4461, 2.500000000000005773 ) ;
#2903 = PLANE ( 'NONE',  #214 ) ;
#2904 = AXIS2_PLACEMENT_3D ( 'NONE', #1813, #4243, #732 ) ;
#2905 = CARTESIAN_POINT ( 'NONE',  ( 20.00000000000000000, -39.31465829649864929, 23.00000000000001066 ) ) ;
#2906 = DIRECTION ( 'NONE',  ( 0.000000000000000000, 0.000000000000000000, 1.000000000000000000 ) ) ;
#2907 = EDGE_CURVE ( 'NONE', #4097, #3802, #2567, .T. ) ;
#2908 = LINE ( 'NONE', #3601, #2869 ) ;
#2909 = VECTOR ( 'NONE', #4634, 1000.000000000000000 ) ;
#2910 = DIRECTION ( 'NONE',  ( -0.000000000000000000, -1.000000000000000000, -0.000000000000000000 ) ) ;
#2911 = LINE ( 'NONE', #4021, #4207 ) ;
#2912 = LINE ( 'NONE', #22, #3947 ) ;
#2913 = ORIENTED_EDGE ( 'NONE', *, *, #536, .T. ) ;
#2914 = AXIS2_PLACEMENT_3D ( 'NONE', #4036, #894, #1914 ) ;
#2915 = ORIENTED_EDGE ( 'NONE', *, *, #236, .F. ) ;
#2916 = EDGE_LOOP ( 'NONE', ( #2359, #2622, #771, #2585 ) ) ;
#2917 = DIRECTION ( 'NONE',  ( -1.000000000000000000, 0.000000000000000000, 0.000000000000000000 ) ) ;
#2918 = EDGE_CURVE ( 'NONE', #304, #4507, #1906, .T. ) ;
#2919 = ORIENTED_EDGE ( 'NONE', *, *, #2267, .T. ) ;
#2920 = CARTESIAN_POINT ( 'NONE',  ( 44.50000000000001421, -19.99999999999999645, 26.50000000000000711 ) ) ;
#2921 = CARTESIAN_POINT ( 'NONE',  ( 45.50000000000001421, -22.00000000000000000, -3.091507183936765379 ) ) ;
#2922 = DIRECTION ( 'NONE',  ( 0.000000000000000000, 0.000000000000000000, -1.000000000000000000 ) ) ;
#2923 = EDGE_LOOP ( 'NONE', ( #3663, #2957 ) ) ;
#2924 = ORIENTED_EDGE ( 'NONE', *, *, #2046, .T. ) ;
#2925 = LINE ( 'NONE', #390, #3357 ) ;
#2926 = DIRECTION ( 'NONE',  ( 0.000000000000000000, -1.000000000000000000, 0.000000000000000000 ) ) ;
#2927 = DIRECTION ( 'NONE',  ( -1.020425574104003629E-16, 0.000000000000000000, -1.000000000000000000 ) ) ;
#2928 = DIRECTION ( 'NONE',  ( 0.000000000000000000, 1.000000000000000000, 0.000000000000000000 ) ) ;
#2929 = CARTESIAN_POINT ( 'NONE',  ( 42.00000000000000711, -18.50000000000000355, 30.00000000000001066 ) ) ;
#2930 = DIRECTION ( 'NONE',  ( 0.000000000000000000, -1.000000000000000000, -1.084202172485504434E-16 ) ) ;
#2931 = ADVANCED_FACE ( 'NONE', ( #3631 ), #4005, .F. ) ;
#2932 = ORIENTED_EDGE ( 'NONE', *, *, #4068, .F. ) ;
#2933 = ORIENTED_EDGE ( 'NONE', *, *, #4495, .T. ) ;
#2934 = VERTEX_POINT ( 'NONE', #2891 ) ;
#2935 = CYLINDRICAL_SURFACE ( 'NONE', #1215, 8.500000000000010658 ) ;
#2936 = CARTESIAN_POINT ( 'NONE',  ( 44.50000000000001421, -22.00000000000000000, -29.00000000000000711 ) ) ;
#2937 = ORIENTED_EDGE ( 'NONE', *, *, #2646, .T. ) ;
#2938 = FACE_OUTER_BOUND ( 'NONE', #4006, .T. ) ;
#2939 = ADVANCED_FACE ( 'NONE', ( #1809 ), #3241, .T. ) ;
#2940 = LINE ( 'NONE', #1199, #2463 ) ;
#2941 = DIRECTION ( 'NONE',  ( 0.000000000000000000, -1.000000000000000000, 0.000000000000000000 ) ) ;
#2942 = ORIENTED_EDGE ( 'NONE', *, *, #3938, .F. ) ;
#2943 = VERTEX_POINT ( 'NONE', #3286 ) ;
#2944 = VECTOR ( 'NONE', #2950, 1000.000000000000000 ) ;
#2945 = CARTESIAN_POINT ( 'NONE',  ( -44.50000000000001421, -2.999999999999998224, 24.00000000000001066 ) ) ;
#2946 = VECTOR ( 'NONE', #2239, 1000.000000000000000 ) ;
#2947 = ADVANCED_FACE ( 'NONE', ( #3960 ), #473, .T. ) ;
#2948 = CARTESIAN_POINT ( 'NONE',  ( 9.500000000000001776, -39.31465829649864929, 26.50000000000001066 ) ) ;
#2949 = LINE ( 'NONE', #439, #792 ) ;
#2950 = DIRECTION ( 'NONE',  ( -2.167851070390029859E-16, 1.000000000000000000, 0.000000000000000000 ) ) ;
#2951 = AXIS2_PLACEMENT_3D ( 'NONE', #1281, #2367, #900 ) ;
#2952 = AXIS2_PLACEMENT_3D ( 'NONE', #4239, #2074, #1720 ) ;
#2953 = ORIENTED_EDGE ( 'NONE', *, *, #4200, .T. ) ;
#2954 = LINE ( 'NONE', #1473, #1447 ) ;
#2955 = CARTESIAN_POINT ( 'NONE',  ( -42.00000000000000711, 4.000000000000000000, -2.499999999999999556 ) ) ;
#2956 = ORIENTED_EDGE ( 'NONE', *, *, #2220, .F. ) ;
#2957 = ORIENTED_EDGE ( 'NONE', *, *, #4258, .F. ) ;
#2958 = EDGE_CURVE ( 'NONE', #4366, #1279, #4432, .T. ) ;
#2959 = ORIENTED_EDGE ( 'NONE', *, *, #4181, .F. ) ;
#2960 = DIRECTION ( 'NONE',  ( 0.000000000000000000, 0.000000000000000000, 1.000000000000000000 ) ) ;
#2961 = DIRECTION ( 'NONE',  ( -0.000000000000000000, -1.000000000000000000, -0.000000000000000000 ) ) ;
#2962 = ORIENTED_EDGE ( 'NONE', *, *, #1386, .T. ) ;
#2963 = EDGE_CURVE ( 'NONE', #3498, #2310, #1082, .T. ) ;
#2964 = PLANE ( 'NONE',  #4360 ) ;
#2965 = DIRECTION ( 'NONE',  ( 0.000000000000000000, 0.000000000000000000, -1.000000000000000000 ) ) ;
#2966 = CARTESIAN_POINT ( 'NONE',  ( -39.95933631058686331, 0.000000000000000000, -36.18556701030929901 ) ) ;
#2967 = CIRCLE ( 'NONE', #496, 8.500000000000010658 ) ;
#2968 = VERTEX_POINT ( 'NONE', #2520 ) ;
#2969 = CARTESIAN_POINT ( 'NONE',  ( 15.00000000000000178, 4.000000000000000000, -30.00000000000000000 ) ) ;
#2970 = CIRCLE ( 'NONE', #1540, 43.50000000000001421 ) ;
#2971 = FACE_OUTER_BOUND ( 'NONE', #142, .T. ) ;
#2972 = VERTEX_POINT ( 'NONE', #1458 ) ;
#2973 = CARTESIAN_POINT ( 'NONE',  ( 6.500000000000002665, -18.50000000000000000, 30.00000000000001066 ) ) ;
#2974 = EDGE_CURVE ( 'NONE', #1674, #1790, #4278, .T. ) ;
#2975 = AXIS2_PLACEMENT_3D ( 'NONE', #1166, #421, #4351 ) ;
#2976 = AXIS2_PLACEMENT_3D ( 'NONE', #3593, #56, #3202 ) ;
#2977 = CARTESIAN_POINT ( 'NONE',  ( -45.67077626419152381, -9.250000000000001776, -20.58101651390110831 ) ) ;
#2978 = FACE_BOUND ( 'NONE', #4359, .T. ) ;
#2979 = DIRECTION ( 'NONE',  ( 0.000000000000000000, 0.000000000000000000, -1.000000000000000000 ) ) ;
#2980 = DIRECTION ( 'NONE',  ( 0.000000000000000000, 0.000000000000000000, 1.000000000000000000 ) ) ;
#2981 = VERTEX_POINT ( 'NONE', #94 ) ;
#2982 = AXIS2_PLACEMENT_3D ( 'NONE', #220, #2004, #3430 ) ;
#2983 = EDGE_CURVE ( 'NONE', #3328, #3655, #1443, .T. ) ;
#2984 = EDGE_LOOP ( 'NONE', ( #4439, #3012, #4114, #3052, #3320, #2169 ) ) ;
#2985 = DIRECTION ( 'NONE',  ( 0.000000000000000000, 1.000000000000000000, 0.000000000000000000 ) ) ;
#2986 = AXIS2_PLACEMENT_3D ( 'NONE', #508, #2342, #2712 ) ;
#2987 = VERTEX_POINT ( 'NONE', #4358 ) ;
#2988 = VECTOR ( 'NONE', #1018, 1000.000000000000000 ) ;
#2989 = CARTESIAN_POINT ( 'NONE',  ( -44.50000000000001421, -2.999999999999998224, 24.00000000000001066 ) ) ;
#2990 = CARTESIAN_POINT ( 'NONE',  ( 20.00000000000000000, 0.000000000000000000, 23.00000000000001066 ) ) ;
#2991 = CYLINDRICAL_SURFACE ( 'NONE', #568, 4.600000000000001421 ) ;
#2992 = EDGE_CURVE ( 'NONE', #45, #1362, #2118, .T. ) ;
#2993 = ORIENTED_EDGE ( 'NONE', *, *, #1890, .T. ) ;
#2994 = CARTESIAN_POINT ( 'NONE',  ( 44.50000000000001421, -6.000000000000001776, -29.00000000000000711 ) ) ;
#2995 = DIRECTION ( 'NONE',  ( -1.000000000000000000, 0.000000000000000000, 2.312964634635743450E-16 ) ) ;
#2996 = VERTEX_POINT ( 'NONE', #3590 ) ;
#2997 = FACE_OUTER_BOUND ( 'NONE', #2492, .T. ) ;
#2998 = DIRECTION ( 'NONE',  ( 0.000000000000000000, 0.000000000000000000, 1.000000000000000000 ) ) ;
#2999 = DIRECTION ( 'NONE',  ( -0.000000000000000000, 1.000000000000000000, -0.000000000000000000 ) ) ;
#3000 = CARTESIAN_POINT ( 'NONE',  ( -45.50000000000001421, -22.00000000000000000, -3.091507183936761827 ) ) ;
#3001 = LINE ( 'NONE', #1945, #4354 ) ;
#3002 = VERTEX_POINT ( 'NONE', #448 ) ;
#3003 = EDGE_CURVE ( 'NONE', #2297, #4094, #2797, .T. ) ;
#3004 = VERTEX_POINT ( 'NONE', #1834 ) ;
#3005 = CARTESIAN_POINT ( 'NONE',  ( 51.68556701030929901, 15.00000000000000000, 24.45933631058685620 ) ) ;
#3006 = EDGE_LOOP ( 'NONE', ( #610, #4458, #1782, #51, #1591, #1080 ) ) ;
#3007 = DIRECTION ( 'NONE',  ( -1.000000000000000000, 0.000000000000000000, 0.000000000000000000 ) ) ;
#3008 = EDGE_CURVE ( 'NONE', #2934, #46, #3263, .T. ) ;
#3009 = CARTESIAN_POINT ( 'NONE',  ( -44.50000000000001421, -2.999999999999999112, -26.50000000000000711 ) ) ;
#3010 = CARTESIAN_POINT ( 'NONE',  ( 18.59150718393674495, 0.000000000000000000, -26.50000000000000711 ) ) ;
#3011 = EDGE_CURVE ( 'NONE', #1815, #332, #4337, .T. ) ;
#3012 = ORIENTED_EDGE ( 'NONE', *, *, #4495, .F. ) ;
#3013 = LINE ( 'NONE', #871, #3322 ) ;
#3014 = VECTOR ( 'NONE', #138, 1000.000000000000000 ) ;
#3015 = ADVANCED_FACE ( 'NONE', ( #4493 ), #2697, .F. ) ;
#3016 = DIRECTION ( 'NONE',  ( 5.204170427930421283E-15, 0.000000000000000000, -1.000000000000000000 ) ) ;
#3017 = ORIENTED_EDGE ( 'NONE', *, *, #977, .T. ) ;
#3018 = DIRECTION ( 'NONE',  ( -0.000000000000000000, -0.000000000000000000, -1.000000000000000000 ) ) ;
#3019 = AXIS2_PLACEMENT_3D ( 'NONE', #1348, #972, #1370 ) ;
#3020 = DIRECTION ( 'NONE',  ( -0.000000000000000000, 1.000000000000000000, -0.000000000000000000 ) ) ;
#3021 = DIRECTION ( 'NONE',  ( 0.000000000000000000, 1.000000000000000000, 0.000000000000000000 ) ) ;
#3022 = AXIS2_PLACEMENT_3D ( 'NONE', #475, #451, #798 ) ;
#3023 = CARTESIAN_POINT ( 'NONE',  ( -85.50000000000001421, 4.000000000000000000, 3.091507183936761827 ) ) ;
#3024 = CARTESIAN_POINT ( 'NONE',  ( 44.50000000000001421, -6.000000000000001776, -31.50000000000001421 ) ) ;
#3025 = AXIS2_PLACEMENT_3D ( 'NONE', #235, #2746, #4186 ) ;
#3026 = ORIENTED_EDGE ( 'NONE', *, *, #3512, .F. ) ;
#3027 = AXIS2_PLACEMENT_3D ( 'NONE', #3809, #2729, #520 ) ;
#3028 = VERTEX_POINT ( 'NONE', #2376 ) ;
#3029 = LINE ( 'NONE', #794, #3908 ) ;
#3030 = ORIENTED_EDGE ( 'NONE', *, *, #3659, .T. ) ;
#3031 = EDGE_CURVE ( 'NONE', #423, #125, #4118, .T. ) ;
#3032 = DIRECTION ( 'NONE',  ( -1.927470528863119049E-16, -1.000000000000000000, 0.000000000000000000 ) ) ;
#3033 = FACE_OUTER_BOUND ( 'NONE', #3399, .T. ) ;
#3034 = DIRECTION ( 'NONE',  ( -1.000000000000000000, 0.000000000000000000, -0.000000000000000000 ) ) ;
#3035 = ORIENTED_EDGE ( 'NONE', *, *, #133, .F. ) ;
#3036 = ADVANCED_FACE ( 'NONE', ( #839 ), #4424, .F. ) ;
#3037 = ADVANCED_FACE ( 'NONE', ( #3703 ), #162, .T. ) ;
#3038 = DIRECTION ( 'NONE',  ( 0.000000000000000000, 0.000000000000000000, 1.000000000000000000 ) ) ;
#3039 = EDGE_LOOP ( 'NONE', ( #897, #1518 ) ) ;
#3040 = CARTESIAN_POINT ( 'NONE',  ( 12.00000000000000178, -13.49999999999999822, 24.30000000000000782 ) ) ;
#3041 = ORIENTED_EDGE ( 'NONE', *, *, #2517, .F. ) ;
#3042 = CARTESIAN_POINT ( 'NONE',  ( -3.500000000000016875, -15.00000000000000178, 20.00000000000001066 ) ) ;
#3043 = LINE ( 'NONE', #4463, #2744 ) ;
#3044 = DIRECTION ( 'NONE',  ( 0.000000000000000000, 0.000000000000000000, 1.000000000000000000 ) ) ;
#3045 = VECTOR ( 'NONE', #1685, 1000.000000000000000 ) ;
#3046 = ADVANCED_FACE ( 'NONE', ( #862 ), #3304, .T. ) ;
#3047 = ORIENTED_EDGE ( 'NONE', *, *, #970, .F. ) ;
#3048 = CIRCLE ( 'NONE', #3641, 4.600000000000001421 ) ;
#3049 = ORIENTED_EDGE ( 'NONE', *, *, #602, .T. ) ;
#3050 = DIRECTION ( 'NONE',  ( 0.000000000000000000, -1.000000000000000000, 0.000000000000000000 ) ) ;
#3051 = AXIS2_PLACEMENT_3D ( 'NONE', #778, #4598, #1396 ) ;
#3052 = ORIENTED_EDGE ( 'NONE', *, *, #1187, .F. ) ;
#3053 = ORIENTED_EDGE ( 'NONE', *, *, #1605, .T. ) ;
#3054 = CARTESIAN_POINT ( 'NONE',  ( 42.02659948360425091, 2.612196871449099955, 4.614051684330783054 ) ) ;
#3055 = CIRCLE ( 'NONE', #3647, 2.500000000000002220 ) ;
#3056 = EDGE_CURVE ( 'NONE', #848, #1101, #1150, .T. ) ;
#3057 = CARTESIAN_POINT ( 'NONE',  ( -3.500000000000016875, -15.00000000000000178, 20.00000000000001066 ) ) ;
#3058 = DIRECTION ( 'NONE',  ( 0.000000000000000000, 0.000000000000000000, 1.000000000000000000 ) ) ;
#3059 = CARTESIAN_POINT ( 'NONE',  ( -15.50000000000001776, -15.00000000000000178, 15.40000000000000924 ) ) ;
#3060 = ORIENTED_EDGE ( 'NONE', *, *, #4355, .T. ) ;
#3061 =( GEOMETRIC_REPRESENTATION_CONTEXT ( 3 ) GLOBAL_UNCERTAINTY_ASSIGNED_CONTEXT ( ( #1642 ) ) GLOBAL_UNIT_ASSIGNED_CONTEXT ( ( #3293, #2485, #80 ) ) REPRESENTATION_CONTEXT ( 'NONE', 'WORKASPACE' ) );
#3062 = DIRECTION ( 'NONE',  ( 0.000000000000000000, 0.000000000000000000, -1.000000000000000000 ) ) ;
#3063 = DIRECTION ( 'NONE',  ( 1.000000000000000000, 0.000000000000000000, -1.156482317317871478E-16 ) ) ;
#3064 = EDGE_CURVE ( 'NONE', #2853, #2865, #2284, .T. ) ;
#3065 = DIRECTION ( 'NONE',  ( -0.000000000000000000, -1.000000000000000000, 0.000000000000000000 ) ) ;
#3066 = ORIENTED_EDGE ( 'NONE', *, *, #3460, .T. ) ;
#3067 = DIRECTION ( 'NONE',  ( 1.000000000000000000, -0.000000000000000000, -7.304098846218136639E-16 ) ) ;
#3068 = VERTEX_POINT ( 'NONE', #71 ) ;
#3069 = FACE_OUTER_BOUND ( 'NONE', #3588, .T. ) ;
#3070 = CYLINDRICAL_SURFACE ( 'NONE', #3495, 43.50000000000000711 ) ;
#3071 = DIRECTION ( 'NONE',  ( 1.000000000000000000, 0.000000000000000000, 0.000000000000000000 ) ) ;
#3072 = ORIENTED_EDGE ( 'NONE', *, *, #3699, .F. ) ;
#3073 = ORIENTED_EDGE ( 'NONE', *, *, #595, .F. ) ;
#3074 = CARTESIAN_POINT ( 'NONE',  ( -51.68556701030929901, 0.000000000000000000, -24.45933631058685620 ) ) ;
#3075 = EDGE_CURVE ( 'NONE', #2082, #987, #1590, .T. ) ;
#3076 = ORIENTED_EDGE ( 'NONE', *, *, #708, .T. ) ;
#3077 = ORIENTED_EDGE ( 'NONE', *, *, #1990, .F. ) ;
#3078 = CARTESIAN_POINT ( 'NONE',  ( 42.01566946000195912, 2.244508064276253378, 4.263568906960428784 ) ) ;
#3079 = CARTESIAN_POINT ( 'NONE',  ( -27.50000000000001776, -15.00000000000000178, 15.40000000000001101 ) ) ;
#3080 = DIRECTION ( 'NONE',  ( 0.000000000000000000, 1.000000000000000000, 0.000000000000000000 ) ) ;
#3081 = DIRECTION ( 'NONE',  ( 0.000000000000000000, 1.000000000000000000, 0.000000000000000000 ) ) ;
#3082 = ORIENTED_EDGE ( 'NONE', *, *, #1244, .F. ) ;
#3083 = CARTESIAN_POINT ( 'NONE',  ( -44.50000000000001421, -22.00000000000000355, -29.00000000000000711 ) ) ;
#3084 = CARTESIAN_POINT ( 'NONE',  ( -85.50000000000001421, 4.000000000000000000, -3.091507183936761827 ) ) ;
#3085 = DIRECTION ( 'NONE',  ( 0.000000000000000000, 0.000000000000000000, 1.000000000000000000 ) ) ;
#3086 = VERTEX_POINT ( 'NONE', #3285 ) ;
#3087 = DIRECTION ( 'NONE',  ( -1.000000000000000000, 0.000000000000000000, 0.000000000000000000 ) ) ;
#3088 = ORIENTED_EDGE ( 'NONE', *, *, #4334, .T. ) ;
#3089 = EDGE_CURVE ( 'NONE', #1429, #351, #546, .T. ) ;
#3090 = LINE ( 'NONE', #4511, #4616 ) ;
#3091 = AXIS2_PLACEMENT_3D ( 'NONE', #416, #1491, #760 ) ;
#3092 = CARTESIAN_POINT ( 'NONE',  ( 85.50000000000001421, 4.000000000000000000, -3.091507183936761827 ) ) ;
#3093 = CARTESIAN_POINT ( 'NONE',  ( 42.03155428535627891, 2.822571859249062509, -4.749513046810367456 ) ) ;
#3094 = VECTOR ( 'NONE', #4105, 1000.000000000000000 ) ;
#3095 = AXIS2_PLACEMENT_3D ( 'NONE', #1765, #3197, #383 ) ;
#3096 = ORIENTED_EDGE ( 'NONE', *, *, #4382, .T. ) ;
#3097 = AXIS2_PLACEMENT_3D ( 'NONE', #4350, #3258, #2625 ) ;
#3098 = ORIENTED_EDGE ( 'NONE', *, *, #3685, .F. ) ;
#3099 = DIRECTION ( 'NONE',  ( -0.000000000000000000, -1.000000000000000000, -0.000000000000000000 ) ) ;
#3100 = EDGE_CURVE ( 'NONE', #3585, #125, #471, .T. ) ;
#3101 = VERTEX_POINT ( 'NONE', #1195 ) ;
#3102 = ORIENTED_EDGE ( 'NONE', *, *, #2676, .T. ) ;
#3103 = VECTOR ( 'NONE', #938, 1000.000000000000000 ) ;
#3104 = CARTESIAN_POINT ( 'NONE',  ( 18.59150718393674495, -22.00000000000000000, -70.00000000000000000 ) ) ;
#3105 = AXIS2_PLACEMENT_3D ( 'NONE', #3735, #2295, #524 ) ;
#3106 = CARTESIAN_POINT ( 'NONE',  ( 0.000000000000000000, 0.000000000000000000, 0.000000000000000000 ) ) ;
#3107 = FACE_OUTER_BOUND ( 'NONE', #3967, .T. ) ;
#3108 = DIRECTION ( 'NONE',  ( 0.000000000000000000, 0.000000000000000000, -1.000000000000000000 ) ) ;
#3109 = CARTESIAN_POINT ( 'NONE',  ( 44.50000000000001421, -18.50000000000000000, -26.50000000000000711 ) ) ;
#3110 = EDGE_LOOP ( 'NONE', ( #1172, #433, #4555, #2683 ) ) ;
#3111 = EDGE_CURVE ( 'NONE', #46, #2943, #1949, .T. ) ;
#3112 = CYLINDRICAL_SURFACE ( 'NONE', #4052, 1.999999999999999556 ) ;
#3113 = FACE_OUTER_BOUND ( 'NONE', #4143, .T. ) ;
#3114 = CARTESIAN_POINT ( 'NONE',  ( -44.50000000000001421, 0.000000000000000000, -37.50000000000002132 ) ) ;
#3115 = DIRECTION ( 'NONE',  ( 0.000000000000000000, -0.000000000000000000, 1.000000000000000000 ) ) ;
#3116 = ORIENTED_EDGE ( 'NONE', *, *, #209, .T. ) ;
#3117 = CARTESIAN_POINT ( 'NONE',  ( -18.59150718393674495, -22.00000000000000000, 30.00000000000001066 ) ) ;
#3118 = CARTESIAN_POINT ( 'NONE',  ( 44.50000000000001421, 0.000000000000000000, -29.00000000000000711 ) ) ;
#3119 = DIRECTION ( 'NONE',  ( 0.000000000000000000, 0.000000000000000000, 1.000000000000000000 ) ) ;
#3120 = EDGE_CURVE ( 'NONE', #1351, #884, #3029, .T. ) ;
#3121 = CIRCLE ( 'NONE', #1094, 2.500000000000005773 ) ;
#3122 = ORIENTED_EDGE ( 'NONE', *, *, #3571, .T. ) ;
#3123 = CARTESIAN_POINT ( 'NONE',  ( -85.50000000000001421, 15.00000000000000000, -3.091507183936761827 ) ) ;
#3124 = AXIS2_PLACEMENT_3D ( 'NONE', #3289, #2941, #4365 ) ;
#3125 = ORIENTED_EDGE ( 'NONE', *, *, #3613, .T. ) ;
#3126 = VERTEX_POINT ( 'NONE', #2588 ) ;
#3127 = DIRECTION ( 'NONE',  ( 0.000000000000000000, 0.000000000000000000, 1.000000000000000000 ) ) ;
#3128 = VERTEX_POINT ( 'NONE', #1523 ) ;
#3129 = CIRCLE ( 'NONE', #581, 2.600000000000001421 ) ;
#3130 = DIRECTION ( 'NONE',  ( -0.000000000000000000, 1.000000000000000000, -0.000000000000000000 ) ) ;
#3131 = CARTESIAN_POINT ( 'NONE',  ( -15.50000000000001776, -15.00000000000000178, 20.00000000000001066 ) ) ;
#3132 = CIRCLE ( 'NONE', #1706, 40.00000000000000711 ) ;
#3133 = DIRECTION ( 'NONE',  ( 0.000000000000000000, 0.000000000000000000, 1.000000000000000000 ) ) ;
#3134 = CIRCLE ( 'NONE', #2986, 2.500000000000002220 ) ;
#3135 = DIRECTION ( 'NONE',  ( 0.000000000000000000, 0.000000000000000000, -1.000000000000000000 ) ) ;
#3136 = EDGE_CURVE ( 'NONE', #381, #1014, #4205, .T. ) ;
#3137 = LINE ( 'NONE', #3487, #2009 ) ;
#3138 = ORIENTED_EDGE ( 'NONE', *, *, #2534, .F. ) ;
#3139 = CARTESIAN_POINT ( 'NONE',  ( 44.50000000000001421, -2.999999999999998224, -24.00000000000001066 ) ) ;
#3140 = ORIENTED_EDGE ( 'NONE', *, *, #3191, .F. ) ;
#3141 = DIRECTION ( 'NONE',  ( 0.002194020926397173468, -0.000000000000000000, 0.9999975931331908097 ) ) ;
#3142 = CARTESIAN_POINT ( 'NONE',  ( 44.50000000000001421, -42.54163056034263946, -30.75000000000001421 ) ) ;
#3143 = DIRECTION ( 'NONE',  ( 0.000000000000000000, -0.000000000000000000, 1.000000000000000000 ) ) ;
#3144 = EDGE_CURVE ( 'NONE', #4576, #1351, #1501, .T. ) ;
#3145 = VERTEX_POINT ( 'NONE', #2237 ) ;
#3146 = DIRECTION ( 'NONE',  ( 0.000000000000000000, 0.000000000000000000, -1.000000000000000000 ) ) ;
#3147 = PRODUCT_DEFINITION_CONTEXT ( 'detailed design', #3156, 'design' ) ;
#3148 = ORIENTED_EDGE ( 'NONE', *, *, #4465, .F. ) ;
#3149 = ORIENTED_EDGE ( 'NONE', *, *, #887, .T. ) ;
#3150 = CARTESIAN_POINT ( 'NONE',  ( 9.500000000000001776, 0.000000000000000000, 26.50000000000001066 ) ) ;
#3151 = VERTEX_POINT ( 'NONE', #1546 ) ;
#3152 = CARTESIAN_POINT ( 'NONE',  ( 6.500000000000002665, 0.000000000000000000, 30.00000000000001066 ) ) ;
#3153 = DIRECTION ( 'NONE',  ( 0.000000000000000000, 1.000000000000000000, 0.000000000000000000 ) ) ;
#3154 = CARTESIAN_POINT ( 'NONE',  ( -44.50000000000001421, -18.50000000000000000, -29.00000000000000711 ) ) ;
#3155 = DIRECTION ( 'NONE',  ( -0.000000000000000000, 1.000000000000000000, 0.000000000000000000 ) ) ;
#3156 = APPLICATION_CONTEXT ( 'automotive_design' ) ;
#3157 = EDGE_CURVE ( 'NONE', #562, #768, #3612, .T. ) ;
#3158 = LINE ( 'NONE', #3203, #4235 ) ;
#3159 = ORIENTED_EDGE ( 'NONE', *, *, #3064, .T. ) ;
#3160 = DIRECTION ( 'NONE',  ( 0.000000000000000000, 0.000000000000000000, -1.000000000000000000 ) ) ;
#3161 = CARTESIAN_POINT ( 'NONE',  ( 45.50000000000001421, -18.50000000000000355, 26.50000000000001066 ) ) ;
#3162 = CYLINDRICAL_SURFACE ( 'NONE', #3381, 8.500000000000010658 ) ;
#3163 = EDGE_CURVE ( 'NONE', #4025, #2082, #326, .T. ) ;
#3164 = VECTOR ( 'NONE', #1732, 1000.000000000000000 ) ;
#3165 = ORIENTED_EDGE ( 'NONE', *, *, #2676, .F. ) ;
#3166 = CARTESIAN_POINT ( 'NONE',  ( 44.50000000000001421, -6.000000000000001776, 31.50000000000001421 ) ) ;
#3167 = ORIENTED_EDGE ( 'NONE', *, *, #4193, .T. ) ;
#3168 = VERTEX_POINT ( 'NONE', #2214 ) ;
#3169 = VECTOR ( 'NONE', #1653, 1000.000000000000000 ) ;
#3170 = AXIS2_PLACEMENT_3D ( 'NONE', #867, #4383, #1243 ) ;
#3171 = CIRCLE ( 'NONE', #1066, 8.500000000000010658 ) ;
#3172 = DIRECTION ( 'NONE',  ( 0.000000000000000000, 0.000000000000000000, 1.000000000000000000 ) ) ;
#3173 = ORIENTED_EDGE ( 'NONE', *, *, #4068, .T. ) ;
#3174 = CARTESIAN_POINT ( 'NONE',  ( 45.50000000000001421, 1.800000000000000044, -2.999999999999986677 ) ) ;
#3175 = DIRECTION ( 'NONE',  ( 0.000000000000000000, 0.000000000000000000, 1.000000000000000000 ) ) ;
#3176 = AXIS2_PLACEMENT_3D ( 'NONE', #1385, #2137, #3888 ) ;
#3177 = ADVANCED_FACE ( 'NONE', ( #447 ), #2935, .T. ) ;
#3178 = CARTESIAN_POINT ( 'NONE',  ( 18.59150718393674495, 15.00000000000000000, 30.00000000000001066 ) ) ;
#3179 = AXIS2_PLACEMENT_3D ( 'NONE', #1738, #658, #2095 ) ;
#3180 = DIRECTION ( 'NONE',  ( 0.000000000000000000, -1.000000000000000000, 0.000000000000000000 ) ) ;
#3181 = DIRECTION ( 'NONE',  ( -0.000000000000000000, 1.000000000000000000, -0.000000000000000000 ) ) ;
#3182 = EDGE_CURVE ( 'NONE', #315, #1761, #1173, .T. ) ;
#3183 = ORIENTED_EDGE ( 'NONE', *, *, #1107, .F. ) ;
#3184 = ORIENTED_EDGE ( 'NONE', *, *, #4252, .T. ) ;
#3185 = CARTESIAN_POINT ( 'NONE',  ( -42.00000000000000711, 3.000000000000000000, 2.499999999999999112 ) ) ;
#3186 = DIRECTION ( 'NONE',  ( -0.000000000000000000, 1.000000000000000000, -0.000000000000000000 ) ) ;
#3187 = LINE ( 'NONE', #2857, #3840 ) ;
#3188 = VERTEX_POINT ( 'NONE', #4028 ) ;
#3189 = LINE ( 'NONE', #1426, #1592 ) ;
#3190 = DIRECTION ( 'NONE',  ( 0.000000000000000000, 0.000000000000000000, -1.000000000000000000 ) ) ;
#3191 = EDGE_CURVE ( 'NONE', #4454, #1185, #2258, .T. ) ;
#3192 = ORIENTED_EDGE ( 'NONE', *, *, #1901, .T. ) ;
#3193 = AXIS2_PLACEMENT_3D ( 'NONE', #2264, #3268, #3683 ) ;
#3194 = VERTEX_POINT ( 'NONE', #1928 ) ;
#3195 = ORIENTED_EDGE ( 'NONE', *, *, #4426, .T. ) ;
#3196 = DIRECTION ( 'NONE',  ( -0.000000000000000000, -1.000000000000000000, -0.000000000000000000 ) ) ;
#3197 = DIRECTION ( 'NONE',  ( 1.000000000000000000, -0.000000000000000000, 0.000000000000000000 ) ) ;
#3198 = AXIS2_PLACEMENT_3D ( 'NONE', #2556, #2597, #3599 ) ;
#3199 = AXIS2_PLACEMENT_3D ( 'NONE', #4245, #4294, #342 ) ;
#3200 = STYLED_ITEM ( 'NONE', ( #1867 ), #466 ) ;
#3201 = EDGE_CURVE ( 'NONE', #3216, #204, #1569, .T. ) ;
#3202 = DIRECTION ( 'NONE',  ( 0.000000000000000000, 0.000000000000000000, 1.000000000000000000 ) ) ;
#3203 = CARTESIAN_POINT ( 'NONE',  ( -46.12293727264081866, 0.000000000000000000, -10.12335836023587987 ) ) ;
#3204 = EDGE_LOOP ( 'NONE', ( #3195, #2139, #3502, #2470 ) ) ;
#3205 = AXIS2_PLACEMENT_3D ( 'NONE', #2861, #3751, #3405 ) ;
#3206 = ORIENTED_EDGE ( 'NONE', *, *, #1028, .F. ) ;
#3207 = ADVANCED_FACE ( 'NONE', ( #4071 ), #2045, .F. ) ;
#3208 = CIRCLE ( 'NONE', #4018, 8.500000000000010658 ) ;
#3209 = PLANE ( 'NONE',  #60 ) ;
#3210 = DIRECTION ( 'NONE',  ( 0.000000000000000000, 1.000000000000000000, 0.000000000000000000 ) ) ;
#3211 = LINE ( 'NONE', #2156, #2271 ) ;
#3212 = AXIS2_PLACEMENT_3D ( 'NONE', #347, #1067, #2555 ) ;
#3213 = CARTESIAN_POINT ( 'NONE',  ( 20.00000000000000000, -39.31465829649864929, 21.50000000000000355 ) ) ;
#3214 = CARTESIAN_POINT ( 'NONE',  ( 12.00000000000000178, -13.49999999999999822, 21.50000000000000355 ) ) ;
#3215 = LINE ( 'NONE', #2491, #4388 ) ;
#3216 = VERTEX_POINT ( 'NONE', #2695 ) ;
#3217 = EDGE_LOOP ( 'NONE', ( #2114, #4167, #1530, #1771, #1297, #1176 ) ) ;
#3218 = EDGE_CURVE ( 'NONE', #3539, #4482, #3985, .T. ) ;
#3219 = EDGE_LOOP ( 'NONE', ( #4400, #13, #2794, #307 ) ) ;
#3220 = CARTESIAN_POINT ( 'NONE',  ( 18.59150718393674495, -22.00000000000000000, -30.00000000000000711 ) ) ;
#3221 = LINE ( 'NONE', #2825, #2134 ) ;
#3222 = EDGE_LOOP ( 'NONE', ( #74, #853, #2048, #1794, #3887, #2196, #4310, #3966 ) ) ;
#3223 = CARTESIAN_POINT ( 'NONE',  ( -18.59150718393674850, 15.00000000000000000, -26.50000000000000711 ) ) ;
#3224 = LINE ( 'NONE', #1436, #4539 ) ;
#3225 = PLANE ( 'NONE',  #3199 ) ;
#3226 = EDGE_LOOP ( 'NONE', ( #414, #1413, #4352, #3072 ) ) ;
#3227 = VERTEX_POINT ( 'NONE', #2069 ) ;
#3228 = CARTESIAN_POINT ( 'NONE',  ( -44.50000000000001421, -22.00000000000000355, -31.50000000000001421 ) ) ;
#3229 = CYLINDRICAL_SURFACE ( 'NONE', #2713, 4.600000000000001421 ) ;
#3230 = CARTESIAN_POINT ( 'NONE',  ( 45.51999363167539059, 2.327264388437333409, 4.359088851671770293 ) ) ;
#3231 = EDGE_CURVE ( 'NONE', #1185, #1406, #3748, .T. ) ;
#3232 = LINE ( 'NONE', #3213, #2909 ) ;
#3233 = CARTESIAN_POINT ( 'NONE',  ( 22.50000000000000000, -39.31465829649864929, 24.30000000000000782 ) ) ;
#3234 = CARTESIAN_POINT ( 'NONE',  ( 12.00000000000000178, -39.31465829649864929, 24.30000000000000782 ) ) ;
#3235 = ORIENTED_EDGE ( 'NONE', *, *, #3163, .T. ) ;
#3236 = ORIENTED_EDGE ( 'NONE', *, *, #3668, .T. ) ;
#3237 = ADVANCED_FACE ( 'NONE', ( #4469 ), #535, .F. ) ;
#3238 = ORIENTED_EDGE ( 'NONE', *, *, #191, .F. ) ;
#3239 = LINE ( 'NONE', #1584, #1513 ) ;
#3240 = AXIS2_PLACEMENT_3D ( 'NONE', #1235, #832, #2519 ) ;
#3241 = PLANE ( 'NONE',  #1746 ) ;
#3242 = AXIS2_PLACEMENT_3D ( 'NONE', #3382, #893, #2337 ) ;
#3243 = DIRECTION ( 'NONE',  ( 0.000000000000000000, 0.000000000000000000, 1.000000000000000000 ) ) ;
#3244 = VECTOR ( 'NONE', #730, 1000.000000000000000 ) ;
#3245 = AXIS2_PLACEMENT_3D ( 'NONE', #1307, #3792, #953 ) ;
#3246 = CARTESIAN_POINT ( 'NONE',  ( 46.12432983716945500, 4.000000000000000000, -10.13115200650949710 ) ) ;
#3247 = FACE_OUTER_BOUND ( 'NONE', #4234, .T. ) ;
#3248 = EDGE_CURVE ( 'NONE', #3817, #4468, #4363, .T. ) ;
#3249 = ORIENTED_EDGE ( 'NONE', *, *, #1493, .T. ) ;
#3250 = ORIENTED_EDGE ( 'NONE', *, *, #4081, .T. ) ;
#3251 = AXIS2_PLACEMENT_3D ( 'NONE', #2402, #910, #4214 ) ;
#3252 = DIRECTION ( 'NONE',  ( -0.000000000000000000, 1.000000000000000000, -0.000000000000000000 ) ) ;
#3253 = DIRECTION ( 'NONE',  ( 1.000000000000000000, 0.000000000000000000, 0.000000000000000000 ) ) ;
#3254 = DIRECTION ( 'NONE',  ( 1.000000000000000000, 0.000000000000000000, 4.885258803315056063E-16 ) ) ;
#3255 = LINE ( 'NONE', #3410, #2425 ) ;
#3256 = ADVANCED_FACE ( 'NONE', ( #885, #2723 ), #4542, .F. ) ;
#3257 = DIRECTION ( 'NONE',  ( 0.000000000000000000, 0.000000000000000000, 1.000000000000000000 ) ) ;
#3258 = DIRECTION ( 'NONE',  ( -0.000000000000000000, -1.000000000000000000, -0.000000000000000000 ) ) ;
#3259 = CARTESIAN_POINT ( 'NONE',  ( -51.68556701030929901, -22.00000000000000000, 24.45933631058685620 ) ) ;
#3260 = EDGE_LOOP ( 'NONE', ( #956, #1690, #1575, #95, #3283 ) ) ;
#3261 = ORIENTED_EDGE ( 'NONE', *, *, #2718, .F. ) ;
#3262 = ORIENTED_EDGE ( 'NONE', *, *, #3383, .F. ) ;
#3263 = LINE ( 'NONE', #1481, #400 ) ;
#3264 = VERTEX_POINT ( 'NONE', #213 ) ;
#3265 = DIRECTION ( 'NONE',  ( -0.000000000000000000, -1.000000000000000000, -0.000000000000000000 ) ) ;
#3266 = VECTOR ( 'NONE', #1496, 1000.000000000000000 ) ;
#3267 = DIRECTION ( 'NONE',  ( -1.000000000000000000, 0.000000000000000000, 0.000000000000000000 ) ) ;
#3268 = DIRECTION ( 'NONE',  ( 0.000000000000000000, 1.000000000000000000, 0.000000000000000000 ) ) ;
#3269 = VERTEX_POINT ( 'NONE', #1640 ) ;
#3270 = ORIENTED_EDGE ( 'NONE', *, *, #3823, .F. ) ;
#3271 = CIRCLE ( 'NONE', #2458, 4.999999999999997335 ) ;
#3272 = EDGE_CURVE ( 'NONE', #2783, #3227, #3800, .T. ) ;
#3273 = VECTOR ( 'NONE', #1301, 1000.000000000000000 ) ;
#3274 = DIRECTION ( 'NONE',  ( 0.000000000000000000, 0.000000000000000000, -1.000000000000000000 ) ) ;
#3275 = LINE ( 'NONE', #808, #4132 ) ;
#3276 = AXIS2_PLACEMENT_3D ( 'NONE', #81, #1092, #3645 ) ;
#3277 = AXIS2_PLACEMENT_3D ( 'NONE', #1425, #3928, #2538 ) ;
#3278 = ORIENTED_EDGE ( 'NONE', *, *, #2247, .F. ) ;
#3279 = DIRECTION ( 'NONE',  ( 0.000000000000000000, 1.000000000000000000, 0.000000000000000000 ) ) ;
#3280 = DIRECTION ( 'NONE',  ( 0.000000000000000000, 0.000000000000000000, 1.000000000000000000 ) ) ;
#3281 = ORIENTED_EDGE ( 'NONE', *, *, #1725, .F. ) ;
#3282 = AXIS2_PLACEMENT_3D ( 'NONE', #3363, #1626, #1986 ) ;
#3283 = ORIENTED_EDGE ( 'NONE', *, *, #2774, .T. ) ;
#3284 = ORIENTED_EDGE ( 'NONE', *, *, #536, .F. ) ;
#3285 = CARTESIAN_POINT ( 'NONE',  ( 12.49999999999999467, -7.000000000000000000, 30.00000000000001066 ) ) ;
#3286 = CARTESIAN_POINT ( 'NONE',  ( 42.04188619865061582, 3.800000000000014477, 4.999999999999999112 ) ) ;
#3287 = ORIENTED_EDGE ( 'NONE', *, *, #1737, .T. ) ;
#3288 = DIRECTION ( 'NONE',  ( 0.000000000000000000, 1.000000000000000000, 0.000000000000000000 ) ) ;
#3289 = CARTESIAN_POINT ( 'NONE',  ( -18.59150718393674495, 15.00000000000000000, 70.00000000000000000 ) ) ;
#3290 = ORIENTED_EDGE ( 'NONE', *, *, #3754, .F. ) ;
#3291 = EDGE_LOOP ( 'NONE', ( #2403, #4284, #1206, #4313 ) ) ;
#3292 = EDGE_CURVE ( 'NONE', #45, #793, #1339, .T. ) ;
#3293 =( LENGTH_UNIT ( ) NAMED_UNIT ( * ) SI_UNIT ( .MILLI., .METRE. ) );
#3294 = CARTESIAN_POINT ( 'NONE',  ( 1.000000000000005995, -7.000000000000000000, -20.00000000000000355 ) ) ;
#3295 = DIRECTION ( 'NONE',  ( -0.000000000000000000, -1.000000000000000000, -0.000000000000000000 ) ) ;
#3296 = EDGE_CURVE ( 'NONE', #1241, #3513, #1265, .T. ) ;
#3297 = CARTESIAN_POINT ( 'NONE',  ( 45.67077626419153091, 0.000000000000000000, 20.58101651390111542 ) ) ;
#3298 = CARTESIAN_POINT ( 'NONE',  ( 44.50000000000001421, -2.999999999999998224, -24.00000000000001066 ) ) ;
#3299 = FACE_BOUND ( 'NONE', #2418, .T. ) ;
#3300 = ORIENTED_EDGE ( 'NONE', *, *, #3978, .F. ) ;
#3301 = EDGE_CURVE ( 'NONE', #1340, #3576, #1378, .T. ) ;
#3302 = VERTEX_POINT ( 'NONE', #1612 ) ;
#3303 = ORIENTED_EDGE ( 'NONE', *, *, #3955, .T. ) ;
#3304 = CYLINDRICAL_SURFACE ( 'NONE', #3844, 4.599999999999999645 ) ;
#3305 = DIRECTION ( 'NONE',  ( 0.000000000000000000, 0.000000000000000000, -1.000000000000000000 ) ) ;
#3306 = ORIENTED_EDGE ( 'NONE', *, *, #1358, .F. ) ;
#3307 = CARTESIAN_POINT ( 'NONE',  ( -18.59150718393674850, -22.00000000000000000, 30.00000000000001066 ) ) ;
#3308 = AXIS2_PLACEMENT_3D ( 'NONE', #629, #1636, #3446 ) ;
#3309 = EDGE_CURVE ( 'NONE', #3086, #2189, #3497, .T. ) ;
#3310 = DIRECTION ( 'NONE',  ( 1.000000000000000000, -0.000000000000000000, -2.312964634635743450E-16 ) ) ;
#3311 = CIRCLE ( 'NONE', #3105, 2.600000000000001421 ) ;
#3312 = DIRECTION ( 'NONE',  ( 0.000000000000000000, -1.000000000000000000, 0.000000000000000000 ) ) ;
#3313 = VECTOR ( 'NONE', #817, 1000.000000000000000 ) ;
#3314 = VERTEX_POINT ( 'NONE', #4142 ) ;
#3315 = CIRCLE ( 'NONE', #1369, 43.50000000000000711 ) ;
#3316 = CARTESIAN_POINT ( 'NONE',  ( -85.50000000000001421, -22.00000000000000000, 3.091507183936761827 ) ) ;
#3317 = AXIS2_PLACEMENT_3D ( 'NONE', #10, #2192, #4290 ) ;
#3318 = VECTOR ( 'NONE', #1225, 1000.000000000000000 ) ;
#3319 = CARTESIAN_POINT ( 'NONE',  ( 15.00000000000000178, 4.000000000000000000, -30.00000000000000000 ) ) ;
#3320 = ORIENTED_EDGE ( 'NONE', *, *, #3512, .T. ) ;
#3321 = DIRECTION ( 'NONE',  ( 0.000000000000000000, 0.000000000000000000, -1.000000000000000000 ) ) ;
#3322 = VECTOR ( 'NONE', #2319, 1000.000000000000000 ) ;
#3323 = VECTOR ( 'NONE', #3522, 1000.000000000000000 ) ;
#3324 = DIRECTION ( 'NONE',  ( -2.167851070390029859E-16, 1.000000000000000000, 0.000000000000000000 ) ) ;
#3325 = CARTESIAN_POINT ( 'NONE',  ( -44.50000000000001421, -2.999999999999999112, -31.50000000000001421 ) ) ;
#3326 = LINE ( 'NONE', #67, #3266 ) ;
#3327 = CARTESIAN_POINT ( 'NONE',  ( -45.67077626419153091, 0.000000000000000000, -20.58101651390110831 ) ) ;
#3328 = VERTEX_POINT ( 'NONE', #2024 ) ;
#3329 = ADVANCED_FACE ( 'NONE', ( #3449 ), #563, .F. ) ;
#3330 = VERTEX_POINT ( 'NONE', #1661 ) ;
#3331 = DIRECTION ( 'NONE',  ( 0.000000000000000000, 0.000000000000000000, 1.000000000000000000 ) ) ;
#3332 = DIRECTION ( 'NONE',  ( -0.000000000000000000, 1.000000000000000000, -0.000000000000000000 ) ) ;
#3333 = VERTEX_POINT ( 'NONE', #3074 ) ;
#3334 = DIRECTION ( 'NONE',  ( -0.000000000000000000, -1.000000000000000000, -0.000000000000000000 ) ) ;
#3335 = DIRECTION ( 'NONE',  ( 0.000000000000000000, 0.000000000000000000, 1.000000000000000000 ) ) ;
#3336 = LINE ( 'NONE', #221, #1072 ) ;
#3337 = DIRECTION ( 'NONE',  ( -0.000000000000000000, -1.000000000000000000, -0.000000000000000000 ) ) ;
#3338 = CIRCLE ( 'NONE', #1318, 43.50000000000000711 ) ;
#3339 = VERTEX_POINT ( 'NONE', #4491 ) ;
#3340 = EDGE_CURVE ( 'NONE', #186, #2189, #3769, .T. ) ;
#3341 = VECTOR ( 'NONE', #2087, 1000.000000000000000 ) ;
#3342 = PLANE ( 'NONE',  #1785 ) ;
#3343 = EDGE_LOOP ( 'NONE', ( #3830, #3737, #4190, #837, #88, #1602, #3900, #2377, #2505, #1806, #2026, #3249 ) ) ;
#3344 = CARTESIAN_POINT ( 'NONE',  ( 12.00000000000000178, 0.000000000000000000, 24.30000000000000782 ) ) ;
#3345 = DIRECTION ( 'NONE',  ( 0.000000000000000000, 1.000000000000000000, 0.000000000000000000 ) ) ;
#3346 = DIRECTION ( 'NONE',  ( 1.000000000000000000, 0.000000000000000000, 0.000000000000000000 ) ) ;
#3347 = FACE_OUTER_BOUND ( 'NONE', #2900, .T. ) ;
#3348 = LINE ( 'NONE', #1565, #1064 ) ;
#3349 = ORIENTED_EDGE ( 'NONE', *, *, #1800, .T. ) ;
#3350 = CIRCLE ( 'NONE', #359, 1.750000000000005107 ) ;
#3351 = VERTEX_POINT ( 'NONE', #2419 ) ;
#3352 = DIRECTION ( 'NONE',  ( -0.000000000000000000, -1.000000000000000000, -0.000000000000000000 ) ) ;
#3353 = CIRCLE ( 'NONE', #3807, 2.500000000000005773 ) ;
#3354 = CARTESIAN_POINT ( 'NONE',  ( -85.50000000000001421, 4.000000000000000000, 3.091507183936761827 ) ) ;
#3355 = EDGE_LOOP ( 'NONE', ( #3574, #791, #2449, #3709, #2830, #2136 ) ) ;
#3356 = EDGE_CURVE ( 'NONE', #413, #4576, #959, .T. ) ;
#3357 = VECTOR ( 'NONE', #1467, 1000.000000000000000 ) ;
#3358 = DIRECTION ( 'NONE',  ( -0.000000000000000000, -1.000000000000000000, -0.000000000000000000 ) ) ;
#3359 = DIRECTION ( 'NONE',  ( 0.000000000000000000, 0.000000000000000000, 1.000000000000000000 ) ) ;
#3360 = LINE ( 'NONE', #1620, #2077 ) ;
#3361 = ORIENTED_EDGE ( 'NONE', *, *, #1743, .T. ) ;
#3362 = FACE_OUTER_BOUND ( 'NONE', #1691, .T. ) ;
#3363 = CARTESIAN_POINT ( 'NONE',  ( 44.50000000000001421, -22.00000000000000355, -29.00000000000000711 ) ) ;
#3364 = ORIENTED_EDGE ( 'NONE', *, *, #2731, .F. ) ;
#3365 = DIRECTION ( 'NONE',  ( 0.000000000000000000, 1.000000000000000000, 0.000000000000000000 ) ) ;
#3366 = CARTESIAN_POINT ( 'NONE',  ( 9.500000000000001776, 4.000000000000000000, 28.00000000000001066 ) ) ;
#3367 = DIRECTION ( 'NONE',  ( 0.000000000000000000, 0.000000000000000000, -1.000000000000000000 ) ) ;
#3368 = DIRECTION ( 'NONE',  ( -0.000000000000000000, -0.000000000000000000, -1.000000000000000000 ) ) ;
#3369 = EDGE_CURVE ( 'NONE', #2082, #4025, #4282, .T. ) ;
#3370 = VERTEX_POINT ( 'NONE', #3558 ) ;
#3371 = ORIENTED_EDGE ( 'NONE', *, *, #2392, .F. ) ;
#3372 = DIRECTION ( 'NONE',  ( 0.000000000000000000, 0.000000000000000000, 1.000000000000000000 ) ) ;
#3373 = ADVANCED_FACE ( 'NONE', ( #3953 ), #675, .F. ) ;
#3374 = DIRECTION ( 'NONE',  ( 0.000000000000000000, -0.000000000000000000, -1.000000000000000000 ) ) ;
#3375 = ORIENTED_EDGE ( 'NONE', *, *, #1006, .F. ) ;
#3376 = ADVANCED_FACE ( 'NONE', ( #2109 ), #698, .T. ) ;
#3377 = LINE ( 'NONE', #4007, #1745 ) ;
#3378 = CARTESIAN_POINT ( 'NONE',  ( -44.50000000000001421, -18.50000000000000000, 31.50000000000001421 ) ) ;
#3379 = CARTESIAN_POINT ( 'NONE',  ( 44.50000000000001421, -42.54163056034263946, 27.25000000000000355 ) ) ;
#3380 = ORIENTED_EDGE ( 'NONE', *, *, #2983, .F. ) ;
#3381 = AXIS2_PLACEMENT_3D ( 'NONE', #17, #650, #2813 ) ;
#3382 = CARTESIAN_POINT ( 'NONE',  ( 44.50000000000001421, -42.54163056034263946, -29.00000000000000711 ) ) ;
#3383 = EDGE_CURVE ( 'NONE', #1948, #2071, #3929, .T. ) ;
#3384 = FACE_OUTER_BOUND ( 'NONE', #3773, .T. ) ;
#3385 = ORIENTED_EDGE ( 'NONE', *, *, #4087, .F. ) ;
#3386 = CARTESIAN_POINT ( 'NONE',  ( 0.000000000000000000, 0.000000000000000000, 24.30000000000000782 ) ) ;
#3387 = ORIENTED_EDGE ( 'NONE', *, *, #2144, .T. ) ;
#3388 = VECTOR ( 'NONE', #1232, 1000.000000000000000 ) ;
#3389 = VECTOR ( 'NONE', #3243, 1000.000000000000000 ) ;
#3390 = VECTOR ( 'NONE', #4045, 1000.000000000000000 ) ;
#3391 = LINE ( 'NONE', #529, #1336 ) ;
#3392 = FACE_OUTER_BOUND ( 'NONE', #1987, .T. ) ;
#3393 = DIRECTION ( 'NONE',  ( 0.000000000000000000, 0.000000000000000000, -1.000000000000000000 ) ) ;
#3394 = DIRECTION ( 'NONE',  ( -0.000000000000000000, 1.000000000000000000, -0.000000000000000000 ) ) ;
#3395 = CIRCLE ( 'NONE', #770, 4.599999999999999645 ) ;
#3396 = ORIENTED_EDGE ( 'NONE', *, *, #3996, .F. ) ;
#3397 = CIRCLE ( 'NONE', #3027, 2.500000000000002220 ) ;
#3398 = ADVANCED_FACE ( 'NONE', ( #1802 ), #1050, .F. ) ;
#3399 = EDGE_LOOP ( 'NONE', ( #4180, #701, #2722, #1374, #2212, #4338 ) ) ;
#3400 = DIRECTION ( 'NONE',  ( 0.000000000000000000, -1.000000000000000000, 0.000000000000000000 ) ) ;
#3401 = ORIENTED_EDGE ( 'NONE', *, *, #2161, .F. ) ;
#3402 = CARTESIAN_POINT ( 'NONE',  ( 0.000000000000000000, 4.000000000000000000, 0.000000000000000000 ) ) ;
#3403 = VERTEX_POINT ( 'NONE', #305 ) ;
#3404 = CARTESIAN_POINT ( 'NONE',  ( 42.03161130906313758, 2.825280675108140738, 4.750988677738580357 ) ) ;
#3405 = DIRECTION ( 'NONE',  ( 0.000000000000000000, 0.000000000000000000, -1.000000000000000000 ) ) ;
#3406 = LINE ( 'NONE', #1954, #4287 ) ;
#3407 = DIRECTION ( 'NONE',  ( 0.000000000000000000, 0.000000000000000000, 1.000000000000000000 ) ) ;
#3408 = ORIENTED_EDGE ( 'NONE', *, *, #1637, .F. ) ;
#3409 = CARTESIAN_POINT ( 'NONE',  ( 0.000000000000000000, -18.50000000000000000, 0.000000000000000000 ) ) ;
#3410 = CARTESIAN_POINT ( 'NONE',  ( 25.50000000000000000, -39.31465829649864929, 21.50000000000000355 ) ) ;
#3411 = CARTESIAN_POINT ( 'NONE',  ( 15.00000000000000178, 4.000000000000000000, -26.50000000000001421 ) ) ;
#3412 = VERTEX_POINT ( 'NONE', #3214 ) ;
#3413 = CARTESIAN_POINT ( 'NONE',  ( 44.50000000000001421, -2.999999999999999112, 29.00000000000000711 ) ) ;
#3414 = VECTOR ( 'NONE', #3617, 1000.000000000000000 ) ;
#3415 = ORIENTED_EDGE ( 'NONE', *, *, #2507, .T. ) ;
#3416 = EDGE_CURVE ( 'NONE', #884, #3314, #330, .T. ) ;
#3417 = CARTESIAN_POINT ( 'NONE',  ( -36.08101651390111186, -9.250000000000001776, 30.17077626419151670 ) ) ;
#3418 = DIRECTION ( 'NONE',  ( 0.000000000000000000, 0.000000000000000000, 1.000000000000000000 ) ) ;
#3419 = CARTESIAN_POINT ( 'NONE',  ( 42.01052253824911986, 2.095440431761825373, -4.053810089921167759 ) ) ;
#3420 = AXIS2_PLACEMENT_3D ( 'NONE', #530, #184, #1966 ) ;
#3421 = AXIS2_PLACEMENT_3D ( 'NONE', #554, #2666, #4440 ) ;
#3422 = EDGE_LOOP ( 'NONE', ( #1568, #2698, #697, #3349 ) ) ;
#3423 = VERTEX_POINT ( 'NONE', #4564 ) ;
#3424 = DIRECTION ( 'NONE',  ( 0.000000000000000000, -0.000000000000000000, 1.000000000000000000 ) ) ;
#3425 = VECTOR ( 'NONE', #4407, 1000.000000000000000 ) ;
#3426 = EDGE_LOOP ( 'NONE', ( #632, #1311, #2854, #187, #2543, #298 ) ) ;
#3427 = VERTEX_POINT ( 'NONE', #3166 ) ;
#3428 = LINE ( 'NONE', #218, #1756 ) ;
#3429 = AXIS2_PLACEMENT_3D ( 'NONE', #4373, #1097, #2883 ) ;
#3430 = DIRECTION ( 'NONE',  ( 1.020425574104003629E-16, 0.000000000000000000, 1.000000000000000000 ) ) ;
#3431 = CARTESIAN_POINT ( 'NONE',  ( -42.00000000000000711, -18.50000000000000355, 3.091507183936761827 ) ) ;
#3432 = DIRECTION ( 'NONE',  ( 0.000000000000000000, 0.000000000000000000, 1.000000000000000000 ) ) ;
#3433 = ADVANCED_FACE ( 'NONE', ( #4585 ), #1780, .F. ) ;
#3434 = EDGE_LOOP ( 'NONE', ( #3733, #2373, #1138, #1146 ) ) ;
#3435 = CIRCLE ( 'NONE', #1412, 1.750000000000005107 ) ;
#3436 = CYLINDRICAL_SURFACE ( 'NONE', #2063, 2.500000000000002220 ) ;
#3437 = FACE_OUTER_BOUND ( 'NONE', #3869, .T. ) ;
#3438 = VECTOR ( 'NONE', #222, 1000.000000000000000 ) ;
#3439 = PLANE ( 'NONE',  #960 ) ;
#3440 = ORIENTED_EDGE ( 'NONE', *, *, #1637, .T. ) ;
#3441 = FACE_OUTER_BOUND ( 'NONE', #1167, .T. ) ;
#3442 = ORIENTED_EDGE ( 'NONE', *, *, #2992, .T. ) ;
#3443 = EDGE_CURVE ( 'NONE', #1054, #3333, #2816, .T. ) ;
#3444 = DIRECTION ( 'NONE',  ( 0.000000000000000000, -1.000000000000000000, 0.000000000000000000 ) ) ;
#3445 = DIRECTION ( 'NONE',  ( -0.000000000000000000, -1.000000000000000000, -0.000000000000000000 ) ) ;
#3446 = DIRECTION ( 'NONE',  ( -1.000000000000000000, 0.000000000000000000, 9.770517606630112126E-16 ) ) ;
#3447 = ORIENTED_EDGE ( 'NONE', *, *, #4323, .F. ) ;
#3448 = EDGE_LOOP ( 'NONE', ( #4178, #3303, #578, #2073 ) ) ;
#3449 = FACE_OUTER_BOUND ( 'NONE', #1733, .T. ) ;
#3450 = ADVANCED_FACE ( 'NONE', ( #3603, #1450 ), #4231, .T. ) ;
#3451 = ORIENTED_EDGE ( 'NONE', *, *, #1631, .T. ) ;
#3452 = VERTEX_POINT ( 'NONE', #2159 ) ;
#3453 = CARTESIAN_POINT ( 'NONE',  ( 42.57339518699360070, 4.000000000000000000, 10.13115200650950065 ) ) ;
#3454 = CARTESIAN_POINT ( 'NONE',  ( 45.50000000000001421, 15.00000000000000000, 30.00000000000001066 ) ) ;
#3455 = DIRECTION ( 'NONE',  ( 0.000000000000000000, 1.000000000000000000, 0.000000000000000000 ) ) ;
#3456 = CARTESIAN_POINT ( 'NONE',  ( -44.50000000000001421, -42.54163056034263946, 27.25000000000000355 ) ) ;
#3457 = ORIENTED_EDGE ( 'NONE', *, *, #1605, .F. ) ;
#3458 = DIRECTION ( 'NONE',  ( 0.000000000000000000, 0.000000000000000000, 1.000000000000000000 ) ) ;
#3459 = DIRECTION ( 'NONE',  ( 0.000000000000000000, -1.000000000000000000, -0.000000000000000000 ) ) ;
#3460 = EDGE_CURVE ( 'NONE', #848, #4576, #3189, .T. ) ;
#3461 = DIRECTION ( 'NONE',  ( 0.000000000000000000, 1.000000000000000000, 0.000000000000000000 ) ) ;
#3462 = ORIENTED_EDGE ( 'NONE', *, *, #354, .F. ) ;
#3463 = CARTESIAN_POINT ( 'NONE',  ( 1.000000000000005995, -7.000000000000000000, -30.00000000000000711 ) ) ;
#3464 = VERTEX_POINT ( 'NONE', #2092 ) ;
#3465 = EDGE_CURVE ( 'NONE', #3513, #2705, #1360, .T. ) ;
#3466 = DIRECTION ( 'NONE',  ( 0.000000000000000000, 0.000000000000000000, -1.000000000000000000 ) ) ;
#3467 = AXIS2_PLACEMENT_3D ( 'NONE', #1381, #739, #4605 ) ;
#3468 = CYLINDRICAL_SURFACE ( 'NONE', #1023, 2.000000000000000000 ) ;
#3469 = CARTESIAN_POINT ( 'NONE',  ( 42.01835741482185682, 2.326418474242506917, -4.358171937333449542 ) ) ;
#3470 = AXIS2_PLACEMENT_3D ( 'NONE', #1203, #2320, #851 ) ;
#3471 = AXIS2_PLACEMENT_3D ( 'NONE', #1175, #751, #3305 ) ;
#3472 = ORIENTED_EDGE ( 'NONE', *, *, #963, .T. ) ;
#3473 = CIRCLE ( 'NONE', #2804, 40.00000000000000000 ) ;
#3474 = ORIENTED_EDGE ( 'NONE', *, *, #4550, .T. ) ;
#3475 = DIRECTION ( 'NONE',  ( -1.000000000000000000, 1.334402673828313339E-16, -0.000000000000000000 ) ) ;
#3476 = ORIENTED_EDGE ( 'NONE', *, *, #1767, .T. ) ;
#3477 = VERTEX_POINT ( 'NONE', #2471 ) ;
#3478 = AXIS2_PLACEMENT_3D ( 'NONE', #3752, #3707, #2681 ) ;
#3479 = EDGE_CURVE ( 'NONE', #2996, #4420, #4275, .T. ) ;
#3480 = CARTESIAN_POINT ( 'NONE',  ( 42.57339518699360070, 4.000000000000000000, 10.13115200650950065 ) ) ;
#3481 = ORIENTED_EDGE ( 'NONE', *, *, #4116, .T. ) ;
#3482 = CIRCLE ( 'NONE', #4291, 8.500000000000010658 ) ;
#3483 = DIRECTION ( 'NONE',  ( 0.000000000000000000, 0.000000000000000000, 1.000000000000000000 ) ) ;
#3484 = LINE ( 'NONE', #7, #836 ) ;
#3485 = FACE_OUTER_BOUND ( 'NONE', #2240, .T. ) ;
#3486 = CARTESIAN_POINT ( 'NONE',  ( 55.50000000000001421, 1.800000000000000044, 2.999999999999984901 ) ) ;
#3487 = CARTESIAN_POINT ( 'NONE',  ( -46.12432983716945500, 4.000000000000000000, 10.13115200650949888 ) ) ;
#3488 = DIRECTION ( 'NONE',  ( -0.000000000000000000, -1.000000000000000000, 0.000000000000000000 ) ) ;
#3489 = VERTEX_POINT ( 'NONE', #397 ) ;
#3490 = ADVANCED_FACE ( 'NONE', ( #4610 ), #1407, .T. ) ;
#3491 = FACE_OUTER_BOUND ( 'NONE', #3355, .T. ) ;
#3492 = FACE_OUTER_BOUND ( 'NONE', #1852, .T. ) ;
#3493 = CARTESIAN_POINT ( 'NONE',  ( 44.50000000000001421, -22.00000000000000355, -26.50000000000000711 ) ) ;
#3494 = VECTOR ( 'NONE', #4342, 1000.000000000000000 ) ;
#3495 = AXIS2_PLACEMENT_3D ( 'NONE', #901, #928, #3393 ) ;
#3496 = ORIENTED_EDGE ( 'NONE', *, *, #2731, .T. ) ;
#3497 = LINE ( 'NONE', #3774, #4137 ) ;
#3498 = VERTEX_POINT ( 'NONE', #2841 ) ;
#3499 = ORIENTED_EDGE ( 'NONE', *, *, #487, .F. ) ;
#3500 = EDGE_CURVE ( 'NONE', #2828, #1662, #3473, .T. ) ;
#3501 = DIRECTION ( 'NONE',  ( 0.000000000000000000, 1.000000000000000000, 0.000000000000000000 ) ) ;
#3502 = ORIENTED_EDGE ( 'NONE', *, *, #618, .F. ) ;
#3503 = DIRECTION ( 'NONE',  ( 0.000000000000000000, -1.000000000000000000, 0.000000000000000000 ) ) ;
#3504 = DIRECTION ( 'NONE',  ( -0.000000000000000000, 1.000000000000000000, -0.000000000000000000 ) ) ;
#3505 = EDGE_CURVE ( 'NONE', #1904, #3477, #3395, .T. ) ;
#3506 = CARTESIAN_POINT ( 'NONE',  ( 45.67077626419153091, -18.50000000000000000, 20.58101651390110831 ) ) ;
#3507 = VECTOR ( 'NONE', #3532, 1000.000000000000000 ) ;
#3508 = FACE_OUTER_BOUND ( 'NONE', #3426, .T. ) ;
#3509 = PLANE ( 'NONE',  #2154 ) ;
#3510 = CARTESIAN_POINT ( 'NONE',  ( 1.000000000000005995, 3.999999999999999112, -30.00000000000000711 ) ) ;
#3511 = VECTOR ( 'NONE', #201, 1000.000000000000000 ) ;
#3512 = EDGE_CURVE ( 'NONE', #3915, #2016, #4417, .T. ) ;
#3513 = VERTEX_POINT ( 'NONE', #1118 ) ;
#3514 = DIRECTION ( 'NONE',  ( 0.000000000000000000, -1.000000000000000000, 0.000000000000000000 ) ) ;
#3515 = DIRECTION ( 'NONE',  ( -0.000000000000000000, -1.000000000000000000, -0.000000000000000000 ) ) ;
#3516 = LINE ( 'NONE', #1822, #3977 ) ;
#3517 = ADVANCED_FACE ( 'NONE', ( #110, #1139 ), #1563, .T. ) ;
#3518 = VERTEX_POINT ( 'NONE', #3325 ) ;
#3519 = DIRECTION ( 'NONE',  ( 0.000000000000000000, 1.000000000000000000, 0.000000000000000000 ) ) ;
#3520 = EDGE_LOOP ( 'NONE', ( #3116, #3149 ) ) ;
#3521 = ORIENTED_EDGE ( 'NONE', *, *, #1383, .T. ) ;
#3522 = DIRECTION ( 'NONE',  ( 0.000000000000000000, 1.000000000000000000, 0.000000000000000000 ) ) ;
#3523 = ORIENTED_EDGE ( 'NONE', *, *, #1465, .F. ) ;
#3524 = CARTESIAN_POINT ( 'NONE',  ( 44.50000000000001421, 0.000000000000000000, 29.00000000000000711 ) ) ;
#3525 = CARTESIAN_POINT ( 'NONE',  ( -44.50000000000001421, -2.999999999999998224, -29.00000000000000711 ) ) ;
#3526 = PRODUCT_RELATED_PRODUCT_CATEGORY ( 'part', '', ( #4595 ) ) ;
#3527 = LINE ( 'NONE', #2457, #398 ) ;
#3528 = DIRECTION ( 'NONE',  ( -9.730402945708984762E-15, 0.000000000000000000, -1.000000000000000000 ) ) ;
#3529 = CARTESIAN_POINT ( 'NONE',  ( -3.500000000000016875, -18.50000000000000000, 20.00000000000001066 ) ) ;
#3530 = EDGE_LOOP ( 'NONE', ( #329, #4256 ) ) ;
#3531 = ADVANCED_FACE ( 'NONE', ( #765 ), #1537, .F. ) ;
#3532 = DIRECTION ( 'NONE',  ( 0.000000000000000000, 1.000000000000000000, 1.084202172485504434E-16 ) ) ;
#3533 = CARTESIAN_POINT ( 'NONE',  ( 44.50000000000001421, -2.999999999999998224, -34.00000000000000000 ) ) ;
#3534 = DIRECTION ( 'NONE',  ( -1.000000000000000000, 0.000000000000000000, -0.000000000000000000 ) ) ;
#3535 = ORIENTED_EDGE ( 'NONE', *, *, #1465, .T. ) ;
#3536 = DIRECTION ( 'NONE',  ( -1.000000000000000000, 0.000000000000000000, 0.000000000000000000 ) ) ;
#3537 = LINE ( 'NONE', #194, #3801 ) ;
#3538 = ORIENTED_EDGE ( 'NONE', *, *, #1571, .T. ) ;
#3539 = VERTEX_POINT ( 'NONE', #830 ) ;
#3540 = ADVANCED_FACE ( 'NONE', ( #2978, #66, #1872, #3625 ), #3696, .F. ) ;
#3541 = AXIS2_PLACEMENT_3D ( 'NONE', #1460, #4316, #1110 ) ;
#3542 = AXIS2_PLACEMENT_3D ( 'NONE', #615, #2498, #2055 ) ;
#3543 = ORIENTED_EDGE ( 'NONE', *, *, #840, .T. ) ;
#3544 = DIRECTION ( 'NONE',  ( 0.000000000000000000, -1.000000000000000000, 0.000000000000000000 ) ) ;
#3545 = DIRECTION ( 'NONE',  ( -0.000000000000000000, 1.000000000000000000, -0.000000000000000000 ) ) ;
#3546 = AXIS2_PLACEMENT_3D ( 'NONE', #3233, #2860, #2513 ) ;
#3547 = EDGE_CURVE ( 'NONE', #3489, #3539, #2911, .T. ) ;
#3548 = CARTESIAN_POINT ( 'NONE',  ( -44.50000000000001421, -19.99999999999999645, -29.00000000000000711 ) ) ;
#3549 = VECTOR ( 'NONE', #1158, 1000.000000000000000 ) ;
#3550 = FACE_OUTER_BOUND ( 'NONE', #2166, .T. ) ;
#3551 = DIRECTION ( 'NONE',  ( -0.000000000000000000, -1.000000000000000000, -0.000000000000000000 ) ) ;
#3552 = VERTEX_POINT ( 'NONE', #2648 ) ;
#3553 = ORIENTED_EDGE ( 'NONE', *, *, #3633, .T. ) ;
#3554 = DIRECTION ( 'NONE',  ( -0.000000000000000000, 1.000000000000000000, -0.000000000000000000 ) ) ;
#3555 = DIRECTION ( 'NONE',  ( -1.000000000000000000, 0.000000000000000000, 0.000000000000000000 ) ) ;
#3556 = CARTESIAN_POINT ( 'NONE',  ( 45.54272409425626478, 3.297361574338143697, 4.939932430496581262 ) ) ;
#3557 = ORIENTED_EDGE ( 'NONE', *, *, #1535, .F. ) ;
#3558 = CARTESIAN_POINT ( 'NONE',  ( -44.50000000000001421, -18.50000000000000000, -27.25000000000000355 ) ) ;
#3559 = PLANE ( 'NONE',  #2982 ) ;
#3560 = EDGE_LOOP ( 'NONE', ( #2562, #2687, #4320, #4034 ) ) ;
#3561 = CIRCLE ( 'NONE', #1466, 1.750000000000005107 ) ;
#3562 = ORIENTED_EDGE ( 'NONE', *, *, #4632, .F. ) ;
#3563 = VECTOR ( 'NONE', #1935, 1000.000000000000000 ) ;
#3564 = VERTEX_POINT ( 'NONE', #2300 ) ;
#3565 = DIRECTION ( 'NONE',  ( -0.000000000000000000, -0.000000000000000000, 1.000000000000000000 ) ) ;
#3566 = LINE ( 'NONE', #4240, #4633 ) ;
#3567 = CIRCLE ( 'NONE', #1322, 2.599999999999998312 ) ;
#3568 = EDGE_LOOP ( 'NONE', ( #422, #1704, #2141, #2164 ) ) ;
#3569 = DIRECTION ( 'NONE',  ( 0.000000000000000000, 0.000000000000000000, 1.000000000000000000 ) ) ;
#3570 = CIRCLE ( 'NONE', #1547, 1.750000000000005107 ) ;
#3571 = EDGE_CURVE ( 'NONE', #1499, #2552, #4583, .T. ) ;
#3572 = DIRECTION ( 'NONE',  ( 0.000000000000000000, -0.000000000000000000, -1.000000000000000000 ) ) ;
#3573 = DIRECTION ( 'NONE',  ( -1.000000000000000000, 0.000000000000000000, 0.000000000000000000 ) ) ;
#3574 = ORIENTED_EDGE ( 'NONE', *, *, #2261, .F. ) ;
#3575 = AXIS2_PLACEMENT_3D ( 'NONE', #788, #3671, #4332 ) ;
#3576 = VERTEX_POINT ( 'NONE', #4395 ) ;
#3577 = AXIS2_PLACEMENT_3D ( 'NONE', #156, #1895, #3324 ) ;
#3578 = FACE_OUTER_BOUND ( 'NONE', #4246, .T. ) ;
#3579 = CARTESIAN_POINT ( 'NONE',  ( -27.50000000000001776, -15.00000000000000178, 22.60000000000000853 ) ) ;
#3580 = CARTESIAN_POINT ( 'NONE',  ( 45.54555525137367766, 3.671779112928804878, 5.000000000000000888 ) ) ;
#3581 = EDGE_CURVE ( 'NONE', #3477, #1904, #2580, .T. ) ;
#3582 = DIRECTION ( 'NONE',  ( 0.000000000000000000, 0.000000000000000000, 1.000000000000000000 ) ) ;
#3583 = CARTESIAN_POINT ( 'NONE',  ( -85.50000000000001421, 4.000000000000000000, 3.091507183936761827 ) ) ;
#3584 = CARTESIAN_POINT ( 'NONE',  ( 46.12432983716944790, 4.000000000000000000, 10.13115200650948999 ) ) ;
#3585 = VERTEX_POINT ( 'NONE', #1515 ) ;
#3586 = ORIENTED_EDGE ( 'NONE', *, *, #840, .F. ) ;
#3587 = EDGE_CURVE ( 'NONE', #3427, #1049, #3688, .T. ) ;
#3588 = EDGE_LOOP ( 'NONE', ( #3364, #4447, #1227, #2607 ) ) ;
#3589 = CARTESIAN_POINT ( 'NONE',  ( -18.59150718393674495, 0.000000000000000000, 70.00000000000000000 ) ) ;
#3590 = CARTESIAN_POINT ( 'NONE',  ( 42.04188619865061582, 3.800000000000014477, -5.000000000000000888 ) ) ;
#3591 = ORIENTED_EDGE ( 'NONE', *, *, #219, .T. ) ;
#3592 = CARTESIAN_POINT ( 'NONE',  ( 44.50000000000001421, -19.99999999999999645, 31.50000000000001421 ) ) ;
#3593 = CARTESIAN_POINT ( 'NONE',  ( -44.50000000000001421, -2.999999999999999112, 29.00000000000000711 ) ) ;
#3594 = DIRECTION ( 'NONE',  ( -0.000000000000000000, -1.000000000000000000, -0.000000000000000000 ) ) ;
#3595 = ORIENTED_EDGE ( 'NONE', *, *, #3978, .T. ) ;
#3596 = ORIENTED_EDGE ( 'NONE', *, *, #177, .T. ) ;
#3597 = EDGE_CURVE ( 'NONE', #3004, #3068, #2279, .T. ) ;
#3598 = DIRECTION ( 'NONE',  ( 0.000000000000000000, 0.000000000000000000, -1.000000000000000000 ) ) ;
#3599 = DIRECTION ( 'NONE',  ( 0.000000000000000000, 0.000000000000000000, 1.000000000000000000 ) ) ;
#3600 = CARTESIAN_POINT ( 'NONE',  ( 45.54104752610578544, 3.174054091736091543, 4.903789621391194231 ) ) ;
#3601 = CARTESIAN_POINT ( 'NONE',  ( -42.00000000000000711, 4.000000000000000000, -3.091507183936765379 ) ) ;
#3602 = DIRECTION ( 'NONE',  ( -1.000000000000000000, 0.000000000000000000, -0.000000000000000000 ) ) ;
#3603 = FACE_OUTER_BOUND ( 'NONE', #1036, .T. ) ;
#3604 = FACE_OUTER_BOUND ( 'NONE', #3219, .T. ) ;
#3605 = VERTEX_POINT ( 'NONE', #43 ) ;
#3606 = ORIENTED_EDGE ( 'NONE', *, *, #314, .F. ) ;
#3607 = AXIS2_PLACEMENT_3D ( 'NONE', #1432, #4419, #1788 ) ;
#3608 = ORIENTED_EDGE ( 'NONE', *, *, #314, .T. ) ;
#3609 = DIRECTION ( 'NONE',  ( 0.000000000000000000, 0.000000000000000000, 1.000000000000000000 ) ) ;
#3610 = ORIENTED_EDGE ( 'NONE', *, *, #3765, .F. ) ;
#3611 = CIRCLE ( 'NONE', #2272, 40.00000000000000000 ) ;
#3612 = CIRCLE ( 'NONE', #2870, 1.750000000000005107 ) ;
#3613 = EDGE_CURVE ( 'NONE', #1108, #332, #176, .T. ) ;
#3614 = PLANE ( 'NONE',  #2796 ) ;
#3615 = VECTOR ( 'NONE', #188, 1000.000000000000000 ) ;
#3616 = CARTESIAN_POINT ( 'NONE',  ( 44.50000000000001421, 0.000000000000000000, -20.49999999999999645 ) ) ;
#3617 = DIRECTION ( 'NONE',  ( -0.000000000000000000, 1.000000000000000000, -0.000000000000000000 ) ) ;
#3618 = ORIENTED_EDGE ( 'NONE', *, *, #1655, .F. ) ;
#3619 = ORIENTED_EDGE ( 'NONE', *, *, #2306, .T. ) ;
#3620 = CIRCLE ( 'NONE', #1677, 40.00000000000000000 ) ;
#3621 = DIRECTION ( 'NONE',  ( 0.000000000000000000, 0.000000000000000000, 1.000000000000000000 ) ) ;
#3622 = CARTESIAN_POINT ( 'NONE',  ( -11.99999999999999645, 4.000000000000000000, -26.50000000000000711 ) ) ;
#3623 = EDGE_CURVE ( 'NONE', #3412, #2256, #3649, .T. ) ;
#3624 = CARTESIAN_POINT ( 'NONE',  ( 44.50000000000001421, -18.50000000000000000, -20.49999999999999645 ) ) ;
#3625 = FACE_OUTER_BOUND ( 'NONE', #3628, .T. ) ;
#3626 = DIRECTION ( 'NONE',  ( 0.000000000000000000, -1.084202172485504434E-16, 1.000000000000000000 ) ) ;
#3627 = VERTEX_POINT ( 'NONE', #4040 ) ;
#3628 = EDGE_LOOP ( 'NONE', ( #446, #948, #1947, #1630, #596, #3167, #1763, #2868, #4484, #3619, #814, #1390, #1832, #1114, #3825, #3933, #3474, #1287 ) ) ;
#3629 = VERTEX_POINT ( 'NONE', #3298 ) ;
#3630 = DIRECTION ( 'NONE',  ( 0.000000000000000000, -0.000000000000000000, 1.000000000000000000 ) ) ;
#3631 = FACE_OUTER_BOUND ( 'NONE', #3759, .T. ) ;
#3632 = ORIENTED_EDGE ( 'NONE', *, *, #1718, .T. ) ;
#3633 = EDGE_CURVE ( 'NONE', #3701, #3789, #97, .T. ) ;
#3634 = CARTESIAN_POINT ( 'NONE',  ( -44.50000000000001421, -22.00000000000000000, -29.00000000000000711 ) ) ;
#3635 = CARTESIAN_POINT ( 'NONE',  ( -15.50000000000001776, -15.00000000000000178, 24.60000000000001208 ) ) ;
#3636 = EDGE_CURVE ( 'NONE', #3412, #1728, #2954, .T. ) ;
#3637 = DIRECTION ( 'NONE',  ( 0.000000000000000000, 0.000000000000000000, -1.000000000000000000 ) ) ;
#3638 = CIRCLE ( 'NONE', #3421, 43.50000000000000711 ) ;
#3639 = ORIENTED_EDGE ( 'NONE', *, *, #1566, .F. ) ;
#3640 = ORIENTED_EDGE ( 'NONE', *, *, #2918, .F. ) ;
#3641 = AXIS2_PLACEMENT_3D ( 'NONE', #3529, #2440, #1375 ) ;
#3642 = EDGE_CURVE ( 'NONE', #1315, #1014, #2252, .T. ) ;
#3643 = FACE_OUTER_BOUND ( 'NONE', #3291, .T. ) ;
#3644 = CIRCLE ( 'NONE', #1623, 2.500000000000002220 ) ;
#3645 = DIRECTION ( 'NONE',  ( 0.000000000000000000, 0.000000000000000000, -1.000000000000000000 ) ) ;
#3646 = DIRECTION ( 'NONE',  ( 0.000000000000000000, 0.000000000000000000, -1.000000000000000000 ) ) ;
#3647 = AXIS2_PLACEMENT_3D ( 'NONE', #4603, #2811, #4201 ) ;
#3648 = ORIENTED_EDGE ( 'NONE', *, *, #3623, .F. ) ;
#3649 = LINE ( 'NONE', #3719, #842 ) ;
#3650 = DIRECTION ( 'NONE',  ( -1.000000000000000000, 0.000000000000000000, 0.000000000000000000 ) ) ;
#3651 = EDGE_LOOP ( 'NONE', ( #4, #2260, #1915, #3041 ) ) ;
#3652 = AXIS2_PLACEMENT_3D ( 'NONE', #4457, #4413, #1532 ) ;
#3653 = VERTEX_POINT ( 'NONE', #1849 ) ;
#3654 = EDGE_CURVE ( 'NONE', #976, #2068, #2651, .T. ) ;
#3655 = VERTEX_POINT ( 'NONE', #4512 ) ;
#3656 = CARTESIAN_POINT ( 'NONE',  ( -44.50000000000001421, -6.000000000000001776, -29.00000000000000711 ) ) ;
#3657 = CARTESIAN_POINT ( 'NONE',  ( -14.99999999999998934, 4.000000000000000000, 30.00000000000000711 ) ) ;
#3658 = ORIENTED_EDGE ( 'NONE', *, *, #618, .T. ) ;
#3659 = EDGE_CURVE ( 'NONE', #3126, #4543, #921, .T. ) ;
#3660 = DIRECTION ( 'NONE',  ( 0.000000000000000000, -1.000000000000000000, 0.000000000000000000 ) ) ;
#3661 = FACE_OUTER_BOUND ( 'NONE', #2741, .T. ) ;
#3662 = CARTESIAN_POINT ( 'NONE',  ( -15.50000000000001776, -15.00000000000000178, 20.00000000000001066 ) ) ;
#3663 = ORIENTED_EDGE ( 'NONE', *, *, #4453, .F. ) ;
#3664 = CARTESIAN_POINT ( 'NONE',  ( 85.50000000000001421, 4.000000000000000000, 3.091507183936761827 ) ) ;
#3665 = CARTESIAN_POINT ( 'NONE',  ( -27.50000000000001776, -15.00000000000000178, 20.00000000000001066 ) ) ;
#3666 = LINE ( 'NONE', #2178, #2599 ) ;
#3667 = CARTESIAN_POINT ( 'NONE',  ( -46.12293727264081866, 4.000000000000000000, -10.12335836023587987 ) ) ;
#3668 = EDGE_CURVE ( 'NONE', #1659, #735, #625, .T. ) ;
#3669 = FACE_BOUND ( 'NONE', #1567, .T. ) ;
#3670 = CARTESIAN_POINT ( 'NONE',  ( 25.50000000000000000, -18.50000000000000000, 30.00000000000000711 ) ) ;
#3671 = DIRECTION ( 'NONE',  ( -0.000000000000000000, 1.000000000000000000, -0.000000000000000000 ) ) ;
#3672 = CYLINDRICAL_SURFACE ( 'NONE', #2790, 4.599999999999999645 ) ;
#3673 = ORIENTED_EDGE ( 'NONE', *, *, #365, .T. ) ;
#3674 = ORIENTED_EDGE ( 'NONE', *, *, #412, .F. ) ;
#3675 = ORIENTED_EDGE ( 'NONE', *, *, #1946, .F. ) ;
#3676 = CARTESIAN_POINT ( 'NONE',  ( 9.500000000000001776, -39.31465829649864929, 24.30000000000000782 ) ) ;
#3677 = DIRECTION ( 'NONE',  ( 0.000000000000000000, 1.000000000000000000, 0.000000000000000000 ) ) ;
#3678 = ADVANCED_FACE ( 'NONE', ( #3392 ), #4051, .F. ) ;
#3679 = ORIENTED_EDGE ( 'NONE', *, *, #651, .T. ) ;
#3680 = DIRECTION ( 'NONE',  ( -0.000000000000000000, 1.000000000000000000, -0.000000000000000000 ) ) ;
#3681 = AXIS2_PLACEMENT_3D ( 'NONE', #2650, #4067, #750 ) ;
#3682 = LINE ( 'NONE', #4099, #4317 ) ;
#3683 = DIRECTION ( 'NONE',  ( 0.000000000000000000, 0.000000000000000000, 1.000000000000000000 ) ) ;
#3684 = VECTOR ( 'NONE', #2215, 1000.000000000000000 ) ;
#3685 = EDGE_CURVE ( 'NONE', #2039, #1439, #4476, .T. ) ;
#3686 = ORIENTED_EDGE ( 'NONE', *, *, #2161, .T. ) ;
#3687 = CIRCLE ( 'NONE', #174, 2.500000000000002220 ) ;
#3688 = CIRCLE ( 'NONE', #3846, 2.500000000000005773 ) ;
#3689 = APPLICATION_CONTEXT ( 'automotive_design' ) ;
#3690 = DIRECTION ( 'NONE',  ( -0.000000000000000000, 1.000000000000000000, -0.000000000000000000 ) ) ;
#3691 = ORIENTED_EDGE ( 'NONE', *, *, #4026, .F. ) ;
#3692 = CARTESIAN_POINT ( 'NONE',  ( 12.49999999999999112, 14.99999999999999289, 30.00000000000001066 ) ) ;
#3693 = VECTOR ( 'NONE', #3196, 1000.000000000000000 ) ;
#3694 = CIRCLE ( 'NONE', #468, 43.50000000000001421 ) ;
#3695 = PLANE ( 'NONE',  #134 ) ;
#3696 = PLANE ( 'NONE',  #1001 ) ;
#3697 = DIRECTION ( 'NONE',  ( -0.000000000000000000, -1.000000000000000000, -0.000000000000000000 ) ) ;
#3698 = LINE ( 'NONE', #1105, #319 ) ;
#3699 = EDGE_CURVE ( 'NONE', #1519, #2674, #3397, .T. ) ;
#3700 = ORIENTED_EDGE ( 'NONE', *, *, #3443, .T. ) ;
#3701 = VERTEX_POINT ( 'NONE', #3731 ) ;
#3702 = DIRECTION ( 'NONE',  ( 0.000000000000000000, 0.000000000000000000, 1.000000000000000000 ) ) ;
#3703 = FACE_OUTER_BOUND ( 'NONE', #2410, .T. ) ;
#3704 = ORIENTED_EDGE ( 'NONE', *, *, #1593, .T. ) ;
#3705 = CARTESIAN_POINT ( 'NONE',  ( -0.9999999999999941158, -9.000000000000001776, -30.00000000000000711 ) ) ;
#3706 = FACE_OUTER_BOUND ( 'NONE', #160, .T. ) ;
#3707 = DIRECTION ( 'NONE',  ( -0.000000000000000000, 1.000000000000000000, -0.000000000000000000 ) ) ;
#3708 = CARTESIAN_POINT ( 'NONE',  ( -42.57339518699360070, 0.000000000000000000, 10.13115200650950065 ) ) ;
#3709 = ORIENTED_EDGE ( 'NONE', *, *, #4210, .T. ) ;
#3710 = LINE ( 'NONE', #824, #4430 ) ;
#3711 = EDGE_CURVE ( 'NONE', #4547, #1406, #3406, .T. ) ;
#3712 = VECTOR ( 'NONE', #2019, 1000.000000000000000 ) ;
#3713 = DIRECTION ( 'NONE',  ( 0.000000000000000000, -0.000000000000000000, 1.000000000000000000 ) ) ;
#3714 = ORIENTED_EDGE ( 'NONE', *, *, #903, .T. ) ;
#3715 = DIRECTION ( 'NONE',  ( 0.000000000000000000, 0.000000000000000000, 1.000000000000000000 ) ) ;
#3716 = AXIS2_PLACEMENT_3D ( 'NONE', #1111, #2851, #2550 ) ;
#3717 = CIRCLE ( 'NONE', #1705, 2.500000000000005773 ) ;
#3718 = DIRECTION ( 'NONE',  ( 0.000000000000000000, 0.000000000000000000, -1.000000000000000000 ) ) ;
#3719 = CARTESIAN_POINT ( 'NONE',  ( 12.00000000000000178, -13.49999999999999822, 23.00000000000001066 ) ) ;
#3720 = DIRECTION ( 'NONE',  ( 0.000000000000000000, -1.000000000000000000, 0.000000000000000000 ) ) ;
#3721 = FACE_OUTER_BOUND ( 'NONE', #4473, .T. ) ;
#3722 = EDGE_CURVE ( 'NONE', #1103, #3128, #1826, .T. ) ;
#3723 = ORIENTED_EDGE ( 'NONE', *, *, #2261, .T. ) ;
#3724 = CIRCLE ( 'NONE', #1551, 40.00000000000000000 ) ;
#3725 = ORIENTED_EDGE ( 'NONE', *, *, #1430, .F. ) ;
#3726 = DIRECTION ( 'NONE',  ( 0.000000000000000000, 1.000000000000000000, 0.000000000000000000 ) ) ;
#3727 = AXIS2_PLACEMENT_3D ( 'NONE', #4106, #1959, #3016 ) ;
#3728 = ORIENTED_EDGE ( 'NONE', *, *, #1778, .F. ) ;
#3729 = EDGE_CURVE ( 'NONE', #4253, #3028, #3779, .T. ) ;
#3730 = DIRECTION ( 'NONE',  ( 0.000000000000000000, 0.000000000000000000, 1.000000000000000000 ) ) ;
#3731 = CARTESIAN_POINT ( 'NONE',  ( 45.50000000000002132, 1.802094487897897279, -3.091507183936754721 ) ) ;
#3732 = FACE_OUTER_BOUND ( 'NONE', #3850, .T. ) ;
#3733 = ORIENTED_EDGE ( 'NONE', *, *, #2590, .T. ) ;
#3734 = DIRECTION ( 'NONE',  ( 0.000000000000000000, 1.000000000000000000, 0.000000000000000000 ) ) ;
#3735 = CARTESIAN_POINT ( 'NONE',  ( -3.500000000000016875, -22.00000000000000000, 20.00000000000001066 ) ) ;
#3736 = CARTESIAN_POINT ( 'NONE',  ( -14.99999999999999467, 4.000000000000000000, -29.99999999999999289 ) ) ;
#3737 = ORIENTED_EDGE ( 'NONE', *, *, #3897, .F. ) ;
#3738 = DIRECTION ( 'NONE',  ( -0.000000000000000000, -1.000000000000000000, -0.000000000000000000 ) ) ;
#3739 = CIRCLE ( 'NONE', #4403, 2.600000000000001421 ) ;
#3740 = ADVANCED_FACE ( 'NONE', ( #1596 ), #570, .F. ) ;
#3741 = DIRECTION ( 'NONE',  ( -0.000000000000000000, 1.000000000000000000, -0.000000000000000000 ) ) ;
#3742 = DIRECTION ( 'NONE',  ( 0.000000000000000000, 0.000000000000000000, 1.000000000000000000 ) ) ;
#3743 = CYLINDRICAL_SURFACE ( 'NONE', #3420, 40.00000000000000711 ) ;
#3744 = CARTESIAN_POINT ( 'NONE',  ( 42.00000000000002132, 1.807960926568942250, -3.219591009195656550 ) ) ;
#3745 = ADVANCED_FACE ( 'NONE', ( #4498 ), #1272, .T. ) ;
#3746 = VERTEX_POINT ( 'NONE', #1200 ) ;
#3747 = EDGE_LOOP ( 'NONE', ( #3035, #3270 ) ) ;
#3748 = LINE ( 'NONE', #608, #2056 ) ;
#3749 = ORIENTED_EDGE ( 'NONE', *, *, #3356, .T. ) ;
#3750 = CARTESIAN_POINT ( 'NONE',  ( 42.03389322611450751, 2.937613392918442035, 4.809008754735620172 ) ) ;
#3751 = DIRECTION ( 'NONE',  ( 0.000000000000000000, -1.000000000000000000, 0.000000000000000000 ) ) ;
#3752 = CARTESIAN_POINT ( 'NONE',  ( -44.50000000000001421, -22.00000000000000355, -29.00000000000000711 ) ) ;
#3753 = FACE_OUTER_BOUND ( 'NONE', #4163, .T. ) ;
#3754 = EDGE_CURVE ( 'NONE', #3627, #1940, #30, .T. ) ;
#3755 = ORIENTED_EDGE ( 'NONE', *, *, #2046, .F. ) ;
#3756 = CARTESIAN_POINT ( 'NONE',  ( -44.50000000000001421, -18.50000000000000000, -20.49999999999999645 ) ) ;
#3757 = CIRCLE ( 'NONE', #467, 43.50000000000000711 ) ;
#3758 = DIRECTION ( 'NONE',  ( 0.000000000000000000, 1.000000000000000000, 0.000000000000000000 ) ) ;
#3759 = EDGE_LOOP ( 'NONE', ( #2630, #4618, #4129, #3775 ) ) ;
#3760 = PLANE ( 'NONE',  #1292 ) ;
#3761 = VERTEX_POINT ( 'NONE', #3431 ) ;
#3762 = VECTOR ( 'NONE', #2927, 1000.000000000000000 ) ;
#3763 = VECTOR ( 'NONE', #753, 1000.000000000000000 ) ;
#3764 = AXIS2_PLACEMENT_3D ( 'NONE', #933, #2675, #1996 ) ;
#3765 = EDGE_CURVE ( 'NONE', #2696, #1103, #3336, .T. ) ;
#3766 = LINE ( 'NONE', #3366, #1707 ) ;
#3767 = CARTESIAN_POINT ( 'NONE',  ( 45.50000000000001421, 15.00000000000000000, 30.00000000000001066 ) ) ;
#3768 = DIRECTION ( 'NONE',  ( 0.000000000000000000, 0.000000000000000000, -1.000000000000000000 ) ) ;
#3769 = CIRCLE ( 'NONE', #2872, 3.500000000000004885 ) ;
#3770 = ORIENTED_EDGE ( 'NONE', *, *, #532, .T. ) ;
#3771 = AXIS2_PLACEMENT_3D ( 'NONE', #2005, #2291, #593 ) ;
#3772 = EDGE_CURVE ( 'NONE', #2673, #304, #1553, .T. ) ;
#3773 = EDGE_LOOP ( 'NONE', ( #2281, #4391, #3595, #1810, #547, #234, #757, #1522 ) ) ;
#3774 = CARTESIAN_POINT ( 'NONE',  ( 12.49999999999999467, -7.000000000000000000, 40.00000000000000711 ) ) ;
#3775 = ORIENTED_EDGE ( 'NONE', *, *, #970, .T. ) ;
#3776 = ORIENTED_EDGE ( 'NONE', *, *, #2629, .T. ) ;
#3777 = CARTESIAN_POINT ( 'NONE',  ( 42.01058037264325407, 2.097038405620853307, 4.056448461974560438 ) ) ;
#3778 = DIRECTION ( 'NONE',  ( 0.000000000000000000, 1.000000000000000000, 0.000000000000000000 ) ) ;
#3779 = LINE ( 'NONE', #890, #3103 ) ;
#3780 = FACE_OUTER_BOUND ( 'NONE', #3866, .T. ) ;
#3781 = ADVANCED_FACE ( 'NONE', ( #2637, #3893 ), #988, .F. ) ;
#3782 = VERTEX_POINT ( 'NONE', #4191 ) ;
#3783 = CARTESIAN_POINT ( 'NONE',  ( 18.59150718393674495, 15.00000000000000000, -26.50000000000000711 ) ) ;
#3784 = CARTESIAN_POINT ( 'NONE',  ( 45.50465097219373689, 1.926842986731156948, -3.712394422180031572 ) ) ;
#3785 = EDGE_CURVE ( 'NONE', #1787, #2853, #2753, .T. ) ;
#3786 = CARTESIAN_POINT ( 'NONE',  ( -44.50000000000001421, -2.999999999999999112, 29.00000000000000711 ) ) ;
#3787 = ORIENTED_EDGE ( 'NONE', *, *, #4085, .F. ) ;
#3788 = CYLINDRICAL_SURFACE ( 'NONE', #93, 1.999999999999999556 ) ;
#3789 = VERTEX_POINT ( 'NONE', #3174 ) ;
#3790 = EDGE_CURVE ( 'NONE', #2071, #223, #2133, .T. ) ;
#3791 = CYLINDRICAL_SURFACE ( 'NONE', #4470, 43.50000000000000711 ) ;
#3792 = DIRECTION ( 'NONE',  ( 0.000000000000000000, 1.000000000000000000, 0.000000000000000000 ) ) ;
#3793 = DIRECTION ( 'NONE',  ( 0.000000000000000000, 0.000000000000000000, 1.000000000000000000 ) ) ;
#3794 = LINE ( 'NONE', #584, #2644 ) ;
#3795 = AXIS2_PLACEMENT_3D ( 'NONE', #1380, #2041, #2467 ) ;
#3796 = CIRCLE ( 'NONE', #2378, 4.999999999999993783 ) ;
#3797 = EDGE_LOOP ( 'NONE', ( #2924, #4259, #2391, #2725, #2844, #2606, #3026, #3165, #3958, #4519, #2544, #362, #895, #1957, #2737, #1274, #4568, #3935, #1192, #1951, #998 ) ) ;
#3798 = AXIS2_PLACEMENT_3D ( 'NONE', #4475, #1271, #2752 ) ;
#3799 = EDGE_LOOP ( 'NONE', ( #4002, #1719, #3380, #707 ) ) ;
#3800 = LINE ( 'NONE', #4520, #1296 ) ;
#3801 = VECTOR ( 'NONE', #1427, 1000.000000000000000 ) ;
#3802 = VERTEX_POINT ( 'NONE', #4592 ) ;
#3803 = CARTESIAN_POINT ( 'NONE',  ( -44.50000000000001421, -42.54163056034263946, 29.00000000000000711 ) ) ;
#3804 = ORIENTED_EDGE ( 'NONE', *, *, #3613, .F. ) ;
#3805 = EDGE_CURVE ( 'NONE', #2256, #2032, #4620, .T. ) ;
#3806 = DIRECTION ( 'NONE',  ( -0.000000000000000000, 1.000000000000000000, -0.000000000000000000 ) ) ;
#3807 = AXIS2_PLACEMENT_3D ( 'NONE', #4088, #3741, #1233 ) ;
#3808 = DIRECTION ( 'NONE',  ( 1.000000000000000000, 0.000000000000000000, 0.000000000000000000 ) ) ;
#3809 = CARTESIAN_POINT ( 'NONE',  ( 44.50000000000001421, -18.50000000000000000, -29.00000000000000711 ) ) ;
#3810 = CARTESIAN_POINT ( 'NONE',  ( 45.54555525137367766, 15.00000000000000000, -5.000000000000000000 ) ) ;
#3811 = ORIENTED_EDGE ( 'NONE', *, *, #365, .F. ) ;
#3812 = AXIS2_PLACEMENT_3D ( 'NONE', #2641, #1887, #1184 ) ;
#3813 = EDGE_CURVE ( 'NONE', #4156, #3269, #1694, .T. ) ;
#3814 = CARTESIAN_POINT ( 'NONE',  ( 45.52883712426864093, 2.608916272512797008, -4.611670268787810834 ) ) ;
#3815 = EDGE_CURVE ( 'NONE', #3339, #3145, #696, .T. ) ;
#3816 = FACE_OUTER_BOUND ( 'NONE', #2764, .T. ) ;
#3817 = VERTEX_POINT ( 'NONE', #1740 ) ;
#3818 = CARTESIAN_POINT ( 'NONE',  ( 22.50000000000000000, -13.49999999999999822, 24.30000000000000782 ) ) ;
#3819 = EDGE_LOOP ( 'NONE', ( #2233, #1680 ) ) ;
#3820 = ADVANCED_FACE ( 'NONE', ( #2777, #4216 ), #1015, .F. ) ;
#3821 = CARTESIAN_POINT ( 'NONE',  ( -15.50000000000001776, -11.99999999999999822, 20.00000000000001066 ) ) ;
#3822 = CARTESIAN_POINT ( 'NONE',  ( 42.00269256595925782, 1.885093935354461347, -3.590861593041502875 ) ) ;
#3823 = EDGE_CURVE ( 'NONE', #266, #3370, #844, .T. ) ;
#3824 = ORIENTED_EDGE ( 'NONE', *, *, #3356, .F. ) ;
#3825 = ORIENTED_EDGE ( 'NONE', *, *, #1796, .T. ) ;
#3826 = DIRECTION ( 'NONE',  ( 0.000000000000000000, 1.000000000000000000, 0.000000000000000000 ) ) ;
#3827 = ORIENTED_EDGE ( 'NONE', *, *, #1354, .F. ) ;
#3828 = ORIENTED_EDGE ( 'NONE', *, *, #1971, .T. ) ;
#3829 = FACE_OUTER_BOUND ( 'NONE', #190, .T. ) ;
#3830 = ORIENTED_EDGE ( 'NONE', *, *, #3031, .F. ) ;
#3831 = EDGE_CURVE ( 'NONE', #2384, #413, #3874, .T. ) ;
#3832 = CARTESIAN_POINT ( 'NONE',  ( -85.50000000000001421, 4.000000000000000000, -3.091507183936761827 ) ) ;
#3833 = CYLINDRICAL_SURFACE ( 'NONE', #3542, 8.500000000000010658 ) ;
#3834 = CARTESIAN_POINT ( 'NONE',  ( 45.51144367992594653, 2.095445092464162773, -4.053817505800579646 ) ) ;
#3835 = EDGE_CURVE ( 'NONE', #941, #37, #407, .T. ) ;
#3836 = DIRECTION ( 'NONE',  ( -0.000000000000000000, 1.000000000000000000, -0.000000000000000000 ) ) ;
#3837 = DIRECTION ( 'NONE',  ( -0.000000000000000000, 1.000000000000000000, -0.000000000000000000 ) ) ;
#3838 = ORIENTED_EDGE ( 'NONE', *, *, #1767, .F. ) ;
#3839 = DIRECTION ( 'NONE',  ( -0.000000000000000000, 1.000000000000000000, -0.000000000000000000 ) ) ;
#3840 = VECTOR ( 'NONE', #3926, 1000.000000000000000 ) ;
#3841 = LINE ( 'NONE', #2836, #647 ) ;
#3842 = PLANE ( 'NONE',  #1664 ) ;
#3843 = VECTOR ( 'NONE', #4552, 1000.000000000000000 ) ;
#3844 = AXIS2_PLACEMENT_3D ( 'NONE', #4402, #3352, #2308 ) ;
#3845 = VECTOR ( 'NONE', #3334, 1000.000000000000000 ) ;
#3846 = AXIS2_PLACEMENT_3D ( 'NONE', #1495, #1189, #1209 ) ;
#3847 = EDGE_LOOP ( 'NONE', ( #1497, #3496, #2255, #2563 ) ) ;
#3848 = DIRECTION ( 'NONE',  ( 0.000000000000000000, 0.000000000000000000, 1.000000000000000000 ) ) ;
#3849 = EDGE_CURVE ( 'NONE', #4156, #14, #2436, .T. ) ;
#3850 = EDGE_LOOP ( 'NONE', ( #335, #3851, #1716, #2493, #1613, #2547, #173, #2518 ) ) ;
#3851 = ORIENTED_EDGE ( 'NONE', *, *, #2849, .F. ) ;
#3852 = CIRCLE ( 'NONE', #556, 43.50000000000000711 ) ;
#3853 = DIRECTION ( 'NONE',  ( 1.000000000000000000, 0.000000000000000000, 0.000000000000000000 ) ) ;
#3854 = EDGE_LOOP ( 'NONE', ( #1262, #2423, #3076, #2772 ) ) ;
#3855 = DIRECTION ( 'NONE',  ( 0.000000000000000000, 0.000000000000000000, 1.000000000000000000 ) ) ;
#3856 = CARTESIAN_POINT ( 'NONE',  ( -3.500000000000016875, -15.00000000000000178, 17.40000000000000924 ) ) ;
#3857 = CARTESIAN_POINT ( 'NONE',  ( 25.50000000000000355, -13.50000000000000000, 49.64688270438849571 ) ) ;
#3858 = CARTESIAN_POINT ( 'NONE',  ( -44.50000000000001421, -18.50000000000000000, -26.50000000000000711 ) ) ;
#3859 = CARTESIAN_POINT ( 'NONE',  ( -46.12293727264081866, 4.000000000000000000, -10.12335836023587987 ) ) ;
#3860 = DIRECTION ( 'NONE',  ( 0.000000000000000000, 0.000000000000000000, -1.000000000000000000 ) ) ;
#3861 = ORIENTED_EDGE ( 'NONE', *, *, #3785, .T. ) ;
#3862 = ADVANCED_FACE ( 'NONE', ( #2405, #1037 ), #2801, .T. ) ;
#3863 = DIRECTION ( 'NONE',  ( -0.000000000000000000, -0.000000000000000000, -1.000000000000000000 ) ) ;
#3864 = CARTESIAN_POINT ( 'NONE',  ( 18.59150718393674495, 15.00000000000000000, 70.00000000000000000 ) ) ;
#3865 = FACE_OUTER_BOUND ( 'NONE', #2022, .T. ) ;
#3866 = EDGE_LOOP ( 'NONE', ( #2846, #2397, #3521, #3060 ) ) ;
#3867 = CARTESIAN_POINT ( 'NONE',  ( -27.50000000000001776, -18.50000000000000000, 20.00000000000001066 ) ) ;
#3868 = ORIENTED_EDGE ( 'NONE', *, *, #2814, .T. ) ;
#3869 = EDGE_LOOP ( 'NONE', ( #79, #59, #2047, #3375 ) ) ;
#3870 = CARTESIAN_POINT ( 'NONE',  ( -44.50000000000001421, -6.000000000000001776, -31.50000000000001421 ) ) ;
#3871 = VERTEX_POINT ( 'NONE', #2097 ) ;
#3872 = AXIS2_PLACEMENT_3D ( 'NONE', #3786, #4505, #997 ) ;
#3873 = VECTOR ( 'NONE', #4270, 1000.000000000000000 ) ;
#3874 = LINE ( 'NONE', #293, #3693 ) ;
#3875 = CARTESIAN_POINT ( 'NONE',  ( -46.12293727264081866, 4.000000000000000000, -10.12335836023587987 ) ) ;
#3876 = EDGE_CURVE ( 'NONE', #273, #4433, #1005, .T. ) ;
#3877 = CARTESIAN_POINT ( 'NONE',  ( -85.50000000000001421, 15.00000000000000000, -3.091507183936761827 ) ) ;
#3878 = DIRECTION ( 'NONE',  ( 0.000000000000000000, 1.000000000000000000, 0.000000000000000000 ) ) ;
#3879 = EDGE_LOOP ( 'NONE', ( #2037, #2901, #434, #599 ) ) ;
#3880 = DIRECTION ( 'NONE',  ( 0.000000000000000000, 0.000000000000000000, 1.000000000000000000 ) ) ;
#3881 = CIRCLE ( 'NONE', #4024, 2.500000000000005773 ) ;
#3882 = ORIENTED_EDGE ( 'NONE', *, *, #785, .T. ) ;
#3883 = CARTESIAN_POINT ( 'NONE',  ( -42.00000000000000711, -18.50000000000000355, -3.091507183936765379 ) ) ;
#3884 = CARTESIAN_POINT ( 'NONE',  ( -15.50000000000001776, -18.50000000000000000, 15.40000000000000924 ) ) ;
#3885 = CARTESIAN_POINT ( 'NONE',  ( 45.51150652149521392, 2.097041631387313476, 4.056453570807308395 ) ) ;
#3886 = ADVANCED_FACE ( 'NONE', ( #242 ), #1670, .F. ) ;
#3887 = ORIENTED_EDGE ( 'NONE', *, *, #4219, .F. ) ;
#3888 = DIRECTION ( 'NONE',  ( 1.000000000000000000, 0.000000000000000000, -0.000000000000000000 ) ) ;
#3889 = DIRECTION ( 'NONE',  ( -0.000000000000000000, 1.000000000000000000, -0.000000000000000000 ) ) ;
#3890 = EDGE_LOOP ( 'NONE', ( #4305, #907, #3770, #833 ) ) ;
#3891 = ORIENTED_EDGE ( 'NONE', *, *, #2822, .F. ) ;
#3892 = VERTEX_POINT ( 'NONE', #4260 ) ;
#3893 = FACE_OUTER_BOUND ( 'NONE', #1856, .T. ) ;
#3894 = DIRECTION ( 'NONE',  ( 0.000000000000000000, 0.000000000000000000, 1.000000000000000000 ) ) ;
#3895 = LINE ( 'NONE', #3223, #3763 ) ;
#3896 = LINE ( 'NONE', #1128, #4086 ) ;
#3897 = EDGE_CURVE ( 'NONE', #4222, #423, #3620, .T. ) ;
#3898 = DIRECTION ( 'NONE',  ( 0.000000000000000000, 1.000000000000000000, 0.000000000000000000 ) ) ;
#3899 = VERTEX_POINT ( 'NONE', #1320 ) ;
#3900 = ORIENTED_EDGE ( 'NONE', *, *, #4429, .F. ) ;
#3901 = CARTESIAN_POINT ( 'NONE',  ( 44.50000000000001421, -6.000000000000001776, -26.50000000000000711 ) ) ;
#3902 = DIRECTION ( 'NONE',  ( 0.000000000000000000, 0.000000000000000000, -1.000000000000000000 ) ) ;
#3903 = AXIS2_PLACEMENT_3D ( 'NONE', #2167, #4445, #1081 ) ;
#3904 = ORIENTED_EDGE ( 'NONE', *, *, #2113, .T. ) ;
#3905 = DIRECTION ( 'NONE',  ( -1.000000000000000000, -0.000000000000000000, 4.885417284221725125E-16 ) ) ;
#3906 = VECTOR ( 'NONE', #3063, 1000.000000000000000 ) ;
#3907 = DIRECTION ( 'NONE',  ( 0.000000000000000000, 0.000000000000000000, 1.000000000000000000 ) ) ;
#3908 = VECTOR ( 'NONE', #1217, 1000.000000000000000 ) ;
#3909 = VERTEX_POINT ( 'NONE', #4172 ) ;
#3910 = ORIENTED_EDGE ( 'NONE', *, *, #4019, .F. ) ;
#3911 = VECTOR ( 'NONE', #63, 1000.000000000000000 ) ;
#3912 = CIRCLE ( 'NONE', #544, 4.999999999999993783 ) ;
#3913 = VECTOR ( 'NONE', #1688, 1000.000000000000000 ) ;
#3914 = EDGE_CURVE ( 'NONE', #1659, #3264, #614, .T. ) ;
#3915 = VERTEX_POINT ( 'NONE', #1012 ) ;
#3916 = CARTESIAN_POINT ( 'NONE',  ( -44.50000000000001421, -18.50000000000000000, -29.00000000000000711 ) ) ;
#3917 = LINE ( 'NONE', #4217, #2349 ) ;
#3918 = VECTOR ( 'NONE', #4056, 1000.000000000000000 ) ;
#3919 = LINE ( 'NONE', #2569, #1907 ) ;
#3920 = PLANE ( 'NONE',  #724 ) ;
#3921 = EDGE_CURVE ( 'NONE', #2943, #3576, #4308, .T. ) ;
#3922 = FACE_OUTER_BOUND ( 'NONE', #1202, .T. ) ;
#3923 = ORIENTED_EDGE ( 'NONE', *, *, #4636, .T. ) ;
#3924 = VERTEX_POINT ( 'NONE', #3453 ) ;
#3925 = DIRECTION ( 'NONE',  ( 1.000000000000000000, 0.000000000000000000, 0.000000000000000000 ) ) ;
#3926 = DIRECTION ( 'NONE',  ( 0.000000000000000000, -1.000000000000000000, -0.000000000000000000 ) ) ;
#3927 = ADVANCED_FACE ( 'NONE', ( #1269, #2700 ), #1342, .T. ) ;
#3928 = DIRECTION ( 'NONE',  ( -0.000000000000000000, 1.000000000000000000, -0.000000000000000000 ) ) ;
#3929 = LINE ( 'NONE', #1074, #4510 ) ;
#3930 = CARTESIAN_POINT ( 'NONE',  ( 44.50000000000001421, -18.50000000000000000, 29.00000000000000711 ) ) ;
#3931 = EDGE_LOOP ( 'NONE', ( #150, #1237, #2140, #1384 ) ) ;
#3932 = AXIS2_PLACEMENT_3D ( 'NONE', #1156, #3594, #3965 ) ;
#3933 = ORIENTED_EDGE ( 'NONE', *, *, #2482, .T. ) ;
#3934 = AXIS2_PLACEMENT_3D ( 'NONE', #2514, #1873, #85 ) ;
#3935 = ORIENTED_EDGE ( 'NONE', *, *, #4485, .F. ) ;
#3936 = DIRECTION ( 'NONE',  ( 0.000000000000000000, -1.000000000000000000, 0.000000000000000000 ) ) ;
#3937 = DIRECTION ( 'NONE',  ( 0.000000000000000000, -1.000000000000000000, 0.000000000000000000 ) ) ;
#3938 = EDGE_CURVE ( 'NONE', #3924, #3909, #612, .T. ) ;
#3939 = ORIENTED_EDGE ( 'NONE', *, *, #2963, .F. ) ;
#3940 = AXIS2_PLACEMENT_3D ( 'NONE', #299, #711, #3880 ) ;
#3941 = DIRECTION ( 'NONE',  ( 0.000000000000000000, -1.000000000000000000, 0.000000000000000000 ) ) ;
#3942 = CIRCLE ( 'NONE', #3205, 8.500000000000010658 ) ;
#3943 = CYLINDRICAL_SURFACE ( 'NONE', #652, 2.500000000000002220 ) ;
#3944 = CARTESIAN_POINT ( 'NONE',  ( 44.50000000000001421, -18.50000000000000000, 29.00000000000000711 ) ) ;
#3945 = EDGE_CURVE ( 'NONE', #1805, #3328, #2806, .T. ) ;
#3946 = EDGE_LOOP ( 'NONE', ( #870, #4490, #4626, #2694 ) ) ;
#3947 = VECTOR ( 'NONE', #3280, 1000.000000000000000 ) ;
#3948 = VERTEX_POINT ( 'NONE', #1363 ) ;
#3949 = FACE_OUTER_BOUND ( 'NONE', #318, .T. ) ;
#3950 = DIRECTION ( 'NONE',  ( 0.000000000000000000, 0.000000000000000000, -1.000000000000000000 ) ) ;
#3951 = CARTESIAN_POINT ( 'NONE',  ( -45.67077626419152381, -9.250000000000001776, 20.58101651390110831 ) ) ;
#3952 = CARTESIAN_POINT ( 'NONE',  ( 1.000000000000006439, -7.000000000000000000, -26.50000000000000711 ) ) ;
#3953 = FACE_OUTER_BOUND ( 'NONE', #445, .T. ) ;
#3954 = CYLINDRICAL_SURFACE ( 'NONE', #3575, 2.500000000000005773 ) ;
#3955 = EDGE_CURVE ( 'NONE', #1406, #4027, #2282, .T. ) ;
#3956 = VERTEX_POINT ( 'NONE', #2072 ) ;
#3957 = ORIENTED_EDGE ( 'NONE', *, *, #1725, .T. ) ;
#3958 = ORIENTED_EDGE ( 'NONE', *, *, #2992, .F. ) ;
#3959 = CYLINDRICAL_SURFACE ( 'NONE', #3681, 8.500000000000010658 ) ;
#3960 = FACE_OUTER_BOUND ( 'NONE', #1807, .T. ) ;
#3961 = VERTEX_POINT ( 'NONE', #3150 ) ;
#3962 = CARTESIAN_POINT ( 'NONE',  ( -3.500000000000016431, -18.50000000000000000, 24.60000000000001208 ) ) ;
#3963 = EDGE_CURVE ( 'NONE', #1598, #186, #1317, .T. ) ;
#3964 = CARTESIAN_POINT ( 'NONE',  ( 9.500000000000001776, -13.49999999999999822, 24.30000000000000782 ) ) ;
#3965 = DIRECTION ( 'NONE',  ( 0.000000000000000000, 0.000000000000000000, 1.000000000000000000 ) ) ;
#3966 = ORIENTED_EDGE ( 'NONE', *, *, #797, .F. ) ;
#3967 = EDGE_LOOP ( 'NONE', ( #4199, #1218, #537, #2265, #2864, #3553 ) ) ;
#3968 = EDGE_CURVE ( 'NONE', #3564, #965, #476, .T. ) ;
#3969 = CYLINDRICAL_SURFACE ( 'NONE', #909, 8.500000000000010658 ) ;
#3970 = CYLINDRICAL_SURFACE ( 'NONE', #3981, 1.750000000000005107 ) ;
#3971 = ORIENTED_EDGE ( 'NONE', *, *, #1593, .F. ) ;
#3972 = DIRECTION ( 'NONE',  ( 0.000000000000000000, -0.000000000000000000, 1.000000000000000000 ) ) ;
#3973 = CARTESIAN_POINT ( 'NONE',  ( -46.12432983716945500, 4.000000000000000000, 10.13115200650949888 ) ) ;
#3974 = EDGE_CURVE ( 'NONE', #1614, #287, #4567, .T. ) ;
#3975 = ORIENTED_EDGE ( 'NONE', *, *, #3831, .T. ) ;
#3976 = ORIENTED_EDGE ( 'NONE', *, *, #3272, .F. ) ;
#3977 = VECTOR ( 'NONE', #3254, 1000.000000000000000 ) ;
#3978 = EDGE_CURVE ( 'NONE', #3513, #315, #3428, .T. ) ;
#3979 = ORIENTED_EDGE ( 'NONE', *, *, #1266, .F. ) ;
#3980 = DIRECTION ( 'NONE',  ( 0.000000000000000000, 1.000000000000000000, 0.000000000000000000 ) ) ;
#3981 = AXIS2_PLACEMENT_3D ( 'NONE', #1889, #3365, #3715 ) ;
#3982 = CARTESIAN_POINT ( 'NONE',  ( -44.50000000000001421, 0.000000000000000000, 29.00000000000000711 ) ) ;
#3983 = ORIENTED_EDGE ( 'NONE', *, *, #3031, .T. ) ;
#3984 = VECTOR ( 'NONE', #1698, 1000.000000000000000 ) ;
#3985 = CIRCLE ( 'NONE', #3764, 4.600000000000001421 ) ;
#3986 = EDGE_CURVE ( 'NONE', #2747, #965, #4523, .T. ) ;
#3987 = DIRECTION ( 'NONE',  ( 0.000000000000000000, -1.000000000000000000, 0.000000000000000000 ) ) ;
#3988 = DIRECTION ( 'NONE',  ( 0.000000000000000000, 1.000000000000000000, 0.000000000000000000 ) ) ;
#3989 = CARTESIAN_POINT ( 'NONE',  ( 15.00000000000000178, 4.000000000000000000, -30.00000000000000000 ) ) ;
#3990 = ORIENTED_EDGE ( 'NONE', *, *, #3831, .F. ) ;
#3991 = ORIENTED_EDGE ( 'NONE', *, *, #717, .T. ) ;
#3992 = VECTOR ( 'NONE', #936, 1000.000000000000000 ) ;
#3993 = CARTESIAN_POINT ( 'NONE',  ( -44.50000000000001421, -2.999999999999999112, 26.50000000000000711 ) ) ;
#3994 = CARTESIAN_POINT ( 'NONE',  ( 44.50000000000001421, 15.00000000000000000, -29.00000000000000711 ) ) ;
#3995 = CARTESIAN_POINT ( 'NONE',  ( -44.50000000000001421, -2.999999999999998224, 34.00000000000000000 ) ) ;
#3996 = EDGE_CURVE ( 'NONE', #3328, #3782, #4169, .T. ) ;
#3997 = CARTESIAN_POINT ( 'NONE',  ( 44.50000000000001421, 0.000000000000000000, -29.00000000000000711 ) ) ;
#3998 = DIRECTION ( 'NONE',  ( -0.000000000000000000, 1.000000000000000000, -0.000000000000000000 ) ) ;
#3999 = CYLINDRICAL_SURFACE ( 'NONE', #4165, 2.000000000000000444 ) ;
#4000 = ORIENTED_EDGE ( 'NONE', *, *, #523, .F. ) ;
#4001 = ADVANCED_FACE ( 'NONE', ( #3829 ), #2775, .T. ) ;
#4002 = ORIENTED_EDGE ( 'NONE', *, *, #1448, .F. ) ;
#4003 = ORIENTED_EDGE ( 'NONE', *, *, #1376, .T. ) ;
#4004 = DIRECTION ( 'NONE',  ( 0.000000000000000000, 1.000000000000000000, 0.000000000000000000 ) ) ;
#4005 = CYLINDRICAL_SURFACE ( 'NONE', #2051, 1.750000000000005107 ) ;
#4006 = EDGE_LOOP ( 'NONE', ( #2877, #2515, #2453, #3140 ) ) ;
#4007 = CARTESIAN_POINT ( 'NONE',  ( 55.50000000000001421, 3.800000000000014477, 4.999999999999999112 ) ) ;
#4008 = VECTOR ( 'NONE', #3445, 1000.000000000000000 ) ;
#4009 = DIRECTION ( 'NONE',  ( 0.000000000000000000, 0.000000000000000000, 1.000000000000000000 ) ) ;
#4010 = CYLINDRICAL_SURFACE ( 'NONE', #3124, 43.50000000000000711 ) ;
#4011 = EDGE_CURVE ( 'NONE', #379, #2297, #3852, .T. ) ;
#4012 = VECTOR ( 'NONE', #1730, 1000.000000000000000 ) ;
#4013 = DIRECTION ( 'NONE',  ( -0.000000000000000000, -1.000000000000000000, -0.000000000000000000 ) ) ;
#4014 = DIRECTION ( 'NONE',  ( 0.000000000000000000, 0.000000000000000000, -1.000000000000000000 ) ) ;
#4015 = CIRCLE ( 'NONE', #2608, 2.600000000000001421 ) ;
#4016 = CARTESIAN_POINT ( 'NONE',  ( 12.00000000000000178, 0.000000000000000000, 23.00000000000001066 ) ) ;
#4017 = CARTESIAN_POINT ( 'NONE',  ( 16.00000000000000000, -7.000000000000000000, 30.00000000000001066 ) ) ;
#4018 = AXIS2_PLACEMENT_3D ( 'NONE', #3997, #786, #927 ) ;
#4019 = EDGE_CURVE ( 'NONE', #131, #3802, #702, .T. ) ;
#4020 = CARTESIAN_POINT ( 'NONE',  ( -44.50000000000001421, -22.00000000000000355, 29.00000000000000711 ) ) ;
#4021 = CARTESIAN_POINT ( 'NONE',  ( -3.500000000000016875, -15.00000000000000178, 15.40000000000000924 ) ) ;
#4022 = DIRECTION ( 'NONE',  ( -0.000000000000000000, -1.000000000000000000, -0.000000000000000000 ) ) ;
#4023 = ORIENTED_EDGE ( 'NONE', *, *, #1120, .F. ) ;
#4024 = AXIS2_PLACEMENT_3D ( 'NONE', #2012, #4220, #313 ) ;
#4025 = VERTEX_POINT ( 'NONE', #3870 ) ;
#4026 = EDGE_CURVE ( 'NONE', #3351, #4563, #308, .T. ) ;
#4027 = VERTEX_POINT ( 'NONE', #1389 ) ;
#4028 = CARTESIAN_POINT ( 'NONE',  ( -14.99999999999998579, 0.000000000000000000, 26.50000000000001066 ) ) ;
#4029 = CARTESIAN_POINT ( 'NONE',  ( -11.99999999999999289, -6.999999999999999112, -20.00000000000000355 ) ) ;
#4030 = ORIENTED_EDGE ( 'NONE', *, *, #262, .T. ) ;
#4031 = LINE ( 'NONE', #820, #2276 ) ;
#4032 = CARTESIAN_POINT ( 'NONE',  ( -15.50000000000001776, -15.00000000000000178, 15.40000000000000924 ) ) ;
#4033 = CARTESIAN_POINT ( 'NONE',  ( 44.50000000000001421, -42.54163056034264656, -29.00000000000000711 ) ) ;
#4034 = ORIENTED_EDGE ( 'NONE', *, *, #3008, .F. ) ;
#4035 = EDGE_CURVE ( 'NONE', #585, #2375, #2452, .T. ) ;
#4036 = CARTESIAN_POINT ( 'NONE',  ( -44.50000000000001421, -6.000000000000001776, 29.00000000000000711 ) ) ;
#4037 = VERTEX_POINT ( 'NONE', #850 ) ;
#4038 = CYLINDRICAL_SURFACE ( 'NONE', #322, 40.00000000000000000 ) ;
#4039 = LINE ( 'NONE', #488, #1629 ) ;
#4040 = CARTESIAN_POINT ( 'NONE',  ( -44.50000000000001421, -6.000000000000000000, 27.25000000000000355 ) ) ;
#4041 = CYLINDRICAL_SURFACE ( 'NONE', #2076, 2.500000000000005773 ) ;
#4042 = CARTESIAN_POINT ( 'NONE',  ( 45.67077626419152381, -9.250000000000001776, -20.58101651390110831 ) ) ;
#4043 = EDGE_LOOP ( 'NONE', ( #4489, #1212, #904, #2689, #905, #3675, #1010, #3192, #1264, #2962, #1330, #355 ) ) ;
#4044 = ORIENTED_EDGE ( 'NONE', *, *, #1079, .F. ) ;
#4045 = DIRECTION ( 'NONE',  ( -1.000000000000000000, -0.000000000000000000, -0.000000000000000000 ) ) ;
#4046 = DIRECTION ( 'NONE',  ( -0.9999975931331908097, -0.000000000000000000, 0.002194020926397173468 ) ) ;
#4047 = ORIENTED_EDGE ( 'NONE', *, *, #2974, .T. ) ;
#4048 = EDGE_CURVE ( 'NONE', #976, #1353, #127, .T. ) ;
#4049 = FACE_OUTER_BOUND ( 'NONE', #141, .T. ) ;
#4050 = CARTESIAN_POINT ( 'NONE',  ( 44.50000000000001421, -22.00000000000000355, -31.50000000000001421 ) ) ;
#4051 = CYLINDRICAL_SURFACE ( 'NONE', #3478, 2.500000000000002220 ) ;
#4052 = AXIS2_PLACEMENT_3D ( 'NONE', #4551, #4194, #3458 ) ;
#4053 = LINE ( 'NONE', #1910, #3414 ) ;
#4054 = VECTOR ( 'NONE', #4046, 1000.000000000000000 ) ;
#4055 = EDGE_LOOP ( 'NONE', ( #3983, #555, #2587, #3535 ) ) ;
#4056 = DIRECTION ( 'NONE',  ( -0.000000000000000000, 1.000000000000000000, -0.000000000000000000 ) ) ;
#4057 = AXIS2_PLACEMENT_3D ( 'NONE', #1177, #3660, #1198 ) ;
#4058 = AXIS2_PLACEMENT_3D ( 'NONE', #4115, #2351, #3146 ) ;
#4059 = EDGE_CURVE ( 'NONE', #46, #3924, #4367, .T. ) ;
#4060 = FACE_OUTER_BOUND ( 'NONE', #961, .T. ) ;
#4061 = ORIENTED_EDGE ( 'NONE', *, *, #2184, .F. ) ;
#4062 = DIRECTION ( 'NONE',  ( 0.000000000000000000, -1.000000000000000000, 0.000000000000000000 ) ) ;
#4063 = AXIS2_PLACEMENT_3D ( 'NONE', #986, #2355, #1291 ) ;
#4064 = DIRECTION ( 'NONE',  ( 0.000000000000000000, 1.000000000000000000, 0.000000000000000000 ) ) ;
#4065 = DIRECTION ( 'NONE',  ( 0.000000000000000000, -1.000000000000000000, 0.000000000000000000 ) ) ;
#4066 = LINE ( 'NONE', #3000, #1470 ) ;
#4067 = DIRECTION ( 'NONE',  ( 0.000000000000000000, -1.000000000000000000, 0.000000000000000000 ) ) ;
#4068 = EDGE_CURVE ( 'NONE', #2043, #2335, #2662, .T. ) ;
#4069 = EDGE_LOOP ( 'NONE', ( #4149, #237 ) ) ;
#4070 = ORIENTED_EDGE ( 'NONE', *, *, #2894, .T. ) ;
#4071 = FACE_OUTER_BOUND ( 'NONE', #4376, .T. ) ;
#4072 = EDGE_LOOP ( 'NONE', ( #3287, #3975, #3749, #607, #3591, #1644, #589, #634 ) ) ;
#4073 = AXIS2_PLACEMENT_3D ( 'NONE', #4033, #1180, #124 ) ;
#4074 = EDGE_CURVE ( 'NONE', #4222, #4037, #3013, .T. ) ;
#4075 = CARTESIAN_POINT ( 'NONE',  ( 25.50000000000000000, -18.50000000000000355, 27.05209286809889235 ) ) ;
#4076 = CARTESIAN_POINT ( 'NONE',  ( 85.50000000000001421, -18.50000000000000355, -3.091507183936761827 ) ) ;
#4077 = CIRCLE ( 'NONE', #2819, 2.500000000000005773 ) ;
#4078 = ORIENTED_EDGE ( 'NONE', *, *, #3272, .T. ) ;
#4079 = CARTESIAN_POINT ( 'NONE',  ( -45.50000000000001421, -22.00000000000000000, 3.091507183936761827 ) ) ;
#4080 = AXIS2_PLACEMENT_3D ( 'NONE', #3234, #1516, #2604 ) ;
#4081 = EDGE_CURVE ( 'NONE', #2987, #1108, #455, .T. ) ;
#4082 = LINE ( 'NONE', #3736, #2090 ) ;
#4083 = EDGE_LOOP ( 'NONE', ( #677, #2956, #4336, #3618 ) ) ;
#4084 = LINE ( 'NONE', #876, #4232 ) ;
#4085 = EDGE_CURVE ( 'NONE', #2412, #3194, #4455, .T. ) ;
#4086 = VECTOR ( 'NONE', #1747, 1000.000000000000000 ) ;
#4087 = EDGE_CURVE ( 'NONE', #3552, #638, #4104, .T. ) ;
#4088 = CARTESIAN_POINT ( 'NONE',  ( 44.50000000000001421, -19.99999999999999645, -29.00000000000000711 ) ) ;
#4089 = DIRECTION ( 'NONE',  ( 1.000000000000000000, 0.000000000000000000, -0.000000000000000000 ) ) ;
#4090 = FACE_OUTER_BOUND ( 'NONE', #4627, .T. ) ;
#4091 = VERTEX_POINT ( 'NONE', #1886 ) ;
#4092 = VECTOR ( 'NONE', #3863, 1000.000000000000000 ) ;
#4093 = EDGE_CURVE ( 'NONE', #1157, #4253, #3611, .T. ) ;
#4094 = VERTEX_POINT ( 'NONE', #3756 ) ;
#4095 = DIRECTION ( 'NONE',  ( -0.000000000000000000, -0.000000000000000000, -1.000000000000000000 ) ) ;
#4096 = VECTOR ( 'NONE', #3252, 1000.000000000000000 ) ;
#4097 = VERTEX_POINT ( 'NONE', #548 ) ;
#4098 =( NAMED_UNIT ( * ) SI_UNIT ( $, .STERADIAN. ) SOLID_ANGLE_UNIT ( ) );
#4099 = CARTESIAN_POINT ( 'NONE',  ( 45.67077626419152381, -9.250000000000001776, 20.58101651390110831 ) ) ;
#4100 = DIRECTION ( 'NONE',  ( -1.000000000000000000, 1.927470528863119049E-16, -0.000000000000000000 ) ) ;
#4101 = CARTESIAN_POINT ( 'NONE',  ( -45.50000000000001421, 3.000000000000000000, -2.499999999999999112 ) ) ;
#4102 = EDGE_LOOP ( 'NONE', ( #2096, #935, #1687, #1409 ) ) ;
#4103 = ADVANCED_FACE ( 'NONE', ( #245 ), #1675, .T. ) ;
#4104 = LINE ( 'NONE', #804, #849 ) ;
#4105 = DIRECTION ( 'NONE',  ( -0.000000000000000000, 1.000000000000000000, -0.000000000000000000 ) ) ;
#4106 = CARTESIAN_POINT ( 'NONE',  ( -85.50000000000001421, 0.000000000000000000, -3.091507183936761827 ) ) ;
#4107 = ORIENTED_EDGE ( 'NONE', *, *, #1509, .T. ) ;
#4108 = CARTESIAN_POINT ( 'NONE',  ( 45.50000000000001421, -22.00000000000000000, -30.00000000000000711 ) ) ;
#4109 = ORIENTED_EDGE ( 'NONE', *, *, #320, .F. ) ;
#4110 = CARTESIAN_POINT ( 'NONE',  ( 51.68556701030929901, 0.000000000000000000, 24.45933631058685620 ) ) ;
#4111 = CARTESIAN_POINT ( 'NONE',  ( 45.67077626419152381, -18.50000000000000000, -20.58101651390110831 ) ) ;
#4112 = CARTESIAN_POINT ( 'NONE',  ( 42.00427657603578524, 1.926839015633480923, -3.712384093601706958 ) ) ;
#4113 = EDGE_LOOP ( 'NONE', ( #1555, #3238 ) ) ;
#4114 = ORIENTED_EDGE ( 'NONE', *, *, #182, .F. ) ;
#4115 = CARTESIAN_POINT ( 'NONE',  ( 42.00000000000000711, 3.799999999999999822, 2.999999999999999556 ) ) ;
#4116 = EDGE_CURVE ( 'NONE', #2679, #287, #2033, .T. ) ;
#4117 = VERTEX_POINT ( 'NONE', #573 ) ;
#4118 = LINE ( 'NONE', #2632, #4054 ) ;
#4119 = VERTEX_POINT ( 'NONE', #2010 ) ;
#4120 = ADVANCED_FACE ( 'NONE', ( #3485 ), #3436, .F. ) ;
#4121 = CARTESIAN_POINT ( 'NONE',  ( 9.500000000000001776, 0.000000000000000000, 24.30000000000000782 ) ) ;
#4122 = DIRECTION ( 'NONE',  ( -0.000000000000000000, 1.000000000000000000, -0.000000000000000000 ) ) ;
#4123 = VERTEX_POINT ( 'NONE', #3506 ) ;
#4124 = ADVANCED_FACE ( 'NONE', ( #4150 ), #3112, .F. ) ;
#4125 = AXIS2_PLACEMENT_3D ( 'NONE', #727, #3368, #382 ) ;
#4126 = CARTESIAN_POINT ( 'NONE',  ( -44.50000000000001421, -42.54163056034263946, -29.00000000000000711 ) ) ;
#4127 = AXIS2_PLACEMENT_3D ( 'NONE', #3354, #144, #3630 ) ;
#4128 = CARTESIAN_POINT ( 'NONE',  ( -18.59150718393674495, -18.50000000000000355, -70.00000000000000000 ) ) ;
#4129 = ORIENTED_EDGE ( 'NONE', *, *, #1006, .T. ) ;
#4130 = CARTESIAN_POINT ( 'NONE',  ( 44.50000000000001421, 0.000000000000000000, -37.50000000000002132 ) ) ;
#4131 = ORIENTED_EDGE ( 'NONE', *, *, #1013, .T. ) ;
#4132 = VECTOR ( 'NONE', #154, 1000.000000000000000 ) ;
#4133 = VECTOR ( 'NONE', #3569, 1000.000000000000000 ) ;
#4134 = FACE_OUTER_BOUND ( 'NONE', #1968, .T. ) ;
#4135 = DIRECTION ( 'NONE',  ( -0.000000000000000000, 1.000000000000000000, -0.000000000000000000 ) ) ;
#4136 = CARTESIAN_POINT ( 'NONE',  ( 42.03962172643968387, 3.289094241924670481, -4.950115990012990075 ) ) ;
#4137 = VECTOR ( 'NONE', #2771, 1000.000000000000000 ) ;
#4138 = ADVANCED_FACE ( 'NONE', ( #942, #1983 ), #4529, .F. ) ;
#4139 = ORIENTED_EDGE ( 'NONE', *, *, #2379, .T. ) ;
#4140 = AXIS2_PLACEMENT_3D ( 'NONE', #2703, #913, #4147 ) ;
#4141 = EDGE_LOOP ( 'NONE', ( #3415, #2745 ) ) ;
#4142 = CARTESIAN_POINT ( 'NONE',  ( -14.99999999999998934, 4.000000000000000000, 26.50000000000001066 ) ) ;
#4143 = EDGE_LOOP ( 'NONE', ( #1045, #36 ) ) ;
#4144 = EDGE_LOOP ( 'NONE', ( #606, #69, #2439, #2612 ) ) ;
#4145 = DIRECTION ( 'NONE',  ( 0.000000000000000000, 0.000000000000000000, 1.000000000000000000 ) ) ;
#4146 = CARTESIAN_POINT ( 'NONE',  ( -42.57339518699360070, 4.000000000000000000, 10.13115200650950065 ) ) ;
#4147 = DIRECTION ( 'NONE',  ( 0.000000000000000000, 0.000000000000000000, 1.000000000000000000 ) ) ;
#4148 = DIRECTION ( 'NONE',  ( 0.000000000000000000, -0.000000000000000000, 1.000000000000000000 ) ) ;
#4149 = ORIENTED_EDGE ( 'NONE', *, *, #703, .T. ) ;
#4150 = FACE_OUTER_BOUND ( 'NONE', #2352, .T. ) ;
#4151 = CARTESIAN_POINT ( 'NONE',  ( 42.57211781330949663, 4.000000000000000000, -10.12335836023587987 ) ) ;
#4152 = EDGE_CURVE ( 'NONE', #1876, #3423, #2758, .T. ) ;
#4153 = DIRECTION ( 'NONE',  ( 0.000000000000000000, -0.000000000000000000, 1.000000000000000000 ) ) ;
#4154 = ORIENTED_EDGE ( 'NONE', *, *, #219, .F. ) ;
#4155 = LINE ( 'NONE', #2389, #541 ) ;
#4156 = VERTEX_POINT ( 'NONE', #991 ) ;
#4157 = FACE_OUTER_BOUND ( 'NONE', #4055, .T. ) ;
#4158 = LINE ( 'NONE', #954, #3045 ) ;
#4159 = FACE_OUTER_BOUND ( 'NONE', #2633, .T. ) ;
#4160 = AXIS2_PLACEMENT_3D ( 'NONE', #3864, #2926, #1844 ) ;
#4161 = ORIENTED_EDGE ( 'NONE', *, *, #119, .T. ) ;
#4162 = AXIS2_PLACEMENT_3D ( 'NONE', #499, #2243, #3730 ) ;
#4163 = EDGE_LOOP ( 'NONE', ( #384, #3184, #4047, #2915 ) ) ;
#4164 = CARTESIAN_POINT ( 'NONE',  ( 0.000000000000000000, -18.50000000000000000, 0.000000000000000000 ) ) ;
#4165 = AXIS2_PLACEMENT_3D ( 'NONE', #766, #2232, #3650 ) ;
#4166 = EDGE_LOOP ( 'NONE', ( #2365, #3673, #1660, #4268 ) ) ;
#4167 = ORIENTED_EDGE ( 'NONE', *, *, #450, .F. ) ;
#4168 = ADVANCED_FACE ( 'NONE', ( #199 ), #2434, .T. ) ;
#4169 = LINE ( 'NONE', #964, #1223 ) ;
#4170 = VECTOR ( 'NONE', #2414, 1000.000000000000000 ) ;
#4171 = CARTESIAN_POINT ( 'NONE',  ( -44.50000000000001421, -22.00000000000000355, -29.00000000000000711 ) ) ;
#4172 = CARTESIAN_POINT ( 'NONE',  ( 46.12432983716944790, 4.000000000000000000, 10.13115200650948999 ) ) ;
#4173 = CARTESIAN_POINT ( 'NONE',  ( 19.50000000000000711, -7.216879606480418374, 30.01031832080728634 ) ) ;
#4174 = VECTOR ( 'NONE', #3598, 1000.000000000000000 ) ;
#4175 = EDGE_CURVE ( 'NONE', #533, #1157, #3482, .T. ) ;
#4176 = DIRECTION ( 'NONE',  ( 0.000000000000000000, 0.000000000000000000, 1.000000000000000000 ) ) ;
#4177 = DIRECTION ( 'NONE',  ( 0.000000000000000000, 1.000000000000000000, 0.000000000000000000 ) ) ;
#4178 = ORIENTED_EDGE ( 'NONE', *, *, #3231, .T. ) ;
#4179 = LINE ( 'NONE', #2323, #2001 ) ;
#4180 = ORIENTED_EDGE ( 'NONE', *, *, #1999, .F. ) ;
#4181 = EDGE_CURVE ( 'NONE', #3314, #3498, #3710, .T. ) ;
#4182 = CARTESIAN_POINT ( 'NONE',  ( -85.50000000000001421, 15.00000000000000000, 3.091507183936761827 ) ) ;
#4183 = CARTESIAN_POINT ( 'NONE',  ( 44.50000000000001421, -18.50000000000000000, -31.50000000000001421 ) ) ;
#4184 = DIRECTION ( 'NONE',  ( -0.000000000000000000, -1.000000000000000000, -0.000000000000000000 ) ) ;
#4185 = ORIENTED_EDGE ( 'NONE', *, *, #4227, .T. ) ;
#4186 = DIRECTION ( 'NONE',  ( 0.000000000000000000, 0.000000000000000000, 1.000000000000000000 ) ) ;
#4187 = ORIENTED_EDGE ( 'NONE', *, *, #1350, .F. ) ;
#4188 = EDGE_LOOP ( 'NONE', ( #2428, #1398, #2516, #1076, #2094, #2422 ) ) ;
#4189 = CARTESIAN_POINT ( 'NONE',  ( -27.50000000000001776, -11.99999999999999822, 22.60000000000000853 ) ) ;
#4190 = ORIENTED_EDGE ( 'NONE', *, *, #2318, .T. ) ;
#4191 = CARTESIAN_POINT ( 'NONE',  ( 39.95933631058686331, 0.000000000000000000, -36.18556701030929901 ) ) ;
#4192 = CARTESIAN_POINT ( 'NONE',  ( -39.95933631058686331, -22.00000000000000000, -36.18556701030929901 ) ) ;
#4193 = EDGE_CURVE ( 'NONE', #68, #1054, #1454, .T. ) ;
#4194 = DIRECTION ( 'NONE',  ( -1.000000000000000000, 0.000000000000000000, 0.000000000000000000 ) ) ;
#4195 = CARTESIAN_POINT ( 'NONE',  ( 45.54555525137367766, 3.800000000000014477, -5.000000000000000888 ) ) ;
#4196 = FACE_OUTER_BOUND ( 'NONE', #3222, .T. ) ;
#4197 = ORIENTED_EDGE ( 'NONE', *, *, #668, .F. ) ;
#4198 = CARTESIAN_POINT ( 'NONE',  ( 45.50000000000001421, 15.00000000000000000, -30.00000000000000711 ) ) ;
#4199 = ORIENTED_EDGE ( 'NONE', *, *, #1162, .T. ) ;
#4200 = EDGE_CURVE ( 'NONE', #2068, #976, #688, .T. ) ;
#4201 = DIRECTION ( 'NONE',  ( 0.000000000000000000, 0.000000000000000000, 1.000000000000000000 ) ) ;
#4202 = AXIS2_PLACEMENT_3D ( 'NONE', #108, #506, #2906 ) ;
#4203 = CARTESIAN_POINT ( 'NONE',  ( 46.12432983716945500, 4.000000000000000000, -10.13115200650949710 ) ) ;
#4204 = CARTESIAN_POINT ( 'NONE',  ( -51.68556701030929901, 15.00000000000000000, 24.45933631058685620 ) ) ;
#4205 = CIRCLE ( 'NONE', #2273, 43.50000000000001421 ) ;
#4206 = CIRCLE ( 'NONE', #3022, 8.500000000000010658 ) ;
#4207 = VECTOR ( 'NONE', #1165, 1000.000000000000000 ) ;
#4208 = ORIENTED_EDGE ( 'NONE', *, *, #2392, .T. ) ;
#4209 = DIRECTION ( 'NONE',  ( 0.000000000000000000, 1.000000000000000000, 0.000000000000000000 ) ) ;
#4210 = EDGE_CURVE ( 'NONE', #3761, #3128, #1471, .T. ) ;
#4211 = ORIENTED_EDGE ( 'NONE', *, *, #4540, .F. ) ;
#4212 = ORIENTED_EDGE ( 'NONE', *, *, #731, .T. ) ;
#4213 = VECTOR ( 'NONE', #2030, 1000.000000000000000 ) ;
#4214 = DIRECTION ( 'NONE',  ( 0.000000000000000000, -0.000000000000000000, 1.000000000000000000 ) ) ;
#4215 = ORIENTED_EDGE ( 'NONE', *, *, #2474, .F. ) ;
#4216 = FACE_OUTER_BOUND ( 'NONE', #4043, .T. ) ;
#4217 = CARTESIAN_POINT ( 'NONE',  ( 55.50000000000001421, 3.800000000000014477, -5.000000000000000888 ) ) ;
#4218 = CARTESIAN_POINT ( 'NONE',  ( 45.52589957828996603, 2.509713618511333788, -4.533373304990736763 ) ) ;
#4219 = EDGE_CURVE ( 'NONE', #1315, #638, #3255, .T. ) ;
#4220 = DIRECTION ( 'NONE',  ( -0.000000000000000000, 1.000000000000000000, -0.000000000000000000 ) ) ;
#4221 = DIRECTION ( 'NONE',  ( -1.000000000000000000, -0.000000000000000000, 4.885417284221725125E-16 ) ) ;
#4222 = VERTEX_POINT ( 'NONE', #1625 ) ;
#4223 = CIRCLE ( 'NONE', #193, 2.500000000000005773 ) ;
#4224 = CARTESIAN_POINT ( 'NONE',  ( -42.00000000000000711, 15.00000000000000355, 2.499999999999998668 ) ) ;
#4225 = DIRECTION ( 'NONE',  ( 0.000000000000000000, -1.000000000000000000, 0.000000000000000000 ) ) ;
#4226 = CARTESIAN_POINT ( 'NONE',  ( -42.57211781330949663, 4.000000000000000000, -10.12335836023588165 ) ) ;
#4227 = EDGE_CURVE ( 'NONE', #1241, #449, #2908, .T. ) ;
#4228 = AXIS2_PLACEMENT_3D ( 'NONE', #846, #1648, #4148 ) ;
#4229 = CIRCLE ( 'NONE', #1696, 40.00000000000000711 ) ;
#4230 = ORIENTED_EDGE ( 'NONE', *, *, #3921, .F. ) ;
#4231 = PLANE ( 'NONE',  #1520 ) ;
#4232 = VECTOR ( 'NONE', #3067, 1000.000000000000000 ) ;
#4233 = ORIENTED_EDGE ( 'NONE', *, *, #3654, .T. ) ;
#4234 = EDGE_LOOP ( 'NONE', ( #3401, #113, #3472, #1927 ) ) ;
#4235 = VECTOR ( 'NONE', #4221, 1000.000000000000000 ) ;
#4236 = ADVANCED_FACE ( 'NONE', ( #200 ), #742, .F. ) ;
#4237 = DIRECTION ( 'NONE',  ( -1.000000000000000000, 0.000000000000000000, 0.000000000000000000 ) ) ;
#4238 = EDGE_LOOP ( 'NONE', ( #3278, #659 ) ) ;
#4239 = CARTESIAN_POINT ( 'NONE',  ( 85.50000000000001421, 0.000000000000000000, 3.091507183936761827 ) ) ;
#4240 = CARTESIAN_POINT ( 'NONE',  ( 44.50000000000001421, -22.00000000000000355, 31.50000000000001421 ) ) ;
#4241 = CIRCLE ( 'NONE', #1858, 8.500000000000010658 ) ;
#4242 = CARTESIAN_POINT ( 'NONE',  ( -44.50000000000001421, -19.99999999999999645, 26.50000000000000711 ) ) ;
#4243 = DIRECTION ( 'NONE',  ( -0.000000000000000000, 1.000000000000000000, -0.000000000000000000 ) ) ;
#4244 = ORIENTED_EDGE ( 'NONE', *, *, #4632, .T. ) ;
#4245 = CARTESIAN_POINT ( 'NONE',  ( 44.50000000000001421, -6.000000000000000000, 29.00000000000000711 ) ) ;
#4246 = EDGE_LOOP ( 'NONE', ( #292, #215, #2257, #1611 ) ) ;
#4247 = ORIENTED_EDGE ( 'NONE', *, *, #1162, .F. ) ;
#4248 = LINE ( 'NONE', #2786, #4012 ) ;
#4249 = DIRECTION ( 'NONE',  ( 0.000000000000000000, 0.000000000000000000, -1.000000000000000000 ) ) ;
#4250 = FACE_OUTER_BOUND ( 'NONE', #1888, .T. ) ;
#4251 = AXIS2_PLACEMENT_3D ( 'NONE', #891, #3034, #1597 ) ;
#4252 = EDGE_CURVE ( 'NONE', #4094, #1674, #2663, .T. ) ;
#4253 = VERTEX_POINT ( 'NONE', #4079 ) ;
#4254 = DIRECTION ( 'NONE',  ( 0.000000000000000000, -0.000000000000000000, 1.000000000000000000 ) ) ;
#4255 = DIRECTION ( 'NONE',  ( -0.000000000000000000, -1.000000000000000000, -0.000000000000000000 ) ) ;
#4256 = ORIENTED_EDGE ( 'NONE', *, *, #3699, .T. ) ;
#4257 = EDGE_LOOP ( 'NONE', ( #4472, #528 ) ) ;
#4258 = EDGE_CURVE ( 'NONE', #1758, #1479, #481, .T. ) ;
#4259 = ORIENTED_EDGE ( 'NONE', *, *, #1048, .T. ) ;
#4260 = CARTESIAN_POINT ( 'NONE',  ( -36.08101651390111186, -18.50000000000000000, -30.17077626419151670 ) ) ;
#4261 = DIRECTION ( 'NONE',  ( -1.000000000000000000, 0.000000000000000000, 0.000000000000000000 ) ) ;
#4262 = EDGE_CURVE ( 'NONE', #251, #4547, #21, .T. ) ;
#4263 = DIRECTION ( 'NONE',  ( 0.000000000000000000, -0.000000000000000000, -1.000000000000000000 ) ) ;
#4264 = CARTESIAN_POINT ( 'NONE',  ( 0.000000000000000000, -18.50000000000000000, 0.000000000000000000 ) ) ;
#4265 = CARTESIAN_POINT ( 'NONE',  ( -42.00000000000000711, 15.00000000000000000, -3.091507183936765379 ) ) ;
#4266 = EDGE_CURVE ( 'NONE', #1453, #2705, #1576, .T. ) ;
#4267 = EDGE_LOOP ( 'NONE', ( #2210, #2174, #1972, #886, #2642, #3017, #102, #623 ) ) ;
#4268 = ORIENTED_EDGE ( 'NONE', *, *, #4509, .T. ) ;
#4269 = LINE ( 'NONE', #1820, #4174 ) ;
#4270 = DIRECTION ( 'NONE',  ( -0.000000000000000000, 1.000000000000000000, -0.000000000000000000 ) ) ;
#4271 = DIRECTION ( 'NONE',  ( -1.000000000000000000, 0.000000000000000000, 0.000000000000000000 ) ) ;
#4272 = AXIS2_PLACEMENT_3D ( 'NONE', #1423, #3950, #3534 ) ;
#4273 = ADVANCED_FACE ( 'NONE', ( #4411 ), #4436, .F. ) ;
#4274 = DIRECTION ( 'NONE',  ( -0.000000000000000000, 1.000000000000000000, -0.000000000000000000 ) ) ;
#4275 = LINE ( 'NONE', #2182, #4437 ) ;
#4276 = AXIS2_PLACEMENT_3D ( 'NONE', #2733, #597, #2034 ) ;
#4277 = LINE ( 'NONE', #542, #1174 ) ;
#4278 = CIRCLE ( 'NONE', #3471, 8.500000000000010658 ) ;
#4279 = ORIENTED_EDGE ( 'NONE', *, *, #1990, .T. ) ;
#4280 = ORIENTED_EDGE ( 'NONE', *, *, #1411, .T. ) ;
#4281 = AXIS2_PLACEMENT_3D ( 'NONE', #2332, #3032, #2262 ) ;
#4282 = CIRCLE ( 'NONE', #1900, 2.500000000000002220 ) ;
#4283 = EDGE_CURVE ( 'NONE', #3227, #1911, #3311, .T. ) ;
#4284 = ORIENTED_EDGE ( 'NONE', *, *, #1577, .T. ) ;
#4285 = FACE_OUTER_BOUND ( 'NONE', #480, .T. ) ;
#4286 = DIRECTION ( 'NONE',  ( 0.000000000000000000, 0.000000000000000000, -1.000000000000000000 ) ) ;
#4287 = VECTOR ( 'NONE', #4100, 1000.000000000000000 ) ;
#4288 = ORIENTED_EDGE ( 'NONE', *, *, #1266, .T. ) ;
#4289 = ADVANCED_FACE ( 'NONE', ( #3362 ), #1958, .F. ) ;
#4290 = DIRECTION ( 'NONE',  ( 0.000000000000000000, 0.000000000000000000, -1.000000000000000000 ) ) ;
#4291 = AXIS2_PLACEMENT_3D ( 'NONE', #1624, #1723, #2640 ) ;
#4292 = CIRCLE ( 'NONE', #337, 4.600000000000001421 ) ;
#4293 = FACE_OUTER_BOUND ( 'NONE', #3226, .T. ) ;
#4294 = DIRECTION ( 'NONE',  ( 0.000000000000000000, 1.000000000000000000, 0.000000000000000000 ) ) ;
#4295 = ORIENTED_EDGE ( 'NONE', *, *, #3849, .T. ) ;
#4296 = ORIENTED_EDGE ( 'NONE', *, *, #532, .F. ) ;
#4297 = EDGE_CURVE ( 'NONE', #25, #4091, #2536, .T. ) ;
#4298 = CARTESIAN_POINT ( 'NONE',  ( -35.50000000000001421, 11.00000000000000000, -2.500000000000000000 ) ) ;
#4299 = DIRECTION ( 'NONE',  ( -0.000000000000000000, 1.000000000000000000, -0.000000000000000000 ) ) ;
#4300 = CARTESIAN_POINT ( 'NONE',  ( 45.50893711107536177, 2.032708812074585314, 3.944815195178458467 ) ) ;
#4301 = CARTESIAN_POINT ( 'NONE',  ( -3.500000000000016875, -11.99999999999999822, 20.00000000000001066 ) ) ;
#4302 = CARTESIAN_POINT ( 'NONE',  ( -44.50000000000001421, -2.999999999999998224, 29.00000000000000711 ) ) ;
#4303 = DIRECTION ( 'NONE',  ( -0.000000000000000000, 1.000000000000000000, -0.000000000000000000 ) ) ;
#4304 = FACE_BOUND ( 'NONE', #2070, .T. ) ;
#4305 = ORIENTED_EDGE ( 'NONE', *, *, #785, .F. ) ;
#4306 = VERTEX_POINT ( 'NONE', #2759 ) ;
#4307 = CIRCLE ( 'NONE', #2975, 4.600000000000001421 ) ;
#4308 = B_SPLINE_CURVE_WITH_KNOTS ( 'NONE', 3,
 ( #265, #192, #2726, #1617, #2798, #3750, #3404, #3054, #239, #1668, #3078, #3777, #1717, #4496, #1645, #4474 ),
 .UNSPECIFIED., .F., .F.,
 ( 4, 2, 2, 2, 2, 2, 2, 4 ),
 ( 0.000000000000000000, 0.0003791907705395513879, 0.0007583815410791027757, 0.001137572311618654164, 0.001516763082158205551, 0.001895953852697756939, 0.002275144623237308327, 0.003033526164316408501 ),
 .UNSPECIFIED. ) ;
#4309 = AXIS2_PLACEMENT_3D ( 'NONE', #2730, #571, #594 ) ;
#4310 = ORIENTED_EDGE ( 'NONE', *, *, #2064, .T. ) ;
#4311 = LINE ( 'NONE', #705, #992 ) ;
#4312 = CARTESIAN_POINT ( 'NONE',  ( -44.50000000000001421, -18.50000000000000000, -29.00000000000000711 ) ) ;
#4313 = ORIENTED_EDGE ( 'NONE', *, *, #1843, .F. ) ;
#4314 = AXIS2_PLACEMENT_3D ( 'NONE', #2762, #622, #527 ) ;
#4315 = EDGE_CURVE ( 'NONE', #3498, #3948, #920, .T. ) ;
#4316 = DIRECTION ( 'NONE',  ( 0.000000000000000000, 1.000000000000000000, 0.000000000000000000 ) ) ;
#4317 = VECTOR ( 'NONE', #478, 1000.000000000000000 ) ;
#4318 = FACE_OUTER_BOUND ( 'NONE', #238, .T. ) ;
#4319 = FACE_OUTER_BOUND ( 'NONE', #1359, .T. ) ;
#4320 = ORIENTED_EDGE ( 'NONE', *, *, #3111, .F. ) ;
#4321 = ORIENTED_EDGE ( 'NONE', *, *, #2558, .T. ) ;
#4322 = AXIS2_PLACEMENT_3D ( 'NONE', #1581, #1562, #2998 ) ;
#4323 = EDGE_CURVE ( 'NONE', #1279, #4366, #1892, .T. ) ;
#4324 = COLOUR_RGB ( '',0.7921568627450980005, 0.8196078431372548767, 0.9333333333333333481 ) ;
#4325 = CYLINDRICAL_SURFACE ( 'NONE', #2317, 8.500000000000010658 ) ;
#4326 = DIRECTION ( 'NONE',  ( 0.000000000000000000, 0.000000000000000000, 1.000000000000000000 ) ) ;
#4327 = CYLINDRICAL_SURFACE ( 'NONE', #1586, 40.00000000000000711 ) ;
#4328 = EDGE_CURVE ( 'NONE', #2023, #2828, #4503, .T. ) ;
#4329 = DIRECTION ( 'NONE',  ( -0.000000000000000000, -0.000000000000000000, -1.000000000000000000 ) ) ;
#4330 = CYLINDRICAL_SURFACE ( 'NONE', #3277, 2.500000000000005773 ) ;
#4331 = CARTESIAN_POINT ( 'NONE',  ( -18.59150718393674495, 0.000000000000000000, -70.00000000000000000 ) ) ;
#4332 = DIRECTION ( 'NONE',  ( 0.000000000000000000, 0.000000000000000000, 1.000000000000000000 ) ) ;
#4333 = EDGE_LOOP ( 'NONE', ( #513, #2933, #752, #4247 ) ) ;
#4334 = EDGE_CURVE ( 'NONE', #449, #1948, #3694, .T. ) ;
#4335 = ORIENTED_EDGE ( 'NONE', *, *, #3790, .F. ) ;
#4336 = ORIENTED_EDGE ( 'NONE', *, *, #2817, .T. ) ;
#4337 = LINE ( 'NONE', #1124, #689 ) ;
#4338 = ORIENTED_EDGE ( 'NONE', *, *, #4093, .F. ) ;
#4339 = DIRECTION ( 'NONE',  ( -0.000000000000000000, -1.000000000000000000, -0.000000000000000000 ) ) ;
#4340 = EDGE_CURVE ( 'NONE', #3701, #3871, #1689, .T. ) ;
#4341 = FACE_BOUND ( 'NONE', #3520, .T. ) ;
#4342 = DIRECTION ( 'NONE',  ( 0.000000000000000000, 0.000000000000000000, 1.000000000000000000 ) ) ;
#4343 = ORIENTED_EDGE ( 'NONE', *, *, #4611, .T. ) ;
#4344 = ORIENTED_EDGE ( 'NONE', *, *, #539, .T. ) ;
#4345 = EDGE_CURVE ( 'NONE', #2654, #769, #1371, .T. ) ;
#4346 = CYLINDRICAL_SURFACE ( 'NONE', #3212, 2.500000000000002220 ) ;
#4347 = LINE ( 'NONE', #4016, #1847 ) ;
#4348 = DIRECTION ( 'NONE',  ( 0.000000000000000000, 0.000000000000000000, 1.000000000000000000 ) ) ;
#4349 = DIRECTION ( 'NONE',  ( 0.000000000000000000, 0.000000000000000000, 1.000000000000000000 ) ) ;
#4350 = CARTESIAN_POINT ( 'NONE',  ( 44.50000000000001421, -18.50000000000000000, 29.00000000000000711 ) ) ;
#4351 = DIRECTION ( 'NONE',  ( 1.000000000000000000, 0.000000000000000000, 0.000000000000000000 ) ) ;
#4352 = ORIENTED_EDGE ( 'NONE', *, *, #2517, .T. ) ;
#4353 = EDGE_LOOP ( 'NONE', ( #3, #284, #984, #27 ) ) ;
#4354 = VECTOR ( 'NONE', #3565, 1000.000000000000000 ) ;
#4355 = EDGE_CURVE ( 'NONE', #781, #3585, #2011, .T. ) ;
#4356 = ORIENTED_EDGE ( 'NONE', *, *, #898, .T. ) ;
#4357 = CARTESIAN_POINT ( 'NONE',  ( 44.50000000000001421, 0.000000000000000000, -29.00000000000000711 ) ) ;
#4358 = CARTESIAN_POINT ( 'NONE',  ( -15.50000000000001776, -15.00000000000000178, 22.60000000000001208 ) ) ;
#4359 = EDGE_LOOP ( 'NONE', ( #1998, #1169 ) ) ;
#4360 = AXIS2_PLACEMENT_3D ( 'NONE', #4427, #98, #1572 ) ;
#4361 = AXIS2_PLACEMENT_3D ( 'NONE', #1878, #29, #2190 ) ;
#4362 = LINE ( 'NONE', #120, #624 ) ;
#4363 = CIRCLE ( 'NONE', #26, 40.00000000000000000 ) ;
#4364 = CARTESIAN_POINT ( 'NONE',  ( -85.50000000000001421, 15.00000000000000000, 3.091507183936761827 ) ) ;
#4365 = DIRECTION ( 'NONE',  ( 0.000000000000000000, 0.000000000000000000, -1.000000000000000000 ) ) ;
#4366 = VERTEX_POINT ( 'NONE', #3858 ) ;
#4367 = CIRCLE ( 'NONE', #334, 43.50000000000001421 ) ;
#4368 = ADVANCED_FACE ( 'NONE', ( #3437 ), #1650, .F. ) ;
#4369 = PLANE ( 'NONE',  #2241 ) ;
#4370 = DIRECTION ( 'NONE',  ( 0.000000000000000000, 0.000000000000000000, -1.000000000000000000 ) ) ;
#4371 = CARTESIAN_POINT ( 'NONE',  ( -58.34927731208833279, 0.000000000000000000, -37.51000000000001933 ) ) ;
#4372 = ADVANCED_FACE ( 'NONE', ( #3113 ), #1299, .F. ) ;
#4373 = CARTESIAN_POINT ( 'NONE',  ( -44.50000000000001421, 15.00000000000000000, 29.00000000000000711 ) ) ;
#4374 = CARTESIAN_POINT ( 'NONE',  ( -44.50000000000001421, -2.999999999999998224, -29.00000000000000711 ) ) ;
#4375 = CYLINDRICAL_SURFACE ( 'NONE', #130, 4.999999999999993783 ) ;
#4376 = EDGE_LOOP ( 'NONE', ( #4187, #4335, #2322, #1131, #2840, #1316 ) ) ;
#4377 = ORIENTED_EDGE ( 'NONE', *, *, #2280, .F. ) ;
#4378 = ORIENTED_EDGE ( 'NONE', *, *, #1901, .F. ) ;
#4379 = DIRECTION ( 'NONE',  ( -0.000000000000000000, 1.000000000000000000, -0.000000000000000000 ) ) ;
#4380 = DIRECTION ( 'NONE',  ( -0.000000000000000000, -1.000000000000000000, -0.000000000000000000 ) ) ;
#4381 = ORIENTED_EDGE ( 'NONE', *, *, #3945, .F. ) ;
#4382 = EDGE_CURVE ( 'NONE', #3653, #1340, #4572, .T. ) ;
#4383 = DIRECTION ( 'NONE',  ( -0.000000000000000000, 1.000000000000000000, -0.000000000000000000 ) ) ;
#4384 = CIRCLE ( 'NONE', #718, 1.750000000000005107 ) ;
#4385 = CARTESIAN_POINT ( 'NONE',  ( -85.50000000000001421, 4.000000000000000000, -2.499999999999999556 ) ) ;
#4386 = DIRECTION ( 'NONE',  ( 0.000000000000000000, 0.000000000000000000, 1.000000000000000000 ) ) ;
#4387 = ORIENTED_EDGE ( 'NONE', *, *, #2267, .F. ) ;
#4388 = VECTOR ( 'NONE', #1669, 1000.000000000000000 ) ;
#4389 = CARTESIAN_POINT ( 'NONE',  ( -15.50000000000001776, -11.99999999999999822, 22.60000000000001208 ) ) ;
#4390 = FACE_OUTER_BOUND ( 'NONE', #3651, .T. ) ;
#4391 = ORIENTED_EDGE ( 'NONE', *, *, #3296, .T. ) ;
#4392 = LINE ( 'NONE', #3692, #2944 ) ;
#4393 = AXIS2_PLACEMENT_3D ( 'NONE', #2274, #855, #2299 ) ;
#4394 = DIRECTION ( 'NONE',  ( -0.000000000000000000, 1.000000000000000000, -0.000000000000000000 ) ) ;
#4395 = CARTESIAN_POINT ( 'NONE',  ( 42.00000000000000711, 1.802094487897897279, 3.091507183936761827 ) ) ;
#4396 = FACE_OUTER_BOUND ( 'NONE', #3797, .T. ) ;
#4397 = CARTESIAN_POINT ( 'NONE',  ( 12.00000000000000178, 0.000000000000000000, 21.50000000000000355 ) ) ;
#4398 = EDGE_CURVE ( 'NONE', #3576, #2016, #3527, .T. ) ;
#4399 = CIRCLE ( 'NONE', #2393, 43.50000000000000711 ) ;
#4400 = ORIENTED_EDGE ( 'NONE', *, *, #1504, .F. ) ;
#4401 = ORIENTED_EDGE ( 'NONE', *, *, #437, .T. ) ;
#4402 = CARTESIAN_POINT ( 'NONE',  ( -27.50000000000001776, -15.00000000000000178, 20.00000000000001066 ) ) ;
#4403 = AXIS2_PLACEMENT_3D ( 'NONE', #2704, #3081, #4499 ) ;
#4404 = ORIENTED_EDGE ( 'NONE', *, *, #3571, .F. ) ;
#4405 = ADVANCED_FACE ( 'NONE', ( #3508 ), #246, .T. ) ;
#4406 = CARTESIAN_POINT ( 'NONE',  ( -44.50000000000001421, 0.000000000000000000, 29.00000000000000711 ) ) ;
#4407 = DIRECTION ( 'NONE',  ( -1.000000000000000000, 0.000000000000000000, 0.000000000000000000 ) ) ;
#4408 = DIRECTION ( 'NONE',  ( -0.000000000000000000, -0.000000000000000000, 1.000000000000000000 ) ) ;
#4409 = CARTESIAN_POINT ( 'NONE',  ( 44.50000000000001421, -2.999999999999999112, 29.00000000000000711 ) ) ;
#4410 = VERTEX_POINT ( 'NONE', #663 ) ;
#4411 = FACE_OUTER_BOUND ( 'NONE', #1055, .T. ) ;
#4412 = ADVANCED_FACE ( 'NONE', ( #295, #1724 ), #312, .F. ) ;
#4413 = DIRECTION ( 'NONE',  ( 0.000000000000000000, -1.000000000000000000, 0.000000000000000000 ) ) ;
#4414 = ORIENTED_EDGE ( 'NONE', *, *, #3460, .F. ) ;
#4415 = CARTESIAN_POINT ( 'NONE',  ( -44.50000000000001421, -6.000000000000001776, -26.50000000000000711 ) ) ;
#4416 = CARTESIAN_POINT ( 'NONE',  ( -44.50000000000001421, -18.50000000000000000, -29.00000000000000711 ) ) ;
#4417 = LINE ( 'NONE', #2929, #1752 ) ;
#4418 = CYLINDRICAL_SURFACE ( 'NONE', #2523, 2.600000000000001421 ) ;
#4419 = DIRECTION ( 'NONE',  ( 0.000000000000000000, 1.000000000000000000, 0.000000000000000000 ) ) ;
#4420 = VERTEX_POINT ( 'NONE', #340 ) ;
#4421 = ADVANCED_FACE ( 'NONE', ( #1084 ), #3614, .F. ) ;
#4422 = EDGE_LOOP ( 'NONE', ( #2293, #107 ) ) ;
#4423 = CARTESIAN_POINT ( 'NONE',  ( -44.50000000000001421, -22.00000000000000355, -26.50000000000000711 ) ) ;
#4424 = CYLINDRICAL_SURFACE ( 'NONE', #767, 1.750000000000005107 ) ;
#4425 = ORIENTED_EDGE ( 'NONE', *, *, #4471, .T. ) ;
#4426 = EDGE_CURVE ( 'NONE', #2353, #860, #364, .T. ) ;
#4427 = CARTESIAN_POINT ( 'NONE',  ( -44.50000000000001421, -6.000000000000000000, -29.00000000000000711 ) ) ;
#4428 = CARTESIAN_POINT ( 'NONE',  ( -44.50000000000001421, -2.999999999999999112, -29.00000000000000711 ) ) ;
#4429 = EDGE_CURVE ( 'NONE', #3101, #3423, #3919, .T. ) ;
#4430 = VECTOR ( 'NONE', #1825, 1000.000000000000000 ) ;
#4431 = DIRECTION ( 'NONE',  ( 0.000000000000000000, 1.000000000000000000, 0.000000000000000000 ) ) ;
#4432 = CIRCLE ( 'NONE', #1893, 2.500000000000002220 ) ;
#4433 = VERTEX_POINT ( 'NONE', #31 ) ;
#4434 = EDGE_CURVE ( 'NONE', #1054, #2023, #4518, .T. ) ;
#4435 = AXIS2_PLACEMENT_3D ( 'NONE', #409, #2500, #2826 ) ;
#4436 = CYLINDRICAL_SURFACE ( 'NONE', #3470, 2.500000000000005773 ) ;
#4437 = VECTOR ( 'NONE', #4303, 1000.000000000000000 ) ;
#4438 = CARTESIAN_POINT ( 'NONE',  ( 44.50000000000001421, -2.999999999999999112, -31.50000000000001421 ) ) ;
#4439 = ORIENTED_EDGE ( 'NONE', *, *, #3301, .F. ) ;
#4440 = DIRECTION ( 'NONE',  ( -4.466414466882812898E-15, 0.000000000000000000, -1.000000000000000000 ) ) ;
#4441 = AXIS2_PLACEMENT_3D ( 'NONE', #336, #4548, #2054 ) ;
#4442 = EDGE_CURVE ( 'NONE', #3351, #1007, #1837, .T. ) ;
#4443 = CYLINDRICAL_SURFACE ( 'NONE', #363, 4.600000000000001421 ) ;
#4444 = CARTESIAN_POINT ( 'NONE',  ( -44.50000000000001421, 0.000000000000000000, 24.00000000000001066 ) ) ;
#4445 = DIRECTION ( 'NONE',  ( -0.000000000000000000, -0.000000000000000000, -1.000000000000000000 ) ) ;
#4446 = VERTEX_POINT ( 'NONE', #2548 ) ;
#4447 = ORIENTED_EDGE ( 'NONE', *, *, #4480, .F. ) ;
#4448 = DIRECTION ( 'NONE',  ( 0.000000000000000000, -1.000000000000000000, 0.000000000000000000 ) ) ;
#4449 = EDGE_CURVE ( 'NONE', #1662, #4522, #2895, .T. ) ;
#4450 = EDGE_LOOP ( 'NONE', ( #1464, #1343 ) ) ;
#4451 = CARTESIAN_POINT ( 'NONE',  ( 44.50000000000001421, -2.999999999999999112, -26.50000000000000711 ) ) ;
#4452 = LINE ( 'NONE', #2292, #809 ) ;
#4453 = EDGE_CURVE ( 'NONE', #1479, #1758, #3687, .T. ) ;
#4454 = VERTEX_POINT ( 'NONE', #2522 ) ;
#4455 = LINE ( 'NONE', #1250, #1065 ) ;
#4456 = AXIS2_PLACEMENT_3D ( 'NONE', #111, #3626, #2930 ) ;
#4457 = CARTESIAN_POINT ( 'NONE',  ( -18.59150718393674495, 15.00000000000000000, -70.00000000000000000 ) ) ;
#4458 = ORIENTED_EDGE ( 'NONE', *, *, #483, .T. ) ;
#4459 = DIRECTION ( 'NONE',  ( -0.000000000000000000, -1.000000000000000000, -0.000000000000000000 ) ) ;
#4460 = ORIENTED_EDGE ( 'NONE', *, *, #2417, .T. ) ;
#4461 = AXIS2_PLACEMENT_3D ( 'NONE', #3944, #3551, #4575 ) ;
#4462 = DIRECTION ( 'NONE',  ( 0.000000000000000000, 1.000000000000000000, 0.000000000000000000 ) ) ;
#4463 = CARTESIAN_POINT ( 'NONE',  ( 22.50000000000000000, 0.000000000000000000, 26.50000000000001066 ) ) ;
#4464 = LINE ( 'NONE', #3493, #1289 ) ;
#4465 = EDGE_CURVE ( 'NONE', #2934, #2216, #709, .T. ) ;
#4466 = ORIENTED_EDGE ( 'NONE', *, *, #77, .T. ) ;
#4467 = VECTOR ( 'NONE', #3020, 1000.000000000000000 ) ;
#4468 = VERTEX_POINT ( 'NONE', #1058 ) ;
#4469 = FACE_OUTER_BOUND ( 'NONE', #2820, .T. ) ;
#4470 = AXIS2_PLACEMENT_3D ( 'NONE', #4182, #3444, #3160 ) ;
#4471 = EDGE_CURVE ( 'NONE', #1049, #4119, #4596, .T. ) ;
#4472 = ORIENTED_EDGE ( 'NONE', *, *, #2345, .F. ) ;
#4473 = EDGE_LOOP ( 'NONE', ( #1885, #1795, #4070, #645 ) ) ;
#4474 = CARTESIAN_POINT ( 'NONE',  ( 42.00000000000000711, 1.802094487897897279, 3.091507183936761827 ) ) ;
#4475 = CARTESIAN_POINT ( 'NONE',  ( 12.00000000000000178, -39.31465829649864929, 23.00000000000001066 ) ) ;
#4476 = LINE ( 'NONE', #2314, #3318 ) ;
#4477 = DIRECTION ( 'NONE',  ( 0.000000000000000000, 1.000000000000000000, 0.000000000000000000 ) ) ;
#4478 = ORIENTED_EDGE ( 'NONE', *, *, #631, .F. ) ;
#4479 = DIRECTION ( 'NONE',  ( -0.000000000000000000, -1.000000000000000000, -0.000000000000000000 ) ) ;
#4480 = EDGE_CURVE ( 'NONE', #3489, #2568, #1070, .T. ) ;
#4481 = DIRECTION ( 'NONE',  ( 0.000000000000000000, 1.024628711853730936E-16, -1.000000000000000000 ) ) ;
#4482 = VERTEX_POINT ( 'NONE', #3962 ) ;
#4483 = DIRECTION ( 'NONE',  ( 1.000000000000000000, -0.000000000000000000, -0.000000000000000000 ) ) ;
#4484 = ORIENTED_EDGE ( 'NONE', *, *, #3500, .T. ) ;
#4485 = EDGE_CURVE ( 'NONE', #4091, #3761, #1823, .T. ) ;
#4486 = FACE_OUTER_BOUND ( 'NONE', #2923, .T. ) ;
#4487 = CARTESIAN_POINT ( 'NONE',  ( -44.50000000000001421, -6.000000000000001776, 31.50000000000001421 ) ) ;
#4488 = CARTESIAN_POINT ( 'NONE',  ( 42.02381459071315106, 2.509715685668459706, -4.533375333244884509 ) ) ;
#4489 = ORIENTED_EDGE ( 'NONE', *, *, #2407, .F. ) ;
#4490 = ORIENTED_EDGE ( 'NONE', *, *, #172, .F. ) ;
#4491 = CARTESIAN_POINT ( 'NONE',  ( 44.50000000000001421, -2.999999999999998224, 34.00000000000000000 ) ) ;
#4492 = VERTEX_POINT ( 'NONE', #4242 ) ;
#4493 = FACE_OUTER_BOUND ( 'NONE', #2111, .T. ) ;
#4494 = VERTEX_POINT ( 'NONE', #2920 ) ;
#4495 = EDGE_CURVE ( 'NONE', #8, #1340, #2146, .T. ) ;
#4496 = CARTESIAN_POINT ( 'NONE',  ( 42.00235837156902363, 1.875301995513375397, 3.599594918836927615 ) ) ;
#4497 = CARTESIAN_POINT ( 'NONE',  ( 45.54555525137367766, 4.000000000000000000, -5.000000000000000000 ) ) ;
#4498 = FACE_OUTER_BOUND ( 'NONE', #1377, .T. ) ;
#4499 = DIRECTION ( 'NONE',  ( 0.000000000000000000, 0.000000000000000000, 1.000000000000000000 ) ) ;
#4500 = ORIENTED_EDGE ( 'NONE', *, *, #3292, .T. ) ;
#4501 = AXIS2_PLACEMENT_3D ( 'NONE', #2740, #3394, #4562 ) ;
#4502 = CARTESIAN_POINT ( 'NONE',  ( 45.51996453716932223, 2.326421404952053962, -4.358174791008078586 ) ) ;
#4503 = CIRCLE ( 'NONE', #3019, 8.500000000000010658 ) ;
#4504 = VECTOR ( 'NONE', #3726, 1000.000000000000000 ) ;
#4505 = DIRECTION ( 'NONE',  ( -0.000000000000000000, -1.000000000000000000, -0.000000000000000000 ) ) ;
#4506 = DIRECTION ( 'NONE',  ( 0.000000000000000000, 0.000000000000000000, 1.000000000000000000 ) ) ;
#4507 = VERTEX_POINT ( 'NONE', #1791 ) ;
#4508 = AXIS2_PLACEMENT_3D ( 'NONE', #2226, #2623, #4348 ) ;
#4509 = EDGE_CURVE ( 'NONE', #1614, #3068, #3895, .T. ) ;
#4510 = VECTOR ( 'NONE', #3905, 1000.000000000000000 ) ;
#4511 = CARTESIAN_POINT ( 'NONE',  ( -42.00000000000000711, -18.50000000000000355, 30.00000000000001066 ) ) ;
#4512 = CARTESIAN_POINT ( 'NONE',  ( 44.50000000000001421, -22.00000000000000000, -37.50000000000002132 ) ) ;
#4513 = LINE ( 'NONE', #3533, #1772 ) ;
#4514 = CARTESIAN_POINT ( 'NONE',  ( -3.500000000000016431, -22.00000000000000000, 22.60000000000001208 ) ) ;
#4515 = VECTOR ( 'NONE', #1391, 1000.000000000000000 ) ;
#4516 = EDGE_CURVE ( 'NONE', #3653, #4117, #1970, .T. ) ;
#4517 = VERTEX_POINT ( 'NONE', #3592 ) ;
#4518 = CIRCLE ( 'NONE', #2511, 8.500000000000010658 ) ;
#4519 = ORIENTED_EDGE ( 'NONE', *, *, #4636, .F. ) ;
#4520 = CARTESIAN_POINT ( 'NONE',  ( -3.500000000000016875, -11.99999999999999822, 17.40000000000000924 ) ) ;
#4521 = ORIENTED_EDGE ( 'NONE', *, *, #679, .T. ) ;
#4522 = VERTEX_POINT ( 'NONE', #1435 ) ;
#4523 = LINE ( 'NONE', #2380, #2878 ) ;
#4524 = FACE_OUTER_BOUND ( 'NONE', #159, .T. ) ;
#4525 = DIRECTION ( 'NONE',  ( 0.000000000000000000, 1.000000000000000000, 0.000000000000000000 ) ) ;
#4526 = DIRECTION ( 'NONE',  ( 0.000000000000000000, 1.000000000000000000, 0.000000000000000000 ) ) ;
#4527 = EDGE_CURVE ( 'NONE', #780, #3701, #683, .T. ) ;
#4528 = ORIENTED_EDGE ( 'NONE', *, *, #2907, .T. ) ;
#4529 = PLANE ( 'NONE',  #1305 ) ;
#4530 = CARTESIAN_POINT ( 'NONE',  ( -58.34927731208833279, 0.000000000000000000, -37.51000000000001933 ) ) ;
#4531 = DIRECTION ( 'NONE',  ( 0.000000000000000000, 1.000000000000000000, 0.000000000000000000 ) ) ;
#4532 = ORIENTED_EDGE ( 'NONE', *, *, #1712, .F. ) ;
#4533 = LINE ( 'NONE', #3386, #3388 ) ;
#4534 = ORIENTED_EDGE ( 'NONE', *, *, #281, .T. ) ;
#4535 = CARTESIAN_POINT ( 'NONE',  ( -11.99999999999999289, -6.999999999999999112, -30.00000000000000711 ) ) ;
#4536 = DIRECTION ( 'NONE',  ( 0.000000000000000000, 0.000000000000000000, 1.000000000000000000 ) ) ;
#4537 = FACE_OUTER_BOUND ( 'NONE', #3530, .T. ) ;
#4538 = AXIS2_PLACEMENT_3D ( 'NONE', #733, #3898, #274 ) ;
#4539 = VECTOR ( 'NONE', #2873, 1000.000000000000000 ) ;
#4540 = EDGE_CURVE ( 'NONE', #585, #2341, #1671, .T. ) ;
#4541 = ORIENTED_EDGE ( 'NONE', *, *, #3835, .T. ) ;
#4542 = PLANE ( 'NONE',  #2433 ) ;
#4543 = VERTEX_POINT ( 'NONE', #1812 ) ;
#4544 = AXIS2_PLACEMENT_3D ( 'NONE', #4416, #2668, #1633 ) ;
#4545 = ORIENTED_EDGE ( 'NONE', *, *, #4116, .F. ) ;
#4546 = CARTESIAN_POINT ( 'NONE',  ( 45.50000000000001421, -18.50000000000000355, -26.50000000000000711 ) ) ;
#4547 = VERTEX_POINT ( 'NONE', #3705 ) ;
#4548 = DIRECTION ( 'NONE',  ( 0.000000000000000000, -1.000000000000000000, 0.000000000000000000 ) ) ;
#4549 = CARTESIAN_POINT ( 'NONE',  ( -44.50000000000001421, -18.50000000000000000, 29.00000000000000711 ) ) ;
#4550 = EDGE_CURVE ( 'NONE', #3216, #3002, #1219, .T. ) ;
#4551 = CARTESIAN_POINT ( 'NONE',  ( 55.50000000000001421, 3.799999999999999822, 2.999999999999999556 ) ) ;
#4552 = DIRECTION ( 'NONE',  ( 0.000000000000000000, -1.000000000000000000, 0.000000000000000000 ) ) ;
#4553 = VECTOR ( 'NONE', #4431, 1000.000000000000000 ) ;
#4554 = CARTESIAN_POINT ( 'NONE',  ( -42.00000000000000711, 15.00000000000000000, 30.00000000000001066 ) ) ;
#4555 = ORIENTED_EDGE ( 'NONE', *, *, #2289, .T. ) ;
#4556 = CARTESIAN_POINT ( 'NONE',  ( 22.50000000000000000, 0.000000000000000000, 28.00000000000001066 ) ) ;
#4557 = ORIENTED_EDGE ( 'NONE', *, *, #4480, .T. ) ;
#4558 = EDGE_CURVE ( 'NONE', #2216, #2943, #3377, .T. ) ;
#4559 = PRODUCT_DEFINITION_SHAPE ( 'NONE', 'NONE',  #1803 ) ;
#4560 = CARTESIAN_POINT ( 'NONE',  ( 44.50000000000001421, -19.99999999999999645, -26.50000000000000711 ) ) ;
#4561 = DIRECTION ( 'NONE',  ( 0.000000000000000000, 1.000000000000000000, 0.000000000000000000 ) ) ;
#4562 = DIRECTION ( 'NONE',  ( 0.000000000000000000, 0.000000000000000000, -1.000000000000000000 ) ) ;
#4563 = VERTEX_POINT ( 'NONE', #3307 ) ;
#4564 = CARTESIAN_POINT ( 'NONE',  ( 15.00000000000000178, 0.000000000000000000, -30.00000000000000000 ) ) ;
#4565 = ORIENTED_EDGE ( 'NONE', *, *, #1079, .T. ) ;
#4566 = ORIENTED_EDGE ( 'NONE', *, *, #3163, .F. ) ;
#4567 = LINE ( 'NONE', #4546, #258 ) ;
#4568 = ORIENTED_EDGE ( 'NONE', *, *, #380, .F. ) ;
#4569 = DIRECTION ( 'NONE',  ( 0.000000000000000000, 0.000000000000000000, 1.000000000000000000 ) ) ;
#4570 = DIRECTION ( 'NONE',  ( -0.000000000000000000, -1.000000000000000000, -0.000000000000000000 ) ) ;
#4571 = EDGE_CURVE ( 'NONE', #3746, #1353, #3912, .T. ) ;
#4572 = LINE ( 'NONE', #3486, #2050 ) ;
#4573 = LINE ( 'NONE', #2362, #2988 ) ;
#4574 = ORIENTED_EDGE ( 'NONE', *, *, #2089, .F. ) ;
#4575 = DIRECTION ( 'NONE',  ( 0.000000000000000000, 0.000000000000000000, 1.000000000000000000 ) ) ;
#4576 = VERTEX_POINT ( 'NONE', #498 ) ;
#4577 = CARTESIAN_POINT ( 'NONE',  ( 36.08101651390111186, -9.250000000000001776, -30.17077626419151670 ) ) ;
#4578 = AXIS2_PLACEMENT_3D ( 'NONE', #3413, #1679, #1303 ) ;
#4579 = DIRECTION ( 'NONE',  ( -0.000000000000000000, 1.000000000000000000, -0.000000000000000000 ) ) ;
#4580 = CARTESIAN_POINT ( 'NONE',  ( 45.50000000000001421, 0.000000000000000000, -26.50000000000000711 ) ) ;
#4581 = AXIS2_PLACEMENT_3D ( 'NONE', #3123, #3050, #1240 ) ;
#4582 = ADVANCED_FACE ( 'NONE', ( #2242 ), #2615, .F. ) ;
#4583 = CIRCLE ( 'NONE', #3097, 1.750000000000005107 ) ;
#4584 = ORIENTED_EDGE ( 'NONE', *, *, #2478, .T. ) ;
#4585 = FACE_OUTER_BOUND ( 'NONE', #2785, .T. ) ;
#4586 = ORIENTED_EDGE ( 'NONE', *, *, #2289, .F. ) ;
#4587 = ORIENTED_EDGE ( 'NONE', *, *, #679, .F. ) ;
#4588 = AXIS2_PLACEMENT_3D ( 'NONE', #3524, #2476, #2115 ) ;
#4589 = CARTESIAN_POINT ( 'NONE',  ( 45.50000000000001421, -22.00000000000000000, 30.00000000000001066 ) ) ;
#4590 = ORIENTED_EDGE ( 'NONE', *, *, #3813, .T. ) ;
#4591 = ADVANCED_FACE ( 'NONE', ( #4049, #1222 ), #2964, .T. ) ;
#4592 = CARTESIAN_POINT ( 'NONE',  ( 19.50000000000000355, 0.000000000000000000, 30.01031832080728989 ) ) ;
#4593 = AXIS2_PLACEMENT_3D ( 'NONE', #3525, #990, #1057 ) ;
#4594 = CARTESIAN_POINT ( 'NONE',  ( 18.73727972395719732, -9.191879762304910884, 30.00000000000001776 ) ) ;
#4595 = PRODUCT ( 'SkiSafe 02 - Front', 'SkiSafe 02 - Front', '', ( #1646 ) ) ;
#4596 = LINE ( 'NONE', #2479, #3244 ) ;
#4597 = EDGE_CURVE ( 'NONE', #3817, #37, #96, .T. ) ;
#4598 = DIRECTION ( 'NONE',  ( 0.000000000000000000, -1.000000000000000000, 0.000000000000000000 ) ) ;
#4599 = DIRECTION ( 'NONE',  ( 0.000000000000000000, 0.000000000000000000, 1.000000000000000000 ) ) ;
#4600 = ORIENTED_EDGE ( 'NONE', *, *, #2089, .T. ) ;
#4601 = EDGE_LOOP ( 'NONE', ( #2913, #1750, #1994, #1434 ) ) ;
#4602 = ADVANCED_FACE ( 'NONE', ( #2938 ), #1932, .F. ) ;
#4603 = CARTESIAN_POINT ( 'NONE',  ( -44.50000000000001421, -2.999999999999999112, -29.00000000000000711 ) ) ;
#4604 = LINE ( 'NONE', #2066, #2749 ) ;
#4605 = DIRECTION ( 'NONE',  ( 0.000000000000000000, 0.000000000000000000, -1.000000000000000000 ) ) ;
#4606 = EDGE_CURVE ( 'NONE', #826, #408, #4031, .T. ) ;
#4607 = VECTOR ( 'NONE', #4122, 1000.000000000000000 ) ;
#4608 = VECTOR ( 'NONE', #4561, 1000.000000000000000 ) ;
#4609 = ORIENTED_EDGE ( 'NONE', *, *, #1712, .T. ) ;
#4610 = FACE_OUTER_BOUND ( 'NONE', #3006, .T. ) ;
#4611 = EDGE_CURVE ( 'NONE', #4123, #381, #4206, .T. ) ;
#4612 = DIRECTION ( 'NONE',  ( -0.000000000000000000, 1.000000000000000000, -0.000000000000000000 ) ) ;
#4613 = VECTOR ( 'NONE', #4483, 1000.000000000000000 ) ;
#4614 = ORIENTED_EDGE ( 'NONE', *, *, #595, .T. ) ;
#4615 = ORIENTED_EDGE ( 'NONE', *, *, #4262, .T. ) ;
#4616 = VECTOR ( 'NONE', #3466, 1000.000000000000000 ) ;
#4617 = EDGE_CURVE ( 'NONE', #3924, #4156, #843, .T. ) ;
#4618 = ORIENTED_EDGE ( 'NONE', *, *, #3823, .T. ) ;
#4619 = AXIS2_PLACEMENT_3D ( 'NONE', #1319, #2728, #2138 ) ;
#4620 = LINE ( 'NONE', #1764, #774 ) ;
#4621 = CARTESIAN_POINT ( 'NONE',  ( 44.50000000000001421, 15.00000000000000000, 29.00000000000000711 ) ) ;
#4622 = CARTESIAN_POINT ( 'NONE',  ( -14.99999999999999467, 0.000000000000000000, -29.99999999999999289 ) ) ;
#4623 = FACE_OUTER_BOUND ( 'NONE', #1044, .T. ) ;
#4624 = DIRECTION ( 'NONE',  ( 0.000000000000000000, 0.000000000000000000, 1.000000000000000000 ) ) ;
#4625 = VECTOR ( 'NONE', #3085, 1000.000000000000000 ) ;
#4626 = ORIENTED_EDGE ( 'NONE', *, *, #86, .T. ) ;
#4627 = EDGE_LOOP ( 'NONE', ( #3679, #3939, #2959, #4003 ) ) ;
#4628 = EDGE_CURVE ( 'NONE', #735, #1751, #4362, .T. ) ;
#4629 = CARTESIAN_POINT ( 'NONE',  ( 44.50000000000001421, -2.999999999999998224, 24.00000000000001066 ) ) ;
#4630 = LINE ( 'NONE', #2249, #3873 ) ;
#4631 = CARTESIAN_POINT ( 'NONE',  ( 45.54555525137367766, 3.800000000000014477, 4.999999999999999112 ) ) ;
#4632 = EDGE_CURVE ( 'NONE', #3151, #2039, #1550, .T. ) ;
#4633 = VECTOR ( 'NONE', #3504, 1000.000000000000000 ) ;
#4634 = DIRECTION ( 'NONE',  ( 0.000000000000000000, 1.000000000000000000, 0.000000000000000000 ) ) ;
#4635 = DIRECTION ( 'NONE',  ( -1.000000000000000000, -0.000000000000000000, -0.000000000000000000 ) ) ;
#4636 = EDGE_CURVE ( 'NONE', #3302, #45, #2348, .T. ) ;
ENDSEC;
END-ISO-10303-21;
