ISO-10303-21;
HEADER;
FILE_DESCRIPTION (( 'STEP AP214' ),
    '1' );
FILE_NAME ('SkiSafe 02 - Back.STEP',
    '2026-06-02T15:20:15',
    ( '' ),
    ( '' ),
    'SwSTEP 2.0',
    'SolidWorks 2026',
    '' );
FILE_SCHEMA (( 'AUTOMOTIVE_DESIGN' ));
ENDSEC;

DATA;
#1 = AXIS2_PLACEMENT_3D ( 'NONE', #2771, #1977, #110 ) ;
#2 = ADVANCED_FACE ( 'NONE', ( #1538 ), #1562, .F. ) ;
#3 = DIRECTION ( 'NONE',  ( 1.000000000000000000, 0.000000000000000000, 0.000000000000000000 ) ) ;
#4 = CARTESIAN_POINT ( 'NONE',  ( 42.00000000000000711, 15.00000000000000000, -3.091507183936765379 ) ) ;
#5 = ORIENTED_EDGE ( 'NONE', *, *, #300, .T. ) ;
#6 = DIRECTION ( 'NONE',  ( 0.000000000000000000, 1.000000000000000000, 0.000000000000000000 ) ) ;
#7 = EDGE_LOOP ( 'NONE', ( #4703, #3314, #2842, #506 ) ) ;
#8 = CYLINDRICAL_SURFACE ( 'NONE', #4151, 4.599999999999999645 ) ;
#9 = ORIENTED_EDGE ( 'NONE', *, *, #4241, .F. ) ;
#10 = DIRECTION ( 'NONE',  ( 0.000000000000000000, -1.000000000000000000, 0.000000000000000000 ) ) ;
#11 = ORIENTED_EDGE ( 'NONE', *, *, #2607, .F. ) ;
#12 = CARTESIAN_POINT ( 'NONE',  ( 45.53583228249944881, 7.494900933328444204, 4.786385484247019484 ) ) ;
#13 = DIRECTION ( 'NONE',  ( -0.000000000000000000, 1.000000000000000000, -0.000000000000000000 ) ) ;
#14 = EDGE_LOOP ( 'NONE', ( #888, #589, #52, #4263 ) ) ;
#15 = EDGE_CURVE ( 'NONE', #2920, #3058, #3380, .T. ) ;
#16 = LINE ( 'NONE', #1527, #4470 ) ;
#17 = DIRECTION ( 'NONE',  ( 0.000000000000000000, 0.000000000000000000, -1.000000000000000000 ) ) ;
#18 = CARTESIAN_POINT ( 'NONE',  ( -5.999999999999999112, 11.50000000000000000, 13.00000000000000178 ) ) ;
#19 = FACE_BOUND ( 'NONE', #81, .T. ) ;
#20 = ORIENTED_EDGE ( 'NONE', *, *, #277, .F. ) ;
#21 = CYLINDRICAL_SURFACE ( 'NONE', #3482, 8.500000000000010658 ) ;
#22 = FACE_OUTER_BOUND ( 'NONE', #2519, .T. ) ;
#23 = AXIS2_PLACEMENT_3D ( 'NONE', #3537, #4614, #2817 ) ;
#24 = DIRECTION ( 'NONE',  ( 0.000000000000000000, 0.000000000000000000, -1.000000000000000000 ) ) ;
#25 = AXIS2_PLACEMENT_3D ( 'NONE', #1024, #4904, #2638 ) ;
#26 = ORIENTED_EDGE ( 'NONE', *, *, #4502, .F. ) ;
#27 = ADVANCED_FACE ( 'NONE', ( #3405 ), #3055, .T. ) ;
#28 = VERTEX_POINT ( 'NONE', #1140 ) ;
#29 = CARTESIAN_POINT ( 'NONE',  ( -7.700000000000000178, 15.00000000000000000, 18.99999999999999645 ) ) ;
#30 = ORIENTED_EDGE ( 'NONE', *, *, #2903, .F. ) ;
#31 = CARTESIAN_POINT ( 'NONE',  ( 45.54555525137367766, 15.00000000000000000, 4.999999999999997335 ) ) ;
#32 = ORIENTED_EDGE ( 'NONE', *, *, #4222, .T. ) ;
#33 = AXIS2_PLACEMENT_3D ( 'NONE', #4230, #3478, #3133 ) ;
#34 = CARTESIAN_POINT ( 'NONE',  ( 44.50000000000001421, 11.00000000000000000, 34.50000000000000000 ) ) ;
#35 = VECTOR ( 'NONE', #2704, 1000.000000000000000 ) ;
#36 = ORIENTED_EDGE ( 'NONE', *, *, #2258, .F. ) ;
#37 = CARTESIAN_POINT ( 'NONE',  ( -39.95933631058686331, 15.00000000000000000, -36.18556701030929901 ) ) ;
#38 = DIRECTION ( 'NONE',  ( -1.000000000000000000, 0.000000000000000000, -0.000000000000000000 ) ) ;
#39 = LINE ( 'NONE', #3769, #1898 ) ;
#40 = CARTESIAN_POINT ( 'NONE',  ( -85.50000000000001421, 4.200000000000000178, 3.091507183936761827 ) ) ;
#41 = VERTEX_POINT ( 'NONE', #438 ) ;
#42 = ADVANCED_FACE ( 'NONE', ( #22 ), #1162, .T. ) ;
#43 = DIRECTION ( 'NONE',  ( 0.000000000000000000, 0.000000000000000000, -1.000000000000000000 ) ) ;
#44 = DIRECTION ( 'NONE',  ( -0.000000000000000000, 1.000000000000000000, -0.000000000000000000 ) ) ;
#45 = LINE ( 'NONE', #2245, #3803 ) ;
#46 = FACE_OUTER_BOUND ( 'NONE', #623, .T. ) ;
#47 = VERTEX_POINT ( 'NONE', #1871 ) ;
#48 = ADVANCED_FACE ( 'NONE', ( #3446 ), #3747, .T. ) ;
#49 = FACE_OUTER_BOUND ( 'NONE', #2290, .T. ) ;
#50 = ORIENTED_EDGE ( 'NONE', *, *, #4222, .F. ) ;
#51 =( NAMED_UNIT ( * ) SI_UNIT ( $, .STERADIAN. ) SOLID_ANGLE_UNIT ( ) );
#52 = ORIENTED_EDGE ( 'NONE', *, *, #4333, .T. ) ;
#53 = DIRECTION ( 'NONE',  ( 0.000000000000000000, -1.000000000000000000, 0.000000000000000000 ) ) ;
#54 = ORIENTED_EDGE ( 'NONE', *, *, #4799, .T. ) ;
#55 = LINE ( 'NONE', #886, #2163 ) ;
#56 = ORIENTED_EDGE ( 'NONE', *, *, #334, .F. ) ;
#57 = CARTESIAN_POINT ( 'NONE',  ( 42.60537019190390851, 15.00000000000000000, -10.32343179820049528 ) ) ;
#58 = ORIENTED_EDGE ( 'NONE', *, *, #3697, .T. ) ;
#59 = VECTOR ( 'NONE', #338, 1000.000000000000000 ) ;
#60 = AXIS2_PLACEMENT_3D ( 'NONE', #1431, #3217, #3593 ) ;
#61 = EDGE_CURVE ( 'NONE', #1926, #1847, #4578, .T. ) ;
#62 = CARTESIAN_POINT ( 'NONE',  ( 18.59150718393674495, 15.00000000000000000, -70.00000000000000000 ) ) ;
#63 = CARTESIAN_POINT ( 'NONE',  ( -42.00000000000001421, 15.00000000000000000, 26.50000000000001066 ) ) ;
#64 = CARTESIAN_POINT ( 'NONE',  ( 45.50000000000001421, 9.694809904325813577, -3.390089528232606675 ) ) ;
#65 = ORIENTED_EDGE ( 'NONE', *, *, #71, .F. ) ;
#66 = DIRECTION ( 'NONE',  ( 0.000000000000000000, 0.000000000000000000, 1.000000000000000000 ) ) ;
#67 = DIRECTION ( 'NONE',  ( -1.000000000000000000, 0.000000000000000000, 0.000000000000000000 ) ) ;
#68 = FACE_OUTER_BOUND ( 'NONE', #2491, .T. ) ;
#69 = CARTESIAN_POINT ( 'NONE',  ( 44.50000000000001421, -22.00000000000000355, -29.00000000000000711 ) ) ;
#70 = EDGE_LOOP ( 'NONE', ( #2088, #1985, #450, #4640 ) ) ;
#71 = EDGE_CURVE ( 'NONE', #3278, #4823, #117, .T. ) ;
#72 = CARTESIAN_POINT ( 'NONE',  ( 44.50000000000001421, 0.000000000000000000, -29.00000000000001776 ) ) ;
#73 = CIRCLE ( 'NONE', #4604, 6.499999999999999112 ) ;
#74 = AXIS2_PLACEMENT_3D ( 'NONE', #135, #454, #3564 ) ;
#75 = DIRECTION ( 'NONE',  ( 0.000000000000000000, 0.000000000000000000, 1.000000000000000000 ) ) ;
#76 =( GEOMETRIC_REPRESENTATION_CONTEXT ( 3 ) GLOBAL_UNCERTAINTY_ASSIGNED_CONTEXT ( ( #2473 ) ) GLOBAL_UNIT_ASSIGNED_CONTEXT ( ( #373, #2970, #3291 ) ) REPRESENTATION_CONTEXT ( 'NONE', 'WORKASPACE' ) );
#77 = VECTOR ( 'NONE', #2087, 1000.000000000000000 ) ;
#78 = VERTEX_POINT ( 'NONE', #3075 ) ;
#79 = LINE ( 'NONE', #1925, #745 ) ;
#80 = VECTOR ( 'NONE', #1531, 1000.000000000000000 ) ;
#81 = EDGE_LOOP ( 'NONE', ( #4411, #1364 ) ) ;
#82 = FACE_OUTER_BOUND ( 'NONE', #929, .T. ) ;
#83 = VERTEX_POINT ( 'NONE', #2678 ) ;
#84 = DIRECTION ( 'NONE',  ( 0.000000000000000000, 0.000000000000000000, 1.000000000000000000 ) ) ;
#85 = EDGE_CURVE ( 'NONE', #2423, #1500, #2338, .T. ) ;
#86 = EDGE_CURVE ( 'NONE', #1915, #2905, #2310, .T. ) ;
#87 = EDGE_CURVE ( 'NONE', #687, #4119, #1467, .T. ) ;
#88 = ORIENTED_EDGE ( 'NONE', *, *, #1445, .T. ) ;
#89 = DIRECTION ( 'NONE',  ( -0.000000000000000000, 1.000000000000000000, -0.000000000000000000 ) ) ;
#90 = DIRECTION ( 'NONE',  ( 0.000000000000000000, -1.000000000000000000, 0.000000000000000000 ) ) ;
#91 = LINE ( 'NONE', #2380, #1327 ) ;
#92 = ORIENTED_EDGE ( 'NONE', *, *, #2314, .T. ) ;
#93 = PLANE ( 'NONE',  #2498 ) ;
#94 = CARTESIAN_POINT ( 'NONE',  ( 16.00000000000000000, -7.000000000000000000, 30.00000000000001066 ) ) ;
#95 = FACE_OUTER_BOUND ( 'NONE', #201, .T. ) ;
#96 = CARTESIAN_POINT ( 'NONE',  ( -46.77808110350505899, 0.000000000000000000, 22.91227904007968164 ) ) ;
#97 = VERTEX_POINT ( 'NONE', #3820 ) ;
#98 = DIRECTION ( 'NONE',  ( 1.000000000000000000, 0.000000000000000000, 0.000000000000000000 ) ) ;
#99 = VECTOR ( 'NONE', #108, 1000.000000000000000 ) ;
#100 = DIRECTION ( 'NONE',  ( 0.000000000000000000, -1.000000000000000000, 0.000000000000000000 ) ) ;
#101 = CIRCLE ( 'NONE', #3829, 40.00000000000000711 ) ;
#102 = ORIENTED_EDGE ( 'NONE', *, *, #3910, .T. ) ;
#103 = ORIENTED_EDGE ( 'NONE', *, *, #1122, .T. ) ;
#104 = AXIS2_PLACEMENT_3D ( 'NONE', #224, #1392, #4045 ) ;
#105 = AXIS2_PLACEMENT_3D ( 'NONE', #3903, #4181, #130 ) ;
#106 = CARTESIAN_POINT ( 'NONE',  ( -85.50000000000001421, 15.00000000000000000, 3.091507183936761827 ) ) ;
#107 = ORIENTED_EDGE ( 'NONE', *, *, #4350, .T. ) ;
#108 = DIRECTION ( 'NONE',  ( -0.000000000000000000, -1.000000000000000000, -0.000000000000000000 ) ) ;
#109 = ORIENTED_EDGE ( 'NONE', *, *, #1521, .T. ) ;
#110 = DIRECTION ( 'NONE',  ( 0.000000000000000000, -0.000000000000000000, 1.000000000000000000 ) ) ;
#111 = ORIENTED_EDGE ( 'NONE', *, *, #1396, .F. ) ;
#112 = LINE ( 'NONE', #4339, #3969 ) ;
#113 = CARTESIAN_POINT ( 'NONE',  ( 2.000000000000000000, 20.00000000000000000, -7.699999999999993072 ) ) ;
#114 = VECTOR ( 'NONE', #597, 1000.000000000000000 ) ;
#115 = DIRECTION ( 'NONE',  ( 0.000000000000000000, -0.000000000000000000, 1.000000000000000000 ) ) ;
#116 = VERTEX_POINT ( 'NONE', #4172 ) ;
#117 = CIRCLE ( 'NONE', #1543, 2.500000000000002220 ) ;
#118 = FACE_OUTER_BOUND ( 'NONE', #2340, .T. ) ;
#119 = DIRECTION ( 'NONE',  ( 0.000000000000000000, -1.000000000000000000, 0.000000000000000000 ) ) ;
#120 = DIRECTION ( 'NONE',  ( 0.000000000000000000, 0.000000000000000000, -1.000000000000000000 ) ) ;
#121 = DIRECTION ( 'NONE',  ( 0.000000000000000000, 0.000000000000000000, -1.000000000000000000 ) ) ;
#122 = ORIENTED_EDGE ( 'NONE', *, *, #3081, .T. ) ;
#123 = LINE ( 'NONE', #1644, #3247 ) ;
#124 = EDGE_CURVE ( 'NONE', #363, #399, #3471, .T. ) ;
#125 = FILL_AREA_STYLE ('',( #3851 ) ) ;
#126 = EDGE_CURVE ( 'NONE', #1127, #128, #4599, .T. ) ;
#127 = AXIS2_PLACEMENT_3D ( 'NONE', #1614, #4624, #1239 ) ;
#128 = VERTEX_POINT ( 'NONE', #2332 ) ;
#129 = EDGE_LOOP ( 'NONE', ( #1519, #1775, #1165, #1502 ) ) ;
#130 = DIRECTION ( 'NONE',  ( -3.202566417187953592E-15, 0.000000000000000000, -1.000000000000000000 ) ) ;
#131 = ORIENTED_EDGE ( 'NONE', *, *, #1179, .F. ) ;
#132 = CARTESIAN_POINT ( 'NONE',  ( 1.700000000000000178, 17.00000000000000000, 7.300000000000005151 ) ) ;
#133 = EDGE_CURVE ( 'NONE', #3042, #3387, #1191, .T. ) ;
#134 = VERTEX_POINT ( 'NONE', #4224 ) ;
#135 = CARTESIAN_POINT ( 'NONE',  ( -35.50000000000001421, 11.00000000000000000, 2.500000000000000000 ) ) ;
#136 = VERTEX_POINT ( 'NONE', #821 ) ;
#137 = CYLINDRICAL_SURFACE ( 'NONE', #1814, 40.00000000000000711 ) ;
#138 = EDGE_CURVE ( 'NONE', #2748, #4555, #3103, .T. ) ;
#139 = LINE ( 'NONE', #4619, #618 ) ;
#140 = CARTESIAN_POINT ( 'NONE',  ( -44.50000000000001421, -22.00000000000000355, 29.00000000000000711 ) ) ;
#141 = ORIENTED_EDGE ( 'NONE', *, *, #3430, .F. ) ;
#142 = VECTOR ( 'NONE', #4742, 1000.000000000000000 ) ;
#143 = VECTOR ( 'NONE', #2254, 1000.000000000000000 ) ;
#144 = DIRECTION ( 'NONE',  ( 0.000000000000000000, -1.000000000000000000, 0.000000000000000000 ) ) ;
#145 = CARTESIAN_POINT ( 'NONE',  ( 0.7000000000000061728, -8.450062914116743564E-16, -11.87707736052349539 ) ) ;
#146 = VECTOR ( 'NONE', #4919, 1000.000000000000000 ) ;
#147 = DIRECTION ( 'NONE',  ( 0.000000000000000000, 0.000000000000000000, 1.000000000000000000 ) ) ;
#148 = CARTESIAN_POINT ( 'NONE',  ( 18.59150718393674495, 0.000000000000000000, -70.00000000000000000 ) ) ;
#149 = VERTEX_POINT ( 'NONE', #539 ) ;
#150 = DIRECTION ( 'NONE',  ( -0.000000000000000000, 1.000000000000000000, -0.000000000000000000 ) ) ;
#151 = EDGE_CURVE ( 'NONE', #28, #1323, #845, .T. ) ;
#152 = EDGE_CURVE ( 'NONE', #134, #2440, #2179, .T. ) ;
#153 = EDGE_CURVE ( 'NONE', #956, #1099, #4346, .T. ) ;
#154 = SURFACE_STYLE_FILL_AREA ( #125 ) ;
#155 = ORIENTED_EDGE ( 'NONE', *, *, #552, .F. ) ;
#156 = CIRCLE ( 'NONE', #4521, 1.000000000000002665 ) ;
#157 = ORIENTED_EDGE ( 'NONE', *, *, #3910, .F. ) ;
#158 = CARTESIAN_POINT ( 'NONE',  ( -1.700000000000000178, 15.00000000000000000, 7.000000000000003553 ) ) ;
#159 = VERTEX_POINT ( 'NONE', #4695 ) ;
#160 = CIRCLE ( 'NONE', #3250, 8.500000000000010658 ) ;
#161 = AXIS2_PLACEMENT_3D ( 'NONE', #911, #2421, #84 ) ;
#162 = DIRECTION ( 'NONE',  ( 0.000000000000000000, 0.000000000000000000, 1.000000000000000000 ) ) ;
#163 = ORIENTED_EDGE ( 'NONE', *, *, #124, .T. ) ;
#164 = CARTESIAN_POINT ( 'NONE',  ( -7.699999999999998401, 20.00000000000000000, 7.300000000000005151 ) ) ;
#165 = CIRCLE ( 'NONE', #4446, 6.499999999999995559 ) ;
#166 = ORIENTED_EDGE ( 'NONE', *, *, #3601, .T. ) ;
#167 = DIRECTION ( 'NONE',  ( -0.000000000000000000, 0.000000000000000000, -1.000000000000000000 ) ) ;
#168 = EDGE_CURVE ( 'NONE', #1142, #1109, #1285, .T. ) ;
#169 = DIRECTION ( 'NONE',  ( -0.000000000000000000, 1.000000000000000000, -0.000000000000000000 ) ) ;
#170 = FACE_OUTER_BOUND ( 'NONE', #3508, .T. ) ;
#171 = ORIENTED_EDGE ( 'NONE', *, *, #642, .F. ) ;
#172 = DIRECTION ( 'NONE',  ( 0.000000000000000000, 0.000000000000000000, -1.000000000000000000 ) ) ;
#173 = FACE_OUTER_BOUND ( 'NONE', #4735, .T. ) ;
#174 = DIRECTION ( 'NONE',  ( -0.000000000000000000, 0.000000000000000000, -1.000000000000000000 ) ) ;
#175 = ORIENTED_EDGE ( 'NONE', *, *, #2705, .F. ) ;
#176 = LINE ( 'NONE', #2462, #346 ) ;
#177 = CARTESIAN_POINT ( 'NONE',  ( 85.50000000000001421, 4.200000000000000178, 3.091507183936761827 ) ) ;
#178 = ORIENTED_EDGE ( 'NONE', *, *, #667, .T. ) ;
#179 = VERTEX_POINT ( 'NONE', #1338 ) ;
#180 = ADVANCED_FACE ( 'NONE', ( #895 ), #920, .F. ) ;
#181 = DIRECTION ( 'NONE',  ( 1.000000000000000000, 0.000000000000000000, 0.000000000000000000 ) ) ;
#182 = EDGE_CURVE ( 'NONE', #2867, #3545, #2779, .T. ) ;
#183 = ORIENTED_EDGE ( 'NONE', *, *, #1067, .T. ) ;
#184 = CARTESIAN_POINT ( 'NONE',  ( -39.95933631058686331, 15.00000000000000000, 36.18556701030929901 ) ) ;
#185 = AXIS2_PLACEMENT_3D ( 'NONE', #1676, #2744, #3931 ) ;
#186 = ORIENTED_EDGE ( 'NONE', *, *, #1156, .T. ) ;
#187 = CARTESIAN_POINT ( 'NONE',  ( 6.000000000000000888, 20.00000000000000000, 12.00000000000000178 ) ) ;
#188 = CIRCLE ( 'NONE', #498, 2.500000000000005773 ) ;
#189 = ADVANCED_FACE ( 'NONE', ( #567 ), #1238, .T. ) ;
#190 = ORIENTED_EDGE ( 'NONE', *, *, #3184, .F. ) ;
#191 = DIRECTION ( 'NONE',  ( 0.000000000000000000, -1.000000000000000000, 0.000000000000000000 ) ) ;
#192 = PLANE ( 'NONE',  #1971 ) ;
#193 = DIRECTION ( 'NONE',  ( 0.000000000000000000, 0.000000000000000000, -1.000000000000000000 ) ) ;
#194 = ORIENTED_EDGE ( 'NONE', *, *, #2686, .F. ) ;
#195 = DIRECTION ( 'NONE',  ( 0.000000000000000000, 1.000000000000000000, 0.000000000000000000 ) ) ;
#196 = CIRCLE ( 'NONE', #2889, 8.500000000000010658 ) ;
#197 = DIRECTION ( 'NONE',  ( 0.000000000000000000, -1.000000000000000000, 0.000000000000000000 ) ) ;
#198 = CIRCLE ( 'NONE', #358, 43.50000000000000711 ) ;
#199 = ADVANCED_FACE ( 'NONE', ( #4272 ), #2405, .F. ) ;
#200 = CARTESIAN_POINT ( 'NONE',  ( -15.19999999999999396, 4.200000000000000178, -26.30000000000000782 ) ) ;
#201 = EDGE_LOOP ( 'NONE', ( #1419, #3062, #3872, #1395, #670, #1453, #1673, #2857, #3584, #1042 ) ) ;
#202 = CARTESIAN_POINT ( 'NONE',  ( 44.50000000000001421, 11.00000000000000000, -34.50000000000000000 ) ) ;
#203 = LINE ( 'NONE', #3630, #114 ) ;
#204 = ORIENTED_EDGE ( 'NONE', *, *, #2074, .T. ) ;
#205 = ADVANCED_FACE ( 'NONE', ( #118 ), #93, .F. ) ;
#206 = ORIENTED_EDGE ( 'NONE', *, *, #355, .F. ) ;
#207 = CARTESIAN_POINT ( 'NONE',  ( 44.50000000000001421, 11.00000000000000000, -29.00000000000000711 ) ) ;
#208 = ORIENTED_EDGE ( 'NONE', *, *, #1637, .T. ) ;
#209 = AXIS2_PLACEMENT_3D ( 'NONE', #3297, #4772, #2855 ) ;
#210 = DIRECTION ( 'NONE',  ( -0.000000000000000000, 1.000000000000000000, -0.000000000000000000 ) ) ;
#211 = ORIENTED_EDGE ( 'NONE', *, *, #3207, .T. ) ;
#212 = CARTESIAN_POINT ( 'NONE',  ( -42.00000000000000711, 4.200000000000000178, 2.499999999999998668 ) ) ;
#213 = AXIS2_PLACEMENT_3D ( 'NONE', #4244, #841, #1984 ) ;
#214 = ORIENTED_EDGE ( 'NONE', *, *, #422, .F. ) ;
#215 = CARTESIAN_POINT ( 'NONE',  ( 36.08101651390109765, 11.50000000000000000, 30.17077626419152026 ) ) ;
#216 = DIRECTION ( 'NONE',  ( 0.000000000000000000, -1.000000000000000000, 0.000000000000000000 ) ) ;
#217 = DIRECTION ( 'NONE',  ( 0.000000000000000000, -0.000000000000000000, -1.000000000000000000 ) ) ;
#218 = ORIENTED_EDGE ( 'NONE', *, *, #503, .F. ) ;
#219 = CARTESIAN_POINT ( 'NONE',  ( -85.50000000000001421, 4.200000000000000178, 3.091507183936761827 ) ) ;
#220 = AXIS2_PLACEMENT_3D ( 'NONE', #1914, #4895, #1488 ) ;
#221 = DIRECTION ( 'NONE',  ( 0.000000000000000000, -1.000000000000000000, 0.000000000000000000 ) ) ;
#222 = LINE ( 'NONE', #1742, #1753 ) ;
#223 = ORIENTED_EDGE ( 'NONE', *, *, #4350, .F. ) ;
#224 = CARTESIAN_POINT ( 'NONE',  ( -4.299999999999999822, 20.00000000000000000, 18.99999999999999289 ) ) ;
#225 = AXIS2_PLACEMENT_3D ( 'NONE', #4642, #3466, #534 ) ;
#226 = DIRECTION ( 'NONE',  ( 0.000000000000000000, -1.000000000000000000, 0.000000000000000000 ) ) ;
#227 = VECTOR ( 'NONE', #3709, 1000.000000000000000 ) ;
#228 = VERTEX_POINT ( 'NONE', #3600 ) ;
#229 = ORIENTED_EDGE ( 'NONE', *, *, #541, .T. ) ;
#230 = LINE ( 'NONE', #2075, #2648 ) ;
#231 = PLANE ( 'NONE',  #4232 ) ;
#232 = CIRCLE ( 'NONE', #2613, 5.499999999999994671 ) ;
#233 = EDGE_LOOP ( 'NONE', ( #3365, #2183, #817, #1271 ) ) ;
#234 = LINE ( 'NONE', #1301, #790 ) ;
#235 = VECTOR ( 'NONE', #256, 1000.000000000000000 ) ;
#236 = EDGE_LOOP ( 'NONE', ( #948, #2985, #1172, #20 ) ) ;
#237 = DIRECTION ( 'NONE',  ( -0.000000000000000000, -1.000000000000000000, -0.000000000000000000 ) ) ;
#238 = CARTESIAN_POINT ( 'NONE',  ( 1.700000000000000178, 17.00000000000000000, 7.000000000000003553 ) ) ;
#239 = VECTOR ( 'NONE', #3694, 1000.000000000000000 ) ;
#240 = CARTESIAN_POINT ( 'NONE',  ( 12.69999999999999041, 5.652887372536823385, 13.25219988745154254 ) ) ;
#241 = ORIENTED_EDGE ( 'NONE', *, *, #930, .F. ) ;
#242 = EDGE_CURVE ( 'NONE', #442, #4567, #4322, .T. ) ;
#243 = EDGE_CURVE ( 'NONE', #1099, #2741, #198, .T. ) ;
#244 = EDGE_CURVE ( 'NONE', #3645, #2718, #413, .T. ) ;
#245 = CARTESIAN_POINT ( 'NONE',  ( 8.000000000000000000, 20.00000000000000000, 18.70000000000000284 ) ) ;
#246 = CARTESIAN_POINT ( 'NONE',  ( 44.50000000000001421, -2.499999999999999112, -29.00000000000000711 ) ) ;
#247 = CARTESIAN_POINT ( 'NONE',  ( -44.50000000000001421, -22.00000000000000355, -29.00000000000000711 ) ) ;
#248 = VERTEX_POINT ( 'NONE', #2431 ) ;
#249 = DIRECTION ( 'NONE',  ( 0.000000000000000000, -1.000000000000000000, 0.000000000000000000 ) ) ;
#250 = DIRECTION ( 'NONE',  ( 0.000000000000000000, 0.000000000000000000, -1.000000000000000000 ) ) ;
#251 = ORIENTED_EDGE ( 'NONE', *, *, #1779, .T. ) ;
#252 = ORIENTED_EDGE ( 'NONE', *, *, #4761, .T. ) ;
#253 = FACE_BOUND ( 'NONE', #4034, .T. ) ;
#254 = FACE_OUTER_BOUND ( 'NONE', #2534, .T. ) ;
#255 = VERTEX_POINT ( 'NONE', #3940 ) ;
#256 = DIRECTION ( 'NONE',  ( -0.000000000000000000, 1.000000000000000000, -0.000000000000000000 ) ) ;
#257 = ORIENTED_EDGE ( 'NONE', *, *, #4560, .T. ) ;
#258 = AXIS2_PLACEMENT_3D ( 'NONE', #4660, #3283, #556 ) ;
#259 = DIRECTION ( 'NONE',  ( -0.000000000000000000, 1.000000000000000000, -0.000000000000000000 ) ) ;
#260 = AXIS2_PLACEMENT_3D ( 'NONE', #653, #1902, #2274 ) ;
#261 = CARTESIAN_POINT ( 'NONE',  ( -42.00000000000001421, 0.000000000000000000, 25.13865308473844351 ) ) ;
#262 = DIRECTION ( 'NONE',  ( 0.000000000000000000, 0.000000000000000000, -1.000000000000000000 ) ) ;
#263 = ORIENTED_EDGE ( 'NONE', *, *, #3505, .T. ) ;
#264 = ADVANCED_FACE ( 'NONE', ( #2085 ), #1714, .T. ) ;
#265 = CIRCLE ( 'NONE', #983, 5.499999999999994671 ) ;
#266 = CIRCLE ( 'NONE', #906, 40.00000000000000000 ) ;
#267 = PLANE ( 'NONE',  #676 ) ;
#268 = CARTESIAN_POINT ( 'NONE',  ( 19.06382529095343870, 0.000000000000000000, 26.50192318384175749 ) ) ;
#269 = CARTESIAN_POINT ( 'NONE',  ( 0.7000000000000061728, 4.200000000000000178, -30.00000000000000711 ) ) ;
#270 = ORIENTED_EDGE ( 'NONE', *, *, #1846, .T. ) ;
#271 = CARTESIAN_POINT ( 'NONE',  ( -15.19999999999999396, 4.200000000000000178, -26.30000000000000782 ) ) ;
#272 = AXIS2_PLACEMENT_3D ( 'NONE', #3085, #2361, #3826 ) ;
#273 = CARTESIAN_POINT ( 'NONE',  ( -1.700000000000000178, 15.00000000000000000, 7.300000000000003375 ) ) ;
#274 = EDGE_LOOP ( 'NONE', ( #1441, #3827, #4208, #2031, #3272, #1064 ) ) ;
#275 = CARTESIAN_POINT ( 'NONE',  ( 42.00000000000001421, -2.499999999999999112, 26.50000000000001066 ) ) ;
#276 = EDGE_CURVE ( 'NONE', #1497, #2276, #2383, .T. ) ;
#277 = EDGE_CURVE ( 'NONE', #743, #1198, #2013, .T. ) ;
#278 = CARTESIAN_POINT ( 'NONE',  ( 44.50000000000001421, 11.00000000000000000, 29.00000000000000711 ) ) ;
#279 = CIRCLE ( 'NONE', #3770, 40.00000000000000000 ) ;
#280 = ORIENTED_EDGE ( 'NONE', *, *, #4761, .F. ) ;
#281 = DIRECTION ( 'NONE',  ( -0.000000000000000000, 1.000000000000000000, -0.000000000000000000 ) ) ;
#282 = EDGE_LOOP ( 'NONE', ( #379, #617, #2094, #2541 ) ) ;
#283 = EDGE_CURVE ( 'NONE', #4854, #4084, #3150, .T. ) ;
#284 = CARTESIAN_POINT ( 'NONE',  ( -5.999999999999999112, 20.00000000000000000, 11.00000000000000355 ) ) ;
#285 = DIRECTION ( 'NONE',  ( 0.000000000000000000, 0.000000000000000000, 1.000000000000000000 ) ) ;
#286 = FACE_OUTER_BOUND ( 'NONE', #1908, .T. ) ;
#287 = ORIENTED_EDGE ( 'NONE', *, *, #4010, .F. ) ;
#288 = DIRECTION ( 'NONE',  ( 0.000000000000000000, 0.000000000000000000, 1.000000000000000000 ) ) ;
#289 = EDGE_CURVE ( 'NONE', #1023, #1497, #3249, .T. ) ;
#290 = DIRECTION ( 'NONE',  ( -0.000000000000000000, 0.000000000000000000, 1.000000000000000000 ) ) ;
#291 = LINE ( 'NONE', #3649, #3792 ) ;
#292 = CARTESIAN_POINT ( 'NONE',  ( 7.700000000000000178, 20.00000000000000000, 7.300000000000002487 ) ) ;
#293 = ORIENTED_EDGE ( 'NONE', *, *, #1490, .T. ) ;
#294 = CARTESIAN_POINT ( 'NONE',  ( 44.50000000000001421, 0.000000000000000000, -29.00000000000001776 ) ) ;
#295 = ORIENTED_EDGE ( 'NONE', *, *, #1032, .F. ) ;
#296 = CARTESIAN_POINT ( 'NONE',  ( -51.68556701030929901, 15.00000000000000000, 24.45933631058685620 ) ) ;
#297 = ORIENTED_EDGE ( 'NONE', *, *, #1179, .T. ) ;
#298 = EDGE_CURVE ( 'NONE', #1142, #3212, #661, .T. ) ;
#299 = ADVANCED_FACE ( 'NONE', ( #2546 ), #1762, .T. ) ;
#300 = EDGE_CURVE ( 'NONE', #3772, #3545, #1948, .T. ) ;
#301 = CARTESIAN_POINT ( 'NONE',  ( -58.34927731208833279, 0.000000000000000000, -37.51000000000001933 ) ) ;
#302 = AXIS2_PLACEMENT_3D ( 'NONE', #4036, #3664, #2947 ) ;
#303 = CIRCLE ( 'NONE', #4354, 8.500000000000010658 ) ;
#304 = CARTESIAN_POINT ( 'NONE',  ( 44.50000000000001421, -2.499999999999999112, 26.50000000000000711 ) ) ;
#305 = ORIENTED_EDGE ( 'NONE', *, *, #4417, .F. ) ;
#306 = ORIENTED_EDGE ( 'NONE', *, *, #1639, .T. ) ;
#307 = DIRECTION ( 'NONE',  ( 0.000000000000000000, 1.000000000000000000, 0.000000000000000000 ) ) ;
#308 = AXIS2_PLACEMENT_3D ( 'NONE', #3789, #4495, #3351 ) ;
#309 = ADVANCED_FACE ( 'NONE', ( #4418 ), #267, .F. ) ;
#310 = ORIENTED_EDGE ( 'NONE', *, *, #2641, .F. ) ;
#311 = FACE_BOUND ( 'NONE', #4896, .T. ) ;
#312 = FACE_OUTER_BOUND ( 'NONE', #3086, .T. ) ;
#313 = PLANE ( 'NONE',  #4099 ) ;
#314 = ORIENTED_EDGE ( 'NONE', *, *, #3652, .F. ) ;
#315 = VECTOR ( 'NONE', #1916, 1000.000000000000000 ) ;
#316 = AXIS2_PLACEMENT_3D ( 'NONE', #2029, #3539, #4214 ) ;
#317 = CARTESIAN_POINT ( 'NONE',  ( 42.02805523126944820, 7.845320567060017680, -4.662127447712716588 ) ) ;
#318 = ADVANCED_FACE ( 'NONE', ( #4371 ), #3296, .T. ) ;
#319 = PLANE ( 'NONE',  #1790 ) ;
#320 = AXIS2_PLACEMENT_3D ( 'NONE', #994, #1765, #3326 ) ;
#321 = CARTESIAN_POINT ( 'NONE',  ( 6.000000000000000888, 20.00000000000000000, 13.00000000000000533 ) ) ;
#322 = DIRECTION ( 'NONE',  ( 0.000000000000000000, 1.000000000000000000, 1.084202172485504434E-16 ) ) ;
#323 = EDGE_LOOP ( 'NONE', ( #3596, #4301, #890, #2538 ) ) ;
#324 = CARTESIAN_POINT ( 'NONE',  ( -38.41227904007971006, 15.00000000000000000, -31.27808110350507320 ) ) ;
#325 = ORIENTED_EDGE ( 'NONE', *, *, #3454, .F. ) ;
#326 = CARTESIAN_POINT ( 'NONE',  ( 45.50000000000001421, 15.00000000000000000, 26.50000000000001066 ) ) ;
#327 = VERTEX_POINT ( 'NONE', #1061 ) ;
#328 = CARTESIAN_POINT ( 'NONE',  ( -1.700000000000000178, 15.00000000000000000, -7.699999999999993072 ) ) ;
#329 = ORIENTED_EDGE ( 'NONE', *, *, #647, .F. ) ;
#330 = DIRECTION ( 'NONE',  ( -0.000000000000000000, -1.000000000000000000, -0.000000000000000000 ) ) ;
#331 = ORIENTED_EDGE ( 'NONE', *, *, #722, .F. ) ;
#332 = ADVANCED_FACE ( 'NONE', ( #3350 ), #4770, .F. ) ;
#333 = DIRECTION ( 'NONE',  ( -1.000000000000000000, 0.000000000000000000, 0.000000000000000000 ) ) ;
#334 = EDGE_CURVE ( 'NONE', #1559, #1352, #1231, .T. ) ;
#335 = PLANE ( 'NONE',  #2963 ) ;
#336 = VERTEX_POINT ( 'NONE', #2481 ) ;
#337 = CARTESIAN_POINT ( 'NONE',  ( 44.50000000000001421, 11.00000000000000000, -29.00000000000000711 ) ) ;
#338 = DIRECTION ( 'NONE',  ( -1.000000000000000000, 0.000000000000000000, 2.168404344971010101E-16 ) ) ;
#339 = ORIENTED_EDGE ( 'NONE', *, *, #2043, .F. ) ;
#340 = ADVANCED_FACE ( 'NONE', ( #1039 ), #3997, .T. ) ;
#341 = CARTESIAN_POINT ( 'NONE',  ( 42.03994921765909965, 6.752508627459757662, -4.957259978537528866 ) ) ;
#342 = CARTESIAN_POINT ( 'NONE',  ( -7.700000000000000178, 20.00000000000000000, 18.70000000000000284 ) ) ;
#343 = CARTESIAN_POINT ( 'NONE',  ( -44.50000000000001421, 15.00000000000000000, 29.00000000000000711 ) ) ;
#344 = CARTESIAN_POINT ( 'NONE',  ( 45.54555525137367766, 6.000000000000000888, -5.000000000000000000 ) ) ;
#345 = ORIENTED_EDGE ( 'NONE', *, *, #2320, .T. ) ;
#346 = VECTOR ( 'NONE', #249, 1000.000000000000000 ) ;
#347 = VECTOR ( 'NONE', #3855, 1000.000000000000000 ) ;
#348 = CARTESIAN_POINT ( 'NONE',  ( 44.50000000000001421, 1.799999999999999600, -29.00000000000001776 ) ) ;
#349 = ORIENTED_EDGE ( 'NONE', *, *, #3668, .T. ) ;
#350 = CARTESIAN_POINT ( 'NONE',  ( 8.000000000000000000, 17.00000000000000000, 7.300000000000002487 ) ) ;
#351 = ORIENTED_EDGE ( 'NONE', *, *, #2191, .T. ) ;
#352 = DIRECTION ( 'NONE',  ( 0.000000000000000000, 1.000000000000000000, 0.000000000000000000 ) ) ;
#353 = ORIENTED_EDGE ( 'NONE', *, *, #3794, .F. ) ;
#354 = LINE ( 'NONE', #1876, #2015 ) ;
#355 = EDGE_CURVE ( 'NONE', #1844, #3536, #1360, .T. ) ;
#356 = AXIS2_PLACEMENT_3D ( 'NONE', #3606, #3675, #1722 ) ;
#357 = ORIENTED_EDGE ( 'NONE', *, *, #3982, .T. ) ;
#358 = AXIS2_PLACEMENT_3D ( 'NONE', #3919, #2829, #2355 ) ;
#359 = CARTESIAN_POINT ( 'NONE',  ( 12.69999999999999041, 4.200000000000000178, 26.50000000000001066 ) ) ;
#360 = ORIENTED_EDGE ( 'NONE', *, *, #4537, .F. ) ;
#361 = CARTESIAN_POINT ( 'NONE',  ( -39.95933631058686331, 15.00000000000000000, 36.18556701030929901 ) ) ;
#362 = DIRECTION ( 'NONE',  ( 0.000000000000000000, 0.000000000000000000, 1.000000000000000000 ) ) ;
#363 = VERTEX_POINT ( 'NONE', #4440 ) ;
#364 = EDGE_CURVE ( 'NONE', #461, #3968, #990, .T. ) ;
#365 = DIRECTION ( 'NONE',  ( 0.000000000000000000, -1.000000000000000000, 0.000000000000000000 ) ) ;
#366 = CARTESIAN_POINT ( 'NONE',  ( 18.59150718393674495, 0.000000000000000000, -70.00000000000000000 ) ) ;
#367 = CIRCLE ( 'NONE', #4015, 2.500000000000005773 ) ;
#368 = LINE ( 'NONE', #1886, #946 ) ;
#369 = LINE ( 'NONE', #4169, #1250 ) ;
#370 = VERTEX_POINT ( 'NONE', #2852 ) ;
#371 = DIRECTION ( 'NONE',  ( 0.000000000000000000, 0.000000000000000000, 1.000000000000000000 ) ) ;
#372 = CARTESIAN_POINT ( 'NONE',  ( 45.50000000000001421, 4.200000000000000178, 30.00000000000001066 ) ) ;
#373 =( LENGTH_UNIT ( ) NAMED_UNIT ( * ) SI_UNIT ( .MILLI., .METRE. ) );
#374 = ORIENTED_EDGE ( 'NONE', *, *, #2730, .F. ) ;
#375 = CARTESIAN_POINT ( 'NONE',  ( 44.50000000000001421, 11.00000000000000000, 26.50000000000000711 ) ) ;
#376 = ORIENTED_EDGE ( 'NONE', *, *, #3364, .F. ) ;
#377 = CARTESIAN_POINT ( 'NONE',  ( 44.50000000000001421, 0.000000000000000000, -29.00000000000000711 ) ) ;
#378 = EDGE_CURVE ( 'NONE', #2906, #4059, #4250, .T. ) ;
#379 = ORIENTED_EDGE ( 'NONE', *, *, #1688, .F. ) ;
#380 = AXIS2_PLACEMENT_3D ( 'NONE', #2670, #4184, #3437 ) ;
#381 = CYLINDRICAL_SURFACE ( 'NONE', #576, 40.00000000000000000 ) ;
#382 = ORIENTED_EDGE ( 'NONE', *, *, #4536, .F. ) ;
#383 = DIRECTION ( 'NONE',  ( 0.000000000000000000, -1.000000000000000000, 0.000000000000000000 ) ) ;
#384 = VECTOR ( 'NONE', #1532, 1000.000000000000000 ) ;
#385 = CARTESIAN_POINT ( 'NONE',  ( 42.00000000000001421, 0.000000000000000000, 25.13865308473844706 ) ) ;
#386 = ORIENTED_EDGE ( 'NONE', *, *, #3613, .F. ) ;
#387 = CARTESIAN_POINT ( 'NONE',  ( 18.59150718393674850, 1.128136901208081304E-15, 26.50000000000001066 ) ) ;
#388 = DIRECTION ( 'NONE',  ( -0.000000000000000000, -1.000000000000000000, -0.000000000000000000 ) ) ;
#389 = PRODUCT_DEFINITION ( 'UNKNOWN', '', #1829, #584 ) ;
#390 = DIRECTION ( 'NONE',  ( -1.000000000000000000, 0.000000000000000000, 0.000000000000000000 ) ) ;
#391 = AXIS2_PLACEMENT_3D ( 'NONE', #3553, #3849, #2710 ) ;
#392 = FACE_BOUND ( 'NONE', #4296, .T. ) ;
#393 = ORIENTED_EDGE ( 'NONE', *, *, #4124, .T. ) ;
#394 = ADVANCED_FACE ( 'NONE', ( #2897 ), #2525, .F. ) ;
#395 = DIRECTION ( 'NONE',  ( 0.000000000000000000, 0.000000000000000000, -1.000000000000000000 ) ) ;
#396 = AXIS2_PLACEMENT_3D ( 'NONE', #3237, #607, #4760 ) ;
#397 = CARTESIAN_POINT ( 'NONE',  ( 44.50000000000001421, 39.04163056034264656, 29.00000000000000711 ) ) ;
#398 = DIRECTION ( 'NONE',  ( 1.982541115402067674E-15, 0.000000000000000000, -1.000000000000000000 ) ) ;
#399 = VERTEX_POINT ( 'NONE', #4040 ) ;
#400 = CARTESIAN_POINT ( 'NONE',  ( 45.67077626419152381, 8.400000000000000355, -20.58101651390110831 ) ) ;
#401 = ORIENTED_EDGE ( 'NONE', *, *, #364, .F. ) ;
#402 = CARTESIAN_POINT ( 'NONE',  ( 18.59150718393674495, 15.00000000000000000, -70.00000000000000000 ) ) ;
#403 = VERTEX_POINT ( 'NONE', #1387 ) ;
#404 = CARTESIAN_POINT ( 'NONE',  ( 8.000000000000000000, 15.00000000000000000, 18.70000000000000284 ) ) ;
#405 = EDGE_LOOP ( 'NONE', ( #2109, #4434, #3888, #3685, #1278, #2443 ) ) ;
#406 = CARTESIAN_POINT ( 'NONE',  ( -45.50000000000001421, 15.00000000000000000, -3.091507183936765379 ) ) ;
#407 = CARTESIAN_POINT ( 'NONE',  ( -18.59150718393674495, 15.00000000000000000, 70.00000000000000000 ) ) ;
#408 = EDGE_CURVE ( 'NONE', #2637, #1992, #2155, .T. ) ;
#409 = DIRECTION ( 'NONE',  ( 0.000000000000000000, 0.000000000000000000, 1.000000000000000000 ) ) ;
#410 = LINE ( 'NONE', #3099, #3854 ) ;
#411 = VERTEX_POINT ( 'NONE', #4464 ) ;
#412 = CARTESIAN_POINT ( 'NONE',  ( 42.00000000000002132, 9.694810037890277954, 3.390089358454916990 ) ) ;
#413 = LINE ( 'NONE', #2455, #2814 ) ;
#414 = CIRCLE ( 'NONE', #1370, 40.00000000000000000 ) ;
#415 = CARTESIAN_POINT ( 'NONE',  ( -44.50000000000001421, 15.00000000000000000, -29.00000000000000711 ) ) ;
#416 = CIRCLE ( 'NONE', #3117, 5.499999999999994671 ) ;
#417 = CARTESIAN_POINT ( 'NONE',  ( -45.50000000000001421, 4.200000000000000178, -3.091507183936765379 ) ) ;
#418 = ORIENTED_EDGE ( 'NONE', *, *, #4589, .F. ) ;
#419 = LINE ( 'NONE', #4655, #3209 ) ;
#420 = VERTEX_POINT ( 'NONE', #689 ) ;
#421 = ADVANCED_FACE ( 'NONE', ( #3719 ), #319, .F. ) ;
#422 = EDGE_CURVE ( 'NONE', #2906, #2370, #3375, .T. ) ;
#423 = LINE ( 'NONE', #2297, #3673 ) ;
#424 = ORIENTED_EDGE ( 'NONE', *, *, #133, .T. ) ;
#425 = AXIS2_PLACEMENT_3D ( 'NONE', #4001, #4401, #2488 ) ;
#426 = CARTESIAN_POINT ( 'NONE',  ( 1.224646799147356412E-16, 20.00000000000000000, -2.999999999999993339 ) ) ;
#427 = ORIENTED_EDGE ( 'NONE', *, *, #3248, .F. ) ;
#428 = CARTESIAN_POINT ( 'NONE',  ( -18.59150718393674495, -22.00000000000000000, 30.00000000000001066 ) ) ;
#429 = EDGE_CURVE ( 'NONE', #3651, #3659, #1180, .T. ) ;
#430 = ORIENTED_EDGE ( 'NONE', *, *, #561, .F. ) ;
#431 = DIRECTION ( 'NONE',  ( -1.000000000000000000, 0.000000000000000000, 0.000000000000000000 ) ) ;
#432 = EDGE_CURVE ( 'NONE', #2812, #813, #3176, .T. ) ;
#433 = DIRECTION ( 'NONE',  ( -0.000000000000000000, 1.000000000000000000, -0.000000000000000000 ) ) ;
#434 = CARTESIAN_POINT ( 'NONE',  ( 8.000000000000000000, 17.00000000000000000, 18.70000000000000284 ) ) ;
#435 = ORIENTED_EDGE ( 'NONE', *, *, #1967, .F. ) ;
#436 = CARTESIAN_POINT ( 'NONE',  ( 45.50000000000001421, 0.000000000000000000, -30.00000000000000711 ) ) ;
#437 = CIRCLE ( 'NONE', #3852, 4.599999999999996092 ) ;
#438 = CARTESIAN_POINT ( 'NONE',  ( 44.50000000000001421, 15.00000000000000000, -34.50000000000000000 ) ) ;
#439 = AXIS2_PLACEMENT_3D ( 'NONE', #893, #869, #1207 ) ;
#440 = DIRECTION ( 'NONE',  ( -1.000000000000000000, 0.000000000000000000, 4.336808689942017736E-16 ) ) ;
#441 = DIRECTION ( 'NONE',  ( 0.000000000000000000, 0.000000000000000000, -1.000000000000000000 ) ) ;
#442 = VERTEX_POINT ( 'NONE', #4892 ) ;
#443 = CARTESIAN_POINT ( 'NONE',  ( 42.00000000000001421, 0.000000000000000000, 26.50000000000001066 ) ) ;
#444 = SURFACE_STYLE_USAGE ( .BOTH. , #881 ) ;
#445 = ORIENTED_EDGE ( 'NONE', *, *, #1032, .T. ) ;
#446 = EDGE_CURVE ( 'NONE', #1150, #720, #3806, .T. ) ;
#447 = EDGE_CURVE ( 'NONE', #4170, #248, #165, .T. ) ;
#448 = ADVANCED_FACE ( 'NONE', ( #766 ), #3465, .T. ) ;
#449 = DIRECTION ( 'NONE',  ( 0.000000000000000000, -1.000000000000000000, 0.000000000000000000 ) ) ;
#450 = ORIENTED_EDGE ( 'NONE', *, *, #2475, .F. ) ;
#451 = CARTESIAN_POINT ( 'NONE',  ( -36.08101651390111897, 1.800000000000000044, -30.17077626419152381 ) ) ;
#452 = EDGE_CURVE ( 'NONE', #3568, #1605, #2979, .T. ) ;
#453 = ORIENTED_EDGE ( 'NONE', *, *, #3280, .T. ) ;
#454 = DIRECTION ( 'NONE',  ( 0.000000000000000000, -1.084202172485504434E-16, 1.000000000000000000 ) ) ;
#455 = VERTEX_POINT ( 'NONE', #814 ) ;
#456 = AXIS2_PLACEMENT_3D ( 'NONE', #917, #433, #3890 ) ;
#457 = VECTOR ( 'NONE', #2892, 1000.000000000000000 ) ;
#458 = CARTESIAN_POINT ( 'NONE',  ( -42.00000000000000711, 4.200000000000000178, 3.091507183936761827 ) ) ;
#459 = CARTESIAN_POINT ( 'NONE',  ( -46.15917732731228540, 15.00000000000000000, -10.32335836023588094 ) ) ;
#460 = FACE_BOUND ( 'NONE', #2273, .T. ) ;
#461 = VERTEX_POINT ( 'NONE', #342 ) ;
#462 = FACE_OUTER_BOUND ( 'NONE', #1628, .T. ) ;
#463 = EDGE_CURVE ( 'NONE', #4370, #2799, #3334, .T. ) ;
#464 = CARTESIAN_POINT ( 'NONE',  ( -36.08101651390111186, 8.400000000000000355, -30.17077626419151670 ) ) ;
#465 = AXIS2_PLACEMENT_3D ( 'NONE', #2758, #150, #4701 ) ;
#466 = LINE ( 'NONE', #1264, #3452 ) ;
#467 = DIRECTION ( 'NONE',  ( 0.000000000000000000, -1.000000000000000000, 0.000000000000000000 ) ) ;
#468 = DIRECTION ( 'NONE',  ( 0.000000000000000000, -1.000000000000000000, 0.000000000000000000 ) ) ;
#469 = ORIENTED_EDGE ( 'NONE', *, *, #2042, .F. ) ;
#470 = DIRECTION ( 'NONE',  ( 0.000000000000000000, -1.000000000000000000, 0.000000000000000000 ) ) ;
#471 = VECTOR ( 'NONE', #2224, 1000.000000000000000 ) ;
#472 = CYLINDRICAL_SURFACE ( 'NONE', #4643, 5.499999999999994671 ) ;
#473 = AXIS2_PLACEMENT_3D ( 'NONE', #2433, #467, #3526 ) ;
#474 = AXIS2_PLACEMENT_3D ( 'NONE', #3972, #1288, #3896 ) ;
#475 = ORIENTED_EDGE ( 'NONE', *, *, #1779, .F. ) ;
#476 = ORIENTED_EDGE ( 'NONE', *, *, #2044, .T. ) ;
#477 = DIRECTION ( 'NONE',  ( 1.510202172955553042E-16, -1.000000000000000000, 0.000000000000000000 ) ) ;
#478 = AXIS2_PLACEMENT_3D ( 'NONE', #2055, #3570, #2398 ) ;
#479 = EDGE_LOOP ( 'NONE', ( #674, #65 ) ) ;
#480 = PLANE ( 'NONE',  #4066 ) ;
#481 = ADVANCED_FACE ( 'NONE', ( #2629, #3788 ), #2326, .T. ) ;
#482 = ORIENTED_EDGE ( 'NONE', *, *, #2074, .F. ) ;
#483 = VERTEX_POINT ( 'NONE', #4592 ) ;
#484 = DIRECTION ( 'NONE',  ( 0.000000000000000000, -1.000000000000000000, 0.000000000000000000 ) ) ;
#485 = CARTESIAN_POINT ( 'NONE',  ( 18.59150718393674495, 1.799999999999999600, -70.00000000000000000 ) ) ;
#486 = ORIENTED_EDGE ( 'NONE', *, *, #2236, .F. ) ;
#487 = EDGE_CURVE ( 'NONE', #4200, #3278, #740, .T. ) ;
#488 = EDGE_CURVE ( 'NONE', #3651, #1757, #798, .T. ) ;
#489 = DIRECTION ( 'NONE',  ( 0.000000000000000000, 0.000000000000000000, -1.000000000000000000 ) ) ;
#490 = CARTESIAN_POINT ( 'NONE',  ( -45.50000000000001421, 15.00000000000000000, 3.091507183936761827 ) ) ;
#491 = DIRECTION ( 'NONE',  ( 0.000000000000000000, 0.000000000000000000, -1.000000000000000000 ) ) ;
#492 = DIRECTION ( 'NONE',  ( -1.000000000000000000, 0.000000000000000000, 4.336808689942017736E-16 ) ) ;
#493 = ORIENTED_EDGE ( 'NONE', *, *, #3110, .F. ) ;
#494 = CYLINDRICAL_SURFACE ( 'NONE', #465, 2.500000000000005773 ) ;
#495 = ADVANCED_FACE ( 'NONE', ( #4918 ), #1460, .T. ) ;
#496 = AXIS2_PLACEMENT_3D ( 'NONE', #3955, #3985, #2908 ) ;
#497 = DIRECTION ( 'NONE',  ( -0.000000000000000000, 1.000000000000000000, -0.000000000000000000 ) ) ;
#498 = AXIS2_PLACEMENT_3D ( 'NONE', #2252, #4857, #3707 ) ;
#499 = ORIENTED_EDGE ( 'NONE', *, *, #663, .F. ) ;
#500 = ORIENTED_EDGE ( 'NONE', *, *, #3470, .F. ) ;
#501 = VECTOR ( 'NONE', #4422, 1000.000000000000000 ) ;
#502 = CARTESIAN_POINT ( 'NONE',  ( -44.50000000000001421, 1.799999999999999600, -29.00000000000000711 ) ) ;
#503 = EDGE_CURVE ( 'NONE', #2716, #4621, #3027, .T. ) ;
#504 = ORIENTED_EDGE ( 'NONE', *, *, #604, .T. ) ;
#505 = CARTESIAN_POINT ( 'NONE',  ( 44.50000000000001421, -2.499999999999999112, 29.00000000000000711 ) ) ;
#506 = ORIENTED_EDGE ( 'NONE', *, *, #3705, .F. ) ;
#507 = CARTESIAN_POINT ( 'NONE',  ( -7.699999999999998401, 20.00000000000000000, 7.300000000000004263 ) ) ;
#508 = VECTOR ( 'NONE', #2468, 1000.000000000000000 ) ;
#509 = ORIENTED_EDGE ( 'NONE', *, *, #3975, .F. ) ;
#510 = DIRECTION ( 'NONE',  ( 0.000000000000000000, 0.000000000000000000, -1.000000000000000000 ) ) ;
#511 = LINE ( 'NONE', #1282, #1652 ) ;
#512 = FACE_OUTER_BOUND ( 'NONE', #2773, .T. ) ;
#513 = ORIENTED_EDGE ( 'NONE', *, *, #4687, .T. ) ;
#514 = EDGE_CURVE ( 'NONE', #3434, #2502, #3049, .T. ) ;
#515 = VECTOR ( 'NONE', #2180, 1000.000000000000000 ) ;
#516 = CARTESIAN_POINT ( 'NONE',  ( -11.69999999999999396, 6.735557395310434135E-16, -11.87707736052349539 ) ) ;
#517 = DIRECTION ( 'NONE',  ( 0.000000000000000000, 0.000000000000000000, -1.000000000000000000 ) ) ;
#518 = CARTESIAN_POINT ( 'NONE',  ( 42.00000000000001421, 15.00000000000000000, 26.50000000000001066 ) ) ;
#519 = DIRECTION ( 'NONE',  ( 1.982541115402067674E-15, 0.000000000000000000, 1.000000000000000000 ) ) ;
#520 = ORIENTED_EDGE ( 'NONE', *, *, #408, .F. ) ;
#521 = CARTESIAN_POINT ( 'NONE',  ( 45.50000000000001421, 11.50000000000000000, -26.50000000000000711 ) ) ;
#522 = EDGE_CURVE ( 'NONE', #4778, #985, #3258, .T. ) ;
#523 = DIRECTION ( 'NONE',  ( -0.000000000000000000, 1.000000000000000000, -0.000000000000000000 ) ) ;
#524 = ORIENTED_EDGE ( 'NONE', *, *, #126, .F. ) ;
#525 = ORIENTED_EDGE ( 'NONE', *, *, #4498, .F. ) ;
#526 = DIRECTION ( 'NONE',  ( 0.000000000000000000, -1.000000000000000000, 0.000000000000000000 ) ) ;
#527 = EDGE_CURVE ( 'NONE', #3368, #1950, #1993, .T. ) ;
#528 = ORIENTED_EDGE ( 'NONE', *, *, #242, .F. ) ;
#529 = CARTESIAN_POINT ( 'NONE',  ( -36.08101651390109765, 11.50000000000000000, 30.17077626419152026 ) ) ;
#530 = ORIENTED_EDGE ( 'NONE', *, *, #1907, .F. ) ;
#531 = CARTESIAN_POINT ( 'NONE',  ( -44.50000000000001421, -22.00000000000000355, -29.00000000000000711 ) ) ;
#532 = VERTEX_POINT ( 'NONE', #1957 ) ;
#533 = CARTESIAN_POINT ( 'NONE',  ( -38.50000000000001421, 15.00000000000000000, 26.50000000000001066 ) ) ;
#534 = DIRECTION ( 'NONE',  ( 0.000000000000000000, 0.000000000000000000, 1.000000000000000000 ) ) ;
#535 = DIRECTION ( 'NONE',  ( -0.000000000000000000, -1.000000000000000000, -0.000000000000000000 ) ) ;
#536 = ORIENTED_EDGE ( 'NONE', *, *, #3248, .T. ) ;
#537 = AXIS2_PLACEMENT_3D ( 'NONE', #2477, #4812, #3992 ) ;
#538 = VECTOR ( 'NONE', #1881, 1000.000000000000000 ) ;
#539 = CARTESIAN_POINT ( 'NONE',  ( 44.50000000000001421, -2.499999999999999112, -26.50000000000000000 ) ) ;
#540 = B_SPLINE_CURVE_WITH_KNOTS ( 'NONE', 3,
 ( #344, #1558, #719, #1090, #791, #4594, #1115, #3815, #64, #1533 ),
 .UNSPECIFIED., .F., .F.,
 ( 4, 2, 2, 2, 4 ),
 ( 0.000000000000000000, 0.001123515657657353332, 0.002247031315314706665, 0.003370546972972065201, 0.004494062630629423738 ),
 .UNSPECIFIED. ) ;
#541 = EDGE_CURVE ( 'NONE', #3764, #4022, #4130, .T. ) ;
#542 = LINE ( 'NONE', #2062, #3692 ) ;
#543 = VECTOR ( 'NONE', #1683, 1000.000000000000000 ) ;
#544 = CARTESIAN_POINT ( 'NONE',  ( 1.224646799147356412E-16, 17.00000000000000000, -2.999999999999993339 ) ) ;
#545 = ORIENTED_EDGE ( 'NONE', *, *, #975, .F. ) ;
#546 = DIRECTION ( 'NONE',  ( 0.000000000000000000, 0.000000000000000000, -1.000000000000000000 ) ) ;
#547 = LINE ( 'NONE', #1794, #4722 ) ;
#548 = ORIENTED_EDGE ( 'NONE', *, *, #2584, .F. ) ;
#549 = VECTOR ( 'NONE', #98, 1000.000000000000000 ) ;
#550 = VECTOR ( 'NONE', #4432, 1000.000000000000000 ) ;
#551 = ORIENTED_EDGE ( 'NONE', *, *, #4527, .T. ) ;
#552 = EDGE_CURVE ( 'NONE', #47, #3563, #4664, .T. ) ;
#553 = DIRECTION ( 'NONE',  ( 0.000000000000000000, 0.000000000000000000, 1.000000000000000000 ) ) ;
#554 = ORIENTED_EDGE ( 'NONE', *, *, #1967, .T. ) ;
#555 = AXIS2_PLACEMENT_3D ( 'NONE', #148, #1664, #3180 ) ;
#556 = DIRECTION ( 'NONE',  ( 0.000000000000000000, 0.000000000000000000, -1.000000000000000000 ) ) ;
#557 = ORIENTED_EDGE ( 'NONE', *, *, #4078, .F. ) ;
#558 = CARTESIAN_POINT ( 'NONE',  ( 18.59150718393674495, 0.000000000000000000, 30.00000000000001066 ) ) ;
#559 = AXIS2_PLACEMENT_3D ( 'NONE', #1133, #1865, #1112 ) ;
#560 = ORIENTED_EDGE ( 'NONE', *, *, #1942, .T. ) ;
#561 = EDGE_CURVE ( 'NONE', #1049, #1420, #2774, .T. ) ;
#562 = CARTESIAN_POINT ( 'NONE',  ( -44.50000000000001421, -2.499999999999999112, 29.00000000000000711 ) ) ;
#563 = DIRECTION ( 'NONE',  ( -0.000000000000000000, -1.000000000000000000, -0.000000000000000000 ) ) ;
#564 = CARTESIAN_POINT ( 'NONE',  ( 19.30000000000000426, 4.270088556250596769E-16, 28.00000000000001066 ) ) ;
#565 = ORIENTED_EDGE ( 'NONE', *, *, #3165, .F. ) ;
#566 = ADVANCED_FACE ( 'NONE', ( #916 ), #1631, .T. ) ;
#567 = FACE_OUTER_BOUND ( 'NONE', #805, .T. ) ;
#568 = CARTESIAN_POINT ( 'NONE',  ( 1.224646799147356412E-16, 11.50000000000000000, -2.999999999999993339 ) ) ;
#569 = DIRECTION ( 'NONE',  ( 0.000000000000000000, 0.000000000000000000, 1.000000000000000000 ) ) ;
#570 = ORIENTED_EDGE ( 'NONE', *, *, #3076, .T. ) ;
#571 = FACE_OUTER_BOUND ( 'NONE', #1400, .T. ) ;
#572 = CARTESIAN_POINT ( 'NONE',  ( 15.20000000000000107, 0.000000000000000000, -30.00000000000000711 ) ) ;
#573 = ORIENTED_EDGE ( 'NONE', *, *, #3094, .T. ) ;
#574 = ORIENTED_EDGE ( 'NONE', *, *, #974, .T. ) ;
#575 = DIRECTION ( 'NONE',  ( 0.000000000000000000, 0.000000000000000000, -1.000000000000000000 ) ) ;
#576 = AXIS2_PLACEMENT_3D ( 'NONE', #3411, #10, #1522 ) ;
#577 = EDGE_LOOP ( 'NONE', ( #4484, #3662, #3203, #2465, #2064, #4334 ) ) ;
#578 = DIRECTION ( 'NONE',  ( 0.000000000000000000, -1.000000000000000000, -0.000000000000000000 ) ) ;
#579 = AXIS2_PLACEMENT_3D ( 'NONE', #4335, #2444, #3006 ) ;
#580 = ORIENTED_EDGE ( 'NONE', *, *, #829, .T. ) ;
#581 = LINE ( 'NONE', #628, #2854 ) ;
#582 = AXIS2_PLACEMENT_3D ( 'NONE', #271, #1745, #4400 ) ;
#583 = AXIS2_PLACEMENT_3D ( 'NONE', #502, #2742, #3880 ) ;
#584 = PRODUCT_DEFINITION_CONTEXT ( 'detailed design', #4562, 'design' ) ;
#585 = VERTEX_POINT ( 'NONE', #1281 ) ;
#586 = DIRECTION ( 'NONE',  ( 0.000000000000000000, -1.000000000000000000, 0.000000000000000000 ) ) ;
#587 = DIRECTION ( 'NONE',  ( 0.000000000000000000, 0.000000000000000000, -1.000000000000000000 ) ) ;
#588 = DIRECTION ( 'NONE',  ( 0.000000000000000000, -1.000000000000000000, 0.000000000000000000 ) ) ;
#589 = ORIENTED_EDGE ( 'NONE', *, *, #637, .F. ) ;
#590 = DIRECTION ( 'NONE',  ( 0.000000000000000000, -1.000000000000000000, 0.000000000000000000 ) ) ;
#591 = EDGE_CURVE ( 'NONE', #4137, #3892, #1682, .T. ) ;
#592 = CIRCLE ( 'NONE', #991, 4.599999999999996092 ) ;
#593 = DIRECTION ( 'NONE',  ( 0.000000000000000000, 1.000000000000000000, 0.000000000000000000 ) ) ;
#594 = DIRECTION ( 'NONE',  ( -0.000000000000000000, 1.000000000000000000, -0.000000000000000000 ) ) ;
#595 = EDGE_LOOP ( 'NONE', ( #1724, #2708, #1874, #424, #914, #1956, #1402, #4764, #4093, #4261, #627, #3557, #314, #3118, #3421, #2640, #4588, #1565, #1359 ) ) ;
#596 = DIRECTION ( 'NONE',  ( 0.000000000000000000, -1.000000000000000000, 0.000000000000000000 ) ) ;
#597 = DIRECTION ( 'NONE',  ( -0.000000000000000000, -0.000000000000000000, 1.000000000000000000 ) ) ;
#598 = ORIENTED_EDGE ( 'NONE', *, *, #4450, .T. ) ;
#599 = ORIENTED_EDGE ( 'NONE', *, *, #2049, .T. ) ;
#600 = DIRECTION ( 'NONE',  ( 0.000000000000000000, -1.000000000000000000, 0.000000000000000000 ) ) ;
#601 = AXIS2_PLACEMENT_3D ( 'NONE', #1406, #1806, #1331 ) ;
#602 = DIRECTION ( 'NONE',  ( -0.000000000000000000, 1.000000000000000000, -0.000000000000000000 ) ) ;
#603 = EDGE_CURVE ( 'NONE', #801, #136, #279, .T. ) ;
#604 = EDGE_CURVE ( 'NONE', #3563, #3486, #3193, .T. ) ;
#605 = ORIENTED_EDGE ( 'NONE', *, *, #715, .F. ) ;
#606 = EDGE_CURVE ( 'NONE', #2650, #3183, #2376, .T. ) ;
#607 = DIRECTION ( 'NONE',  ( 0.000000000000000000, -1.000000000000000000, 0.000000000000000000 ) ) ;
#608 = VECTOR ( 'NONE', #3142, 1000.000000000000000 ) ;
#609 = EDGE_LOOP ( 'NONE', ( #2019, #208, #3144, #1470 ) ) ;
#610 = CARTESIAN_POINT ( 'NONE',  ( -18.59150718393674495, 11.50000000000000000, -70.00000000000000000 ) ) ;
#611 = CYLINDRICAL_SURFACE ( 'NONE', #3946, 40.00000000000000000 ) ;
#612 = CARTESIAN_POINT ( 'NONE',  ( 9.500000000000001776, 1.734723475976807094E-15, 28.00000000000001066 ) ) ;
#613 = EDGE_LOOP ( 'NONE', ( #4213, #1219, #32, #339, #733, #1341 ) ) ;
#614 = CARTESIAN_POINT ( 'NONE',  ( 1.700000000000000178, 20.00000000000000000, 7.300000000000005151 ) ) ;
#615 = CARTESIAN_POINT ( 'NONE',  ( -38.50000000000001421, 1.799999999999999600, -26.50000000000001066 ) ) ;
#616 = CARTESIAN_POINT ( 'NONE',  ( 12.69999999999999218, 1.307714620351748009E-15, 28.00000000000001066 ) ) ;
#617 = ORIENTED_EDGE ( 'NONE', *, *, #1901, .T. ) ;
#618 = VECTOR ( 'NONE', #169, 1000.000000000000000 ) ;
#619 = DIRECTION ( 'NONE',  ( 0.000000000000000000, 1.000000000000000000, 0.000000000000000000 ) ) ;
#620 = AXIS2_PLACEMENT_3D ( 'NONE', #1013, #221, #4419 ) ;
#621 = DIRECTION ( 'NONE',  ( -0.000000000000000000, 1.000000000000000000, -0.000000000000000000 ) ) ;
#622 = ORIENTED_EDGE ( 'NONE', *, *, #4004, .T. ) ;
#623 = EDGE_LOOP ( 'NONE', ( #3221, #1379, #2427, #2395 ) ) ;
#624 = DIRECTION ( 'NONE',  ( 1.734723475976807094E-15, 0.000000000000000000, 1.000000000000000000 ) ) ;
#625 = CARTESIAN_POINT ( 'NONE',  ( 0.000000000000000000, 4.200000000000000178, 0.000000000000000000 ) ) ;
#626 = VECTOR ( 'NONE', #3074, 1000.000000000000000 ) ;
#627 = ORIENTED_EDGE ( 'NONE', *, *, #3505, .F. ) ;
#628 = CARTESIAN_POINT ( 'NONE',  ( 12.69999999999999041, 4.200000000000000178, 0.000000000000000000 ) ) ;
#629 = AXIS2_PLACEMENT_3D ( 'NONE', #2591, #4885, #1800 ) ;
#630 = ORIENTED_EDGE ( 'NONE', *, *, #2960, .T. ) ;
#631 = DIRECTION ( 'NONE',  ( -1.000000000000000000, 0.000000000000000000, 0.000000000000000000 ) ) ;
#632 = DIRECTION ( 'NONE',  ( 1.000000000000000000, 0.000000000000000000, 0.000000000000000000 ) ) ;
#633 = LINE ( 'NONE', #1759, #142 ) ;
#634 = LINE ( 'NONE', #2201, #1316 ) ;
#635 = VERTEX_POINT ( 'NONE', #1608 ) ;
#636 = DIRECTION ( 'NONE',  ( -0.000000000000000000, 1.000000000000000000, -0.000000000000000000 ) ) ;
#637 = EDGE_CURVE ( 'NONE', #2982, #3253, #4168, .T. ) ;
#638 = PLANE ( 'NONE',  #209 ) ;
#639 = CARTESIAN_POINT ( 'NONE',  ( 6.000000000000000888, 11.50000000000000000, 12.00000000000000178 ) ) ;
#640 = ORIENTED_EDGE ( 'NONE', *, *, #2272, .F. ) ;
#641 = ADVANCED_FACE ( 'NONE', ( #3542 ), #4266, .T. ) ;
#642 = EDGE_CURVE ( 'NONE', #2105, #1224, #4138, .T. ) ;
#643 = DIRECTION ( 'NONE',  ( -1.982541115402061757E-15, 0.000000000000000000, 1.000000000000000000 ) ) ;
#644 = LINE ( 'NONE', #1366, #1706 ) ;
#645 = VERTEX_POINT ( 'NONE', #2823 ) ;
#646 = ORIENTED_EDGE ( 'NONE', *, *, #4345, .F. ) ;
#647 = EDGE_CURVE ( 'NONE', #1476, #1784, #112, .T. ) ;
#648 = LINE ( 'NONE', #1397, #3431 ) ;
#649 = CARTESIAN_POINT ( 'NONE',  ( -42.40385698414537785, 4.200000000000000178, 10.33115200650950349 ) ) ;
#650 = ORIENTED_EDGE ( 'NONE', *, *, #4455, .F. ) ;
#651 = LINE ( 'NONE', #3660, #3567 ) ;
#652 = EDGE_CURVE ( 'NONE', #255, #2474, #938, .T. ) ;
#653 = CARTESIAN_POINT ( 'NONE',  ( -44.50000000000001421, -2.499999999999999112, -29.00000000000000711 ) ) ;
#654 = ORIENTED_EDGE ( 'NONE', *, *, #2250, .T. ) ;
#655 = CIRCLE ( 'NONE', #496, 40.00000000000000000 ) ;
#656 = LINE ( 'NONE', #684, #3873 ) ;
#657 = VECTOR ( 'NONE', #2164, 1000.000000000000000 ) ;
#658 = LINE ( 'NONE', #987, #4271 ) ;
#659 = CARTESIAN_POINT ( 'NONE',  ( -7.699999999999998401, 20.00000000000000000, 18.70000000000000284 ) ) ;
#660 = ORIENTED_EDGE ( 'NONE', *, *, #4205, .T. ) ;
#661 = LINE ( 'NONE', #2503, #1708 ) ;
#662 = ADVANCED_FACE ( 'NONE', ( #891 ), #137, .F. ) ;
#663 = EDGE_CURVE ( 'NONE', #3136, #1375, #2349, .T. ) ;
#664 = DIRECTION ( 'NONE',  ( -1.000000000000000000, 0.000000000000000000, 0.000000000000000000 ) ) ;
#665 = CARTESIAN_POINT ( 'NONE',  ( 42.00000000000000711, 6.000000000000000000, 6.123233995736772199E-17 ) ) ;
#666 = VERTEX_POINT ( 'NONE', #458 ) ;
#667 = EDGE_CURVE ( 'NONE', #1375, #532, #3639, .T. ) ;
#668 = CARTESIAN_POINT ( 'NONE',  ( 39.95933631058686331, 15.00000000000000000, 36.18556701030929901 ) ) ;
#669 = VECTOR ( 'NONE', #1670, 1000.000000000000000 ) ;
#670 = ORIENTED_EDGE ( 'NONE', *, *, #4305, .F. ) ;
#671 = VECTOR ( 'NONE', #1638, 1000.000000000000000 ) ;
#672 = PLANE ( 'NONE',  #4157 ) ;
#673 = EDGE_CURVE ( 'NONE', #3159, #2718, #1972, .T. ) ;
#674 = ORIENTED_EDGE ( 'NONE', *, *, #1122, .F. ) ;
#675 = DIRECTION ( 'NONE',  ( 0.000000000000000000, 0.000000000000000000, -1.000000000000000000 ) ) ;
#676 = AXIS2_PLACEMENT_3D ( 'NONE', #4841, #4019, #290 ) ;
#677 = PLANE ( 'NONE',  #2022 ) ;
#678 = ORIENTED_EDGE ( 'NONE', *, *, #3081, .F. ) ;
#679 = VERTEX_POINT ( 'NONE', #1582 ) ;
#680 = CYLINDRICAL_SURFACE ( 'NONE', #1184, 1.000000000000002665 ) ;
#681 = EDGE_CURVE ( 'NONE', #3586, #4200, #4190, .T. ) ;
#682 = CIRCLE ( 'NONE', #127, 0.9999999999999991118 ) ;
#683 = ORIENTED_EDGE ( 'NONE', *, *, #2082, .F. ) ;
#684 = CARTESIAN_POINT ( 'NONE',  ( 45.50000000000001421, 0.000000000000000000, -30.00000000000000711 ) ) ;
#685 = CARTESIAN_POINT ( 'NONE',  ( -42.00000000000000711, 11.50000000000000000, -3.091507183936765379 ) ) ;
#686 = LINE ( 'NONE', #988, #847 ) ;
#687 = VERTEX_POINT ( 'NONE', #4081 ) ;
#688 = CARTESIAN_POINT ( 'NONE',  ( 44.50000000000001421, -2.499999999999999112, 24.40000000000001279 ) ) ;
#689 = CARTESIAN_POINT ( 'NONE',  ( -46.77808110350505899, 0.000000000000000000, -22.91227904007968519 ) ) ;
#690 = CARTESIAN_POINT ( 'NONE',  ( 18.82766623758356417, 0.000000000000000000, 26.50000000000000355 ) ) ;
#691 = DIRECTION ( 'NONE',  ( 0.000000000000000000, 0.000000000000000000, 1.000000000000000000 ) ) ;
#692 = ORIENTED_EDGE ( 'NONE', *, *, #681, .F. ) ;
#693 = DIRECTION ( 'NONE',  ( 0.000000000000000000, 0.000000000000000000, 1.000000000000000000 ) ) ;
#694 = AXIS2_PLACEMENT_3D ( 'NONE', #1283, #2400, #2798 ) ;
#695 = EDGE_CURVE ( 'NONE', #2381, #4881, #2605, .T. ) ;
#696 = ORIENTED_EDGE ( 'NONE', *, *, #4381, .F. ) ;
#697 = DIRECTION ( 'NONE',  ( -0.000000000000000000, 1.000000000000000000, -0.000000000000000000 ) ) ;
#698 = EDGE_CURVE ( 'NONE', #3604, #336, #1498, .T. ) ;
#699 = ORIENTED_EDGE ( 'NONE', *, *, #3146, .F. ) ;
#700 = DIRECTION ( 'NONE',  ( 0.000000000000000000, 0.000000000000000000, 1.000000000000000000 ) ) ;
#701 = VERTEX_POINT ( 'NONE', #2848 ) ;
#702 = VECTOR ( 'NONE', #3122, 1000.000000000000000 ) ;
#703 = CIRCLE ( 'NONE', #4145, 1.000000000000002665 ) ;
#704 = DIRECTION ( 'NONE',  ( 0.000000000000000000, -0.000000000000000000, -1.000000000000000000 ) ) ;
#705 = VERTEX_POINT ( 'NONE', #4366 ) ;
#706 = ADVANCED_FACE ( 'NONE', ( #4035 ), #2913, .T. ) ;
#707 = CARTESIAN_POINT ( 'NONE',  ( -18.59150718393674495, 0.000000000000000000, -70.00000000000000000 ) ) ;
#708 = ORIENTED_EDGE ( 'NONE', *, *, #2250, .F. ) ;
#709 = LINE ( 'NONE', #2623, #3080 ) ;
#710 = DIRECTION ( 'NONE',  ( 0.000000000000000000, -0.000000000000000000, 1.000000000000000000 ) ) ;
#711 = DIRECTION ( 'NONE',  ( 0.000000000000000000, 0.000000000000000000, 1.000000000000000000 ) ) ;
#712 = ORIENTED_EDGE ( 'NONE', *, *, #3165, .T. ) ;
#713 = CIRCLE ( 'NONE', #2616, 43.50000000000001421 ) ;
#714 = CYLINDRICAL_SURFACE ( 'NONE', #1455, 40.00000000000000000 ) ;
#715 = EDGE_CURVE ( 'NONE', #2684, #3698, #4786, .T. ) ;
#716 = CARTESIAN_POINT ( 'NONE',  ( -45.50000000000001421, 15.00000000000000000, 30.00000000000001066 ) ) ;
#717 = CIRCLE ( 'NONE', #3573, 6.499999999999999112 ) ;
#718 = DIRECTION ( 'NONE',  ( -0.000000000000000000, 1.000000000000000000, -0.000000000000000000 ) ) ;
#719 = CARTESIAN_POINT ( 'NONE',  ( 45.54344835160028993, 6.752514932433040684, -4.957259081996746808 ) ) ;
#720 = VERTEX_POINT ( 'NONE', #4388 ) ;
#721 = DIRECTION ( 'NONE',  ( 0.000000000000000000, 0.000000000000000000, 1.000000000000000000 ) ) ;
#722 = EDGE_CURVE ( 'NONE', #4832, #2511, #3712, .T. ) ;
#723 = AXIS2_PLACEMENT_3D ( 'NONE', #3813, #4571, #4166 ) ;
#724 = DIRECTION ( 'NONE',  ( 0.000000000000000000, 0.000000000000000000, -1.000000000000000000 ) ) ;
#725 = DIRECTION ( 'NONE',  ( 0.000000000000000000, 0.000000000000000000, 1.000000000000000000 ) ) ;
#726 = DIRECTION ( 'NONE',  ( 1.000000000000000000, 0.000000000000000000, -0.000000000000000000 ) ) ;
#727 = ORIENTED_EDGE ( 'NONE', *, *, #2931, .T. ) ;
#728 = DIRECTION ( 'NONE',  ( 0.000000000000000000, -1.000000000000000000, 0.000000000000000000 ) ) ;
#729 = ORIENTED_EDGE ( 'NONE', *, *, #3307, .F. ) ;
#730 = CARTESIAN_POINT ( 'NONE',  ( -42.60667251374644593, 0.000000000000000000, 10.33115200650950349 ) ) ;
#731 = ORIENTED_EDGE ( 'NONE', *, *, #591, .F. ) ;
#732 = DIRECTION ( 'NONE',  ( -0.000000000000000000, -1.000000000000000000, -0.000000000000000000 ) ) ;
#733 = ORIENTED_EDGE ( 'NONE', *, *, #2641, .T. ) ;
#734 = CARTESIAN_POINT ( 'NONE',  ( -15.19999999999999041, 4.200000000000000178, 30.20000000000000284 ) ) ;
#735 = LINE ( 'NONE', #4915, #2131 ) ;
#736 = ORIENTED_EDGE ( 'NONE', *, *, #2030, .T. ) ;
#737 = CARTESIAN_POINT ( 'NONE',  ( 45.67077626419153091, 1.800000000000000044, -20.58101651390110831 ) ) ;
#738 = CIRCLE ( 'NONE', #3672, 6.499999999999995559 ) ;
#739 = CIRCLE ( 'NONE', #3198, 5.499999999999994671 ) ;
#740 = LINE ( 'NONE', #4491, #1669 ) ;
#741 = DIRECTION ( 'NONE',  ( 1.510202172955553042E-16, -1.000000000000000000, 0.000000000000000000 ) ) ;
#742 = CARTESIAN_POINT ( 'NONE',  ( 45.50000000000001421, 15.00000000000000000, -3.091507183936765379 ) ) ;
#743 = VERTEX_POINT ( 'NONE', #215 ) ;
#744 = VECTOR ( 'NONE', #3755, 1000.000000000000000 ) ;
#745 = VECTOR ( 'NONE', #4584, 1000.000000000000000 ) ;
#746 = DIRECTION ( 'NONE',  ( 0.000000000000000000, -1.000000000000000000, 0.000000000000000000 ) ) ;
#747 = EDGE_CURVE ( 'NONE', #3113, #1160, #2499, .T. ) ;
#748 = DIRECTION ( 'NONE',  ( -0.000000000000000000, -1.000000000000000000, -0.000000000000000000 ) ) ;
#749 = DIRECTION ( 'NONE',  ( -1.000000000000000000, 0.000000000000000000, -0.000000000000000000 ) ) ;
#750 = ORIENTED_EDGE ( 'NONE', *, *, #153, .F. ) ;
#751 = DIRECTION ( 'NONE',  ( 1.000000000000000000, 0.000000000000000000, -0.000000000000000000 ) ) ;
#752 = ORIENTED_EDGE ( 'NONE', *, *, #151, .F. ) ;
#753 = CARTESIAN_POINT ( 'NONE',  ( 0.000000000000000000, 4.200000000000000178, 0.000000000000000000 ) ) ;
#754 = VECTOR ( 'NONE', #1848, 1000.000000000000000 ) ;
#755 = EDGE_LOOP ( 'NONE', ( #2890, #1540 ) ) ;
#756 = DIRECTION ( 'NONE',  ( 1.000000000000000000, -1.224646799147353454E-16, 0.000000000000000000 ) ) ;
#757 = EDGE_CURVE ( 'NONE', #1658, #4774, #4435, .T. ) ;
#758 = EDGE_CURVE ( 'NONE', #1857, #1789, #4056, .T. ) ;
#759 = VERTEX_POINT ( 'NONE', #1381 ) ;
#760 = AXIS2_PLACEMENT_3D ( 'NONE', #4618, #4641, #167 ) ;
#761 = CARTESIAN_POINT ( 'NONE',  ( 18.59150718393674495, 15.00000000000000000, -70.00000000000000000 ) ) ;
#762 = EDGE_CURVE ( 'NONE', #4026, #956, #779, .T. ) ;
#763 = LINE ( 'NONE', #4082, #4189 ) ;
#764 = ORIENTED_EDGE ( 'NONE', *, *, #3282, .T. ) ;
#765 = CARTESIAN_POINT ( 'NONE',  ( 12.69999999999999218, -5.833809621030952464, 28.00000000000001066 ) ) ;
#766 = FACE_OUTER_BOUND ( 'NONE', #1534, .T. ) ;
#767 = AXIS2_PLACEMENT_3D ( 'NONE', #2432, #3894, #3104 ) ;
#768 = CARTESIAN_POINT ( 'NONE',  ( -44.50000000000001421, 0.000000000000000000, -29.00000000000000711 ) ) ;
#769 = DIRECTION ( 'NONE',  ( 0.000000000000000000, 0.000000000000000000, 1.000000000000000000 ) ) ;
#770 = ORIENTED_EDGE ( 'NONE', *, *, #3858, .T. ) ;
#771 = DIRECTION ( 'NONE',  ( 0.000000000000000000, 1.000000000000000000, 0.000000000000000000 ) ) ;
#772 = CARTESIAN_POINT ( 'NONE',  ( 9.500000000000001776, 1.734723475976807094E-15, 26.50000000000001066 ) ) ;
#773 = CARTESIAN_POINT ( 'NONE',  ( -5.999999999999999112, 11.50000000000000000, 12.00000000000000178 ) ) ;
#774 = ORIENTED_EDGE ( 'NONE', *, *, #2715, .F. ) ;
#775 = ORIENTED_EDGE ( 'NONE', *, *, #124, .F. ) ;
#776 = CARTESIAN_POINT ( 'NONE',  ( 45.50000000000001421, 11.50000000000000000, 26.50000000000001066 ) ) ;
#777 = VERTEX_POINT ( 'NONE', #2172 ) ;
#778 = AXIS2_PLACEMENT_3D ( 'NONE', #4541, #1836, #710 ) ;
#779 = CIRCLE ( 'NONE', #1101, 43.50000000000000711 ) ;
#780 = DIRECTION ( 'NONE',  ( 0.000000000000000000, -1.000000000000000000, 0.000000000000000000 ) ) ;
#781 = EDGE_CURVE ( 'NONE', #2884, #2667, #656, .T. ) ;
#782 = VERTEX_POINT ( 'NONE', #3315 ) ;
#783 = LINE ( 'NONE', #2646, #538 ) ;
#784 = AXIS2_PLACEMENT_3D ( 'NONE', #113, #3916, #3194 ) ;
#785 = CARTESIAN_POINT ( 'NONE',  ( 44.50000000000001421, -2.499999999999999112, -29.00000000000000711 ) ) ;
#786 = DIRECTION ( 'NONE',  ( 0.000000000000000000, 0.000000000000000000, 1.000000000000000000 ) ) ;
#787 = DIRECTION ( 'NONE',  ( 0.000000000000000000, 0.000000000000000000, -1.000000000000000000 ) ) ;
#788 = DIRECTION ( 'NONE',  ( 0.000000000000000000, -1.000000000000000000, 0.000000000000000000 ) ) ;
#789 = VECTOR ( 'NONE', #693, 1000.000000000000000 ) ;
#790 = VECTOR ( 'NONE', #1326, 1000.000000000000000 ) ;
#791 = CARTESIAN_POINT ( 'NONE',  ( 45.53051171362087501, 7.845325696125903470, -4.662125173256922217 ) ) ;
#792 = ORIENTED_EDGE ( 'NONE', *, *, #3068, .F. ) ;
#793 = CARTESIAN_POINT ( 'NONE',  ( 42.04188619865061582, 6.000000000000000000, 5.000000000000000000 ) ) ;
#794 = AXIS2_PLACEMENT_3D ( 'NONE', #773, #3797, #1964 ) ;
#795 = VECTOR ( 'NONE', #1203, 1000.000000000000000 ) ;
#796 = DIRECTION ( 'NONE',  ( 0.000000000000000000, 0.000000000000000000, -1.000000000000000000 ) ) ;
#797 = EDGE_CURVE ( 'NONE', #1847, #2545, #1803, .T. ) ;
#798 = CIRCLE ( 'NONE', #2070, 43.50000000000001421 ) ;
#799 = DIRECTION ( 'NONE',  ( -0.000000000000000000, 1.000000000000000000, 0.000000000000000000 ) ) ;
#800 = DIRECTION ( 'NONE',  ( 0.000000000000000000, 0.000000000000000000, 1.000000000000000000 ) ) ;
#801 = VERTEX_POINT ( 'NONE', #2126 ) ;
#802 = EDGE_CURVE ( 'NONE', #2812, #83, #3620, .T. ) ;
#803 = ORIENTED_EDGE ( 'NONE', *, *, #3295, .T. ) ;
#804 = CARTESIAN_POINT ( 'NONE',  ( 44.50000000000001421, 0.000000000000000000, -29.00000000000000711 ) ) ;
#805 = EDGE_LOOP ( 'NONE', ( #2664, #4038, #3007, #712, #329, #2365 ) ) ;
#806 = EDGE_CURVE ( 'NONE', #255, #3206, #4591, .T. ) ;
#807 = CARTESIAN_POINT ( 'NONE',  ( 42.60537019190393693, 0.000000000000000000, -10.32343179820049528 ) ) ;
#808 = ADVANCED_FACE ( 'NONE', ( #2520, #1758 ), #1733, .F. ) ;
#809 = VERTEX_POINT ( 'NONE', #3265 ) ;
#810 = CARTESIAN_POINT ( 'NONE',  ( 12.69999999999999041, 1.734723475976807094E-15, 13.25219988745154254 ) ) ;
#811 = ORIENTED_EDGE ( 'NONE', *, *, #2705, .T. ) ;
#812 = DIRECTION ( 'NONE',  ( 0.000000000000000000, -1.000000000000000000, 0.000000000000000000 ) ) ;
#813 = VERTEX_POINT ( 'NONE', #1054 ) ;
#814 = CARTESIAN_POINT ( 'NONE',  ( -45.67077626419153091, 1.800000000000000044, 20.58101651390110831 ) ) ;
#815 = FACE_OUTER_BOUND ( 'NONE', #2296, .T. ) ;
#816 = FACE_OUTER_BOUND ( 'NONE', #3984, .T. ) ;
#817 = ORIENTED_EDGE ( 'NONE', *, *, #527, .F. ) ;
#818 = DIRECTION ( 'NONE',  ( 0.000000000000000000, -1.000000000000000000, 0.000000000000000000 ) ) ;
#819 = EDGE_CURVE ( 'NONE', #3159, #4059, #303, .T. ) ;
#820 = EDGE_CURVE ( 'NONE', #3536, #1926, #3981, .T. ) ;
#821 = CARTESIAN_POINT ( 'NONE',  ( 46.16062554098196813, 0.000000000000000000, -10.33123212160939097 ) ) ;
#822 = CIRCLE ( 'NONE', #3197, 40.00000000000000000 ) ;
#823 = ADVANCED_FACE ( 'NONE', ( #4861 ), #1524, .T. ) ;
#824 = CARTESIAN_POINT ( 'NONE',  ( 44.50000000000001421, 11.00000000000000000, 31.50000000000001421 ) ) ;
#825 = VECTOR ( 'NONE', #1104, 1000.000000000000000 ) ;
#826 = DIRECTION ( 'NONE',  ( 0.000000000000000000, 0.000000000000000000, -1.000000000000000000 ) ) ;
#827 = EDGE_LOOP ( 'NONE', ( #2208, #1624, #2073, #4818 ) ) ;
#828 = CARTESIAN_POINT ( 'NONE',  ( -45.50000000000001421, 15.00000000000000000, 30.00000000000001066 ) ) ;
#829 = EDGE_CURVE ( 'NONE', #3091, #420, #709, .T. ) ;
#830 = CARTESIAN_POINT ( 'NONE',  ( -44.50000000000001421, 0.000000000000000000, -29.00000000000000711 ) ) ;
#831 = ORIENTED_EDGE ( 'NONE', *, *, #2314, .F. ) ;
#832 = CARTESIAN_POINT ( 'NONE',  ( 44.50000000000001421, -2.499999999999999112, 31.50000000000001421 ) ) ;
#833 = ORIENTED_EDGE ( 'NONE', *, *, #1349, .T. ) ;
#834 = CARTESIAN_POINT ( 'NONE',  ( 42.00000000000000711, 9.929705247428536552, -3.091507183936765379 ) ) ;
#835 = ORIENTED_EDGE ( 'NONE', *, *, #503, .T. ) ;
#836 = PLANE ( 'NONE',  #74 ) ;
#837 = EDGE_CURVE ( 'NONE', #3382, #3359, #1337, .T. ) ;
#838 = ORIENTED_EDGE ( 'NONE', *, *, #3035, .F. ) ;
#839 = DIRECTION ( 'NONE',  ( 0.000000000000000000, -1.000000000000000000, 0.000000000000000000 ) ) ;
#840 = DIRECTION ( 'NONE',  ( 0.000000000000000000, -1.000000000000000000, 0.000000000000000000 ) ) ;
#841 = DIRECTION ( 'NONE',  ( 0.000000000000000000, -1.000000000000000000, 0.000000000000000000 ) ) ;
#842 = ORIENTED_EDGE ( 'NONE', *, *, #1187, .F. ) ;
#843 = DIRECTION ( 'NONE',  ( 1.000000000000000000, 0.000000000000000000, 1.982541115402061757E-15 ) ) ;
#844 = AXIS2_PLACEMENT_3D ( 'NONE', #966, #2948, #1010 ) ;
#845 = LINE ( 'NONE', #3547, #4886 ) ;
#846 = CARTESIAN_POINT ( 'NONE',  ( -11.69999999999999396, 4.200000000000000178, 0.000000000000000000 ) ) ;
#847 = VECTOR ( 'NONE', #2870, 1000.000000000000000 ) ;
#848 = DIRECTION ( 'NONE',  ( -1.982541115402067674E-15, 0.000000000000000000, 1.000000000000000000 ) ) ;
#849 = DIRECTION ( 'NONE',  ( 0.000000000000000000, 1.000000000000000000, 0.000000000000000000 ) ) ;
#850 = ORIENTED_EDGE ( 'NONE', *, *, #3898, .F. ) ;
#851 = DIRECTION ( 'NONE',  ( 1.982541115402061757E-15, 0.000000000000000000, -1.000000000000000000 ) ) ;
#852 = EDGE_CURVE ( 'NONE', #1127, #1071, #4485, .T. ) ;
#853 = CARTESIAN_POINT ( 'NONE',  ( 44.50000000000001421, 0.000000000000000000, 24.40000000000001279 ) ) ;
#854 = ORIENTED_EDGE ( 'NONE', *, *, #604, .F. ) ;
#855 = ORIENTED_EDGE ( 'NONE', *, *, #1709, .T. ) ;
#856 = CARTESIAN_POINT ( 'NONE',  ( 44.50000000000001421, 0.000000000000000000, 29.00000000000000711 ) ) ;
#857 = VERTEX_POINT ( 'NONE', #4540 ) ;
#858 = AXIS2_PLACEMENT_3D ( 'NONE', #3123, #4295, #4719 ) ;
#859 = FACE_OUTER_BOUND ( 'NONE', #3561, .T. ) ;
#860 = EDGE_CURVE ( 'NONE', #2269, #1045, #1081, .T. ) ;
#861 = ORIENTED_EDGE ( 'NONE', *, *, #3093, .T. ) ;
#862 = DIRECTION ( 'NONE',  ( 1.850371707708593813E-14, 0.000000000000000000, 1.000000000000000000 ) ) ;
#863 = EDGE_CURVE ( 'NONE', #4170, #2939, #3809, .T. ) ;
#864 = EDGE_LOOP ( 'NONE', ( #525, #3208, #4008, #1325 ) ) ;
#865 = VECTOR ( 'NONE', #2128, 1000.000000000000000 ) ;
#866 = AXIS2_PLACEMENT_3D ( 'NONE', #1356, #1404, #1329 ) ;
#867 = DIRECTION ( 'NONE',  ( 0.000000000000000000, -1.000000000000000000, 0.000000000000000000 ) ) ;
#868 = FACE_OUTER_BOUND ( 'NONE', #274, .T. ) ;
#869 = DIRECTION ( 'NONE',  ( 0.000000000000000000, -1.000000000000000000, 0.000000000000000000 ) ) ;
#870 = VERTEX_POINT ( 'NONE', #1173 ) ;
#871 = EDGE_CURVE ( 'NONE', #3299, #2716, #1170, .T. ) ;
#872 = DIRECTION ( 'NONE',  ( 0.000000000000000000, 0.000000000000000000, 1.000000000000000000 ) ) ;
#873 = AXIS2_PLACEMENT_3D ( 'NONE', #2606, #3009, #371 ) ;
#874 = DIRECTION ( 'NONE',  ( -1.000000000000000000, 0.000000000000000000, -8.760942863221888787E-16 ) ) ;
#875 = CARTESIAN_POINT ( 'NONE',  ( 55.50000000000001421, 6.000000000000000000, 6.123233995736772199E-17 ) ) ;
#876 = DIRECTION ( 'NONE',  ( -1.000000000000000000, 0.000000000000000000, 0.000000000000000000 ) ) ;
#877 = EDGE_LOOP ( 'NONE', ( #4676, #3708, #598, #2816 ) ) ;
#878 = CARTESIAN_POINT ( 'NONE',  ( -36.08101651390111186, 8.400000000000000355, 30.17077626419151670 ) ) ;
#879 = VECTOR ( 'NONE', #2385, 1000.000000000000000 ) ;
#880 = CIRCLE ( 'NONE', #1585, 43.50000000000000711 ) ;
#881 = SURFACE_SIDE_STYLE ('',( #154 ) ) ;
#882 = ORIENTED_EDGE ( 'NONE', *, *, #3430, .T. ) ;
#883 = ORIENTED_EDGE ( 'NONE', *, *, #2943, .F. ) ;
#884 = FACE_OUTER_BOUND ( 'NONE', #1732, .T. ) ;
#885 = EDGE_LOOP ( 'NONE', ( #131, #1928 ) ) ;
#886 = CARTESIAN_POINT ( 'NONE',  ( 6.000000000000000888, 20.00000000000000000, 11.00000000000000000 ) ) ;
#887 = EDGE_CURVE ( 'NONE', #1500, #1150, #3344, .T. ) ;
#888 = ORIENTED_EDGE ( 'NONE', *, *, #2480, .F. ) ;
#889 = CARTESIAN_POINT ( 'NONE',  ( -85.50000000000001421, 1.799999999999999600, 3.091507183936761827 ) ) ;
#890 = ORIENTED_EDGE ( 'NONE', *, *, #4281, .T. ) ;
#891 = FACE_OUTER_BOUND ( 'NONE', #1553, .T. ) ;
#892 = DIRECTION ( 'NONE',  ( 5.343745880020508077E-15, 0.000000000000000000, 1.000000000000000000 ) ) ;
#893 = CARTESIAN_POINT ( 'NONE',  ( -44.50000000000001421, 15.00000000000000000, -29.00000000000000711 ) ) ;
#894 = VERTEX_POINT ( 'NONE', #34 ) ;
#895 = FACE_OUTER_BOUND ( 'NONE', #3912, .T. ) ;
#896 = DIRECTION ( 'NONE',  ( 0.000000000000000000, 0.000000000000000000, 1.000000000000000000 ) ) ;
#897 = CYLINDRICAL_SURFACE ( 'NONE', #4441, 5.000000000000000000 ) ;
#898 = DIRECTION ( 'NONE',  ( 0.000000000000000000, -1.000000000000000000, 0.000000000000000000 ) ) ;
#899 = VERTEX_POINT ( 'NONE', #4105 ) ;
#900 = ADVANCED_FACE ( 'NONE', ( #4565 ), #2230, .T. ) ;
#901 = DIRECTION ( 'NONE',  ( 0.000000000000000000, 0.000000000000000000, -1.000000000000000000 ) ) ;
#902 = VECTOR ( 'NONE', #4522, 1000.000000000000000 ) ;
#903 = ORIENTED_EDGE ( 'NONE', *, *, #300, .F. ) ;
#904 = ORIENTED_EDGE ( 'NONE', *, *, #514, .T. ) ;
#905 = AXIS2_PLACEMENT_3D ( 'NONE', #4534, #2687, #1074 ) ;
#906 = AXIS2_PLACEMENT_3D ( 'NONE', #4332, #3657, #624 ) ;
#907 = DIRECTION ( 'NONE',  ( -0.000000000000000000, -1.000000000000000000, -0.000000000000000000 ) ) ;
#908 = ORIENTED_EDGE ( 'NONE', *, *, #1793, .F. ) ;
#909 = DIRECTION ( 'NONE',  ( -0.000000000000000000, 1.000000000000000000, -0.000000000000000000 ) ) ;
#910 = ORIENTED_EDGE ( 'NONE', *, *, #2607, .T. ) ;
#911 = CARTESIAN_POINT ( 'NONE',  ( -44.50000000000001421, -2.499999999999999112, 29.00000000000000711 ) ) ;
#912 = VECTOR ( 'NONE', #4728, 1000.000000000000000 ) ;
#913 = ADVANCED_FACE ( 'NONE', ( #1905, #311 ), #1151, .F. ) ;
#914 = ORIENTED_EDGE ( 'NONE', *, *, #1846, .F. ) ;
#915 = B_SPLINE_CURVE_WITH_KNOTS ( 'NONE', 3,
 ( #1211, #412, #2331, #2677, #2354, #4598, #2309, #3842, #1986, #793 ),
 .UNSPECIFIED., .F., .F.,
 ( 4, 2, 2, 2, 4 ),
 ( 0.000000000000000000, 0.001123505162731295356, 0.002247010325462591579, 0.003370515488193887368, 0.004494020650925184025 ),
 .UNSPECIFIED. ) ;
#916 = FACE_OUTER_BOUND ( 'NONE', #1717, .T. ) ;
#917 = CARTESIAN_POINT ( 'NONE',  ( 44.50000000000001421, 11.00000000000000000, -29.00000000000000711 ) ) ;
#918 = DIRECTION ( 'NONE',  ( -0.000000000000000000, 1.000000000000000000, -0.000000000000000000 ) ) ;
#919 = ORIENTED_EDGE ( 'NONE', *, *, #757, .F. ) ;
#920 = CYLINDRICAL_SURFACE ( 'NONE', #3374, 3.500000000000003109 ) ;
#921 = FACE_OUTER_BOUND ( 'NONE', #4311, .T. ) ;
#922 = CYLINDRICAL_SURFACE ( 'NONE', #473, 8.500000000000010658 ) ;
#923 = CARTESIAN_POINT ( 'NONE',  ( 15.20000000000000107, 4.200000000000000178, -30.00000000000000711 ) ) ;
#924 = VERTEX_POINT ( 'NONE', #1128 ) ;
#925 = CARTESIAN_POINT ( 'NONE',  ( 8.000000000000000000, 20.00000000000000000, 7.300000000000002487 ) ) ;
#926 = VECTOR ( 'NONE', #1214, 1000.000000000000000 ) ;
#927 = FACE_OUTER_BOUND ( 'NONE', #4615, .T. ) ;
#928 = EDGE_LOOP ( 'NONE', ( #883, #3475, #2909, #2887, #4916, #3154, #1755, #952, #3034, #4000, #630, #2752, #1289, #4448, #3479, #4049, #696 ) ) ;
#929 = EDGE_LOOP ( 'NONE', ( #3279, #3030, #1367, #2318 ) ) ;
#930 = EDGE_CURVE ( 'NONE', #3412, #483, #783, .T. ) ;
#931 = CARTESIAN_POINT ( 'NONE',  ( -38.50000000000001421, 0.000000000000000000, -26.50000000000001066 ) ) ;
#932 = ORIENTED_EDGE ( 'NONE', *, *, #2975, .T. ) ;
#933 = CARTESIAN_POINT ( 'NONE',  ( 45.54555525137367766, 15.00000000000000000, -4.999999999999997335 ) ) ;
#934 = EDGE_LOOP ( 'NONE', ( #4824, #2202, #204, #1728, #838, #574, #4810, #557, #3840, #2944, #1941, #1645 ) ) ;
#935 = LINE ( 'NONE', #4337, #3018 ) ;
#936 = EDGE_CURVE ( 'NONE', #2973, #4231, #2291, .T. ) ;
#937 = VERTEX_POINT ( 'NONE', #4912 ) ;
#938 = LINE ( 'NONE', #4690, #4483 ) ;
#939 = LINE ( 'NONE', #1782, #4752 ) ;
#940 = FACE_OUTER_BOUND ( 'NONE', #2006, .T. ) ;
#941 = ORIENTED_EDGE ( 'NONE', *, *, #87, .F. ) ;
#942 = CIRCLE ( 'NONE', #456, 2.500000000000005773 ) ;
#943 = AXIS2_PLACEMENT_3D ( 'NONE', #4513, #3369, #4888 ) ;
#944 = CARTESIAN_POINT ( 'NONE',  ( -1.700000000000000178, 17.00000000000000000, 7.000000000000003553 ) ) ;
#945 = DIRECTION ( 'NONE',  ( -0.000000000000000000, -1.000000000000000000, -0.000000000000000000 ) ) ;
#946 = VECTOR ( 'NONE', #3050, 1000.000000000000000 ) ;
#947 = CARTESIAN_POINT ( 'NONE',  ( -15.19999999999999396, 0.000000000000000000, -30.00000000000000711 ) ) ;
#948 = ORIENTED_EDGE ( 'NONE', *, *, #4405, .T. ) ;
#949 = LINE ( 'NONE', #3580, #3119 ) ;
#950 = PLANE ( 'NONE',  #3839 ) ;
#951 = EDGE_CURVE ( 'NONE', #1198, #4905, #3317, .T. ) ;
#952 = ORIENTED_EDGE ( 'NONE', *, *, #429, .T. ) ;
#953 = AXIS2_PLACEMENT_3D ( 'NONE', #294, #2241, #1442 ) ;
#954 = ORIENTED_EDGE ( 'NONE', *, *, #452, .F. ) ;
#955 = CARTESIAN_POINT ( 'NONE',  ( 0.000000000000000000, 15.00000000000000000, 0.000000000000000000 ) ) ;
#956 = VERTEX_POINT ( 'NONE', #2668 ) ;
#957 = AXIS2_PLACEMENT_3D ( 'NONE', #1788, #2112, #4043 ) ;
#958 = PLANE ( 'NONE',  #3429 ) ;
#959 = EDGE_CURVE ( 'NONE', #2661, #3359, #1107, .T. ) ;
#960 = EDGE_LOOP ( 'NONE', ( #223, #3592, #4784, #2787, #4386, #3124, #2445, #2851, #2313 ) ) ;
#961 = CARTESIAN_POINT ( 'NONE',  ( 42.00000000000001421, 9.929705247428532999, 3.091507183936769820 ) ) ;
#962 = EDGE_CURVE ( 'NONE', #1699, #4902, #703, .T. ) ;
#963 = ORIENTED_EDGE ( 'NONE', *, *, #820, .F. ) ;
#964 = DIRECTION ( 'NONE',  ( -0.000000000000000000, -1.000000000000000000, -0.000000000000000000 ) ) ;
#965 = FACE_OUTER_BOUND ( 'NONE', #3864, .T. ) ;
#966 = CARTESIAN_POINT ( 'NONE',  ( -18.59150718393674495, 15.00000000000000000, 70.00000000000000000 ) ) ;
#967 = ORIENTED_EDGE ( 'NONE', *, *, #1686, .T. ) ;
#968 = CARTESIAN_POINT ( 'NONE',  ( 85.50000000000001421, 0.000000000000000000, 3.091507183936761827 ) ) ;
#969 = CARTESIAN_POINT ( 'NONE',  ( -35.50000000000001421, 11.00000000000000000, 2.500000000000000000 ) ) ;
#970 = FACE_OUTER_BOUND ( 'NONE', #934, .T. ) ;
#971 = ORIENTED_EDGE ( 'NONE', *, *, #4085, .T. ) ;
#972 = CARTESIAN_POINT ( 'NONE',  ( -7.700000000000000178, 20.00000000000000000, 18.99999999999999645 ) ) ;
#973 = ADVANCED_FACE ( 'NONE', ( #82 ), #480, .F. ) ;
#974 = EDGE_CURVE ( 'NONE', #2125, #3659, #1604, .T. ) ;
#975 = EDGE_CURVE ( 'NONE', #2358, #4025, #55, .T. ) ;
#976 = FACE_OUTER_BOUND ( 'NONE', #4239, .T. ) ;
#977 = ORIENTED_EDGE ( 'NONE', *, *, #522, .T. ) ;
#978 = ORIENTED_EDGE ( 'NONE', *, *, #2580, .F. ) ;
#979 = FACE_OUTER_BOUND ( 'NONE', #1296, .T. ) ;
#980 = LINE ( 'NONE', #4734, #2720 ) ;
#981 = EDGE_LOOP ( 'NONE', ( #605, #3785, #1426, #3877, #2375, #2300 ) ) ;
#982 = DIRECTION ( 'NONE',  ( 0.000000000000000000, -1.000000000000000000, 1.084202172485504434E-16 ) ) ;
#983 = AXIS2_PLACEMENT_3D ( 'NONE', #2834, #3228, #546 ) ;
#984 = AXIS2_PLACEMENT_3D ( 'NONE', #4028, #1348, #4006 ) ;
#985 = VERTEX_POINT ( 'NONE', #529 ) ;
#986 = DIRECTION ( 'NONE',  ( 0.000000000000000000, -1.000000000000000000, 0.000000000000000000 ) ) ;
#987 = CARTESIAN_POINT ( 'NONE',  ( 4.299999999999999822, 20.00000000000000000, 18.70000000000000284 ) ) ;
#988 = CARTESIAN_POINT ( 'NONE',  ( 42.00000000000001421, -2.499999999999999112, -26.50000000000001066 ) ) ;
#989 = ORIENTED_EDGE ( 'NONE', *, *, #4417, .T. ) ;
#990 = LINE ( 'NONE', #245, #515 ) ;
#991 = AXIS2_PLACEMENT_3D ( 'NONE', #2609, #2958, #1418 ) ;
#992 = FACE_OUTER_BOUND ( 'NONE', #4454, .T. ) ;
#993 = AXIS2_PLACEMENT_3D ( 'NONE', #4528, #1118, #2659 ) ;
#994 = CARTESIAN_POINT ( 'NONE',  ( -44.50000000000001421, -2.499999999999999112, 29.00000000000000711 ) ) ;
#995 = VERTEX_POINT ( 'NONE', #2048 ) ;
#996 = CARTESIAN_POINT ( 'NONE',  ( -42.00000000000001421, 15.00000000000000000, -26.50000000000001066 ) ) ;
#997 = DIRECTION ( 'NONE',  ( -0.000000000000000000, 1.000000000000000000, -0.000000000000000000 ) ) ;
#998 = ORIENTED_EDGE ( 'NONE', *, *, #951, .F. ) ;
#999 = ORIENTED_EDGE ( 'NONE', *, *, #1067, .F. ) ;
#1000 = LINE ( 'NONE', #1698, #4557 ) ;
#1001 = AXIS2_PLACEMENT_3D ( 'NONE', #1434, #4461, #4488 ) ;
#1002 = CARTESIAN_POINT ( 'NONE',  ( -42.00000000000002132, 1.799999999999999600, 23.00000000000000711 ) ) ;
#1003 = ORIENTED_EDGE ( 'NONE', *, *, #2043, .T. ) ;
#1004 = DIRECTION ( 'NONE',  ( -0.000000000000000000, -1.000000000000000000, -0.000000000000000000 ) ) ;
#1005 = ADVANCED_FACE ( 'NONE', ( #2768 ), #2000, .T. ) ;
#1006 = ORIENTED_EDGE ( 'NONE', *, *, #334, .T. ) ;
#1007 = DIRECTION ( 'NONE',  ( 0.000000000000000000, 0.000000000000000000, 1.000000000000000000 ) ) ;
#1008 = EDGE_CURVE ( 'NONE', #3135, #635, #2026, .T. ) ;
#1009 = CARTESIAN_POINT ( 'NONE',  ( 1.700000000000000178, 15.00000000000000000, -7.699999999999993072 ) ) ;
#1010 = DIRECTION ( 'NONE',  ( 0.000000000000000000, 0.000000000000000000, -1.000000000000000000 ) ) ;
#1011 = ORIENTED_EDGE ( 'NONE', *, *, #4493, .T. ) ;
#1012 = DIRECTION ( 'NONE',  ( -0.000000000000000000, -1.000000000000000000, 0.000000000000000000 ) ) ;
#1013 = CARTESIAN_POINT ( 'NONE',  ( 18.59150718393674495, 15.00000000000000000, 70.00000000000000000 ) ) ;
#1014 = EDGE_CURVE ( 'NONE', #3091, #1838, #1931, .T. ) ;
#1015 = FACE_OUTER_BOUND ( 'NONE', #609, .T. ) ;
#1016 = VERTEX_POINT ( 'NONE', #1277 ) ;
#1017 = AXIS2_PLACEMENT_3D ( 'NONE', #2174, #563, #3594 ) ;
#1018 = LINE ( 'NONE', #3974, #1615 ) ;
#1019 = CIRCLE ( 'NONE', #3403, 40.00000000000000000 ) ;
#1020 = LINE ( 'NONE', #4353, #4480 ) ;
#1021 = EDGE_CURVE ( 'NONE', #1476, #2982, #2011, .T. ) ;
#1022 = ORIENTED_EDGE ( 'NONE', *, *, #3496, .T. ) ;
#1023 = VERTEX_POINT ( 'NONE', #132 ) ;
#1024 = CARTESIAN_POINT ( 'NONE',  ( 44.50000000000001421, -2.499999999999999112, 29.00000000000000711 ) ) ;
#1025 = CARTESIAN_POINT ( 'NONE',  ( -85.50000000000001421, 15.00000000000000000, 3.091507183936761827 ) ) ;
#1026 = AXIS2_PLACEMENT_3D ( 'NONE', #4654, #3529, #1244 ) ;
#1027 = ORIENTED_EDGE ( 'NONE', *, *, #1008, .T. ) ;
#1028 = FACE_OUTER_BOUND ( 'NONE', #7, .T. ) ;
#1029 = CARTESIAN_POINT ( 'NONE',  ( -4.299999999999999822, 17.00000000000000000, 18.70000000000000284 ) ) ;
#1030 = AXIS2_PLACEMENT_3D ( 'NONE', #1563, #4198, #726 ) ;
#1031 = AXIS2_PLACEMENT_3D ( 'NONE', #4199, #1193, #826 ) ;
#1032 = EDGE_CURVE ( 'NONE', #370, #2105, #1649, .T. ) ;
#1033 = ORIENTED_EDGE ( 'NONE', *, *, #1573, .T. ) ;
#1034 = DIRECTION ( 'NONE',  ( 0.000000000000000000, 0.000000000000000000, -1.000000000000000000 ) ) ;
#1035 = EDGE_CURVE ( 'NONE', #2667, #2661, #4637, .T. ) ;
#1036 = CARTESIAN_POINT ( 'NONE',  ( -39.95933631058686331, 0.000000000000000000, -36.18556701030929901 ) ) ;
#1037 = CARTESIAN_POINT ( 'NONE',  ( -44.50000000000001421, -2.499999999999999112, -29.00000000000000711 ) ) ;
#1038 = EDGE_LOOP ( 'NONE', ( #3681, #3962, #4445, #1713 ) ) ;
#1039 = FACE_OUTER_BOUND ( 'NONE', #3053, .T. ) ;
#1040 = CARTESIAN_POINT ( 'NONE',  ( 51.68556701030929901, 15.00000000000000000, 24.45933631058685620 ) ) ;
#1041 = CARTESIAN_POINT ( 'NONE',  ( -18.59150718393674850, 0.000000000000000000, -26.50000000000000711 ) ) ;
#1042 = ORIENTED_EDGE ( 'NONE', *, *, #2350, .T. ) ;
#1043 = PLANE ( 'NONE',  #3361 ) ;
#1044 = CARTESIAN_POINT ( 'NONE',  ( 51.68556701030929901, 0.000000000000000000, 24.45933631058685620 ) ) ;
#1045 = VERTEX_POINT ( 'NONE', #2419 ) ;
#1046 = EDGE_CURVE ( 'NONE', #2973, #1699, #2717, .T. ) ;
#1047 = CARTESIAN_POINT ( 'NONE',  ( 46.16062554098196813, 4.200000000000000178, -10.33123212160939097 ) ) ;
#1048 = ORIENTED_EDGE ( 'NONE', *, *, #1895, .T. ) ;
#1049 = VERTEX_POINT ( 'NONE', #3562 ) ;
#1050 = CARTESIAN_POINT ( 'NONE',  ( -42.00000000000000711, 11.00000000000000000, 2.500000000000000000 ) ) ;
#1051 = PLANE ( 'NONE',  #3040 ) ;
#1052 = ORIENTED_EDGE ( 'NONE', *, *, #2467, .F. ) ;
#1053 = VECTOR ( 'NONE', #2470, 1000.000000000000000 ) ;
#1054 = CARTESIAN_POINT ( 'NONE',  ( 42.00000000000001421, -2.499999999999999112, -25.13865308473844351 ) ) ;
#1055 = AXIS2_PLACEMENT_3D ( 'NONE', #1072, #352, #700 ) ;
#1056 = CARTESIAN_POINT ( 'NONE',  ( 44.50000000000001421, 11.00000000000000000, 29.00000000000000711 ) ) ;
#1057 = PLANE ( 'NONE',  #3865 ) ;
#1058 = ORIENTED_EDGE ( 'NONE', *, *, #2658, .F. ) ;
#1059 = EDGE_CURVE ( 'NONE', #1857, #705, #4785, .T. ) ;
#1060 = DIRECTION ( 'NONE',  ( 0.000000000000000000, 1.000000000000000000, 0.000000000000000000 ) ) ;
#1061 = CARTESIAN_POINT ( 'NONE',  ( 44.50000000000001421, 0.000000000000000000, 33.60000000000000142 ) ) ;
#1062 = CARTESIAN_POINT ( 'NONE',  ( 19.29997540657093325, 5.444532904616678297E-16, 26.50156732114357538 ) ) ;
#1063 = DIRECTION ( 'NONE',  ( -0.000000000000000000, 1.000000000000000000, -0.000000000000000000 ) ) ;
#1064 = ORIENTED_EDGE ( 'NONE', *, *, #1547, .F. ) ;
#1065 = DIRECTION ( 'NONE',  ( -0.000000000000000000, 1.000000000000000000, -0.000000000000000000 ) ) ;
#1066 = CIRCLE ( 'NONE', #2813, 8.500000000000010658 ) ;
#1067 = EDGE_CURVE ( 'NONE', #899, #116, #3189, .T. ) ;
#1068 = EDGE_LOOP ( 'NONE', ( #3986, #1817, #171, #295 ) ) ;
#1069 = AXIS2_PLACEMENT_3D ( 'NONE', #3576, #3224, #172 ) ;
#1070 = DIRECTION ( 'NONE',  ( 0.000000000000000000, -1.000000000000000000, 0.000000000000000000 ) ) ;
#1071 = VERTEX_POINT ( 'NONE', #1951 ) ;
#1072 = CARTESIAN_POINT ( 'NONE',  ( 44.50000000000001421, 1.800000000000000044, -29.00000000000000711 ) ) ;
#1073 = AXIS2_PLACEMENT_3D ( 'NONE', #2133, #3647, #4815 ) ;
#1074 = DIRECTION ( 'NONE',  ( 0.000000000000000000, 0.000000000000000000, 1.000000000000000000 ) ) ;
#1075 = VERTEX_POINT ( 'NONE', #834 ) ;
#1076 = CARTESIAN_POINT ( 'NONE',  ( 46.77808110350506610, 1.799999999999999600, -22.91227904007969585 ) ) ;
#1077 = EDGE_CURVE ( 'NONE', #3064, #3042, #4707, .T. ) ;
#1078 = CARTESIAN_POINT ( 'NONE',  ( 85.50000000000001421, 15.00000000000000000, -3.091507183936761827 ) ) ;
#1079 = AXIS2_PLACEMENT_3D ( 'NONE', #2526, #2111, #2547 ) ;
#1080 = ORIENTED_EDGE ( 'NONE', *, *, #447, .T. ) ;
#1081 = LINE ( 'NONE', #404, #227 ) ;
#1082 = AXIS2_PLACEMENT_3D ( 'NONE', #1307, #535, #3891 ) ;
#1083 = LINE ( 'NONE', #1554, #3787 ) ;
#1084 = DIRECTION ( 'NONE',  ( 0.000000000000000000, 0.000000000000000000, -1.000000000000000000 ) ) ;
#1085 = ORIENTED_EDGE ( 'NONE', *, *, #168, .T. ) ;
#1086 = EDGE_CURVE ( 'NONE', #3859, #2474, #3513, .T. ) ;
#1087 = CARTESIAN_POINT ( 'NONE',  ( 18.59150718393674495, 11.50000000000000000, 70.00000000000000000 ) ) ;
#1088 = DIRECTION ( 'NONE',  ( -0.000000000000000000, 0.000000000000000000, 1.000000000000000000 ) ) ;
#1089 = DIRECTION ( 'NONE',  ( 0.000000000000000000, -1.000000000000000000, 0.000000000000000000 ) ) ;
#1090 = CARTESIAN_POINT ( 'NONE',  ( 45.53596778918151955, 7.483707227054640754, -4.789499889754644357 ) ) ;
#1091 = ORIENTED_EDGE ( 'NONE', *, *, #1952, .F. ) ;
#1092 = CARTESIAN_POINT ( 'NONE',  ( 18.59150718393674495, -22.00000000000000000, -30.00000000000000711 ) ) ;
#1093 = AXIS2_PLACEMENT_3D ( 'NONE', #2352, #4620, #1610 ) ;
#1094 = ORIENTED_EDGE ( 'NONE', *, *, #4165, .T. ) ;
#1095 = LINE ( 'NONE', #3727, #1225 ) ;
#1096 = DIRECTION ( 'NONE',  ( 1.000000000000000000, 0.000000000000000000, 0.000000000000000000 ) ) ;
#1097 = ORIENTED_EDGE ( 'NONE', *, *, #1659, .F. ) ;
#1098 = CARTESIAN_POINT ( 'NONE',  ( 85.50000000000001421, 11.50000000000000000, -3.091507183936761827 ) ) ;
#1099 = VERTEX_POINT ( 'NONE', #451 ) ;
#1100 = CIRCLE ( 'NONE', #3869, 40.00000000000000711 ) ;
#1101 = AXIS2_PLACEMENT_3D ( 'NONE', #610, #2476, #3989 ) ;
#1102 = DIRECTION ( 'NONE',  ( 0.000000000000000000, 1.000000000000000000, 0.000000000000000000 ) ) ;
#1103 = ORIENTED_EDGE ( 'NONE', *, *, #3101, .T. ) ;
#1104 = DIRECTION ( 'NONE',  ( -0.000000000000000000, 1.000000000000000000, -0.000000000000000000 ) ) ;
#1105 = VERTEX_POINT ( 'NONE', #1975 ) ;
#1106 = CIRCLE ( 'NONE', #1503, 1.000000000000002665 ) ;
#1107 = LINE ( 'NONE', #2299, #2210 ) ;
#1108 = CYLINDRICAL_SURFACE ( 'NONE', #4590, 43.50000000000000711 ) ;
#1109 = VERTEX_POINT ( 'NONE', #3139 ) ;
#1110 = CIRCLE ( 'NONE', #3090, 8.500000000000010658 ) ;
#1111 = FACE_OUTER_BOUND ( 'NONE', #2959, .T. ) ;
#1112 = DIRECTION ( 'NONE',  ( 1.914177628664062783E-15, 0.000000000000000000, -1.000000000000000000 ) ) ;
#1113 = CIRCLE ( 'NONE', #1429, 5.000000000000000000 ) ;
#1114 = DIRECTION ( 'NONE',  ( 0.000000000000000000, -1.000000000000000000, 0.000000000000000000 ) ) ;
#1115 = CARTESIAN_POINT ( 'NONE',  ( 45.51288695255664152, 8.837541471291199713, -4.134315495774816718 ) ) ;
#1116 = ORIENTED_EDGE ( 'NONE', *, *, #1197, .T. ) ;
#1117 = CARTESIAN_POINT ( 'NONE',  ( 42.00000000000001421, 1.799999999999999600, 26.50000000000001066 ) ) ;
#1118 = DIRECTION ( 'NONE',  ( 0.000000000000000000, -1.000000000000000000, 0.000000000000000000 ) ) ;
#1119 = LINE ( 'NONE', #2706, #3965 ) ;
#1120 = ORIENTED_EDGE ( 'NONE', *, *, #4033, .F. ) ;
#1121 = ADVANCED_FACE ( 'NONE', ( #859 ), #3484, .T. ) ;
#1122 = EDGE_CURVE ( 'NONE', #4823, #3278, #3906, .T. ) ;
#1123 = EDGE_CURVE ( 'NONE', #1743, #4091, #822, .T. ) ;
#1124 = CARTESIAN_POINT ( 'NONE',  ( 45.50000000000001421, 0.000000000000000000, 26.50000000000001066 ) ) ;
#1125 = CARTESIAN_POINT ( 'NONE',  ( 12.69999999999999218, -5.833809621030952464, 13.25219988745154254 ) ) ;
#1126 = ORIENTED_EDGE ( 'NONE', *, *, #2154, .F. ) ;
#1127 = VERTEX_POINT ( 'NONE', #1399 ) ;
#1128 = CARTESIAN_POINT ( 'NONE',  ( -39.95933631058686331, 15.00000000000000000, -36.18556701030929901 ) ) ;
#1129 = DIRECTION ( 'NONE',  ( 0.000000000000000000, 0.000000000000000000, -1.000000000000000000 ) ) ;
#1130 = ORIENTED_EDGE ( 'NONE', *, *, #852, .T. ) ;
#1131 = CYLINDRICAL_SURFACE ( 'NONE', #2559, 8.500000000000010658 ) ;
#1132 = CIRCLE ( 'NONE', #4310, 43.50000000000000711 ) ;
#1133 = CARTESIAN_POINT ( 'NONE',  ( 85.50000000000001421, 0.000000000000000000, 3.091507183936761827 ) ) ;
#1134 = CYLINDRICAL_SURFACE ( 'NONE', #1818, 2.500000000000005773 ) ;
#1135 = DIRECTION ( 'NONE',  ( 0.000000000000000000, -1.000000000000000000, 0.000000000000000000 ) ) ;
#1136 = VERTEX_POINT ( 'NONE', #1002 ) ;
#1137 = AXIS2_PLACEMENT_3D ( 'NONE', #1166, #3335, #704 ) ;
#1138 = AXIS2_PLACEMENT_3D ( 'NONE', #207, #4705, #553 ) ;
#1139 = CARTESIAN_POINT ( 'NONE',  ( 44.50000000000001421, 11.00000000000000000, -26.50000000000000711 ) ) ;
#1140 = CARTESIAN_POINT ( 'NONE',  ( 45.50000000000002132, 9.929705247428545434, -3.091507183936754721 ) ) ;
#1141 = FACE_OUTER_BOUND ( 'NONE', #2662, .T. ) ;
#1142 = VERTEX_POINT ( 'NONE', #4051 ) ;
#1143 = EDGE_CURVE ( 'NONE', #1650, #3183, #4408, .T. ) ;
#1144 = CIRCLE ( 'NONE', #4404, 4.599999999999996092 ) ;
#1145 = ORIENTED_EDGE ( 'NONE', *, *, #2772, .T. ) ;
#1146 = CARTESIAN_POINT ( 'NONE',  ( -46.77808110350506610, 1.799999999999999600, 22.91227904007968874 ) ) ;
#1147 = ORIENTED_EDGE ( 'NONE', *, *, #289, .T. ) ;
#1148 = VECTOR ( 'NONE', #2952, 1000.000000000000000 ) ;
#1149 = CARTESIAN_POINT ( 'NONE',  ( -42.00000000000000711, 4.200000000000000178, 30.00000000000001066 ) ) ;
#1150 = VERTEX_POINT ( 'NONE', #184 ) ;
#1151 = PLANE ( 'NONE',  #4427 ) ;
#1152 = DIRECTION ( 'NONE',  ( -1.000000000000000000, 0.000000000000000000, 1.314141429483280951E-15 ) ) ;
#1153 = ORIENTED_EDGE ( 'NONE', *, *, #168, .F. ) ;
#1154 = DIRECTION ( 'NONE',  ( 0.000000000000000000, 0.000000000000000000, -1.000000000000000000 ) ) ;
#1155 = EDGE_CURVE ( 'NONE', #3885, #3892, #655, .T. ) ;
#1156 = EDGE_CURVE ( 'NONE', #2939, #4137, #1132, .T. ) ;
#1157 = CARTESIAN_POINT ( 'NONE',  ( 16.00000000000000000, -7.000000000000000000, 28.00000000000001066 ) ) ;
#1158 = CARTESIAN_POINT ( 'NONE',  ( -44.50000000000001421, 15.00000000000000000, 22.50000000000001421 ) ) ;
#1159 = DIRECTION ( 'NONE',  ( -1.000000000000000000, 0.000000000000000000, 4.336808689942017736E-16 ) ) ;
#1160 = VERTEX_POINT ( 'NONE', #3612 ) ;
#1161 = LINE ( 'NONE', #668, #3646 ) ;
#1162 = CYLINDRICAL_SURFACE ( 'NONE', #1627, 6.499999999999999112 ) ;
#1163 = CARTESIAN_POINT ( 'NONE',  ( -38.41227904007969585, 1.799999999999999600, 31.27808110350508741 ) ) ;
#1164 = VERTEX_POINT ( 'NONE', #2886 ) ;
#1165 = ORIENTED_EDGE ( 'NONE', *, *, #3146, .T. ) ;
#1166 = CARTESIAN_POINT ( 'NONE',  ( 44.50000000000001421, 11.00000000000000000, 29.00000000000000711 ) ) ;
#1167 = ADVANCED_FACE ( 'NONE', ( #2864 ), #958, .F. ) ;
#1168 = ORIENTED_EDGE ( 'NONE', *, *, #2364, .T. ) ;
#1169 = VECTOR ( 'NONE', #1805, 1000.000000000000000 ) ;
#1170 = CIRCLE ( 'NONE', #2448, 43.50000000000000711 ) ;
#1171 = CARTESIAN_POINT ( 'NONE',  ( 44.50000000000001421, -2.499999999999999112, -31.50000000000001421 ) ) ;
#1172 = ORIENTED_EDGE ( 'NONE', *, *, #2461, .T. ) ;
#1173 = CARTESIAN_POINT ( 'NONE',  ( 38.50000000000001421, 0.000000000000000000, 26.50000000000002132 ) ) ;
#1174 = CIRCLE ( 'NONE', #4433, 5.499999999999994671 ) ;
#1175 = ORIENTED_EDGE ( 'NONE', *, *, #4078, .T. ) ;
#1176 = DIRECTION ( 'NONE',  ( -0.000000000000000000, 1.000000000000000000, -0.000000000000000000 ) ) ;
#1177 = EDGE_CURVE ( 'NONE', #1900, #1675, #414, .T. ) ;
#1178 = EDGE_CURVE ( 'NONE', #2997, #2702, #4030, .T. ) ;
#1179 = EDGE_CURVE ( 'NONE', #2502, #2193, #2557, .T. ) ;
#1180 = LINE ( 'NONE', #2699, #3687 ) ;
#1181 = DIRECTION ( 'NONE',  ( 0.000000000000000000, 0.000000000000000000, -1.000000000000000000 ) ) ;
#1182 = AXIS2_PLACEMENT_3D ( 'NONE', #1994, #470, #3082 ) ;
#1183 = PRODUCT ( 'SkiSafe 02 - Back', 'SkiSafe 02 - Back', '', ( #1804 ) ) ;
#1184 = AXIS2_PLACEMENT_3D ( 'NONE', #1594, #1451, #2995 ) ;
#1185 = CARTESIAN_POINT ( 'NONE',  ( -44.50000000000001421, 15.00000000000000000, -37.50000000000002132 ) ) ;
#1186 = EDGE_LOOP ( 'NONE', ( #4575, #393, #3608, #2582 ) ) ;
#1187 = EDGE_CURVE ( 'NONE', #3522, #2497, #980, .T. ) ;
#1188 = CARTESIAN_POINT ( 'NONE',  ( 44.50000000000001421, 15.00000000000000000, -29.00000000000000711 ) ) ;
#1189 = AXIS2_PLACEMENT_3D ( 'NONE', #1593, #1663, #1287 ) ;
#1190 = AXIS2_PLACEMENT_3D ( 'NONE', #247, #3999, #691 ) ;
#1191 = LINE ( 'NONE', #772, #35 ) ;
#1192 = LINE ( 'NONE', #4579, #1269 ) ;
#1193 = DIRECTION ( 'NONE',  ( -0.000000000000000000, -1.000000000000000000, -0.000000000000000000 ) ) ;
#1194 = ORIENTED_EDGE ( 'NONE', *, *, #959, .F. ) ;
#1195 = DIRECTION ( 'NONE',  ( 0.000000000000000000, 0.000000000000000000, -1.000000000000000000 ) ) ;
#1196 = DIRECTION ( 'NONE',  ( 0.000000000000000000, 1.000000000000000000, 0.000000000000000000 ) ) ;
#1197 = EDGE_CURVE ( 'NONE', #1071, #3401, #3680, .T. ) ;
#1198 = VERTEX_POINT ( 'NONE', #1727 ) ;
#1199 = CARTESIAN_POINT ( 'NONE',  ( 85.50000000000001421, 4.200000000000000178, 5.000000000000000888 ) ) ;
#1200 = EDGE_LOOP ( 'NONE', ( #2153, #2865, #1011, #30 ) ) ;
#1201 = CARTESIAN_POINT ( 'NONE',  ( -44.50000000000001421, 11.00000000000000000, -23.50000000000001421 ) ) ;
#1202 = VERTEX_POINT ( 'NONE', #2841 ) ;
#1203 = DIRECTION ( 'NONE',  ( 0.000000000000000000, -1.000000000000000000, 0.000000000000000000 ) ) ;
#1204 = ORIENTED_EDGE ( 'NONE', *, *, #1792, .T. ) ;
#1205 = CARTESIAN_POINT ( 'NONE',  ( -4.299999999999999822, 17.00000000000000000, 0.000000000000000000 ) ) ;
#1206 = CARTESIAN_POINT ( 'NONE',  ( -18.59150718393674495, 0.000000000000000000, -70.00000000000000000 ) ) ;
#1207 = DIRECTION ( 'NONE',  ( 0.000000000000000000, 0.000000000000000000, 1.000000000000000000 ) ) ;
#1208 = ORIENTED_EDGE ( 'NONE', *, *, #446, .T. ) ;
#1209 = ADVANCED_FACE ( 'NONE', ( #4360 ), #231, .T. ) ;
#1210 = EDGE_CURVE ( 'NONE', #3579, #3264, #4828, .T. ) ;
#1211 = CARTESIAN_POINT ( 'NONE',  ( 42.00000000000001421, 9.929705247428532999, 3.091507183936769820 ) ) ;
#1212 = AXIS2_PLACEMENT_3D ( 'NONE', #856, #3807, #1647 ) ;
#1213 = VERTEX_POINT ( 'NONE', #1774 ) ;
#1214 = DIRECTION ( 'NONE',  ( 1.000000000000000000, 0.000000000000000000, -0.000000000000000000 ) ) ;
#1215 = VECTOR ( 'NONE', #2639, 1000.000000000000000 ) ;
#1216 = DIRECTION ( 'NONE',  ( 0.000000000000000000, -1.000000000000000000, 0.000000000000000000 ) ) ;
#1217 = CIRCLE ( 'NONE', #583, 6.499999999999999112 ) ;
#1218 = CARTESIAN_POINT ( 'NONE',  ( -85.50000000000001421, 0.000000000000000000, -3.091507183936761827 ) ) ;
#1219 = ORIENTED_EDGE ( 'NONE', *, *, #3569, .T. ) ;
#1220 = CARTESIAN_POINT ( 'NONE',  ( 44.50000000000001421, 0.000000000000000000, 29.00000000000001776 ) ) ;
#1221 = ADVANCED_FACE ( 'NONE', ( #254 ), #4758, .T. ) ;
#1222 = ORIENTED_EDGE ( 'NONE', *, *, #3818, .F. ) ;
#1223 = DIRECTION ( 'NONE',  ( -0.000000000000000000, -1.000000000000000000, -0.000000000000000000 ) ) ;
#1224 = VERTEX_POINT ( 'NONE', #4807 ) ;
#1225 = VECTOR ( 'NONE', #2930, 1000.000000000000000 ) ;
#1226 = CARTESIAN_POINT ( 'NONE',  ( 42.00000000000002132, 15.00000000000000000, 23.00000000000001421 ) ) ;
#1227 = VECTOR ( 'NONE', #2243, 1000.000000000000000 ) ;
#1228 = EDGE_LOOP ( 'NONE', ( #2484, #2671, #214, #3320 ) ) ;
#1229 = CARTESIAN_POINT ( 'NONE',  ( 39.95933631058686331, 15.00000000000000000, 36.18556701030929901 ) ) ;
#1230 = ORIENTED_EDGE ( 'NONE', *, *, #4282, .F. ) ;
#1231 = CIRCLE ( 'NONE', #1073, 2.500000000000002220 ) ;
#1232 = DIRECTION ( 'NONE',  ( -0.000000000000000000, 1.000000000000000000, -0.000000000000000000 ) ) ;
#1233 = ADVANCED_FACE ( 'NONE', ( #4428 ), #1422, .T. ) ;
#1234 = PLANE ( 'NONE',  #3238 ) ;
#1235 = CYLINDRICAL_SURFACE ( 'NONE', #213, 40.00000000000000000 ) ;
#1236 = EDGE_LOOP ( 'NONE', ( #3088, #2994, #1298, #530 ) ) ;
#1237 = VECTOR ( 'NONE', #874, 1000.000000000000000 ) ;
#1238 = PLANE ( 'NONE',  #3210 ) ;
#1239 = DIRECTION ( 'NONE',  ( 0.000000000000000000, 0.000000000000000000, 1.000000000000000000 ) ) ;
#1240 = CIRCLE ( 'NONE', #2599, 8.500000000000010658 ) ;
#1241 = CARTESIAN_POINT ( 'NONE',  ( -46.36254570665256125, 4.200000000000000178, -10.32335836023588094 ) ) ;
#1242 = LINE ( 'NONE', #4275, #77 ) ;
#1243 = ORIENTED_EDGE ( 'NONE', *, *, #2191, .F. ) ;
#1244 = DIRECTION ( 'NONE',  ( 0.000000000000000000, 0.000000000000000000, 1.000000000000000000 ) ) ;
#1245 = DIRECTION ( 'NONE',  ( 0.000000000000000000, 1.000000000000000000, 0.000000000000000000 ) ) ;
#1246 = ORIENTED_EDGE ( 'NONE', *, *, #4165, .F. ) ;
#1247 = ORIENTED_EDGE ( 'NONE', *, *, #1637, .F. ) ;
#1248 = CARTESIAN_POINT ( 'NONE',  ( 18.59150718393674495, 11.50000000000000000, -70.00000000000000000 ) ) ;
#1249 = EDGE_LOOP ( 'NONE', ( #1247, #882, #904, #297 ) ) ;
#1250 = VECTOR ( 'NONE', #769, 1000.000000000000000 ) ;
#1251 = CARTESIAN_POINT ( 'NONE',  ( -7.700000000000000178, 20.00000000000000000, 18.99999999999999645 ) ) ;
#1252 = ORIENTED_EDGE ( 'NONE', *, *, #522, .F. ) ;
#1253 = CARTESIAN_POINT ( 'NONE',  ( 42.04188619865061582, 4.200000000000000178, 5.000000000000000888 ) ) ;
#1254 = VECTOR ( 'NONE', #3172, 1000.000000000000000 ) ;
#1255 = ORIENTED_EDGE ( 'NONE', *, *, #1588, .T. ) ;
#1256 = VECTOR ( 'NONE', #1841, 1000.000000000000000 ) ;
#1257 = DIRECTION ( 'NONE',  ( 0.000000000000000000, 0.000000000000000000, -1.000000000000000000 ) ) ;
#1258 = EDGE_CURVE ( 'NONE', #666, #255, #4219, .T. ) ;
#1259 = CARTESIAN_POINT ( 'NONE',  ( 42.00000000000001421, 15.00000000000000000, -26.50000000000001066 ) ) ;
#1260 = CYLINDRICAL_SURFACE ( 'NONE', #2360, 2.500000000000005773 ) ;
#1261 = ORIENTED_EDGE ( 'NONE', *, *, #1177, .F. ) ;
#1262 = CARTESIAN_POINT ( 'NONE',  ( -15.19999999999999041, 0.000000000000000000, 30.20000000000000284 ) ) ;
#1263 = AXIS2_PLACEMENT_3D ( 'NONE', #3445, #818, #43 ) ;
#1264 = CARTESIAN_POINT ( 'NONE',  ( -42.00000000000001421, -2.499999999999999112, -26.50000000000001066 ) ) ;
#1265 = DIRECTION ( 'NONE',  ( -1.000000000000000000, 0.000000000000000000, 0.000000000000000000 ) ) ;
#1266 = CARTESIAN_POINT ( 'NONE',  ( 46.16061079728113725, 0.000000000000000000, 10.33115200650949284 ) ) ;
#1267 = ORIENTED_EDGE ( 'NONE', *, *, #1718, .F. ) ;
#1268 = LINE ( 'NONE', #521, #549 ) ;
#1269 = VECTOR ( 'NONE', #3033, 1000.000000000000000 ) ;
#1270 = AXIS2_PLACEMENT_3D ( 'NONE', #3448, #2707, #1853 ) ;
#1271 = ORIENTED_EDGE ( 'NONE', *, *, #3569, .F. ) ;
#1272 = EDGE_CURVE ( 'NONE', #3264, #28, #540, .T. ) ;
#1273 = ORIENTED_EDGE ( 'NONE', *, *, #2003, .F. ) ;
#1274 = ADVANCED_FACE ( 'NONE', ( #816 ), #1867, .T. ) ;
#1275 = CARTESIAN_POINT ( 'NONE',  ( 19.30000000000001137, 0.000000000000000000, -37.51000000000001933 ) ) ;
#1276 = ORIENTED_EDGE ( 'NONE', *, *, #151, .T. ) ;
#1277 = CARTESIAN_POINT ( 'NONE',  ( 44.50000000000001421, 15.00000000000000000, 34.50000000000000000 ) ) ;
#1278 = ORIENTED_EDGE ( 'NONE', *, *, #2975, .F. ) ;
#1279 = FACE_OUTER_BOUND ( 'NONE', #1999, .T. ) ;
#1280 = EDGE_LOOP ( 'NONE', ( #2307, #1003, #3181, #4211, #4610, #560, #3481, #1707, #855, #3066 ) ) ;
#1281 = CARTESIAN_POINT ( 'NONE',  ( 44.50000000000001421, 11.00000000000000000, 23.50000000000001421 ) ) ;
#1282 = CARTESIAN_POINT ( 'NONE',  ( -42.00000000000000711, 15.00000000000000000, -3.091507183936765379 ) ) ;
#1283 = CARTESIAN_POINT ( 'NONE',  ( -44.50000000000001421, 0.000000000000000000, 29.00000000000000711 ) ) ;
#1284 = ORIENTED_EDGE ( 'NONE', *, *, #3245, .F. ) ;
#1285 = LINE ( 'NONE', #944, #2573 ) ;
#1286 = CARTESIAN_POINT ( 'NONE',  ( 44.50000000000001421, 15.00000000000000000, -29.00000000000000711 ) ) ;
#1287 = DIRECTION ( 'NONE',  ( 0.000000000000000000, 0.000000000000000000, 1.000000000000000000 ) ) ;
#1288 = DIRECTION ( 'NONE',  ( -0.000000000000000000, 1.000000000000000000, -0.000000000000000000 ) ) ;
#1289 = ORIENTED_EDGE ( 'NONE', *, *, #3850, .F. ) ;
#1290 = LINE ( 'NONE', #4603, #4920 ) ;
#1291 = VECTOR ( 'NONE', #4193, 1000.000000000000000 ) ;
#1292 = FACE_OUTER_BOUND ( 'NONE', #2253, .T. ) ;
#1293 = AXIS2_PLACEMENT_3D ( 'NONE', #301, #728, #1821 ) ;
#1294 = ORIENTED_EDGE ( 'NONE', *, *, #2327, .F. ) ;
#1295 = EDGE_CURVE ( 'NONE', #1049, #2836, #738, .T. ) ;
#1296 = EDGE_LOOP ( 'NONE', ( #1033, #764, #3392, #2622 ) ) ;
#1297 = CARTESIAN_POINT ( 'NONE',  ( 42.00000000000000711, 11.50000000000000000, -3.091507183936765379 ) ) ;
#1298 = ORIENTED_EDGE ( 'NONE', *, *, #3059, .T. ) ;
#1299 = CARTESIAN_POINT ( 'NONE',  ( -85.50000000000001421, 1.799999999999999600, -3.091507183936761827 ) ) ;
#1300 = ORIENTED_EDGE ( 'NONE', *, *, #4455, .T. ) ;
#1301 = CARTESIAN_POINT ( 'NONE',  ( 2.000000000000000000, 17.00000000000000000, -7.699999999999993072 ) ) ;
#1302 = AXIS2_PLACEMENT_3D ( 'NONE', #3229, #3582, #1344 ) ;
#1303 = EDGE_LOOP ( 'NONE', ( #3294, #2828, #2136, #3756 ) ) ;
#1304 = AXIS2_PLACEMENT_3D ( 'NONE', #4144, #3795, #796 ) ;
#1305 = DIRECTION ( 'NONE',  ( 0.000000000000000000, 0.000000000000000000, -1.000000000000000000 ) ) ;
#1306 = LINE ( 'NONE', #2033, #2521 ) ;
#1307 = CARTESIAN_POINT ( 'NONE',  ( -5.999999999999999112, 20.00000000000000000, 12.00000000000000178 ) ) ;
#1308 = ORIENTED_EDGE ( 'NONE', *, *, #2772, .F. ) ;
#1309 = EDGE_CURVE ( 'NONE', #3486, #1770, #2239, .T. ) ;
#1310 = EDGE_CURVE ( 'NONE', #3058, #83, #1480, .T. ) ;
#1311 = DIRECTION ( 'NONE',  ( 0.000000000000000000, 0.000000000000000000, 1.000000000000000000 ) ) ;
#1312 = LINE ( 'NONE', #2831, #2115 ) ;
#1313 = DIRECTION ( 'NONE',  ( -1.000000000000000000, 0.000000000000000000, 2.168404344971010101E-16 ) ) ;
#1314 = ORIENTED_EDGE ( 'NONE', *, *, #1816, .T. ) ;
#1315 = CARTESIAN_POINT ( 'NONE',  ( -44.50000000000001421, 0.000000000000000000, 29.00000000000000711 ) ) ;
#1316 = VECTOR ( 'NONE', #3714, 1000.000000000000000 ) ;
#1317 = EDGE_CURVE ( 'NONE', #3514, #455, #1240, .T. ) ;
#1318 = DIRECTION ( 'NONE',  ( 0.000000000000000000, -1.000000000000000000, -2.767081669228011730E-16 ) ) ;
#1319 = VERTEX_POINT ( 'NONE', #1185 ) ;
#1320 = EDGE_CURVE ( 'NONE', #2570, #1497, #410, .T. ) ;
#1321 = ORIENTED_EDGE ( 'NONE', *, *, #802, .T. ) ;
#1322 = DIRECTION ( 'NONE',  ( 0.000000000000000000, 0.000000000000000000, 1.000000000000000000 ) ) ;
#1323 = VERTEX_POINT ( 'NONE', #742 ) ;
#1324 = DIRECTION ( 'NONE',  ( -0.000000000000000000, 1.000000000000000000, -0.000000000000000000 ) ) ;
#1325 = ORIENTED_EDGE ( 'NONE', *, *, #3035, .T. ) ;
#1326 = DIRECTION ( 'NONE',  ( -1.000000000000000000, 0.000000000000000000, 0.000000000000000000 ) ) ;
#1327 = VECTOR ( 'NONE', #1712, 1000.000000000000000 ) ;
#1328 = ORIENTED_EDGE ( 'NONE', *, *, #2272, .T. ) ;
#1329 = DIRECTION ( 'NONE',  ( 0.000000000000000000, 0.000000000000000000, -1.000000000000000000 ) ) ;
#1330 = DIRECTION ( 'NONE',  ( 1.000000000000000000, 0.000000000000000000, 0.000000000000000000 ) ) ;
#1331 = DIRECTION ( 'NONE',  ( 0.000000000000000000, 0.000000000000000000, -1.000000000000000000 ) ) ;
#1332 = ORIENTED_EDGE ( 'NONE', *, *, #1335, .F. ) ;
#1333 = EDGE_CURVE ( 'NONE', #2935, #403, #1969, .T. ) ;
#1334 = EDGE_CURVE ( 'NONE', #3698, #777, #1586, .T. ) ;
#1335 = EDGE_CURVE ( 'NONE', #3536, #28, #4897, .T. ) ;
#1336 = CIRCLE ( 'NONE', #225, 8.500000000000010658 ) ;
#1337 = CIRCLE ( 'NONE', #2368, 40.00000000000000000 ) ;
#1338 = CARTESIAN_POINT ( 'NONE',  ( 42.60667251374645303, 4.200000000000000178, 10.33115200650948928 ) ) ;
#1339 = CARTESIAN_POINT ( 'NONE',  ( 85.50000000000001421, 4.200000000000000178, -3.091507183936761827 ) ) ;
#1340 = CARTESIAN_POINT ( 'NONE',  ( -44.50000000000001421, 11.00000000000000000, -29.00000000000000711 ) ) ;
#1341 = ORIENTED_EDGE ( 'NONE', *, *, #2098, .F. ) ;
#1342 = EDGE_CURVE ( 'NONE', #4621, #3517, #1721, .T. ) ;
#1343 = DIRECTION ( 'NONE',  ( -0.000000000000000000, -1.000000000000000000, -0.000000000000000000 ) ) ;
#1344 = DIRECTION ( 'NONE',  ( 0.000000000000000000, 0.000000000000000000, -1.000000000000000000 ) ) ;
#1345 = ORIENTED_EDGE ( 'NONE', *, *, #1334, .T. ) ;
#1346 = VECTOR ( 'NONE', #2983, 1000.000000000000000 ) ;
#1347 = ORIENTED_EDGE ( 'NONE', *, *, #4848, .F. ) ;
#1348 = DIRECTION ( 'NONE',  ( -0.000000000000000000, -1.000000000000000000, -0.000000000000000000 ) ) ;
#1349 = EDGE_CURVE ( 'NONE', #1950, #3645, #369, .T. ) ;
#1350 = VECTOR ( 'NONE', #799, 1000.000000000000000 ) ;
#1351 = CARTESIAN_POINT ( 'NONE',  ( 44.50000000000001421, 15.00000000000000000, 29.00000000000001776 ) ) ;
#1352 = VERTEX_POINT ( 'NONE', #3400 ) ;
#1353 = CARTESIAN_POINT ( 'NONE',  ( 0.000000000000000000, 20.00000000000000000, 0.000000000000000000 ) ) ;
#1354 = VECTOR ( 'NONE', #2424, 1000.000000000000000 ) ;
#1355 = ORIENTED_EDGE ( 'NONE', *, *, #4589, .T. ) ;
#1356 = CARTESIAN_POINT ( 'NONE',  ( 44.50000000000001421, 15.00000000000000000, 29.00000000000001776 ) ) ;
#1357 = CARTESIAN_POINT ( 'NONE',  ( 15.20000000000000107, 4.200000000000000178, -30.19999999999999929 ) ) ;
#1358 = DIRECTION ( 'NONE',  ( -0.000000000000000000, 1.000000000000000000, -0.000000000000000000 ) ) ;
#1359 = ORIENTED_EDGE ( 'NONE', *, *, #673, .T. ) ;
#1360 = LINE ( 'NONE', #4396, #3056 ) ;
#1361 = EDGE_CURVE ( 'NONE', #3511, #1996, #4737, .T. ) ;
#1362 = CARTESIAN_POINT ( 'NONE',  ( 7.700000000000000178, 20.00000000000000000, 18.70000000000000284 ) ) ;
#1363 = CARTESIAN_POINT ( 'NONE',  ( 8.000000000000000000, 20.00000000000000000, 18.70000000000000284 ) ) ;
#1364 = ORIENTED_EDGE ( 'NONE', *, *, #3705, .T. ) ;
#1365 = DIRECTION ( 'NONE',  ( 0.000000000000000000, 0.000000000000000000, -1.000000000000000000 ) ) ;
#1366 = CARTESIAN_POINT ( 'NONE',  ( -35.50000000000001421, 11.00000000000000000, -2.500000000000000000 ) ) ;
#1367 = ORIENTED_EDGE ( 'NONE', *, *, #4376, .F. ) ;
#1368 = ORIENTED_EDGE ( 'NONE', *, *, #4469, .T. ) ;
#1369 = EDGE_CURVE ( 'NONE', #585, #894, #4499, .T. ) ;
#1370 = AXIS2_PLACEMENT_3D ( 'NONE', #3213, #1700, #4780 ) ;
#1371 = CARTESIAN_POINT ( 'NONE',  ( -44.50000000000001421, 1.800000000000000044, -29.00000000000000711 ) ) ;
#1372 = VECTOR ( 'NONE', #1911, 1000.000000000000000 ) ;
#1373 = ADVANCED_FACE ( 'NONE', ( #392, #19, #3442, #170 ), #3863, .F. ) ;
#1374 = DIRECTION ( 'NONE',  ( 0.000000000000000000, 0.000000000000000000, -1.000000000000000000 ) ) ;
#1375 = VERTEX_POINT ( 'NONE', #3917 ) ;
#1376 = CARTESIAN_POINT ( 'NONE',  ( 42.40248609824078585, 4.200000000000000178, -10.32298666518198793 ) ) ;
#1377 = VECTOR ( 'NONE', #4098, 1000.000000000000000 ) ;
#1378 = AXIS2_PLACEMENT_3D ( 'NONE', #106, #780, #2369 ) ;
#1379 = ORIENTED_EDGE ( 'NONE', *, *, #2042, .T. ) ;
#1380 = ADVANCED_FACE ( 'NONE', ( #4666 ), #3544, .F. ) ;
#1381 = CARTESIAN_POINT ( 'NONE',  ( -44.50000000000001421, -2.499999999999999112, -31.50000000000001421 ) ) ;
#1382 = FACE_OUTER_BOUND ( 'NONE', #4829, .T. ) ;
#1383 = FACE_OUTER_BOUND ( 'NONE', #3574, .T. ) ;
#1384 = ORIENTED_EDGE ( 'NONE', *, *, #152, .F. ) ;
#1385 = AXIS2_PLACEMENT_3D ( 'NONE', #4501, #3699, #4474 ) ;
#1386 = ADVANCED_FACE ( 'NONE', ( #2009 ), #1260, .F. ) ;
#1387 = CARTESIAN_POINT ( 'NONE',  ( -45.50000000000002132, 4.200000000000000178, 3.091507183936761827 ) ) ;
#1388 = DIRECTION ( 'NONE',  ( 0.000000000000000000, -1.000000000000000000, 0.000000000000000000 ) ) ;
#1389 = VECTOR ( 'NONE', #3177, 1000.000000000000000 ) ;
#1390 = CARTESIAN_POINT ( 'NONE',  ( 4.299999999999999822, 17.00000000000000000, 0.000000000000000000 ) ) ;
#1391 = ORIENTED_EDGE ( 'NONE', *, *, #4848, .T. ) ;
#1392 = DIRECTION ( 'NONE',  ( -1.000000000000000000, 0.000000000000000000, 0.000000000000000000 ) ) ;
#1393 = DIRECTION ( 'NONE',  ( 0.000000000000000000, -2.767081669228011730E-16, 1.000000000000000000 ) ) ;
#1394 = ORIENTED_EDGE ( 'NONE', *, *, #962, .F. ) ;
#1395 = ORIENTED_EDGE ( 'NONE', *, *, #2769, .T. ) ;
#1396 = EDGE_CURVE ( 'NONE', #4711, #3096, #4508, .T. ) ;
#1397 = CARTESIAN_POINT ( 'NONE',  ( -42.00000000000001421, 0.000000000000000000, 26.50000000000001066 ) ) ;
#1398 = CIRCLE ( 'NONE', #2902, 5.499999999999994671 ) ;
#1399 = CARTESIAN_POINT ( 'NONE',  ( -15.19999999999999041, 4.200000000000000178, 30.00000000000001066 ) ) ;
#1400 = EDGE_LOOP ( 'NONE', ( #4539, #1796, #1820, #528 ) ) ;
#1401 = DIRECTION ( 'NONE',  ( -0.000000000000000000, -1.000000000000000000, -0.000000000000000000 ) ) ;
#1402 = ORIENTED_EDGE ( 'NONE', *, *, #2830, .F. ) ;
#1403 = EDGE_CURVE ( 'NONE', #3731, #2997, #91, .T. ) ;
#1404 = DIRECTION ( 'NONE',  ( 0.000000000000000000, -1.000000000000000000, 0.000000000000000000 ) ) ;
#1405 = DIRECTION ( 'NONE',  ( 0.000000000000000000, -1.000000000000000000, 0.000000000000000000 ) ) ;
#1406 = CARTESIAN_POINT ( 'NONE',  ( -44.50000000000001421, 15.00000000000000000, 29.00000000000000711 ) ) ;
#1407 = ORIENTED_EDGE ( 'NONE', *, *, #527, .T. ) ;
#1408 = ADVANCED_FACE ( 'NONE', ( #2777 ), #3195, .F. ) ;
#1409 = CARTESIAN_POINT ( 'NONE',  ( -85.50000000000001421, 4.200000000000000178, -3.091507183936761827 ) ) ;
#1410 = DIRECTION ( 'NONE',  ( 0.000000000000000000, 0.000000000000000000, -1.000000000000000000 ) ) ;
#1411 = CARTESIAN_POINT ( 'NONE',  ( -46.77808110350508741, 1.799999999999999600, -22.91227904007969585 ) ) ;
#1412 = ORIENTED_EDGE ( 'NONE', *, *, #1546, .T. ) ;
#1413 = AXIS2_PLACEMENT_3D ( 'NONE', #4460, #2231, #2649 ) ;
#1414 = AXIS2_PLACEMENT_3D ( 'NONE', #3121, #484, #2868 ) ;
#1415 = LINE ( 'NONE', #1791, #501 ) ;
#1416 = ORIENTED_EDGE ( 'NONE', *, *, #133, .F. ) ;
#1417 = CIRCLE ( 'NONE', #2293, 4.599999999999996092 ) ;
#1418 = DIRECTION ( 'NONE',  ( 0.000000000000000000, 0.000000000000000000, -1.000000000000000000 ) ) ;
#1419 = ORIENTED_EDGE ( 'NONE', *, *, #1178, .T. ) ;
#1420 = VERTEX_POINT ( 'NONE', #2034 ) ;
#1421 = DIRECTION ( 'NONE',  ( -0.000000000000000000, 1.000000000000000000, -0.000000000000000000 ) ) ;
#1422 = PLANE ( 'NONE',  #579 ) ;
#1423 = ADVANCED_FACE ( 'NONE', ( #512 ), #1657, .F. ) ;
#1424 = CIRCLE ( 'NONE', #4201, 8.500000000000010658 ) ;
#1425 = AXIS2_PLACEMENT_3D ( 'NONE', #1376, #4032, #3682 ) ;
#1426 = ORIENTED_EDGE ( 'NONE', *, *, #2430, .F. ) ;
#1427 = ADVANCED_FACE ( 'NONE', ( #4341, #460 ), #3174, .T. ) ;
#1428 = DIRECTION ( 'NONE',  ( 0.000000000000000000, 0.000000000000000000, -1.000000000000000000 ) ) ;
#1429 = AXIS2_PLACEMENT_3D ( 'NONE', #665, #1440, #3298 ) ;
#1430 = ORIENTED_EDGE ( 'NONE', *, *, #603, .F. ) ;
#1431 = CARTESIAN_POINT ( 'NONE',  ( -44.50000000000001421, 11.00000000000000000, 29.00000000000000711 ) ) ;
#1432 = AXIS2_PLACEMENT_3D ( 'NONE', #4519, #1885, #3768 ) ;
#1433 = CARTESIAN_POINT ( 'NONE',  ( -7.700000000000000178, 15.00000000000000000, 18.70000000000000284 ) ) ;
#1434 = CARTESIAN_POINT ( 'NONE',  ( 44.50000000000001421, 15.00000000000000000, -29.00000000000000711 ) ) ;
#1435 = EDGE_LOOP ( 'NONE', ( #56, #4044 ) ) ;
#1436 = EDGE_CURVE ( 'NONE', #1319, #924, #4270, .T. ) ;
#1437 = CARTESIAN_POINT ( 'NONE',  ( -44.50000000000001421, 11.00000000000000000, 29.00000000000000711 ) ) ;
#1438 = DIRECTION ( 'NONE',  ( 1.040834085586084257E-15, 0.000000000000000000, -1.000000000000000000 ) ) ;
#1439 = LINE ( 'NONE', #2134, #4893 ) ;
#1440 = DIRECTION ( 'NONE',  ( -1.000000000000000000, -0.000000000000000000, -0.000000000000000000 ) ) ;
#1441 = ORIENTED_EDGE ( 'NONE', *, *, #4747, .F. ) ;
#1442 = DIRECTION ( 'NONE',  ( 0.000000000000000000, 0.000000000000000000, -1.000000000000000000 ) ) ;
#1443 = ORIENTED_EDGE ( 'NONE', *, *, #2917, .T. ) ;
#1444 = CARTESIAN_POINT ( 'NONE',  ( -58.34927731208833279, 0.000000000000000000, -37.51000000000001933 ) ) ;
#1445 = EDGE_CURVE ( 'NONE', #1784, #3604, #3385, .T. ) ;
#1446 = ORIENTED_EDGE ( 'NONE', *, *, #1731, .T. ) ;
#1447 = DIRECTION ( 'NONE',  ( 8.773314131376953765E-16, 0.000000000000000000, -1.000000000000000000 ) ) ;
#1448 = DIRECTION ( 'NONE',  ( 0.000000000000000000, 0.000000000000000000, 1.000000000000000000 ) ) ;
#1449 = ADVANCED_FACE ( 'NONE', ( #3967 ), #4318, .F. ) ;
#1450 = ORIENTED_EDGE ( 'NONE', *, *, #3025, .T. ) ;
#1451 = DIRECTION ( 'NONE',  ( -0.000000000000000000, -1.000000000000000000, -0.000000000000000000 ) ) ;
#1452 = FACE_OUTER_BOUND ( 'NONE', #3310, .T. ) ;
#1453 = ORIENTED_EDGE ( 'NONE', *, *, #463, .T. ) ;
#1454 = CARTESIAN_POINT ( 'NONE',  ( 45.51272330031807911, 8.846906403866901414, 4.127446218392172739 ) ) ;
#1455 = AXIS2_PLACEMENT_3D ( 'NONE', #4543, #2600, #1808 ) ;
#1456 = CARTESIAN_POINT ( 'NONE',  ( -44.50000000000001421, -2.499999999999999112, 29.00000000000000711 ) ) ;
#1457 = CYLINDRICAL_SURFACE ( 'NONE', #1635, 5.499999999999994671 ) ;
#1458 = VERTEX_POINT ( 'NONE', #564 ) ;
#1459 = DIRECTION ( 'NONE',  ( -1.000000000000000000, 0.000000000000000000, -0.000000000000000000 ) ) ;
#1460 = CYLINDRICAL_SURFACE ( 'NONE', #4771, 6.499999999999995559 ) ;
#1461 = DIRECTION ( 'NONE',  ( 0.000000000000000000, -1.000000000000000000, 0.000000000000000000 ) ) ;
#1462 = CARTESIAN_POINT ( 'NONE',  ( -44.50000000000001421, -2.499999999999999112, 33.60000000000000142 ) ) ;
#1463 = ORIENTED_EDGE ( 'NONE', *, *, #2030, .F. ) ;
#1464 = CARTESIAN_POINT ( 'NONE',  ( 42.00000000000002132, 0.000000000000000000, -23.00000000000001421 ) ) ;
#1465 = AXIS2_PLACEMENT_3D ( 'NONE', #3356, #697, #725 ) ;
#1466 = ORIENTED_EDGE ( 'NONE', *, *, #871, .T. ) ;
#1467 = CIRCLE ( 'NONE', #1945, 43.50000000000000711 ) ;
#1468 = CARTESIAN_POINT ( 'NONE',  ( -15.19999999999999041, 0.000000000000000000, 26.50000000000001066 ) ) ;
#1469 = FACE_OUTER_BOUND ( 'NONE', #2140, .T. ) ;
#1470 = ORIENTED_EDGE ( 'NONE', *, *, #514, .F. ) ;
#1471 = CARTESIAN_POINT ( 'NONE',  ( 39.95933631058686331, 0.000000000000000000, 36.18556701030929901 ) ) ;
#1472 = AXIS2_PLACEMENT_3D ( 'NONE', #1409, #1739, #3625 ) ;
#1473 = ORIENTED_EDGE ( 'NONE', *, *, #3132, .F. ) ;
#1474 = LINE ( 'NONE', #1851, #3044 ) ;
#1475 = ADVANCED_FACE ( 'NONE', ( #940 ), #1235, .F. ) ;
#1476 = VERTEX_POINT ( 'NONE', #3494 ) ;
#1477 = DIRECTION ( 'NONE',  ( -0.000000000000000000, 1.000000000000000000, -0.000000000000000000 ) ) ;
#1478 = ORIENTED_EDGE ( 'NONE', *, *, #298, .F. ) ;
#1479 = CARTESIAN_POINT ( 'NONE',  ( 45.54555525137367766, 6.000000000000000000, 5.000000000000000000 ) ) ;
#1480 = CIRCLE ( 'NONE', #3222, 4.599999999999996092 ) ;
#1481 = DIRECTION ( 'NONE',  ( 0.000000000000000000, 0.000000000000000000, -1.000000000000000000 ) ) ;
#1482 = ORIENTED_EDGE ( 'NONE', *, *, #3616, .F. ) ;
#1483 = CARTESIAN_POINT ( 'NONE',  ( -4.000000000000000000, 20.00000000000000000, 7.300000000000004263 ) ) ;
#1484 = DIRECTION ( 'NONE',  ( 0.000000000000000000, -0.000000000000000000, -1.000000000000000000 ) ) ;
#1485 = EDGE_CURVE ( 'NONE', #2469, #3568, #4644, .T. ) ;
#1486 = ADVANCED_FACE ( 'NONE', ( #2895 ), #1057, .T. ) ;
#1487 = CARTESIAN_POINT ( 'NONE',  ( -38.41227904007969585, 0.000000000000000000, 31.27808110350507320 ) ) ;
#1488 = DIRECTION ( 'NONE',  ( 0.000000000000000000, 0.000000000000000000, -1.000000000000000000 ) ) ;
#1489 = ORIENTED_EDGE ( 'NONE', *, *, #3398, .T. ) ;
#1490 = EDGE_CURVE ( 'NONE', #2144, #4555, #4813, .T. ) ;
#1491 = DIRECTION ( 'NONE',  ( 0.000000000000000000, 0.000000000000000000, 1.000000000000000000 ) ) ;
#1492 = AXIS2_PLACEMENT_3D ( 'NONE', #1684, #3521, #193 ) ;
#1493 = DIRECTION ( 'NONE',  ( -1.000000000000000000, 0.000000000000000000, 4.380617892835525677E-16 ) ) ;
#1494 = PLANE ( 'NONE',  #3572 ) ;
#1495 = VERTEX_POINT ( 'NONE', #3665 ) ;
#1496 = CARTESIAN_POINT ( 'NONE',  ( -42.00000000000001421, 1.799999999999999600, 26.50000000000001066 ) ) ;
#1497 = VERTEX_POINT ( 'NONE', #1735 ) ;
#1498 = CIRCLE ( 'NONE', #4277, 4.599999999999996092 ) ;
#1499 = LINE ( 'NONE', #1125, #1215 ) ;
#1500 = VERTEX_POINT ( 'NONE', #2478 ) ;
#1501 = PLANE ( 'NONE',  #2093 ) ;
#1502 = ORIENTED_EDGE ( 'NONE', *, *, #3850, .T. ) ;
#1503 = AXIS2_PLACEMENT_3D ( 'NONE', #2809, #3504, #4228 ) ;
#1504 = CARTESIAN_POINT ( 'NONE',  ( 45.54344497686984994, 6.754859077273437151, 4.957257566208833843 ) ) ;
#1505 = PLANE ( 'NONE',  #778 ) ;
#1506 = ORIENTED_EDGE ( 'NONE', *, *, #2203, .F. ) ;
#1507 = VECTOR ( 'NONE', #3637, 1000.000000000000000 ) ;
#1508 = CARTESIAN_POINT ( 'NONE',  ( 42.00000000000000711, 9.929705247428536552, -3.091507183936765379 ) ) ;
#1509 = CARTESIAN_POINT ( 'NONE',  ( -44.50000000000001421, 15.00000000000000000, 29.00000000000000711 ) ) ;
#1510 = CARTESIAN_POINT ( 'NONE',  ( 18.59150718393674495, 15.00000000000000000, 30.00000000000001066 ) ) ;
#1511 = CARTESIAN_POINT ( 'NONE',  ( -44.50000000000001421, 1.800000000000000044, 29.00000000000000711 ) ) ;
#1512 = ORIENTED_EDGE ( 'NONE', *, *, #4612, .T. ) ;
#1513 = DIRECTION ( 'NONE',  ( -0.000000000000000000, -1.000000000000000000, -0.000000000000000000 ) ) ;
#1514 = VERTEX_POINT ( 'NONE', #4415 ) ;
#1515 = ORIENTED_EDGE ( 'NONE', *, *, #283, .T. ) ;
#1516 = LINE ( 'NONE', #3036, #1372 ) ;
#1517 = ORIENTED_EDGE ( 'NONE', *, *, #1833, .T. ) ;
#1518 = DIRECTION ( 'NONE',  ( -1.445602896647340396E-16, 0.000000000000000000, 1.000000000000000000 ) ) ;
#1519 = ORIENTED_EDGE ( 'NONE', *, *, #2049, .F. ) ;
#1520 = ADVANCED_FACE ( 'NONE', ( #3644 ), #1783, .T. ) ;
#1521 = EDGE_CURVE ( 'NONE', #687, #2799, #4437, .T. ) ;
#1522 = DIRECTION ( 'NONE',  ( 0.000000000000000000, 0.000000000000000000, -1.000000000000000000 ) ) ;
#1523 = ORIENTED_EDGE ( 'NONE', *, *, #4587, .T. ) ;
#1524 = PLANE ( 'NONE',  #1738 ) ;
#1525 = CARTESIAN_POINT ( 'NONE',  ( -46.16061079728113015, 15.00000000000000000, 10.33115200650950705 ) ) ;
#1526 = EDGE_LOOP ( 'NONE', ( #194, #4375, #3666, #3436 ) ) ;
#1527 = CARTESIAN_POINT ( 'NONE',  ( 42.00000000000001421, 0.000000000000000000, 26.50000000000001066 ) ) ;
#1528 = ADVANCED_FACE ( 'NONE', ( #1383, #4083 ), #313, .T. ) ;
#1529 = AXIS2_PLACEMENT_3D ( 'NONE', #2631, #2329, #4546 ) ;
#1530 = VECTOR ( 'NONE', #2962, 1000.000000000000000 ) ;
#1531 = DIRECTION ( 'NONE',  ( 0.000000000000000000, -1.000000000000000000, 0.000000000000000000 ) ) ;
#1532 = DIRECTION ( 'NONE',  ( -0.000000000000000000, -0.000000000000000000, -1.000000000000000000 ) ) ;
#1533 = CARTESIAN_POINT ( 'NONE',  ( 45.50000000000002132, 9.929705247428545434, -3.091507183936754721 ) ) ;
#1534 = EDGE_LOOP ( 'NONE', ( #3824, #469, #2727, #1489, #4456, #1903, #349, #4095 ) ) ;
#1535 = CIRCLE ( 'NONE', #4315, 8.500000000000010658 ) ;
#1536 = CARTESIAN_POINT ( 'NONE',  ( 15.20000000000000107, 0.000000000000000000, -30.19999999999999929 ) ) ;
#1537 = ADVANCED_FACE ( 'NONE', ( #1760 ), #3243, .T. ) ;
#1538 = FACE_OUTER_BOUND ( 'NONE', #1761, .T. ) ;
#1539 = FACE_OUTER_BOUND ( 'NONE', #1280, .T. ) ;
#1540 = ORIENTED_EDGE ( 'NONE', *, *, #936, .F. ) ;
#1541 = PRODUCT_DEFINITION_SHAPE ( 'NONE', 'NONE',  #389 ) ;
#1542 = CIRCLE ( 'NONE', #356, 43.50000000000001421 ) ;
#1543 = AXIS2_PLACEMENT_3D ( 'NONE', #1963, #1938, #2635 ) ;
#1544 = DIRECTION ( 'NONE',  ( 1.000000000000000000, -0.000000000000000000, -2.548539915181722598E-15 ) ) ;
#1545 = ORIENTED_EDGE ( 'NONE', *, *, #4688, .F. ) ;
#1546 = EDGE_CURVE ( 'NONE', #3901, #2939, #3393, .T. ) ;
#1547 = EDGE_CURVE ( 'NONE', #4804, #2650, #686, .T. ) ;
#1548 = ADVANCED_FACE ( 'NONE', ( #286 ), #2523, .T. ) ;
#1549 = LINE ( 'NONE', #1149, #347 ) ;
#1550 = ORIENTED_EDGE ( 'NONE', *, *, #1258, .T. ) ;
#1551 = DIRECTION ( 'NONE',  ( 0.000000000000000000, -1.000000000000000000, 0.000000000000000000 ) ) ;
#1552 = EDGE_CURVE ( 'NONE', #442, #2884, #634, .T. ) ;
#1553 = EDGE_LOOP ( 'NONE', ( #4292, #3988, #3654, #4489 ) ) ;
#1554 = CARTESIAN_POINT ( 'NONE',  ( 51.68556701030929901, 15.00000000000000000, 24.45933631058685620 ) ) ;
#1555 = VECTOR ( 'NONE', #4696, 1000.000000000000000 ) ;
#1556 = DIRECTION ( 'NONE',  ( 1.000000000000000000, -0.000000000000000000, 0.000000000000000000 ) ) ;
#1557 = DIRECTION ( 'NONE',  ( 0.000000000000000000, -1.000000000000000000, 0.000000000000000000 ) ) ;
#1558 = CARTESIAN_POINT ( 'NONE',  ( 45.54555525137367766, 6.379903345528189718, -5.000000000000000888 ) ) ;
#1559 = VERTEX_POINT ( 'NONE', #3220 ) ;
#1560 = PLANE ( 'NONE',  #2061 ) ;
#1561 = EDGE_CURVE ( 'NONE', #1150, #4091, #2989, .T. ) ;
#1562 = PLANE ( 'NONE',  #4805 ) ;
#1563 = CARTESIAN_POINT ( 'NONE',  ( 45.50000000000001421, 15.00000000000000000, 30.00000000000001066 ) ) ;
#1564 = CARTESIAN_POINT ( 'NONE',  ( -38.41227904007969585, 1.799999999999999600, -31.27808110350508031 ) ) ;
#1565 = ORIENTED_EDGE ( 'NONE', *, *, #819, .F. ) ;
#1566 = LINE ( 'NONE', #443, #3168 ) ;
#1567 = ORIENTED_EDGE ( 'NONE', *, *, #1197, .F. ) ;
#1568 = DIRECTION ( 'NONE',  ( -1.000000000000000000, 0.000000000000000000, -2.973811673103095791E-15 ) ) ;
#1569 = ORIENTED_EDGE ( 'NONE', *, *, #3337, .F. ) ;
#1570 = VECTOR ( 'NONE', #216, 1000.000000000000000 ) ;
#1571 = AXIS2_PLACEMENT_3D ( 'NONE', #3390, #2277, #3737 ) ;
#1572 = DIRECTION ( 'NONE',  ( -1.000000000000000000, 1.224646799147353454E-16, -0.000000000000000000 ) ) ;
#1573 = EDGE_CURVE ( 'NONE', #2818, #4330, #4492, .T. ) ;
#1574 = ORIENTED_EDGE ( 'NONE', *, *, #2784, .T. ) ;
#1575 = DIRECTION ( 'NONE',  ( -1.000000000000000000, -0.000000000000000000, -0.000000000000000000 ) ) ;
#1576 = EDGE_CURVE ( 'NONE', #1802, #2370, #4176, .T. ) ;
#1577 = VECTOR ( 'NONE', #1461, 1000.000000000000000 ) ;
#1578 = ORIENTED_EDGE ( 'NONE', *, *, #1021, .T. ) ;
#1579 = EDGE_CURVE ( 'NONE', #3064, #1458, #2544, .T. ) ;
#1580 = DIRECTION ( 'NONE',  ( -0.000000000000000000, 1.000000000000000000, -0.000000000000000000 ) ) ;
#1581 = ORIENTED_EDGE ( 'NONE', *, *, #837, .T. ) ;
#1582 = CARTESIAN_POINT ( 'NONE',  ( -36.08101651390111897, 1.800000000000000044, 30.17077626419152381 ) ) ;
#1583 = CARTESIAN_POINT ( 'NONE',  ( -44.50000000000001421, 15.00000000000000000, -29.00000000000000711 ) ) ;
#1584 = CIRCLE ( 'NONE', #873, 8.500000000000010658 ) ;
#1585 = AXIS2_PLACEMENT_3D ( 'NONE', #889, #2051, #862 ) ;
#1586 = LINE ( 'NONE', #1959, #4259 ) ;
#1587 = EDGE_LOOP ( 'NONE', ( #770, #3495, #1703, #999 ) ) ;
#1588 = EDGE_CURVE ( 'NONE', #461, #2269, #3293, .T. ) ;
#1589 = DIRECTION ( 'NONE',  ( 0.000000000000000000, -2.767081669228012716E-16, -1.000000000000000000 ) ) ;
#1590 = CIRCLE ( 'NONE', #2382, 8.500000000000010658 ) ;
#1591 = CARTESIAN_POINT ( 'NONE',  ( 40.63865308473845062, -2.499999999999999112, 26.50000000000001776 ) ) ;
#1592 = CARTESIAN_POINT ( 'NONE',  ( 36.08101651390111897, 1.800000000000000044, -30.17077626419152381 ) ) ;
#1593 = CARTESIAN_POINT ( 'NONE',  ( -44.50000000000001421, 1.799999999999999600, -29.00000000000000711 ) ) ;
#1594 = CARTESIAN_POINT ( 'NONE',  ( 0.000000000000000000, 20.00000000000000000, -3.999999999999995559 ) ) ;
#1595 = VERTEX_POINT ( 'NONE', #2175 ) ;
#1596 = DIRECTION ( 'NONE',  ( -0.000000000000000000, 1.000000000000000000, -0.000000000000000000 ) ) ;
#1597 = EDGE_CURVE ( 'NONE', #3382, #4711, #3383, .T. ) ;
#1598 = DIRECTION ( 'NONE',  ( 0.000000000000000000, -0.000000000000000000, -1.000000000000000000 ) ) ;
#1599 = ORIENTED_EDGE ( 'NONE', *, *, #2216, .T. ) ;
#1600 = CARTESIAN_POINT ( 'NONE',  ( -18.59150718393674850, 0.000000000000000000, 26.50000000000001066 ) ) ;
#1601 = B_SPLINE_CURVE_WITH_KNOTS ( 'NONE', 3,
 ( #1062, #268, #690, #2504 ),
 .UNSPECIFIED., .F., .F.,
 ( 4, 4 ),
 ( 0.000000000000000000, 1.000000000000000000 ),
 .UNSPECIFIED. ) ;
#1602 = ADVANCED_FACE ( 'NONE', ( #3346 ), #3739, .T. ) ;
#1603 = ORIENTED_EDGE ( 'NONE', *, *, #1361, .F. ) ;
#1604 = LINE ( 'NONE', #3460, #3273 ) ;
#1605 = VERTEX_POINT ( 'NONE', #2232 ) ;
#1606 = LINE ( 'NONE', #3116, #4364 ) ;
#1607 = ORIENTED_EDGE ( 'NONE', *, *, #887, .F. ) ;
#1608 = CARTESIAN_POINT ( 'NONE',  ( -42.00000000000001421, -2.499999999999999112, -26.50000000000001066 ) ) ;
#1609 = CARTESIAN_POINT ( 'NONE',  ( -38.50000000000001421, 15.00000000000000000, -26.50000000000001066 ) ) ;
#1610 = DIRECTION ( 'NONE',  ( 0.000000000000000000, -0.000000000000000000, -1.000000000000000000 ) ) ;
#1611 = ORIENTED_EDGE ( 'NONE', *, *, #2729, .F. ) ;
#1612 = CIRCLE ( 'NONE', #2165, 43.50000000000000711 ) ;
#1613 = DIRECTION ( 'NONE',  ( 0.000000000000000000, 1.000000000000000000, 0.000000000000000000 ) ) ;
#1614 = CARTESIAN_POINT ( 'NONE',  ( -5.999999999999999112, 11.50000000000000000, 12.00000000000000178 ) ) ;
#1615 = VECTOR ( 'NONE', #2529, 1000.000000000000000 ) ;
#1616 = DIRECTION ( 'NONE',  ( 0.000000000000000000, 0.000000000000000000, -1.000000000000000000 ) ) ;
#1617 = AXIS2_PLACEMENT_3D ( 'NONE', #1248, #1223, #4611 ) ;
#1618 = CARTESIAN_POINT ( 'NONE',  ( -46.16061079728113015, 4.200000000000000178, 10.33115200650950705 ) ) ;
#1619 = EDGE_LOOP ( 'NONE', ( #357, #293, #4003, #175 ) ) ;
#1620 = DIRECTION ( 'NONE',  ( 7.472654973438555094E-15, 0.000000000000000000, -1.000000000000000000 ) ) ;
#1621 = ORIENTED_EDGE ( 'NONE', *, *, #2784, .F. ) ;
#1622 = ORIENTED_EDGE ( 'NONE', *, *, #4471, .T. ) ;
#1623 = CARTESIAN_POINT ( 'NONE',  ( 12.69999999999999041, 5.652887372536823385, 28.00000000000001066 ) ) ;
#1624 = ORIENTED_EDGE ( 'NONE', *, *, #1561, .T. ) ;
#1625 = AXIS2_PLACEMENT_3D ( 'NONE', #3983, #3560, #575 ) ;
#1626 = CARTESIAN_POINT ( 'NONE',  ( -18.59150718393674495, 15.00000000000000000, -30.00000000000000711 ) ) ;
#1627 = AXIS2_PLACEMENT_3D ( 'NONE', #4197, #3010, #724 ) ;
#1628 = EDGE_LOOP ( 'NONE', ( #4075, #2466, #1769, #3060 ) ) ;
#1629 = VECTOR ( 'NONE', #1232, 1000.000000000000000 ) ;
#1630 = EDGE_LOOP ( 'NONE', ( #2080, #178 ) ) ;
#1631 = PLANE ( 'NONE',  #760 ) ;
#1632 = DIRECTION ( 'NONE',  ( 0.000000000000000000, 0.000000000000000000, -1.000000000000000000 ) ) ;
#1633 = DIRECTION ( 'NONE',  ( 0.000000000000000000, 0.000000000000000000, -1.000000000000000000 ) ) ;
#1634 = ORIENTED_EDGE ( 'NONE', *, *, #2658, .T. ) ;
#1635 = AXIS2_PLACEMENT_3D ( 'NONE', #4109, #2972, #711 ) ;
#1636 = ADVANCED_FACE ( 'NONE', ( #4864 ), #1457, .F. ) ;
#1637 = EDGE_CURVE ( 'NONE', #759, #2193, #1312, .T. ) ;
#1638 = DIRECTION ( 'NONE',  ( -0.000000000000000000, -1.000000000000000000, -0.000000000000000000 ) ) ;
#1639 = EDGE_CURVE ( 'NONE', #1723, #41, #1398, .T. ) ;
#1640 = DIRECTION ( 'NONE',  ( 0.000000000000000000, 0.000000000000000000, -1.000000000000000000 ) ) ;
#1641 = CARTESIAN_POINT ( 'NONE',  ( 42.00000000000001421, -2.499999999999999112, -26.50000000000001066 ) ) ;
#1642 = LINE ( 'NONE', #3551, #2463 ) ;
#1643 = EDGE_LOOP ( 'NONE', ( #499, #1831, #3690, #3163 ) ) ;
#1644 = CARTESIAN_POINT ( 'NONE',  ( -42.00000000000001421, 0.000000000000000000, -26.50000000000001066 ) ) ;
#1645 = ORIENTED_EDGE ( 'NONE', *, *, #242, .T. ) ;
#1646 = ORIENTED_EDGE ( 'NONE', *, *, #781, .F. ) ;
#1647 = DIRECTION ( 'NONE',  ( 0.000000000000000000, 0.000000000000000000, -1.000000000000000000 ) ) ;
#1648 = ORIENTED_EDGE ( 'NONE', *, *, #4333, .F. ) ;
#1649 = LINE ( 'NONE', #1201, #2800 ) ;
#1650 = VERTEX_POINT ( 'NONE', #4273 ) ;
#1651 = CARTESIAN_POINT ( 'NONE',  ( 44.50000000000001421, -2.499999999999999112, -29.00000000000000711 ) ) ;
#1652 = VECTOR ( 'NONE', #2797, 1000.000000000000000 ) ;
#1653 = ORIENTED_EDGE ( 'NONE', *, *, #3402, .F. ) ;
#1654 = VECTOR ( 'NONE', #788, 1000.000000000000000 ) ;
#1655 = DIRECTION ( 'NONE',  ( 0.000000000000000000, -1.000000000000000000, 0.000000000000000000 ) ) ;
#1656 = DIRECTION ( 'NONE',  ( -0.000000000000000000, 1.000000000000000000, -0.000000000000000000 ) ) ;
#1657 = PLANE ( 'NONE',  #858 ) ;
#1658 = VERTEX_POINT ( 'NONE', #1592 ) ;
#1659 = EDGE_CURVE ( 'NONE', #2661, #924, #2508, .T. ) ;
#1660 = DIRECTION ( 'NONE',  ( -1.000000000000000000, 0.000000000000000000, -0.000000000000000000 ) ) ;
#1661 = CIRCLE ( 'NONE', #4439, 6.499999999999999112 ) ;
#1662 = CARTESIAN_POINT ( 'NONE',  ( 44.50000000000001421, 1.799999999999999600, -29.00000000000001776 ) ) ;
#1663 = DIRECTION ( 'NONE',  ( -0.000000000000000000, -1.000000000000000000, -0.000000000000000000 ) ) ;
#1664 = DIRECTION ( 'NONE',  ( -0.000000000000000000, 1.000000000000000000, -0.000000000000000000 ) ) ;
#1665 = ORIENTED_EDGE ( 'NONE', *, *, #541, .F. ) ;
#1666 = FACE_OUTER_BOUND ( 'NONE', #1921, .T. ) ;
#1667 = AXIS2_PLACEMENT_3D ( 'NONE', #2038, #1216, #491 ) ;
#1668 = AXIS2_PLACEMENT_3D ( 'NONE', #3871, #174, #876 ) ;
#1669 = VECTOR ( 'NONE', #2261, 1000.000000000000000 ) ;
#1670 = DIRECTION ( 'NONE',  ( 0.000000000000000000, 0.000000000000000000, -1.000000000000000000 ) ) ;
#1671 = ORIENTED_EDGE ( 'NONE', *, *, #1436, .F. ) ;
#1672 = APPLICATION_CONTEXT ( 'automotive_design' ) ;
#1673 = ORIENTED_EDGE ( 'NONE', *, *, #1521, .F. ) ;
#1674 = CARTESIAN_POINT ( 'NONE',  ( 18.59150718393674495, 0.000000000000000000, -26.50000000000000711 ) ) ;
#1675 = VERTEX_POINT ( 'NONE', #4347 ) ;
#1676 = CARTESIAN_POINT ( 'NONE',  ( -5.999999999999999112, 20.00000000000000000, 12.00000000000000178 ) ) ;
#1677 = ORIENTED_EDGE ( 'NONE', *, *, #2942, .T. ) ;
#1678 = LINE ( 'NONE', #2446, #235 ) ;
#1679 = ADVANCED_FACE ( 'NONE', ( #921 ), #2014, .T. ) ;
#1680 = EDGE_CURVE ( 'NONE', #4416, #1160, #3549, .T. ) ;
#1681 = ORIENTED_EDGE ( 'NONE', *, *, #432, .F. ) ;
#1682 = LINE ( 'NONE', #3097, #4573 ) ;
#1683 = DIRECTION ( 'NONE',  ( -1.000000000000000000, 0.000000000000000000, 0.000000000000000000 ) ) ;
#1684 = CARTESIAN_POINT ( 'NONE',  ( 44.50000000000001421, 15.00000000000000000, -29.00000000000000711 ) ) ;
#1685 = ORIENTED_EDGE ( 'NONE', *, *, #1014, .T. ) ;
#1686 = EDGE_CURVE ( 'NONE', #2528, #995, #2826, .T. ) ;
#1687 = CARTESIAN_POINT ( 'NONE',  ( 44.50000000000001421, 1.800000000000000044, -29.00000000000000711 ) ) ;
#1688 = EDGE_CURVE ( 'NONE', #2469, #1966, #2458, .T. ) ;
#1689 = DIRECTION ( 'NONE',  ( -0.000000000000000000, -0.000000000000000000, -1.000000000000000000 ) ) ;
#1690 = DIRECTION ( 'NONE',  ( -0.000000000000000000, 1.000000000000000000, -0.000000000000000000 ) ) ;
#1691 = ORIENTED_EDGE ( 'NONE', *, *, #1704, .F. ) ;
#1692 = CARTESIAN_POINT ( 'NONE',  ( 42.60667251374646014, 0.000000000000000000, 10.33115200650948928 ) ) ;
#1693 = AXIS2_PLACEMENT_3D ( 'NONE', #1351, #2122, #1374 ) ;
#1694 = DIRECTION ( 'NONE',  ( -0.000000000000000000, -1.000000000000000000, -0.000000000000000000 ) ) ;
#1695 = CIRCLE ( 'NONE', #1055, 8.500000000000010658 ) ;
#1696 = EDGE_LOOP ( 'NONE', ( #4872, #4585 ) ) ;
#1697 = ORIENTED_EDGE ( 'NONE', *, *, #4647, .T. ) ;
#1698 = CARTESIAN_POINT ( 'NONE',  ( -42.00000000000001421, 0.000000000000000000, -26.50000000000001066 ) ) ;
#1699 = VERTEX_POINT ( 'NONE', #568 ) ;
#1700 = DIRECTION ( 'NONE',  ( -0.000000000000000000, 1.000000000000000000, -0.000000000000000000 ) ) ;
#1701 = EDGE_CURVE ( 'NONE', #1789, #2028, #682, .T. ) ;
#1702 = EDGE_CURVE ( 'NONE', #2516, #3645, #3540, .T. ) ;
#1703 = ORIENTED_EDGE ( 'NONE', *, *, #3652, .T. ) ;
#1704 = EDGE_CURVE ( 'NONE', #2926, #3973, #3941, .T. ) ;
#1705 = CARTESIAN_POINT ( 'NONE',  ( -18.59150718393674850, 15.00000000000000000, -30.00000000000000711 ) ) ;
#1706 = VECTOR ( 'NONE', #2835, 1000.000000000000000 ) ;
#1707 = ORIENTED_EDGE ( 'NONE', *, *, #2580, .T. ) ;
#1708 = VECTOR ( 'NONE', #3324, 1000.000000000000000 ) ;
#1709 = EDGE_CURVE ( 'NONE', #2423, #4854, #2384, .T. ) ;
#1710 = CARTESIAN_POINT ( 'NONE',  ( -85.50000000000001421, 11.50000000000000000, 3.091507183936761827 ) ) ;
#1711 = DIRECTION ( 'NONE',  ( 0.000000000000000000, -1.000000000000000000, 0.000000000000000000 ) ) ;
#1712 = DIRECTION ( 'NONE',  ( 0.000000000000000000, 0.000000000000000000, 1.000000000000000000 ) ) ;
#1713 = ORIENTED_EDGE ( 'NONE', *, *, #4899, .F. ) ;
#1714 = PLANE ( 'NONE',  #4406 ) ;
#1715 = CARTESIAN_POINT ( 'NONE',  ( -11.69999999999999396, 6.735557395310434135E-16, -30.00000000000000711 ) ) ;
#1716 = CARTESIAN_POINT ( 'NONE',  ( -44.50000000000001421, 11.00000000000000000, 29.00000000000000711 ) ) ;
#1717 = EDGE_LOOP ( 'NONE', ( #2788, #2932, #4739, #2736 ) ) ;
#1718 = EDGE_CURVE ( 'NONE', #3968, #3486, #542, .T. ) ;
#1719 = DIRECTION ( 'NONE',  ( -0.000000000000000000, -0.000000000000000000, 1.000000000000000000 ) ) ;
#1720 = VECTOR ( 'NONE', #4058, 1000.000000000000000 ) ;
#1721 = CIRCLE ( 'NONE', #3002, 43.50000000000000711 ) ;
#1722 = DIRECTION ( 'NONE',  ( 3.589083053745116929E-15, 0.000000000000000000, 1.000000000000000000 ) ) ;
#1723 = VERTEX_POINT ( 'NONE', #3151 ) ;
#1724 = ORIENTED_EDGE ( 'NONE', *, *, #3762, .F. ) ;
#1725 = DIRECTION ( 'NONE',  ( 0.000000000000000000, 1.000000000000000000, 0.000000000000000000 ) ) ;
#1726 = ORIENTED_EDGE ( 'NONE', *, *, #3001, .F. ) ;
#1727 = CARTESIAN_POINT ( 'NONE',  ( 36.08101651390111897, 1.800000000000000044, 30.17077626419152381 ) ) ;
#1728 = ORIENTED_EDGE ( 'NONE', *, *, #4217, .T. ) ;
#1729 = PLANE ( 'NONE',  #396 ) ;
#1730 = AXIS2_PLACEMENT_3D ( 'NONE', #2108, #588, #262 ) ;
#1731 = EDGE_CURVE ( 'NONE', #1495, #870, #2356, .T. ) ;
#1732 = EDGE_LOOP ( 'NONE', ( #1103, #3640, #4790, #2240 ) ) ;
#1733 = PLANE ( 'NONE',  #60 ) ;
#1734 = FACE_OUTER_BOUND ( 'NONE', #877, .T. ) ;
#1735 = CARTESIAN_POINT ( 'NONE',  ( 1.700000000000000178, 15.00000000000000000, 7.300000000000005151 ) ) ;
#1736 = ORIENTED_EDGE ( 'NONE', *, *, #2903, .T. ) ;
#1737 = CIRCLE ( 'NONE', #2127, 4.599999999999996092 ) ;
#1738 = AXIS2_PLACEMENT_3D ( 'NONE', #3022, #383, #2998 ) ;
#1739 = DIRECTION ( 'NONE',  ( -0.000000000000000000, 1.000000000000000000, -0.000000000000000000 ) ) ;
#1740 = EDGE_CURVE ( 'NONE', #2370, #179, #3971, .T. ) ;
#1741 = FACE_OUTER_BOUND ( 'NONE', #1200, .T. ) ;
#1742 = CARTESIAN_POINT ( 'NONE',  ( 44.50000000000001421, -22.00000000000000355, 31.50000000000001421 ) ) ;
#1743 = VERTEX_POINT ( 'NONE', #490 ) ;
#1744 = ADVANCED_FACE ( 'NONE', ( #173 ), #4723, .T. ) ;
#1745 = DIRECTION ( 'NONE',  ( -1.000000000000000000, 0.000000000000000000, 0.000000000000000000 ) ) ;
#1746 = AXIS2_PLACEMENT_3D ( 'NONE', #2336, #2359, #1195 ) ;
#1747 = PLANE ( 'NONE',  #4800 ) ;
#1748 = ORIENTED_EDGE ( 'NONE', *, *, #4684, .F. ) ;
#1749 = AXIS2_PLACEMENT_3D ( 'NONE', #4600, #2311, #3381 ) ;
#1750 = CIRCLE ( 'NONE', #3804, 5.499999999999994671 ) ;
#1751 = ORIENTED_EDGE ( 'NONE', *, *, #863, .T. ) ;
#1752 = CARTESIAN_POINT ( 'NONE',  ( -45.50000000000001421, 4.200000000000000178, 2.499999999999999112 ) ) ;
#1753 = VECTOR ( 'NONE', #2548, 1000.000000000000000 ) ;
#1754 = CARTESIAN_POINT ( 'NONE',  ( -44.50000000000001421, 11.00000000000000000, -29.00000000000000711 ) ) ;
#1755 = ORIENTED_EDGE ( 'NONE', *, *, #488, .F. ) ;
#1756 = PLANE ( 'NONE',  #1425 ) ;
#1757 = VERTEX_POINT ( 'NONE', #2733 ) ;
#1758 = FACE_BOUND ( 'NONE', #1435, .T. ) ;
#1759 = CARTESIAN_POINT ( 'NONE',  ( 42.00000000000001421, -2.499999999999999112, 25.13865308473844351 ) ) ;
#1760 = FACE_OUTER_BOUND ( 'NONE', #2847, .T. ) ;
#1761 = EDGE_LOOP ( 'NONE', ( #4781, #4069, #3636, #4452 ) ) ;
#1762 = CYLINDRICAL_SURFACE ( 'NONE', #3618, 4.599999999999996092 ) ;
#1763 = EDGE_CURVE ( 'NONE', #635, #1514, #466, .T. ) ;
#1764 = DIRECTION ( 'NONE',  ( -0.000000000000000000, 1.000000000000000000, -0.000000000000000000 ) ) ;
#1765 = DIRECTION ( 'NONE',  ( 0.000000000000000000, -1.000000000000000000, 0.000000000000000000 ) ) ;
#1766 = ORIENTED_EDGE ( 'NONE', *, *, #3975, .T. ) ;
#1767 = DIRECTION ( 'NONE',  ( 0.000000000000000000, -1.000000000000000000, 0.000000000000000000 ) ) ;
#1768 = DIRECTION ( 'NONE',  ( 0.000000000000000000, 0.000000000000000000, -1.000000000000000000 ) ) ;
#1769 = ORIENTED_EDGE ( 'NONE', *, *, #3601, .F. ) ;
#1770 = VERTEX_POINT ( 'NONE', #4324 ) ;
#1771 = AXIS2_PLACEMENT_3D ( 'NONE', #1754, #602, #3587 ) ;
#1772 = FACE_OUTER_BOUND ( 'NONE', #4653, .T. ) ;
#1773 = VECTOR ( 'NONE', #4910, 1000.000000000000000 ) ;
#1774 = CARTESIAN_POINT ( 'NONE',  ( -42.00000000000000711, 4.200000000000000178, -2.499999999999999556 ) ) ;
#1775 = ORIENTED_EDGE ( 'NONE', *, *, #1396, .T. ) ;
#1776 = DIRECTION ( 'NONE',  ( 0.000000000000000000, -0.000000000000000000, 1.000000000000000000 ) ) ;
#1777 = VECTOR ( 'NONE', #330, 1000.000000000000000 ) ;
#1778 = CIRCLE ( 'NONE', #3045, 1.000000000000002665 ) ;
#1779 = EDGE_CURVE ( 'NONE', #149, #3522, #367, .T. ) ;
#1780 = ORIENTED_EDGE ( 'NONE', *, *, #2404, .T. ) ;
#1781 = DIRECTION ( 'NONE',  ( -1.000000000000000000, 0.000000000000000000, 0.000000000000000000 ) ) ;
#1782 = CARTESIAN_POINT ( 'NONE',  ( -42.00000000000000711, 11.00000000000000000, 30.00000000000001066 ) ) ;
#1783 = CYLINDRICAL_SURFACE ( 'NONE', #1730, 6.499999999999999112 ) ;
#1784 = VERTEX_POINT ( 'NONE', #3921 ) ;
#1785 = STYLED_ITEM ( 'NONE', ( #4204 ), #3843 ) ;
#1786 = CARTESIAN_POINT ( 'NONE',  ( 44.50000000000001421, -2.499999999999999112, 29.00000000000000711 ) ) ;
#1787 = DIRECTION ( 'NONE',  ( 0.000000000000000000, 0.000000000000000000, -1.000000000000000000 ) ) ;
#1788 = CARTESIAN_POINT ( 'NONE',  ( -42.00000000000001421, 15.00000000000000000, 26.50000000000001066 ) ) ;
#1789 = VERTEX_POINT ( 'NONE', #4794 ) ;
#1790 = AXIS2_PLACEMENT_3D ( 'NONE', #2673, #1556, #3742 ) ;
#1791 = CARTESIAN_POINT ( 'NONE',  ( 42.60667251374645303, 15.00000000000000000, 10.33115200650948928 ) ) ;
#1792 = EDGE_CURVE ( 'NONE', #3183, #3058, #4733, .T. ) ;
#1793 = EDGE_CURVE ( 'NONE', #2920, #2812, #437, .T. ) ;
#1794 = CARTESIAN_POINT ( 'NONE',  ( 42.00000000000001421, -2.499999999999999112, 26.50000000000001066 ) ) ;
#1795 = ORIENTED_EDGE ( 'NONE', *, *, #3614, .F. ) ;
#1796 = ORIENTED_EDGE ( 'NONE', *, *, #3796, .T. ) ;
#1797 = DIRECTION ( 'NONE',  ( 0.000000000000000000, -1.000000000000000000, -0.000000000000000000 ) ) ;
#1798 = DIRECTION ( 'NONE',  ( -0.000000000000000000, 1.000000000000000000, -0.000000000000000000 ) ) ;
#1799 = ORIENTED_EDGE ( 'NONE', *, *, #2225, .F. ) ;
#1800 = DIRECTION ( 'NONE',  ( 0.000000000000000000, 0.000000000000000000, -1.000000000000000000 ) ) ;
#1801 = DIRECTION ( 'NONE',  ( 0.000000000000000000, -0.000000000000000000, 1.000000000000000000 ) ) ;
#1802 = VERTEX_POINT ( 'NONE', #2898 ) ;
#1803 = LINE ( 'NONE', #2106, #4107 ) ;
#1804 = PRODUCT_CONTEXT ( 'NONE', #1672, 'mechanical' ) ;
#1805 = DIRECTION ( 'NONE',  ( 0.000000000000000000, 0.000000000000000000, -1.000000000000000000 ) ) ;
#1806 = DIRECTION ( 'NONE',  ( 0.000000000000000000, -1.000000000000000000, 0.000000000000000000 ) ) ;
#1807 = ORIENTED_EDGE ( 'NONE', *, *, #1320, .F. ) ;
#1808 = DIRECTION ( 'NONE',  ( 0.000000000000000000, 0.000000000000000000, -1.000000000000000000 ) ) ;
#1809 = ADVANCED_FACE ( 'NONE', ( #992 ), #638, .T. ) ;
#1810 = DIRECTION ( 'NONE',  ( -0.000000000000000000, 1.000000000000000000, -0.000000000000000000 ) ) ;
#1811 = DIRECTION ( 'NONE',  ( -1.000000000000000000, 0.000000000000000000, 0.000000000000000000 ) ) ;
#1812 = LINE ( 'NONE', #4773, #4842 ) ;
#1813 = EDGE_LOOP ( 'NONE', ( #1953, #3464 ) ) ;
#1814 = AXIS2_PLACEMENT_3D ( 'NONE', #62, #3889, #3915 ) ;
#1815 = CARTESIAN_POINT ( 'NONE',  ( 0.7000000000000061728, -8.450062914116743564E-16, -26.50000000000000711 ) ) ;
#1816 = EDGE_CURVE ( 'NONE', #3980, #3149, #2482, .T. ) ;
#1817 = ORIENTED_EDGE ( 'NONE', *, *, #2730, .T. ) ;
#1818 = AXIS2_PLACEMENT_3D ( 'NONE', #3028, #718, #409 ) ;
#1819 = CARTESIAN_POINT ( 'NONE',  ( 18.59150718393674495, 15.00000000000000000, -26.50000000000000711 ) ) ;
#1820 = ORIENTED_EDGE ( 'NONE', *, *, #2978, .F. ) ;
#1821 = DIRECTION ( 'NONE',  ( 0.000000000000000000, -0.000000000000000000, -1.000000000000000000 ) ) ;
#1822 = LINE ( 'NONE', #2589, #2025 ) ;
#1823 = ORIENTED_EDGE ( 'NONE', *, *, #2610, .T. ) ;
#1824 = AXIS2_PLACEMENT_3D ( 'NONE', #4143, #1513, #721 ) ;
#1825 = CIRCLE ( 'NONE', #2302, 5.499999999999994671 ) ;
#1826 = VERTEX_POINT ( 'NONE', #615 ) ;
#1827 = CARTESIAN_POINT ( 'NONE',  ( 44.50000000000001421, -22.00000000000000355, -26.50000000000000711 ) ) ;
#1828 = FACE_OUTER_BOUND ( 'NONE', #2695, .T. ) ;
#1829 = PRODUCT_DEFINITION_FORMATION_WITH_SPECIFIED_SOURCE ( 'ANY', '', #1183, .NOT_KNOWN. ) ;
#1830 = VECTOR ( 'NONE', #1313, 1000.000000000000000 ) ;
#1831 = ORIENTED_EDGE ( 'NONE', *, *, #2879, .T. ) ;
#1832 = DIRECTION ( 'NONE',  ( 0.000000000000000000, -1.000000000000000000, 0.000000000000000000 ) ) ;
#1833 = EDGE_CURVE ( 'NONE', #1136, #4336, #1439, .T. ) ;
#1834 = AXIS2_PLACEMENT_3D ( 'NONE', #1912, #4140, #1484 ) ;
#1835 = EDGE_CURVE ( 'NONE', #1605, #1966, #3626, .T. ) ;
#1836 = DIRECTION ( 'NONE',  ( 0.000000000000000000, 1.000000000000000000, 0.000000000000000000 ) ) ;
#1837 = DIRECTION ( 'NONE',  ( 0.000000000000000000, -1.000000000000000000, 0.000000000000000000 ) ) ;
#1838 = VERTEX_POINT ( 'NONE', #3669 ) ;
#1839 = CARTESIAN_POINT ( 'NONE',  ( 42.01745985275626083, 8.520119532372342874, -4.334701590246601732 ) ) ;
#1840 = DIRECTION ( 'NONE',  ( 0.000000000000000000, -1.000000000000000000, 0.000000000000000000 ) ) ;
#1841 = DIRECTION ( 'NONE',  ( 0.000000000000000000, 1.000000000000000000, 0.000000000000000000 ) ) ;
#1842 = EDGE_CURVE ( 'NONE', #2811, #777, #3225, .T. ) ;
#1843 = DIRECTION ( 'NONE',  ( 0.000000000000000000, 0.000000000000000000, 1.000000000000000000 ) ) ;
#1844 = VERTEX_POINT ( 'NONE', #4843 ) ;
#1845 = LINE ( 'NONE', #1092, #315 ) ;
#1846 = EDGE_CURVE ( 'NONE', #857, #3387, #1601, .T. ) ;
#1847 = VERTEX_POINT ( 'NONE', #4373 ) ;
#1848 = DIRECTION ( 'NONE',  ( -0.000000000000000000, -1.000000000000000000, 0.000000000000000000 ) ) ;
#1849 = ORIENTED_EDGE ( 'NONE', *, *, #1856, .F. ) ;
#1850 = FACE_OUTER_BOUND ( 'NONE', #928, .T. ) ;
#1851 = CARTESIAN_POINT ( 'NONE',  ( 42.40248609824078585, 0.000000000000000000, -10.32298666518198793 ) ) ;
#1852 = EDGE_LOOP ( 'NONE', ( #2439, #4720, #4284, #4379 ) ) ;
#1853 = DIRECTION ( 'NONE',  ( 0.000000000000000000, 0.000000000000000000, -1.000000000000000000 ) ) ;
#1854 = AXIS2_PLACEMENT_3D ( 'NONE', #1087, #4112, #1864 ) ;
#1855 = ADVANCED_FACE ( 'NONE', ( #4816 ), #3998, .T. ) ;
#1856 = EDGE_CURVE ( 'NONE', #3149, #3579, #1019, .T. ) ;
#1857 = VERTEX_POINT ( 'NONE', #2206 ) ;
#1858 = CARTESIAN_POINT ( 'NONE',  ( 0.000000000000000000, 17.00000000000000000, -3.999999999999995559 ) ) ;
#1859 = ADVANCED_FACE ( 'NONE', ( #1741 ), #2923, .F. ) ;
#1860 = VECTOR ( 'NONE', #1518, 1000.000000000000000 ) ;
#1861 = VECTOR ( 'NONE', #4234, 1000.000000000000000 ) ;
#1862 = FACE_OUTER_BOUND ( 'NONE', #2021, .T. ) ;
#1863 = VERTEX_POINT ( 'NONE', #1040 ) ;
#1864 = DIRECTION ( 'NONE',  ( 0.000000000000000000, 0.000000000000000000, 1.000000000000000000 ) ) ;
#1865 = DIRECTION ( 'NONE',  ( -0.000000000000000000, 1.000000000000000000, -0.000000000000000000 ) ) ;
#1866 = LINE ( 'NONE', #1913, #2764 ) ;
#1867 = CYLINDRICAL_SURFACE ( 'NONE', #1529, 6.499999999999999112 ) ;
#1868 = VERTEX_POINT ( 'NONE', #2953 ) ;
#1869 = LINE ( 'NONE', #1117, #3800 ) ;
#1870 = CIRCLE ( 'NONE', #1385, 2.500000000000005773 ) ;
#1871 = CARTESIAN_POINT ( 'NONE',  ( -4.299999999999999822, 20.00000000000000000, 7.300000000000004263 ) ) ;
#1872 = VECTOR ( 'NONE', #4669, 1000.000000000000000 ) ;
#1873 = PLANE ( 'NONE',  #1749 ) ;
#1874 = ORIENTED_EDGE ( 'NONE', *, *, #1077, .T. ) ;
#1875 = CARTESIAN_POINT ( 'NONE',  ( 7.700000000000000178, 20.00000000000000000, 19.00000000000000355 ) ) ;
#1876 = CARTESIAN_POINT ( 'NONE',  ( -42.00000000000001421, 15.00000000000000000, -26.50000000000001066 ) ) ;
#1877 = VERTEX_POINT ( 'NONE', #1362 ) ;
#1878 = LINE ( 'NONE', #3388, #1773 ) ;
#1879 = VECTOR ( 'NONE', #3693, 1000.000000000000000 ) ;
#1880 = ORIENTED_EDGE ( 'NONE', *, *, #802, .F. ) ;
#1881 = DIRECTION ( 'NONE',  ( -0.000000000000000000, 1.000000000000000000, -0.000000000000000000 ) ) ;
#1882 = DIRECTION ( 'NONE',  ( 0.000000000000000000, -1.000000000000000000, 0.000000000000000000 ) ) ;
#1883 = ORIENTED_EDGE ( 'NONE', *, *, #487, .F. ) ;
#1884 = DIRECTION ( 'NONE',  ( 0.000000000000000000, -1.000000000000000000, 0.000000000000000000 ) ) ;
#1885 = DIRECTION ( 'NONE',  ( 0.000000000000000000, -1.000000000000000000, 0.000000000000000000 ) ) ;
#1886 = CARTESIAN_POINT ( 'NONE',  ( 42.00000000000001421, -2.499999999999999112, -26.50000000000001066 ) ) ;
#1887 = CARTESIAN_POINT ( 'NONE',  ( -44.50000000000001421, 1.799999999999999600, 29.00000000000000711 ) ) ;
#1888 = ORIENTED_EDGE ( 'NONE', *, *, #860, .F. ) ;
#1889 = DIRECTION ( 'NONE',  ( 0.000000000000000000, -1.000000000000000000, 0.000000000000000000 ) ) ;
#1890 = AXIS2_PLACEMENT_3D ( 'NONE', #4016, #4743, #4789 ) ;
#1891 = EDGE_CURVE ( 'NONE', #1514, #1894, #1417, .T. ) ;
#1892 = CARTESIAN_POINT ( 'NONE',  ( -46.36254570665256125, 4.200000000000000178, -10.32335836023588094 ) ) ;
#1893 = CIRCLE ( 'NONE', #2052, 43.50000000000000711 ) ;
#1894 = VERTEX_POINT ( 'NONE', #4020 ) ;
#1895 = EDGE_CURVE ( 'NONE', #442, #3012, #4465, .T. ) ;
#1896 = CARTESIAN_POINT ( 'NONE',  ( -45.67077626419152381, 8.400000000000000355, -20.58101651390110831 ) ) ;
#1897 = EDGE_LOOP ( 'NONE', ( #1780, #351, #2968, #4755 ) ) ;
#1898 = VECTOR ( 'NONE', #741, 1000.000000000000000 ) ;
#1899 = FACE_OUTER_BOUND ( 'NONE', #282, .T. ) ;
#1900 = VERTEX_POINT ( 'NONE', #2181 ) ;
#1901 = EDGE_CURVE ( 'NONE', #2469, #4567, #291, .T. ) ;
#1902 = DIRECTION ( 'NONE',  ( 0.000000000000000000, -1.000000000000000000, 0.000000000000000000 ) ) ;
#1903 = ORIENTED_EDGE ( 'NONE', *, *, #4688, .T. ) ;
#1904 = AXIS2_PLACEMENT_3D ( 'NONE', #1220, #3899, #1620 ) ;
#1905 = FACE_OUTER_BOUND ( 'NONE', #4559, .T. ) ;
#1906 = LINE ( 'NONE', #3414, #3316 ) ;
#1907 = EDGE_CURVE ( 'NONE', #134, #1559, #3325, .T. ) ;
#1908 = EDGE_LOOP ( 'NONE', ( #107, #1355, #102, #4080, #3507, #4287 ) ) ;
#1909 = CIRCLE ( 'NONE', #1189, 6.499999999999995559 ) ;
#1910 = AXIS2_PLACEMENT_3D ( 'NONE', #1651, #812, #3067 ) ;
#1911 = DIRECTION ( 'NONE',  ( 0.000000000000000000, 1.000000000000000000, 0.000000000000000000 ) ) ;
#1912 = CARTESIAN_POINT ( 'NONE',  ( 44.50000000000001421, -2.499999999999999112, -29.00000000000000711 ) ) ;
#1913 = CARTESIAN_POINT ( 'NONE',  ( -42.00000000000001421, -2.499999999999999112, -25.13865308473844351 ) ) ;
#1914 = CARTESIAN_POINT ( 'NONE',  ( 45.50000000000001421, 6.000000000000000000, 6.123233995736772199E-17 ) ) ;
#1915 = VERTEX_POINT ( 'NONE', #321 ) ;
#1916 = DIRECTION ( 'NONE',  ( -0.000000000000000000, -1.000000000000000000, -0.000000000000000000 ) ) ;
#1917 = ADVANCED_FACE ( 'NONE', ( #815 ), #1134, .F. ) ;
#1918 = CARTESIAN_POINT ( 'NONE',  ( 6.000000000000000888, 20.00000000000000000, 13.00000000000000533 ) ) ;
#1919 = DIRECTION ( 'NONE',  ( 0.000000000000000000, -1.000000000000000000, 0.000000000000000000 ) ) ;
#1920 = ORIENTED_EDGE ( 'NONE', *, *, #3590, .T. ) ;
#1921 = EDGE_LOOP ( 'NONE', ( #3415, #4131, #2393, #2158, #4523, #4796 ) ) ;
#1922 = FACE_BOUND ( 'NONE', #479, .T. ) ;
#1923 = ORIENTED_EDGE ( 'NONE', *, *, #1573, .F. ) ;
#1924 = EDGE_CURVE ( 'NONE', #532, #1375, #1174, .T. ) ;
#1925 = CARTESIAN_POINT ( 'NONE',  ( 42.00000000000001421, 15.00000000000000000, 26.50000000000001066 ) ) ;
#1926 = VERTEX_POINT ( 'NONE', #4894 ) ;
#1927 = CARTESIAN_POINT ( 'NONE',  ( 45.51893114582378530, 8.523221452838708245, 4.332896337303433931 ) ) ;
#1928 = ORIENTED_EDGE ( 'NONE', *, *, #2914, .F. ) ;
#1929 = CARTESIAN_POINT ( 'NONE',  ( -18.59150718393674495, 0.000000000000000000, 30.00000000000001066 ) ) ;
#1930 = EDGE_CURVE ( 'NONE', #2822, #4011, #3743, .T. ) ;
#1931 = CIRCLE ( 'NONE', #2403, 43.50000000000000711 ) ;
#1932 = CIRCLE ( 'NONE', #4630, 5.499999999999994671 ) ;
#1933 = DIRECTION ( 'NONE',  ( -0.000000000000000000, 1.000000000000000000, -0.000000000000000000 ) ) ;
#1934 = LINE ( 'NONE', #3071, #1256 ) ;
#1935 = DIRECTION ( 'NONE',  ( 5.204170427930421283E-15, 0.000000000000000000, -1.000000000000000000 ) ) ;
#1936 = ORIENTED_EDGE ( 'NONE', *, *, #2119, .T. ) ;
#1937 = CARTESIAN_POINT ( 'NONE',  ( 44.50000000000001421, -22.00000000000000355, 29.00000000000000711 ) ) ;
#1938 = DIRECTION ( 'NONE',  ( -0.000000000000000000, 1.000000000000000000, -0.000000000000000000 ) ) ;
#1939 = DIRECTION ( 'NONE',  ( 0.000000000000000000, -1.000000000000000000, 0.000000000000000000 ) ) ;
#1940 = CARTESIAN_POINT ( 'NONE',  ( 19.29988841106000663, 0.000000000000000000, 30.00316379769992636 ) ) ;
#1941 = ORIENTED_EDGE ( 'NONE', *, *, #1895, .F. ) ;
#1942 = EDGE_CURVE ( 'NONE', #782, #4180, #2653, .T. ) ;
#1943 = DIRECTION ( 'NONE',  ( 0.000000000000000000, 0.000000000000000000, 1.000000000000000000 ) ) ;
#1944 = EDGE_CURVE ( 'NONE', #1127, #4854, #4545, .T. ) ;
#1945 = AXIS2_PLACEMENT_3D ( 'NONE', #3423, #3774, #4550 ) ;
#1946 = FACE_OUTER_BOUND ( 'NONE', #1852, .T. ) ;
#1947 = ORIENTED_EDGE ( 'NONE', *, *, #2454, .F. ) ;
#1948 = CIRCLE ( 'NONE', #1472, 43.50000000000000711 ) ;
#1949 = CARTESIAN_POINT ( 'NONE',  ( -44.50000000000001421, 15.00000000000000000, -29.00000000000000711 ) ) ;
#1950 = VERTEX_POINT ( 'NONE', #3376 ) ;
#1951 = CARTESIAN_POINT ( 'NONE',  ( -15.19999999999999041, 4.200000000000000178, 26.50000000000001066 ) ) ;
#1952 = EDGE_CURVE ( 'NONE', #420, #411, #2450, .T. ) ;
#1953 = ORIENTED_EDGE ( 'NONE', *, *, #4560, .F. ) ;
#1954 = DIRECTION ( 'NONE',  ( -0.000000000000000000, -1.000000000000000000, 0.000000000000000000 ) ) ;
#1955 = AXIS2_PLACEMENT_3D ( 'NONE', #3525, #3602, #1640 ) ;
#1956 = ORIENTED_EDGE ( 'NONE', *, *, #3140, .F. ) ;
#1957 = CARTESIAN_POINT ( 'NONE',  ( -44.50000000000001421, 15.00000000000000000, 34.50000000000000000 ) ) ;
#1958 = DIRECTION ( 'NONE',  ( 0.000000000000000000, -1.000000000000000000, 0.000000000000000000 ) ) ;
#1959 = CARTESIAN_POINT ( 'NONE',  ( -45.50000000000001421, 11.00000000000000000, 2.500000000000000000 ) ) ;
#1960 = ORIENTED_EDGE ( 'NONE', *, *, #3656, .T. ) ;
#1961 = EDGE_CURVE ( 'NONE', #4119, #4881, #1934, .T. ) ;
#1962 = FACE_OUTER_BOUND ( 'NONE', #3902, .T. ) ;
#1963 = CARTESIAN_POINT ( 'NONE',  ( 44.50000000000001421, 11.00000000000000000, 29.00000000000000711 ) ) ;
#1964 = DIRECTION ( 'NONE',  ( 0.000000000000000000, 0.000000000000000000, 1.000000000000000000 ) ) ;
#1965 = FACE_OUTER_BOUND ( 'NONE', #1303, .T. ) ;
#1966 = VERTEX_POINT ( 'NONE', #4141 ) ;
#1967 = EDGE_CURVE ( 'NONE', #2123, #2276, #2283, .T. ) ;
#1968 = DIRECTION ( 'NONE',  ( -1.000000000000000000, 0.000000000000000000, 2.973811673103095791E-15 ) ) ;
#1969 = CIRCLE ( 'NONE', #4746, 40.00000000000000000 ) ;
#1970 = ORIENTED_EDGE ( 'NONE', *, *, #3821, .F. ) ;
#1971 = AXIS2_PLACEMENT_3D ( 'NONE', #1357, #1330, #2849 ) ;
#1972 = CIRCLE ( 'NONE', #4515, 40.00000000000000000 ) ;
#1973 = LINE ( 'NONE', #31, #3676 ) ;
#1974 = ORIENTED_EDGE ( 'NONE', *, *, #2429, .F. ) ;
#1975 = CARTESIAN_POINT ( 'NONE',  ( -42.00000000000001421, -2.499999999999999112, 26.50000000000001066 ) ) ;
#1976 = ORIENTED_EDGE ( 'NONE', *, *, #3812, .F. ) ;
#1977 = DIRECTION ( 'NONE',  ( 0.000000000000000000, 1.000000000000000000, 0.000000000000000000 ) ) ;
#1978 = VECTOR ( 'NONE', #4278, 1000.000000000000000 ) ;
#1979 = ORIENTED_EDGE ( 'NONE', *, *, #757, .T. ) ;
#1980 = DIRECTION ( 'NONE',  ( -1.000000000000000000, 0.000000000000000000, 1.314141429483280951E-15 ) ) ;
#1981 = LINE ( 'NONE', #4691, #2447 ) ;
#1982 = AXIS2_PLACEMENT_3D ( 'NONE', #1937, #3469, #66 ) ;
#1983 = AXIS2_PLACEMENT_3D ( 'NONE', #3129, #4300, #2756 ) ;
#1984 = DIRECTION ( 'NONE',  ( 0.000000000000000000, 0.000000000000000000, -1.000000000000000000 ) ) ;
#1985 = ORIENTED_EDGE ( 'NONE', *, *, #591, .T. ) ;
#1986 = CARTESIAN_POINT ( 'NONE',  ( 42.04188619865062293, 6.379897721579945724, 5.000000000000000888 ) ) ;
#1987 = CIRCLE ( 'NONE', #2859, 5.499999999999994671 ) ;
#1988 = CARTESIAN_POINT ( 'NONE',  ( 16.00000000000000000, -7.000000000000000000, 13.25219988745154254 ) ) ;
#1989 = DIRECTION ( 'NONE',  ( 0.000000000000000000, -1.000000000000000000, 0.000000000000000000 ) ) ;
#1990 = CYLINDRICAL_SURFACE ( 'NONE', #4681, 6.499999999999999112 ) ;
#1991 = DIRECTION ( 'NONE',  ( -1.000000000000000000, 0.000000000000000000, 0.000000000000000000 ) ) ;
#1992 = VERTEX_POINT ( 'NONE', #3440 ) ;
#1993 = CIRCLE ( 'NONE', #2626, 3.500000000000003109 ) ;
#1994 = CARTESIAN_POINT ( 'NONE',  ( -44.50000000000001421, 11.00000000000000000, -29.00000000000000711 ) ) ;
#1995 = CYLINDRICAL_SURFACE ( 'NONE', #2266, 4.599999999999996092 ) ;
#1996 = VERTEX_POINT ( 'NONE', #1487 ) ;
#1997 = ORIENTED_EDGE ( 'NONE', *, *, #2942, .F. ) ;
#1998 = CARTESIAN_POINT ( 'NONE',  ( -7.699999999999998401, 15.00000000000000000, 7.300000000000005151 ) ) ;
#1999 = EDGE_LOOP ( 'NONE', ( #4203, #1345, #2562, #2316 ) ) ;
#2000 = CYLINDRICAL_SURFACE ( 'NONE', #4710, 4.599999999999996092 ) ;
#2001 = ORIENTED_EDGE ( 'NONE', *, *, #2236, .T. ) ;
#2002 = CARTESIAN_POINT ( 'NONE',  ( -44.50000000000001421, 11.00000000000000000, -26.50000000000000711 ) ) ;
#2003 = EDGE_CURVE ( 'NONE', #705, #1857, #4831, .T. ) ;
#2004 = EDGE_CURVE ( 'NONE', #1966, #1595, #3005, .T. ) ;
#2005 = EDGE_CURVE ( 'NONE', #1514, #4361, #1866, .T. ) ;
#2006 = EDGE_LOOP ( 'NONE', ( #2084, #978, #2187, #1607 ) ) ;
#2007 = DIRECTION ( 'NONE',  ( 0.000000000000000000, -1.000000000000000000, 0.000000000000000000 ) ) ;
#2008 = CARTESIAN_POINT ( 'NONE',  ( -45.50000000000001421, 11.00000000000000000, -2.500000000000000000 ) ) ;
#2009 = FACE_OUTER_BOUND ( 'NONE', #1236, .T. ) ;
#2010 = EDGE_LOOP ( 'NONE', ( #2449, #1273 ) ) ;
#2011 = CIRCLE ( 'NONE', #23, 4.599999999999996092 ) ;
#2012 = AXIS2_PLACEMENT_3D ( 'NONE', #1483, #2259, #3003 ) ;
#2013 = LINE ( 'NONE', #3524, #671 ) ;
#2014 = PLANE ( 'NONE',  #767 ) ;
#2015 = VECTOR ( 'NONE', #2192, 1000.000000000000000 ) ;
#2016 = CARTESIAN_POINT ( 'NONE',  ( 36.08101651390109765, 11.50000000000000000, -30.17077626419152026 ) ) ;
#2017 = AXIS2_PLACEMENT_3D ( 'NONE', #3953, #4757, #2441 ) ;
#2018 = CARTESIAN_POINT ( 'NONE',  ( 8.000000000000000000, 20.00000000000000000, 7.300000000000002487 ) ) ;
#2019 = ORIENTED_EDGE ( 'NONE', *, *, #3470, .T. ) ;
#2020 = PLANE ( 'NONE',  #1182 ) ;
#2021 = EDGE_LOOP ( 'NONE', ( #910, #2078, #1391, #3141, #4680, #1466, #835, #4756, #2871, #3462 ) ) ;
#2022 = AXIS2_PLACEMENT_3D ( 'NONE', #753, #4178, #4582 ) ;
#2023 = FACE_OUTER_BOUND ( 'NONE', #3791, .T. ) ;
#2024 = ORIENTED_EDGE ( 'NONE', *, *, #4387, .T. ) ;
#2025 = VECTOR ( 'NONE', #3363, 1000.000000000000000 ) ;
#2026 = LINE ( 'NONE', #3512, #4873 ) ;
#2027 = VECTOR ( 'NONE', #67, 1000.000000000000000 ) ;
#2028 = VERTEX_POINT ( 'NONE', #18 ) ;
#2029 = CARTESIAN_POINT ( 'NONE',  ( 85.50000000000001421, 15.00000000000000000, 3.091507183936761827 ) ) ;
#2030 = EDGE_CURVE ( 'NONE', #248, #3901, #4114, .T. ) ;
#2031 = ORIENTED_EDGE ( 'NONE', *, *, #1143, .T. ) ;
#2032 = CARTESIAN_POINT ( 'NONE',  ( 18.59150718393674495, 0.000000000000000000, 70.00000000000000000 ) ) ;
#2033 = CARTESIAN_POINT ( 'NONE',  ( 4.299999999999999822, 20.00000000000000000, 7.300000000000004263 ) ) ;
#2034 = CARTESIAN_POINT ( 'NONE',  ( -38.50000000000001421, 0.000000000000000000, 26.50000000000001066 ) ) ;
#2035 = ORIENTED_EDGE ( 'NONE', *, *, #3201, .F. ) ;
#2036 = CARTESIAN_POINT ( 'NONE',  ( -44.50000000000001421, -2.499999999999999112, 29.00000000000000711 ) ) ;
#2037 = DIRECTION ( 'NONE',  ( 0.000000000000000000, 0.000000000000000000, -1.000000000000000000 ) ) ;
#2038 = CARTESIAN_POINT ( 'NONE',  ( 85.50000000000001421, 15.00000000000000000, 3.091507183936761827 ) ) ;
#2039 = PLANE ( 'NONE',  #3173 ) ;
#2040 = ORIENTED_EDGE ( 'NONE', *, *, #1046, .T. ) ;
#2041 = CARTESIAN_POINT ( 'NONE',  ( 44.50000000000001421, 1.800000000000000044, 20.49999999999999645 ) ) ;
#2042 = EDGE_CURVE ( 'NONE', #777, #2144, #2630, .T. ) ;
#2043 = EDGE_CURVE ( 'NONE', #128, #2516, #39, .T. ) ;
#2044 = EDGE_CURVE ( 'NONE', #813, #4804, #368, .T. ) ;
#2045 = EDGE_LOOP ( 'NONE', ( #3100, #4290, #26, #729, #4148 ) ) ;
#2046 = ORIENTED_EDGE ( 'NONE', *, *, #681, .T. ) ;
#2047 = CARTESIAN_POINT ( 'NONE',  ( -42.00000000000000711, 4.200000000000000178, -3.091507183936765379 ) ) ;
#2048 = CARTESIAN_POINT ( 'NONE',  ( 38.41227904007968874, 1.799999999999999600, -31.27808110350506610 ) ) ;
#2049 = EDGE_CURVE ( 'NONE', #4711, #97, #2674, .T. ) ;
#2050 = ORIENTED_EDGE ( 'NONE', *, *, #364, .T. ) ;
#2051 = DIRECTION ( 'NONE',  ( -0.000000000000000000, -1.000000000000000000, -0.000000000000000000 ) ) ;
#2052 = AXIS2_PLACEMENT_3D ( 'NONE', #3688, #3621, #285 ) ;
#2053 = ORIENTED_EDGE ( 'NONE', *, *, #432, .T. ) ;
#2054 = VECTOR ( 'NONE', #2238, 1000.000000000000000 ) ;
#2055 = CARTESIAN_POINT ( 'NONE',  ( -44.50000000000001421, 0.000000000000000000, -29.00000000000000711 ) ) ;
#2056 = ADVANCED_FACE ( 'NONE', ( #2305 ), #3814, .T. ) ;
#2057 = DIRECTION ( 'NONE',  ( 0.000000000000000000, 0.000000000000000000, -1.000000000000000000 ) ) ;
#2058 = DIRECTION ( 'NONE',  ( 0.000000000000000000, 1.000000000000000000, 0.000000000000000000 ) ) ;
#2059 = ORIENTED_EDGE ( 'NONE', *, *, #4343, .T. ) ;
#2060 = DIRECTION ( 'NONE',  ( 1.000000000000000000, 0.000000000000000000, 0.000000000000000000 ) ) ;
#2061 = AXIS2_PLACEMENT_3D ( 'NONE', #2728, #1589, #4247 ) ;
#2062 = CARTESIAN_POINT ( 'NONE',  ( -4.299999999999999822, 20.00000000000000000, 18.70000000000000284 ) ) ;
#2063 = DIRECTION ( 'NONE',  ( 0.000000000000000000, 0.000000000000000000, 1.000000000000000000 ) ) ;
#2064 = ORIENTED_EDGE ( 'NONE', *, *, #2363, .T. ) ;
#2065 = CARTESIAN_POINT ( 'NONE',  ( -42.00000000000001421, 0.000000000000000000, -25.13865308473844351 ) ) ;
#2066 = VECTOR ( 'NONE', #3721, 1000.000000000000000 ) ;
#2067 = ADVANCED_FACE ( 'NONE', ( #2700 ), #4218, .F. ) ;
#2068 = EDGE_CURVE ( 'NONE', #1224, #2105, #3559, .T. ) ;
#2069 = EDGE_CURVE ( 'NONE', #4180, #720, #2750, .T. ) ;
#2070 = AXIS2_PLACEMENT_3D ( 'NONE', #366, #2652, #3417 ) ;
#2071 = CYLINDRICAL_SURFACE ( 'NONE', #3372, 8.500000000000010658 ) ;
#2072 = ORIENTED_EDGE ( 'NONE', *, *, #3510, .T. ) ;
#2073 = ORIENTED_EDGE ( 'NONE', *, *, #2838, .T. ) ;
#2074 = EDGE_CURVE ( 'NONE', #3568, #4416, #2425, .T. ) ;
#2075 = CARTESIAN_POINT ( 'NONE',  ( -45.50000000000001421, -22.00000000000000000, -3.091507183936761827 ) ) ;
#2076 = ORIENTED_EDGE ( 'NONE', *, *, #3591, .T. ) ;
#2077 = DIRECTION ( 'NONE',  ( 0.000000000000000000, 0.000000000000000000, -1.000000000000000000 ) ) ;
#2078 = ORIENTED_EDGE ( 'NONE', *, *, #3337, .T. ) ;
#2079 = DIRECTION ( 'NONE',  ( 0.000000000000000000, 0.000000000000000000, -1.000000000000000000 ) ) ;
#2080 = ORIENTED_EDGE ( 'NONE', *, *, #1924, .T. ) ;
#2081 = DIRECTION ( 'NONE',  ( 0.000000000000000000, 0.000000000000000000, -1.000000000000000000 ) ) ;
#2082 = EDGE_CURVE ( 'NONE', #2497, #4430, #942, .T. ) ;
#2083 = PLANE ( 'NONE',  #302 ) ;
#2084 = ORIENTED_EDGE ( 'NONE', *, *, #85, .F. ) ;
#2085 = FACE_OUTER_BOUND ( 'NONE', #2612, .T. ) ;
#2086 = CARTESIAN_POINT ( 'NONE',  ( 46.36398662557726880, 4.200000000000000178, 10.33115200650949284 ) ) ;
#2087 = DIRECTION ( 'NONE',  ( 0.000000000000000000, -1.000000000000000000, 0.000000000000000000 ) ) ;
#2088 = ORIENTED_EDGE ( 'NONE', *, *, #3498, .T. ) ;
#2089 = DIRECTION ( 'NONE',  ( 0.000000000000000000, 0.000000000000000000, -1.000000000000000000 ) ) ;
#2090 = ADVANCED_BREP_SHAPE_REPRESENTATION ( 'SkiSafe 02 - Back', ( #3843, #3017 ), #76 ) ;
#2091 = VECTOR ( 'NONE', #4683, 1000.000000000000000 ) ;
#2092 = DIRECTION ( 'NONE',  ( -0.000000000000000000, 1.000000000000000000, -0.000000000000000000 ) ) ;
#2093 = AXIS2_PLACEMENT_3D ( 'NONE', #2644, #4155, #756 ) ;
#2094 = ORIENTED_EDGE ( 'NONE', *, *, #2978, .T. ) ;
#2095 = EDGE_LOOP ( 'NONE', ( #2770, #1736 ) ) ;
#2096 = EDGE_CURVE ( 'NONE', #2511, #327, #139, .T. ) ;
#2097 = LINE ( 'NONE', #4702, #2654 ) ;
#2098 = EDGE_CURVE ( 'NONE', #3042, #3401, #3937, .T. ) ;
#2099 = ORIENTED_EDGE ( 'NONE', *, *, #3076, .F. ) ;
#2100 = DIRECTION ( 'NONE',  ( 4.510281037539698445E-15, 0.000000000000000000, 1.000000000000000000 ) ) ;
#2101 = EDGE_LOOP ( 'NONE', ( #4100, #252, #580, #4047 ) ) ;
#2102 = LINE ( 'NONE', #4736, #550 ) ;
#2103 =( GEOMETRIC_REPRESENTATION_CONTEXT ( 3 ) GLOBAL_UNCERTAINTY_ASSIGNED_CONTEXT ( ( #3565 ) ) GLOBAL_UNIT_ASSIGNED_CONTEXT ( ( #2786, #2389, #51 ) ) REPRESENTATION_CONTEXT ( 'NONE', 'WORKASPACE' ) );
#2104 = ADVANCED_FACE ( 'NONE', ( #868 ), #1234, .T. ) ;
#2105 = VERTEX_POINT ( 'NONE', #4340 ) ;
#2106 = CARTESIAN_POINT ( 'NONE',  ( 42.04188619865061582, 15.00000000000000000, 4.999999999999997335 ) ) ;
#2107 = DIRECTION ( 'NONE',  ( -0.000000000000000000, 1.000000000000000000, -0.000000000000000000 ) ) ;
#2108 = CARTESIAN_POINT ( 'NONE',  ( 44.50000000000001421, 15.00000000000000000, 29.00000000000001776 ) ) ;
#2109 = ORIENTED_EDGE ( 'NONE', *, *, #2429, .T. ) ;
#2110 = DIRECTION ( 'NONE',  ( -0.000000000000000000, -1.000000000000000000, -0.000000000000000000 ) ) ;
#2111 = DIRECTION ( 'NONE',  ( 0.000000000000000000, -1.000000000000000000, 0.000000000000000000 ) ) ;
#2112 = DIRECTION ( 'NONE',  ( 1.000000000000000000, 0.000000000000000000, -1.982541115402061757E-15 ) ) ;
#2113 = ORIENTED_EDGE ( 'NONE', *, *, #4498, .T. ) ;
#2114 = CARTESIAN_POINT ( 'NONE',  ( -42.00000000000001421, 1.799999999999999600, -26.50000000000001066 ) ) ;
#2115 = VECTOR ( 'NONE', #3127, 1000.000000000000000 ) ;
#2116 = AXIS2_PLACEMENT_3D ( 'NONE', #3029, #2284, #3790 ) ;
#2117 = DIRECTION ( 'NONE',  ( 0.000000000000000000, 0.000000000000000000, -1.000000000000000000 ) ) ;
#2118 = ORIENTED_EDGE ( 'NONE', *, *, #863, .F. ) ;
#2119 = EDGE_CURVE ( 'NONE', #2822, #3631, #1306, .T. ) ;
#2120 = ORIENTED_EDGE ( 'NONE', *, *, #4217, .F. ) ;
#2121 = DIRECTION ( 'NONE',  ( 1.000000000000000000, 0.000000000000000000, 0.000000000000000000 ) ) ;
#2122 = DIRECTION ( 'NONE',  ( 0.000000000000000000, -1.000000000000000000, 0.000000000000000000 ) ) ;
#2123 = VERTEX_POINT ( 'NONE', #4665 ) ;
#2124 = CARTESIAN_POINT ( 'NONE',  ( 55.50000000000001421, 6.000000000000000888, -5.000000000000000000 ) ) ;
#2125 = VERTEX_POINT ( 'NONE', #2825 ) ;
#2126 = CARTESIAN_POINT ( 'NONE',  ( 51.68556701030929901, 0.000000000000000000, -24.45933631058685620 ) ) ;
#2127 = AXIS2_PLACEMENT_3D ( 'NONE', #4242, #1958, #3838 ) ;
#2128 = DIRECTION ( 'NONE',  ( -0.000000000000000000, 1.000000000000000000, -0.000000000000000000 ) ) ;
#2129 = DIRECTION ( 'NONE',  ( 1.000000000000000000, -1.334402673828313339E-16, 0.000000000000000000 ) ) ;
#2130 = ORIENTED_EDGE ( 'NONE', *, *, #4188, .T. ) ;
#2131 = VECTOR ( 'NONE', #1152, 1000.000000000000000 ) ;
#2132 = AXIS2_PLACEMENT_3D ( 'NONE', #3241, #986, #4765 ) ;
#2133 = CARTESIAN_POINT ( 'NONE',  ( -44.50000000000001421, 11.00000000000000000, 29.00000000000000711 ) ) ;
#2134 = CARTESIAN_POINT ( 'NONE',  ( -42.00000000000002132, 15.00000000000000000, 23.00000000000000711 ) ) ;
#2135 = DIRECTION ( 'NONE',  ( -1.000000000000000000, 0.000000000000000000, -0.000000000000000000 ) ) ;
#2136 = ORIENTED_EDGE ( 'NONE', *, *, #1961, .F. ) ;
#2137 = LINE ( 'NONE', #2927, #4556 ) ;
#2138 = CIRCLE ( 'NONE', #4039, 6.499999999999999112 ) ;
#2139 = CARTESIAN_POINT ( 'NONE',  ( 44.50000000000001421, 0.000000000000000000, -29.00000000000000711 ) ) ;
#2140 = EDGE_LOOP ( 'NONE', ( #2524, #2745, #1276, #2397 ) ) ;
#2141 = EDGE_CURVE ( 'NONE', #3216, #1105, #2328, .T. ) ;
#2142 = VECTOR ( 'NONE', #3870, 1000.000000000000000 ) ;
#2143 = VECTOR ( 'NONE', #982, 1000.000000000000000 ) ;
#2144 = VERTEX_POINT ( 'NONE', #2008 ) ;
#2145 = FACE_BOUND ( 'NONE', #1630, .T. ) ;
#2146 = CARTESIAN_POINT ( 'NONE',  ( -85.50000000000001421, 0.000000000000000000, 3.091507183936761827 ) ) ;
#2147 = ORIENTED_EDGE ( 'NONE', *, *, #3796, .F. ) ;
#2148 = LINE ( 'NONE', #4626, #4839 ) ;
#2149 = ORIENTED_EDGE ( 'NONE', *, *, #3246, .T. ) ;
#2150 = CARTESIAN_POINT ( 'NONE',  ( 0.7000000000000061728, -8.450062914116743564E-16, -30.00000000000000711 ) ) ;
#2151 = CARTESIAN_POINT ( 'NONE',  ( 44.50000000000001421, 15.00000000000000000, 23.50000000000001421 ) ) ;
#2152 = DIRECTION ( 'NONE',  ( 0.000000000000000000, -1.000000000000000000, 0.000000000000000000 ) ) ;
#2153 = ORIENTED_EDGE ( 'NONE', *, *, #4221, .F. ) ;
#2154 = EDGE_CURVE ( 'NONE', #1826, #3764, #2351, .T. ) ;
#2155 = LINE ( 'NONE', #3691, #1148 ) ;
#2156 = DIRECTION ( 'NONE',  ( 0.000000000000000000, 1.000000000000000000, 0.000000000000000000 ) ) ;
#2157 = CARTESIAN_POINT ( 'NONE',  ( 42.00000000000000711, 11.50000000000000000, 3.091507183936761827 ) ) ;
#2158 = ORIENTED_EDGE ( 'NONE', *, *, #2119, .F. ) ;
#2159 = FACE_OUTER_BOUND ( 'NONE', #2353, .T. ) ;
#2160 = DIRECTION ( 'NONE',  ( 0.000000000000000000, -1.000000000000000000, 0.000000000000000000 ) ) ;
#2161 = ORIENTED_EDGE ( 'NONE', *, *, #3397, .T. ) ;
#2162 = EDGE_LOOP ( 'NONE', ( #2197, #4602, #92, #54, #903, #4055 ) ) ;
#2163 = VECTOR ( 'NONE', #3905, 1000.000000000000000 ) ;
#2164 = DIRECTION ( 'NONE',  ( 1.982541115402061757E-15, -0.000000000000000000, 1.000000000000000000 ) ) ;
#2165 = AXIS2_PLACEMENT_3D ( 'NONE', #3281, #1421, #1447 ) ;
#2166 = DIRECTION ( 'NONE',  ( 0.000000000000000000, -1.000000000000000000, -0.000000000000000000 ) ) ;
#2167 = ORIENTED_EDGE ( 'NONE', *, *, #3758, .F. ) ;
#2168 = FACE_OUTER_BOUND ( 'NONE', #1186, .T. ) ;
#2169 = AXIS2_PLACEMENT_3D ( 'NONE', #2863, #600, #4731 ) ;
#2170 = DIRECTION ( 'NONE',  ( -0.000000000000000000, -1.000000000000000000, -0.000000000000000000 ) ) ;
#2171 = ORIENTED_EDGE ( 'NONE', *, *, #642, .T. ) ;
#2172 = CARTESIAN_POINT ( 'NONE',  ( -45.50000000000001421, 11.00000000000000000, 2.500000000000000000 ) ) ;
#2173 = CARTESIAN_POINT ( 'NONE',  ( 0.000000000000000000, 0.000000000000000000, 0.000000000000000000 ) ) ;
#2174 = CARTESIAN_POINT ( 'NONE',  ( -44.50000000000001421, 11.50000000000000000, 29.00000000000000711 ) ) ;
#2175 = CARTESIAN_POINT ( 'NONE',  ( -15.19999999999999218, 4.200000000000000178, -30.00000000000000711 ) ) ;
#2176 = ORIENTED_EDGE ( 'NONE', *, *, #2096, .T. ) ;
#2177 = EDGE_CURVE ( 'NONE', #2321, #2667, #1100, .T. ) ;
#2178 = AXIS2_PLACEMENT_3D ( 'NONE', #4046, #4753, #1768 ) ;
#2179 = CIRCLE ( 'NONE', #4005, 2.500000000000002220 ) ;
#2180 = DIRECTION ( 'NONE',  ( 1.000000000000000000, -0.000000000000000000, 0.000000000000000000 ) ) ;
#2181 = CARTESIAN_POINT ( 'NONE',  ( -46.15917732731228540, 0.000000000000000000, -10.32335836023588094 ) ) ;
#2182 = DIRECTION ( 'NONE',  ( 0.000000000000000000, 0.000000000000000000, 1.000000000000000000 ) ) ;
#2183 = ORIENTED_EDGE ( 'NONE', *, *, #4694, .F. ) ;
#2184 = DIRECTION ( 'NONE',  ( 0.000000000000000000, -1.000000000000000000, 0.000000000000000000 ) ) ;
#2185 = ORIENTED_EDGE ( 'NONE', *, *, #820, .T. ) ;
#2186 = CARTESIAN_POINT ( 'NONE',  ( -38.41227904007971006, 0.000000000000000000, -31.27808110350507320 ) ) ;
#2187 = ORIENTED_EDGE ( 'NONE', *, *, #446, .F. ) ;
#2188 = AXIS2_PLACEMENT_3D ( 'NONE', #2501, #3689, #4369 ) ;
#2189 = CARTESIAN_POINT ( 'NONE',  ( -42.00000000000001421, 1.799999999999999600, 26.50000000000001066 ) ) ;
#2190 = EDGE_CURVE ( 'NONE', #1894, #3412, #1737, .T. ) ;
#2191 = EDGE_CURVE ( 'NONE', #1863, #2506, #1336, .T. ) ;
#2192 = DIRECTION ( 'NONE',  ( 0.000000000000000000, -1.000000000000000000, 0.000000000000000000 ) ) ;
#2193 = VERTEX_POINT ( 'NONE', #2775 ) ;
#2194 = ORIENTED_EDGE ( 'NONE', *, *, #2005, .F. ) ;
#2195 = CARTESIAN_POINT ( 'NONE',  ( 44.50000000000001421, 0.000000000000000000, 29.00000000000001776 ) ) ;
#2196 = DIRECTION ( 'NONE',  ( 0.000000000000000000, 1.000000000000000000, 0.000000000000000000 ) ) ;
#2197 = ORIENTED_EDGE ( 'NONE', *, *, #3231, .F. ) ;
#2198 = EDGE_CURVE ( 'NONE', #1900, #3532, #2725, .T. ) ;
#2199 = CARTESIAN_POINT ( 'NONE',  ( 85.50000000000001421, 1.799999999999999600, -3.091507183936761827 ) ) ;
#2200 = CYLINDRICAL_SURFACE ( 'NONE', #3157, 4.599999999999999645 ) ;
#2201 = CARTESIAN_POINT ( 'NONE',  ( -15.19999999999999396, 0.000000000000000000, -26.30000000000000782 ) ) ;
#2202 = ORIENTED_EDGE ( 'NONE', *, *, #1485, .T. ) ;
#2203 = EDGE_CURVE ( 'NONE', #1045, #2570, #1981, .T. ) ;
#2204 = CARTESIAN_POINT ( 'NONE',  ( -44.50000000000001421, 11.00000000000000000, 34.50000000000000000 ) ) ;
#2205 = DIRECTION ( 'NONE',  ( 0.000000000000000000, 0.000000000000000000, 1.000000000000000000 ) ) ;
#2206 = CARTESIAN_POINT ( 'NONE',  ( -5.999999999999999112, 20.00000000000000000, 11.00000000000000355 ) ) ;
#2207 = CARTESIAN_POINT ( 'NONE',  ( -44.50000000000001421, 15.00000000000000000, -29.00000000000000711 ) ) ;
#2208 = ORIENTED_EDGE ( 'NONE', *, *, #887, .T. ) ;
#2209 = AXIS2_PLACEMENT_3D ( 'NONE', #1056, #2596, #4136 ) ;
#2210 = VECTOR ( 'NONE', #4586, 1000.000000000000000 ) ;
#2211 = DIRECTION ( 'NONE',  ( 0.000000000000000000, 1.000000000000000000, 0.000000000000000000 ) ) ;
#2212 = ORIENTED_EDGE ( 'NONE', *, *, #1561, .F. ) ;
#2213 = FACE_OUTER_BOUND ( 'NONE', #3347, .T. ) ;
#2214 = ORIENTED_EDGE ( 'NONE', *, *, #3949, .F. ) ;
#2215 = EDGE_CURVE ( 'NONE', #2276, #3212, #3493, .T. ) ;
#2216 = EDGE_CURVE ( 'NONE', #995, #1658, #4029, .T. ) ;
#2217 = EDGE_CURVE ( 'NONE', #2474, #3772, #511, .T. ) ;
#2218 = DIRECTION ( 'NONE',  ( -1.000000000000000000, 0.000000000000000000, 0.000000000000000000 ) ) ;
#2219 = ORIENTED_EDGE ( 'NONE', *, *, #243, .T. ) ;
#2220 = CARTESIAN_POINT ( 'NONE',  ( 42.00000000000001421, -2.499999999999999112, 26.50000000000001066 ) ) ;
#2221 = AXIS2_PLACEMENT_3D ( 'NONE', #3328, #4524, #2956 ) ;
#2222 = AXIS2_PLACEMENT_3D ( 'NONE', #187, #1401, #4410 ) ;
#2223 = ORIENTED_EDGE ( 'NONE', *, *, #3510, .F. ) ;
#2224 = DIRECTION ( 'NONE',  ( -0.000000000000000000, 1.000000000000000000, -0.000000000000000000 ) ) ;
#2225 = EDGE_CURVE ( 'NONE', #1023, #2123, #2522, .T. ) ;
#2226 = CARTESIAN_POINT ( 'NONE',  ( -5.999999999999999112, 20.00000000000000000, 12.00000000000000178 ) ) ;
#2227 = AXIS2_PLACEMENT_3D ( 'NONE', #4503, #1096, #2611 ) ;
#2228 = VECTOR ( 'NONE', #594, 1000.000000000000000 ) ;
#2229 = ORIENTED_EDGE ( 'NONE', *, *, #1059, .T. ) ;
#2230 = CYLINDRICAL_SURFACE ( 'NONE', #1571, 43.50000000000000711 ) ;
#2231 = DIRECTION ( 'NONE',  ( 0.000000000000000000, 1.000000000000000000, 0.000000000000000000 ) ) ;
#2232 = CARTESIAN_POINT ( 'NONE',  ( -11.69999999999999396, 6.735557395310434135E-16, -30.00000000000000711 ) ) ;
#2233 = ORIENTED_EDGE ( 'NONE', *, *, #1763, .T. ) ;
#2234 = VECTOR ( 'NONE', #2007, 1000.000000000000000 ) ;
#2235 = FACE_OUTER_BOUND ( 'NONE', #405, .T. ) ;
#2236 = EDGE_CURVE ( 'NONE', #2637, #4475, #2500, .T. ) ;
#2237 = DIRECTION ( 'NONE',  ( 0.000000000000000000, 0.000000000000000000, -1.000000000000000000 ) ) ;
#2238 = DIRECTION ( 'NONE',  ( -0.000000000000000000, 0.000000000000000000, 1.000000000000000000 ) ) ;
#2239 = LINE ( 'NONE', #434, #1291 ) ;
#2240 = ORIENTED_EDGE ( 'NONE', *, *, #3454, .T. ) ;
#2241 = DIRECTION ( 'NONE',  ( -0.000000000000000000, 1.000000000000000000, -0.000000000000000000 ) ) ;
#2242 = AXIS2_PLACEMENT_3D ( 'NONE', #4717, #2724, #1305 ) ;
#2243 = DIRECTION ( 'NONE',  ( -0.000000000000000000, 1.000000000000000000, -0.000000000000000000 ) ) ;
#2244 = DIRECTION ( 'NONE',  ( 0.000000000000000000, 1.000000000000000000, 0.000000000000000000 ) ) ;
#2245 = CARTESIAN_POINT ( 'NONE',  ( 42.00000000000001421, 1.799999999999999600, 26.50000000000001066 ) ) ;
#2246 = ORIENTED_EDGE ( 'NONE', *, *, #4649, .F. ) ;
#2247 = FACE_OUTER_BOUND ( 'NONE', #1619, .T. ) ;
#2248 = CARTESIAN_POINT ( 'NONE',  ( 46.36398662557726880, 0.000000000000000000, 10.33115200650949284 ) ) ;
#2249 = VERTEX_POINT ( 'NONE', #2151 ) ;
#2250 = EDGE_CURVE ( 'NONE', #645, #2471, #633, .T. ) ;
#2251 = CIRCLE ( 'NONE', #4714, 43.50000000000000711 ) ;
#2252 = CARTESIAN_POINT ( 'NONE',  ( -44.50000000000001421, -2.499999999999999112, -29.00000000000000711 ) ) ;
#2253 = EDGE_LOOP ( 'NONE', ( #3760, #4911, #4175, #3780 ) ) ;
#2254 = DIRECTION ( 'NONE',  ( 0.000000000000000000, 0.000000000000000000, -1.000000000000000000 ) ) ;
#2255 = AXIS2_PLACEMENT_3D ( 'NONE', #377, #4447, #2089 ) ;
#2256 = LINE ( 'NONE', #2278, #4909 ) ;
#2257 = ORIENTED_EDGE ( 'NONE', *, *, #3523, .F. ) ;
#2258 = EDGE_CURVE ( 'NONE', #2292, #4336, #4788, .T. ) ;
#2259 = DIRECTION ( 'NONE',  ( 2.168404344971010101E-16, -0.000000000000000000, 1.000000000000000000 ) ) ;
#2260 = ADVANCED_FACE ( 'NONE', ( #1734 ), #192, .F. ) ;
#2261 = DIRECTION ( 'NONE',  ( -0.000000000000000000, 1.000000000000000000, -0.000000000000000000 ) ) ;
#2262 = CARTESIAN_POINT ( 'NONE',  ( -15.19999999999999218, 15.00000000000000000, 30.00000000000001066 ) ) ;
#2263 = CARTESIAN_POINT ( 'NONE',  ( 85.50000000000001421, 0.000000000000000000, -3.091507183936761827 ) ) ;
#2264 = EDGE_LOOP ( 'NONE', ( #4638, #1671, #2324, #3039, #1545, #4031, #2212, #1208, #4673, #2347, #1243, #2875, #3860, #2335, #111, #3343, #1581, #1194 ) ) ;
#2265 = CARTESIAN_POINT ( 'NONE',  ( -44.50000000000001421, 11.00000000000000000, 34.50000000000000000 ) ) ;
#2266 = AXIS2_PLACEMENT_3D ( 'NONE', #2412, #3506, #4279 ) ;
#2267 = DIRECTION ( 'NONE',  ( 0.000000000000000000, 0.000000000000000000, -1.000000000000000000 ) ) ;
#2268 = ADVANCED_FACE ( 'NONE', ( #1382 ), #4413, .T. ) ;
#2269 = VERTEX_POINT ( 'NONE', #1433 ) ;
#2270 = CARTESIAN_POINT ( 'NONE',  ( -44.50000000000001421, -2.499999999999999112, 24.40000000000001279 ) ) ;
#2271 = LINE ( 'NONE', #2248, #4161 ) ;
#2272 = EDGE_CURVE ( 'NONE', #4011, #1770, #658, .T. ) ;
#2273 = EDGE_LOOP ( 'NONE', ( #1384, #1726 ) ) ;
#2274 = DIRECTION ( 'NONE',  ( 0.000000000000000000, 0.000000000000000000, -1.000000000000000000 ) ) ;
#2275 = VECTOR ( 'NONE', #517, 1000.000000000000000 ) ;
#2276 = VERTEX_POINT ( 'NONE', #1009 ) ;
#2277 = DIRECTION ( 'NONE',  ( 0.000000000000000000, -1.000000000000000000, 0.000000000000000000 ) ) ;
#2278 = CARTESIAN_POINT ( 'NONE',  ( -4.000000000000000000, 15.00000000000000000, 7.300000000000004263 ) ) ;
#2279 = VERTEX_POINT ( 'NONE', #4836 ) ;
#2280 = ADVANCED_FACE ( 'NONE', ( #965 ), #2083, .F. ) ;
#2281 = CARTESIAN_POINT ( 'NONE',  ( -44.50000000000001421, 11.00000000000000000, -29.00000000000000711 ) ) ;
#2282 = CARTESIAN_POINT ( 'NONE',  ( -11.69999999999999396, 6.735557395310434135E-16, -11.87707736052349539 ) ) ;
#2283 = LINE ( 'NONE', #3399, #1577 ) ;
#2284 = DIRECTION ( 'NONE',  ( 0.000000000000000000, -1.000000000000000000, 0.000000000000000000 ) ) ;
#2285 = ORIENTED_EDGE ( 'NONE', *, *, #2225, .T. ) ;
#2286 = CARTESIAN_POINT ( 'NONE',  ( 44.50000000000001421, 15.00000000000000000, -29.00000000000000711 ) ) ;
#2287 = ORIENTED_EDGE ( 'NONE', *, *, #3184, .T. ) ;
#2288 = AXIS2_PLACEMENT_3D ( 'NONE', #1456, #2301, #1129 ) ;
#2289 = FACE_OUTER_BOUND ( 'NONE', #2390, .T. ) ;
#2290 = EDGE_LOOP ( 'NONE', ( #2046, #4657, #3607, #678 ) ) ;
#2291 = CIRCLE ( 'NONE', #2916, 1.000000000000002665 ) ;
#2292 = VERTEX_POINT ( 'NONE', #261 ) ;
#2293 = AXIS2_PLACEMENT_3D ( 'NONE', #2873, #4063, #4397 ) ;
#2294 = DIRECTION ( 'NONE',  ( -1.000000000000000000, 0.000000000000000000, -8.760942863221888787E-16 ) ) ;
#2295 = EDGE_CURVE ( 'NONE', #2811, #4725, #939, .T. ) ;
#2296 = EDGE_LOOP ( 'NONE', ( #850, #2957, #4535, #1006 ) ) ;
#2297 = CARTESIAN_POINT ( 'NONE',  ( -42.60667251374644593, 15.00000000000000000, 10.33115200650950527 ) ) ;
#2298 = ORIENTED_EDGE ( 'NONE', *, *, #4429, .F. ) ;
#2299 = CARTESIAN_POINT ( 'NONE',  ( 45.50000000000001421, 15.00000000000000000, -30.00000000000000711 ) ) ;
#2300 = ORIENTED_EDGE ( 'NONE', *, *, #3398, .F. ) ;
#2301 = DIRECTION ( 'NONE',  ( 0.000000000000000000, -1.000000000000000000, 0.000000000000000000 ) ) ;
#2302 = AXIS2_PLACEMENT_3D ( 'NONE', #2386, #468, #2832 ) ;
#2303 = DIRECTION ( 'NONE',  ( -0.000000000000000000, 1.000000000000000000, -0.000000000000000000 ) ) ;
#2304 = EDGE_CURVE ( 'NONE', #4361, #3047, #3077, .T. ) ;
#2305 = FACE_OUTER_BOUND ( 'NONE', #2101, .T. ) ;
#2306 = DIRECTION ( 'NONE',  ( 0.000000000000000000, 0.000000000000000000, -1.000000000000000000 ) ) ;
#2307 = ORIENTED_EDGE ( 'NONE', *, *, #126, .T. ) ;
#2308 = ADVANCED_FACE ( 'NONE', ( #2452 ), #611, .F. ) ;
#2309 = CARTESIAN_POINT ( 'NONE',  ( 42.03294700102684089, 7.494898727479125000, 4.786386281128576670 ) ) ;
#2310 = LINE ( 'NONE', #1918, #3767 ) ;
#2311 = DIRECTION ( 'NONE',  ( 0.000000000000000000, 1.000000000000000000, 0.000000000000000000 ) ) ;
#2312 = DIRECTION ( 'NONE',  ( 0.000000000000000000, -1.000000000000000000, 0.000000000000000000 ) ) ;
#2313 = ORIENTED_EDGE ( 'NONE', *, *, #4879, .F. ) ;
#2314 = EDGE_CURVE ( 'NONE', #2748, #3532, #3710, .T. ) ;
#2315 = ORIENTED_EDGE ( 'NONE', *, *, #4381, .T. ) ;
#2316 = ORIENTED_EDGE ( 'NONE', *, *, #3025, .F. ) ;
#2317 = LINE ( 'NONE', #3458, #3120 ) ;
#2318 = ORIENTED_EDGE ( 'NONE', *, *, #2556, .T. ) ;
#2319 = CARTESIAN_POINT ( 'NONE',  ( -85.50000000000001421, 11.50000000000000000, -3.091507183936761827 ) ) ;
#2320 = EDGE_CURVE ( 'NONE', #4905, #2279, #4057, .T. ) ;
#2321 = VERTEX_POINT ( 'NONE', #1036 ) ;
#2322 = LINE ( 'NONE', #428, #3883 ) ;
#2323 = VECTOR ( 'NONE', #2166, 1000.000000000000000 ) ;
#2324 = ORIENTED_EDGE ( 'NONE', *, *, #3101, .F. ) ;
#2325 = AXIS2_PLACEMENT_3D ( 'NONE', #4132, #2196, #3684 ) ;
#2326 = PLANE ( 'NONE',  #1834 ) ;
#2327 = EDGE_CURVE ( 'NONE', #3206, #4778, #4514, .T. ) ;
#2328 = LINE ( 'NONE', #63, #2367 ) ;
#2329 = DIRECTION ( 'NONE',  ( 0.000000000000000000, -1.000000000000000000, 0.000000000000000000 ) ) ;
#2330 = EDGE_LOOP ( 'NONE', ( #310, #524, #1130, #1116 ) ) ;
#2331 = CARTESIAN_POINT ( 'NONE',  ( 42.00303181614513193, 9.430838844389620945, 3.656505683073633328 ) ) ;
#2332 = CARTESIAN_POINT ( 'NONE',  ( 12.69999999999998863, 4.200000000000000178, 30.00000000000001066 ) ) ;
#2333 = DIRECTION ( 'NONE',  ( 0.000000000000000000, 1.000000000000000000, 0.000000000000000000 ) ) ;
#2334 = CARTESIAN_POINT ( 'NONE',  ( -42.60535781051601134, 0.000000000000000000, -10.32335836023588271 ) ) ;
#2335 = ORIENTED_EDGE ( 'NONE', *, *, #3402, .T. ) ;
#2336 = CARTESIAN_POINT ( 'NONE',  ( 85.50000000000001421, 4.200000000000000178, -3.091507183936761827 ) ) ;
#2337 = AXIS2_PLACEMENT_3D ( 'NONE', #4629, #3531, #1598 ) ;
#2338 = CIRCLE ( 'NONE', #1304, 40.00000000000000000 ) ;
#2339 = PLANE ( 'NONE',  #2337 ) ;
#2340 = EDGE_LOOP ( 'NONE', ( #3695, #3257, #4814, #4399, #1222, #520, #305 ) ) ;
#2341 = CARTESIAN_POINT ( 'NONE',  ( -44.50000000000001421, 0.000000000000000000, 33.60000000000000142 ) ) ;
#2342 = ORIENTED_EDGE ( 'NONE', *, *, #3140, .T. ) ;
#2343 = DIRECTION ( 'NONE',  ( -0.000000000000000000, -1.000000000000000000, -0.000000000000000000 ) ) ;
#2344 = VERTEX_POINT ( 'NONE', #3218 ) ;
#2345 = CYLINDRICAL_SURFACE ( 'NONE', #4202, 2.500000000000002220 ) ;
#2346 = AXIS2_PLACEMENT_3D ( 'NONE', #4650, #3200, #896 ) ;
#2347 = ORIENTED_EDGE ( 'NONE', *, *, #3307, .T. ) ;
#2348 = AXIS2_PLACEMENT_3D ( 'NONE', #3148, #2058, #115 ) ;
#2349 = LINE ( 'NONE', #3861, #3556 ) ;
#2350 = EDGE_CURVE ( 'NONE', #4881, #2997, #1893, .T. ) ;
#2351 = LINE ( 'NONE', #1609, #1254 ) ;
#2352 = CARTESIAN_POINT ( 'NONE',  ( -44.50000000000001421, -2.499999999999999112, 29.00000000000000711 ) ) ;
#2353 = EDGE_LOOP ( 'NONE', ( #854, #155, #3932, #3115 ) ) ;
#2354 = CARTESIAN_POINT ( 'NONE',  ( 42.01740737954510507, 8.523221258446373128, 4.332896729080042419 ) ) ;
#2355 = DIRECTION ( 'NONE',  ( 0.000000000000000000, 0.000000000000000000, 1.000000000000000000 ) ) ;
#2356 = LINE ( 'NONE', #3868, #1555 ) ;
#2357 = CARTESIAN_POINT ( 'NONE',  ( 4.299999999999999822, 20.00000000000000000, 7.300000000000004263 ) ) ;
#2358 = VERTEX_POINT ( 'NONE', #3242 ) ;
#2359 = DIRECTION ( 'NONE',  ( -0.000000000000000000, 1.000000000000000000, -0.000000000000000000 ) ) ;
#2360 = AXIS2_PLACEMENT_3D ( 'NONE', #140, #918, #3938 ) ;
#2361 = DIRECTION ( 'NONE',  ( -0.000000000000000000, -1.000000000000000000, -0.000000000000000000 ) ) ;
#2362 = EDGE_LOOP ( 'NONE', ( #2783, #58, #1578, #2682, #2603 ) ) ;
#2363 = EDGE_CURVE ( 'NONE', #809, #2292, #4766, .T. ) ;
#2364 = EDGE_CURVE ( 'NONE', #3412, #3135, #3638, .T. ) ;
#2365 = ORIENTED_EDGE ( 'NONE', *, *, #3697, .F. ) ;
#2366 = ADVANCED_FACE ( 'NONE', ( #3738 ), #4487, .F. ) ;
#2367 = VECTOR ( 'NONE', #840, 1000.000000000000000 ) ;
#2368 = AXIS2_PLACEMENT_3D ( 'NONE', #761, #2969, #4212 ) ;
#2369 = DIRECTION ( 'NONE',  ( 0.000000000000000000, 0.000000000000000000, -1.000000000000000000 ) ) ;
#2370 = VERTEX_POINT ( 'NONE', #4516 ) ;
#2371 = DIRECTION ( 'NONE',  ( -3.190296047773437761E-14, 0.000000000000000000, 1.000000000000000000 ) ) ;
#2372 = ORIENTED_EDGE ( 'NONE', *, *, #4126, .T. ) ;
#2373 = FACE_BOUND ( 'NONE', #2010, .T. ) ;
#2374 = VECTOR ( 'NONE', #901, 1000.000000000000000 ) ;
#2375 = ORIENTED_EDGE ( 'NONE', *, *, #1333, .T. ) ;
#2376 = LINE ( 'NONE', #3963, #1629 ) ;
#2377 = DIRECTION ( 'NONE',  ( -1.510202172955553042E-16, 1.000000000000000000, 0.000000000000000000 ) ) ;
#2378 = AXIS2_PLACEMENT_3D ( 'NONE', #518, #3501, #848 ) ;
#2379 = AXIS2_PLACEMENT_3D ( 'NONE', #1353, #2539, #1776 ) ;
#2380 = CARTESIAN_POINT ( 'NONE',  ( 42.00000000000000711, 11.50000000000000000, 30.00000000000001066 ) ) ;
#2381 = VERTEX_POINT ( 'NONE', #3811 ) ;
#2382 = AXIS2_PLACEMENT_3D ( 'NONE', #2207, #3252, #1843 ) ;
#2383 = LINE ( 'NONE', #3893, #3841 ) ;
#2384 = LINE ( 'NONE', #2754, #926 ) ;
#2385 = DIRECTION ( 'NONE',  ( 1.000000000000000000, 0.000000000000000000, -4.380617892835525183E-16 ) ) ;
#2386 = CARTESIAN_POINT ( 'NONE',  ( 44.50000000000001421, 15.00000000000000000, 29.00000000000000711 ) ) ;
#2387 = EDGE_LOOP ( 'NONE', ( #3169, #2698, #2219, #3268, #4308, #2565 ) ) ;
#2388 = DIRECTION ( 'NONE',  ( 0.000000000000000000, 0.000000000000000000, 1.000000000000000000 ) ) ;
#2389 =( NAMED_UNIT ( * ) PLANE_ANGLE_UNIT ( ) SI_UNIT ( $, .RADIAN. ) );
#2390 = EDGE_LOOP ( 'NONE', ( #2912, #4128, #4392, #229 ) ) ;
#2391 = ORIENTED_EDGE ( 'NONE', *, *, #2537, .F. ) ;
#2392 = DIRECTION ( 'NONE',  ( 0.000000000000000000, 0.000000000000000000, -1.000000000000000000 ) ) ;
#2393 = ORIENTED_EDGE ( 'NONE', *, *, #4890, .F. ) ;
#2394 = DIRECTION ( 'NONE',  ( 0.000000000000000000, 1.000000000000000000, 0.000000000000000000 ) ) ;
#2395 = ORIENTED_EDGE ( 'NONE', *, *, #2295, .F. ) ;
#2396 = CARTESIAN_POINT ( 'NONE',  ( -42.00000000000001421, 1.799999999999999600, -26.50000000000001066 ) ) ;
#2397 = ORIENTED_EDGE ( 'NONE', *, *, #4372, .T. ) ;
#2398 = DIRECTION ( 'NONE',  ( 1.067522139062651263E-15, 0.000000000000000000, -1.000000000000000000 ) ) ;
#2399 = CARTESIAN_POINT ( 'NONE',  ( 12.69999999999999041, 5.652887372536823385, 26.50000000000001066 ) ) ;
#2400 = DIRECTION ( 'NONE',  ( 0.000000000000000000, -1.000000000000000000, 0.000000000000000000 ) ) ;
#2401 = ORIENTED_EDGE ( 'NONE', *, *, #4687, .F. ) ;
#2402 = EDGE_CURVE ( 'NONE', #47, #2560, #4566, .T. ) ;
#2403 = AXIS2_PLACEMENT_3D ( 'NONE', #1299, #3114, #2371 ) ;
#2404 = EDGE_CURVE ( 'NONE', #4059, #1863, #1083, .T. ) ;
#2405 = CYLINDRICAL_SURFACE ( 'NONE', #1069, 40.00000000000000711 ) ;
#2406 = DIRECTION ( 'NONE',  ( 0.000000000000000000, -1.000000000000000000, 0.000000000000000000 ) ) ;
#2407 = VECTOR ( 'NONE', #4906, 1000.000000000000000 ) ;
#2408 = CARTESIAN_POINT ( 'NONE',  ( -42.00000000000000711, 11.00000000000000000, -2.500000000000000000 ) ) ;
#2409 = LINE ( 'NONE', #3527, #4368 ) ;
#2410 = EDGE_LOOP ( 'NONE', ( #306, #3801 ) ) ;
#2411 = DIRECTION ( 'NONE',  ( 0.000000000000000000, 1.000000000000000000, 0.000000000000000000 ) ) ;
#2412 = CARTESIAN_POINT ( 'NONE',  ( -44.50000000000001421, -2.499999999999999112, -29.00000000000000711 ) ) ;
#2413 = ORIENTED_EDGE ( 'NONE', *, *, #4899, .T. ) ;
#2414 = VERTEX_POINT ( 'NONE', #406 ) ;
#2415 = PRESENTATION_LAYER_ASSIGNMENT (  '', '', ( #1785 ) ) ;
#2416 = CARTESIAN_POINT ( 'NONE',  ( 6.000000000000000888, 11.50000000000000000, 12.00000000000000178 ) ) ;
#2417 = ADVANCED_FACE ( 'NONE', ( #1862 ), #1108, .T. ) ;
#2418 = EDGE_LOOP ( 'NONE', ( #3611, #3798, #654, #263 ) ) ;
#2419 = CARTESIAN_POINT ( 'NONE',  ( 7.700000000000000178, 15.00000000000000000, 18.70000000000000284 ) ) ;
#2420 = ORIENTED_EDGE ( 'NONE', *, *, #378, .F. ) ;
#2421 = DIRECTION ( 'NONE',  ( -0.000000000000000000, 1.000000000000000000, -0.000000000000000000 ) ) ;
#2422 = VECTOR ( 'NONE', #3145, 1000.000000000000000 ) ;
#2423 = VERTEX_POINT ( 'NONE', #1929 ) ;
#2424 = DIRECTION ( 'NONE',  ( 0.000000000000000000, -1.000000000000000000, 0.000000000000000000 ) ) ;
#2425 = LINE ( 'NONE', #4317, #3322 ) ;
#2426 = DIRECTION ( 'NONE',  ( 0.000000000000000000, 1.000000000000000000, 0.000000000000000000 ) ) ;
#2427 = ORIENTED_EDGE ( 'NONE', *, *, #3982, .F. ) ;
#2428 = EDGE_CURVE ( 'NONE', #4425, #2935, #735, .T. ) ;
#2429 = EDGE_CURVE ( 'NONE', #3951, #3583, #2256, .T. ) ;
#2430 = EDGE_CURVE ( 'NONE', #4425, #666, #4668, .T. ) ;
#2431 = CARTESIAN_POINT ( 'NONE',  ( -44.50000000000001421, 1.799999999999999600, 22.50000000000001421 ) ) ;
#2432 = CARTESIAN_POINT ( 'NONE',  ( 0.7000000000000061728, -8.450062914116743564E-16, -11.87707736052349539 ) ) ;
#2433 = CARTESIAN_POINT ( 'NONE',  ( -44.50000000000001421, 15.00000000000000000, -29.00000000000000711 ) ) ;
#2434 = FACE_OUTER_BOUND ( 'NONE', #323, .T. ) ;
#2435 = ORIENTED_EDGE ( 'NONE', *, *, #2690, .T. ) ;
#2436 = ADVANCED_FACE ( 'NONE', ( #2568 ), #2200, .T. ) ;
#2437 = LINE ( 'NONE', #878, #1978 ) ;
#2438 = CARTESIAN_POINT ( 'NONE',  ( 44.50000000000001421, -22.00000000000000355, -29.00000000000000711 ) ) ;
#2439 = ORIENTED_EDGE ( 'NONE', *, *, #3312, .T. ) ;
#2440 = VERTEX_POINT ( 'NONE', #3023 ) ;
#2441 = DIRECTION ( 'NONE',  ( 0.000000000000000000, 0.000000000000000000, -1.000000000000000000 ) ) ;
#2442 = EDGE_CURVE ( 'NONE', #3253, #809, #2844, .T. ) ;
#2443 = ORIENTED_EDGE ( 'NONE', *, *, #4859, .T. ) ;
#2444 = DIRECTION ( 'NONE',  ( -1.000000000000000000, 0.000000000000000000, 1.982541115402067674E-15 ) ) ;
#2445 = ORIENTED_EDGE ( 'NONE', *, *, #2550, .F. ) ;
#2446 = CARTESIAN_POINT ( 'NONE',  ( 39.95933631058686331, 15.00000000000000000, -36.18556701030929901 ) ) ;
#2447 = VECTOR ( 'NONE', #1632, 1000.000000000000000 ) ;
#2448 = AXIS2_PLACEMENT_3D ( 'NONE', #2199, #2595, #3435 ) ;
#2449 = ORIENTED_EDGE ( 'NONE', *, *, #1059, .F. ) ;
#2450 = CIRCLE ( 'NONE', #3717, 6.499999999999995559 ) ;
#2451 = DIRECTION ( 'NONE',  ( 0.000000000000000000, 1.000000000000000000, 0.000000000000000000 ) ) ;
#2452 = FACE_OUTER_BOUND ( 'NONE', #2045, .T. ) ;
#2453 = ORIENTED_EDGE ( 'NONE', *, *, #2690, .F. ) ;
#2454 = EDGE_CURVE ( 'NONE', #924, #2321, #3713, .T. ) ;
#2455 = CARTESIAN_POINT ( 'NONE',  ( 19.30000000000000426, 5.652887372536823385, 30.00000000000001066 ) ) ;
#2456 = CIRCLE ( 'NONE', #2221, 6.499999999999999112 ) ;
#2457 = ADVANCED_FACE ( 'NONE', ( #312 ), #1505, .F. ) ;
#2458 = LINE ( 'NONE', #846, #2275 ) ;
#2459 = DIRECTION ( 'NONE',  ( -0.000000000000000000, 0.000000000000000000, -1.000000000000000000 ) ) ;
#2460 = ORIENTED_EDGE ( 'NONE', *, *, #4647, .F. ) ;
#2461 = EDGE_CURVE ( 'NONE', #4678, #1198, #3554, .T. ) ;
#2462 = CARTESIAN_POINT ( 'NONE',  ( 7.700000000000000178, 20.00000000000000000, 18.70000000000000284 ) ) ;
#2463 = VECTOR ( 'NONE', #1690, 1000.000000000000000 ) ;
#2464 = CYLINDRICAL_SURFACE ( 'NONE', #2974, 2.500000000000002220 ) ;
#2465 = ORIENTED_EDGE ( 'NONE', *, *, #3959, .F. ) ;
#2466 = ORIENTED_EDGE ( 'NONE', *, *, #3613, .T. ) ;
#2467 = EDGE_CURVE ( 'NONE', #1900, #2867, #763, .T. ) ;
#2468 = DIRECTION ( 'NONE',  ( 0.000000000000000000, 0.000000000000000000, 1.000000000000000000 ) ) ;
#2469 = VERTEX_POINT ( 'NONE', #3784 ) ;
#2470 = DIRECTION ( 'NONE',  ( 1.000000000000000000, 0.000000000000000000, 0.000000000000000000 ) ) ;
#2471 = VERTEX_POINT ( 'NONE', #385 ) ;
#2472 = CARTESIAN_POINT ( 'NONE',  ( -18.59150718393674495, 0.000000000000000000, -30.00000000000000711 ) ) ;
#2473 = UNCERTAINTY_MEASURE_WITH_UNIT (LENGTH_MEASURE( 1.000000000000000082E-05 ), #373, 'distance_accuracy_value', 'NONE');
#2474 = VERTEX_POINT ( 'NONE', #685 ) ;
#2475 = EDGE_CURVE ( 'NONE', #2935, #3892, #4863, .T. ) ;
#2476 = DIRECTION ( 'NONE',  ( -0.000000000000000000, -1.000000000000000000, -0.000000000000000000 ) ) ;
#2477 = CARTESIAN_POINT ( 'NONE',  ( -44.50000000000001421, 0.000000000000000000, -29.00000000000000711 ) ) ;
#2478 = CARTESIAN_POINT ( 'NONE',  ( -39.95933631058686331, 0.000000000000000000, 36.18556701030929901 ) ) ;
#2479 = ORIENTED_EDGE ( 'NONE', *, *, #4476, .T. ) ;
#2480 = EDGE_CURVE ( 'NONE', #3253, #336, #1906, .T. ) ;
#2481 = CARTESIAN_POINT ( 'NONE',  ( -44.50000000000001421, 0.000000000000000000, 24.40000000000001279 ) ) ;
#2482 = LINE ( 'NONE', #4748, #3622 ) ;
#2483 = LINE ( 'NONE', #292, #2066 ) ;
#2484 = ORIENTED_EDGE ( 'NONE', *, *, #4305, .T. ) ;
#2485 = VECTOR ( 'NONE', #675, 1000.000000000000000 ) ;
#2486 = DIRECTION ( 'NONE',  ( -1.445602896647340396E-16, 0.000000000000000000, 1.000000000000000000 ) ) ;
#2487 = AXIS2_PLACEMENT_3D ( 'NONE', #1315, #596, #1365 ) ;
#2488 = DIRECTION ( 'NONE',  ( 0.000000000000000000, 0.000000000000000000, 1.000000000000000000 ) ) ;
#2489 = CIRCLE ( 'NONE', #1617, 43.50000000000000711 ) ;
#2490 = ORIENTED_EDGE ( 'NONE', *, *, #2190, .T. ) ;
#2491 = EDGE_LOOP ( 'NONE', ( #1058, #3930, #1332, #2185, #3188, #382, #2585, #1569 ) ) ;
#2492 = CARTESIAN_POINT ( 'NONE',  ( 4.299999999999999822, 17.00000000000000000, 7.300000000000004263 ) ) ;
#2493 = DIRECTION ( 'NONE',  ( -0.000000000000000000, 1.000000000000000000, -0.000000000000000000 ) ) ;
#2494 = ORIENTED_EDGE ( 'NONE', *, *, #1317, .T. ) ;
#2495 = LINE ( 'NONE', #2124, #4682 ) ;
#2496 = CIRCLE ( 'NONE', #2178, 4.599999999999996092 ) ;
#2497 = VERTEX_POINT ( 'NONE', #4639 ) ;
#2498 = AXIS2_PLACEMENT_3D ( 'NONE', #1687, #195, #2802 ) ;
#2499 = LINE ( 'NONE', #2150, #2765 ) ;
#2500 = LINE ( 'NONE', #3318, #1570 ) ;
#2501 = CARTESIAN_POINT ( 'NONE',  ( 85.50000000000001421, 4.200000000000000178, 3.091507183936761827 ) ) ;
#2502 = VERTEX_POINT ( 'NONE', #2002 ) ;
#2503 = CARTESIAN_POINT ( 'NONE',  ( -1.700000000000000178, 20.00000000000000000, -7.699999999999993960 ) ) ;
#2504 = CARTESIAN_POINT ( 'NONE',  ( 18.59150718393674850, 1.128136901208081304E-15, 26.50000000000001066 ) ) ;
#2505 = CARTESIAN_POINT ( 'NONE',  ( 12.69999999999999218, 1.627971262070542422E-15, 26.50000000000001066 ) ) ;
#2506 = VERTEX_POINT ( 'NONE', #1229 ) ;
#2507 = DIRECTION ( 'NONE',  ( 1.000000000000000000, 0.000000000000000000, 0.000000000000000000 ) ) ;
#2508 = CIRCLE ( 'NONE', #2346, 40.00000000000000000 ) ;
#2509 = DIRECTION ( 'NONE',  ( 0.000000000000000000, 0.000000000000000000, 1.000000000000000000 ) ) ;
#2510 = EDGE_LOOP ( 'NONE', ( #3287, #4122, #2494, #3736 ) ) ;
#2511 = VERTEX_POINT ( 'NONE', #3515 ) ;
#2512 = FACE_OUTER_BOUND ( 'NONE', #2264, .T. ) ;
#2513 = DIRECTION ( 'NONE',  ( 1.000000000000000000, 0.000000000000000000, 2.973811673103095791E-15 ) ) ;
#2514 = EDGE_CURVE ( 'NONE', #3980, #3517, #2696, .T. ) ;
#2515 = ADVANCED_FACE ( 'NONE', ( #4686 ), #2746, .F. ) ;
#2516 = VERTEX_POINT ( 'NONE', #3908 ) ;
#2517 = EDGE_CURVE ( 'NONE', #1863, #1844, #2934, .T. ) ;
#2518 = CARTESIAN_POINT ( 'NONE',  ( 42.00000000000002132, 1.799999999999999600, -23.00000000000001421 ) ) ;
#2519 = EDGE_LOOP ( 'NONE', ( #430, #3775, #2991, #1368 ) ) ;
#2520 = FACE_OUTER_BOUND ( 'NONE', #1696, .T. ) ;
#2521 = VECTOR ( 'NONE', #90, 1000.000000000000000 ) ;
#2522 = LINE ( 'NONE', #238, #1169 ) ;
#2523 = CYLINDRICAL_SURFACE ( 'NONE', #844, 43.50000000000000711 ) ;
#2524 = ORIENTED_EDGE ( 'NONE', *, *, #355, .T. ) ;
#2525 = PLANE ( 'NONE',  #4486 ) ;
#2526 = CARTESIAN_POINT ( 'NONE',  ( 44.50000000000001421, 0.000000000000000000, -29.00000000000000711 ) ) ;
#2527 = PLANE ( 'NONE',  #957 ) ;
#2528 = VERTEX_POINT ( 'NONE', #4291 ) ;
#2529 = DIRECTION ( 'NONE',  ( 0.000000000000000000, 1.000000000000000000, 0.000000000000000000 ) ) ;
#2530 = CARTESIAN_POINT ( 'NONE',  ( -44.50000000000001421, 0.000000000000000000, 29.00000000000000711 ) ) ;
#2531 = ORIENTED_EDGE ( 'NONE', *, *, #1272, .F. ) ;
#2532 = AXIS2_PLACEMENT_3D ( 'NONE', #415, #1939, #24 ) ;
#2533 = VECTOR ( 'NONE', #2312, 1000.000000000000000 ) ;
#2534 = EDGE_LOOP ( 'NONE', ( #4730, #727, #109, #1523 ) ) ;
#2535 = CARTESIAN_POINT ( 'NONE',  ( -35.50000000000001421, 11.00000000000000000, -2.500000000000000000 ) ) ;
#2536 = CARTESIAN_POINT ( 'NONE',  ( 42.00000000000000711, 15.00000000000000000, 3.091507183936761827 ) ) ;
#2537 = EDGE_CURVE ( 'NONE', #2321, #701, #1110, .T. ) ;
#2538 = ORIENTED_EDGE ( 'NONE', *, *, #2363, .F. ) ;
#2539 = DIRECTION ( 'NONE',  ( 0.000000000000000000, 1.000000000000000000, 0.000000000000000000 ) ) ;
#2540 = CARTESIAN_POINT ( 'NONE',  ( -18.59150718393674850, 11.50000000000000000, 26.50000000000001066 ) ) ;
#2541 = ORIENTED_EDGE ( 'NONE', *, *, #2004, .F. ) ;
#2542 = CARTESIAN_POINT ( 'NONE',  ( -85.50000000000001421, 4.200000000000000178, 2.499999999999999112 ) ) ;
#2543 = DIRECTION ( 'NONE',  ( 0.000000000000000000, 0.000000000000000000, -1.000000000000000000 ) ) ;
#2544 = LINE ( 'NONE', #612, #4414 ) ;
#2545 = VERTEX_POINT ( 'NONE', #1253 ) ;
#2546 = FACE_OUTER_BOUND ( 'NONE', #2418, .T. ) ;
#2547 = DIRECTION ( 'NONE',  ( 0.000000000000000000, 0.000000000000000000, -1.000000000000000000 ) ) ;
#2548 = DIRECTION ( 'NONE',  ( -0.000000000000000000, 1.000000000000000000, -0.000000000000000000 ) ) ;
#2549 = EDGE_LOOP ( 'NONE', ( #251, #4245, #3019, #1621 ) ) ;
#2550 = EDGE_CURVE ( 'NONE', #455, #4170, #880, .T. ) ;
#2551 = ADVANCED_FACE ( 'NONE', ( #1279 ), #836, .F. ) ;
#2552 = CARTESIAN_POINT ( 'NONE',  ( -42.00000000000002132, 1.799999999999999600, -23.00000000000000355 ) ) ;
#2553 = ORIENTED_EDGE ( 'NONE', *, *, #962, .T. ) ;
#2554 = FACE_OUTER_BOUND ( 'NONE', #595, .T. ) ;
#2555 = VERTEX_POINT ( 'NONE', #2396 ) ;
#2556 = EDGE_CURVE ( 'NONE', #2560, #3583, #4616, .T. ) ;
#2557 = CIRCLE ( 'NONE', #1771, 2.500000000000005773 ) ;
#2558 = CARTESIAN_POINT ( 'NONE',  ( -40.63865308473845062, -2.499999999999999112, -26.50000000000000711 ) ) ;
#2559 = AXIS2_PLACEMENT_3D ( 'NONE', #4463, #3416, #1154 ) ;
#2560 = VERTEX_POINT ( 'NONE', #164 ) ;
#2561 = EDGE_CURVE ( 'NONE', #3522, #149, #4526, .T. ) ;
#2562 = ORIENTED_EDGE ( 'NONE', *, *, #1842, .F. ) ;
#2563 = CARTESIAN_POINT ( 'NONE',  ( -44.50000000000001421, 11.00000000000000000, -34.50000000000000000 ) ) ;
#2564 = DIRECTION ( 'NONE',  ( 1.040834085586084257E-15, 0.000000000000000000, 1.000000000000000000 ) ) ;
#2565 = ORIENTED_EDGE ( 'NONE', *, *, #2618, .T. ) ;
#2566 = CARTESIAN_POINT ( 'NONE',  ( 45.50000000000001421, 9.929705247428540105, 3.091507183936761827 ) ) ;
#2567 = DIRECTION ( 'NONE',  ( 0.000000000000000000, 0.000000000000000000, 1.000000000000000000 ) ) ;
#2568 = FACE_OUTER_BOUND ( 'NONE', #4750, .T. ) ;
#2569 = DIRECTION ( 'NONE',  ( 0.000000000000000000, -1.000000000000000000, 1.084202172485504434E-16 ) ) ;
#2570 = VERTEX_POINT ( 'NONE', #3167 ) ;
#2571 = MECHANICAL_DESIGN_GEOMETRIC_PRESENTATION_REPRESENTATION (  '', ( #1785 ), #2103 ) ;
#2572 = LINE ( 'NONE', #688, #4389 ) ;
#2573 = VECTOR ( 'NONE', #4248, 1000.000000000000000 ) ;
#2574 = DIRECTION ( 'NONE',  ( 0.000000000000000000, -0.000000000000000000, -1.000000000000000000 ) ) ;
#2575 = ADVANCED_FACE ( 'NONE', ( #2794 ), #4312, .T. ) ;
#2576 = ADVANCED_FACE ( 'NONE', ( #3933 ), #2345, .F. ) ;
#2577 = CARTESIAN_POINT ( 'NONE',  ( -44.50000000000001421, -22.00000000000000355, 31.50000000000001421 ) ) ;
#2578 = CARTESIAN_POINT ( 'NONE',  ( 45.50000000000001421, 4.200000000000000178, -26.50000000000000711 ) ) ;
#2579 = ORIENTED_EDGE ( 'NONE', *, *, #695, .F. ) ;
#2580 = EDGE_CURVE ( 'NONE', #720, #2423, #2322, .T. ) ;
#2581 = FACE_OUTER_BOUND ( 'NONE', #1897, .T. ) ;
#2582 = ORIENTED_EDGE ( 'NONE', *, *, #1816, .F. ) ;
#2583 = DIRECTION ( 'NONE',  ( 0.000000000000000000, -0.000000000000000000, -1.000000000000000000 ) ) ;
#2584 = EDGE_CURVE ( 'NONE', #1071, #4084, #1606, .T. ) ;
#2585 = ORIENTED_EDGE ( 'NONE', *, *, #3068, .T. ) ;
#2586 = AXIS2_PLACEMENT_3D ( 'NONE', #2597, #1837, #1084 ) ;
#2587 = CARTESIAN_POINT ( 'NONE',  ( 51.68556701030929901, 15.00000000000000000, -24.45933631058685620 ) ) ;
#2588 = AXIS2_PLACEMENT_3D ( 'NONE', #4115, #4921, #3420 ) ;
#2589 = CARTESIAN_POINT ( 'NONE',  ( 45.50000000000001421, 4.200000000000000178, -30.00000000000000711 ) ) ;
#2590 = ORIENTED_EDGE ( 'NONE', *, *, #4712, .T. ) ;
#2591 = CARTESIAN_POINT ( 'NONE',  ( 85.50000000000001421, 4.200000000000000178, 3.091507183936761827 ) ) ;
#2592 = ADVANCED_FACE ( 'NONE', ( #4264, #2373 ), #3886, .T. ) ;
#2593 = CARTESIAN_POINT ( 'NONE',  ( 0.000000000000000000, 20.00000000000000000, 0.000000000000000000 ) ) ;
#2594 = ORIENTED_EDGE ( 'NONE', *, *, #4747, .T. ) ;
#2595 = DIRECTION ( 'NONE',  ( -0.000000000000000000, -1.000000000000000000, -0.000000000000000000 ) ) ;
#2596 = DIRECTION ( 'NONE',  ( 0.000000000000000000, 1.000000000000000000, 0.000000000000000000 ) ) ;
#2597 = CARTESIAN_POINT ( 'NONE',  ( -85.50000000000001421, 15.00000000000000000, 3.091507183936761827 ) ) ;
#2598 = ORIENTED_EDGE ( 'NONE', *, *, #4126, .F. ) ;
#2599 = AXIS2_PLACEMENT_3D ( 'NONE', #1511, #3744, #3377 ) ;
#2600 = DIRECTION ( 'NONE',  ( 0.000000000000000000, -1.000000000000000000, 0.000000000000000000 ) ) ;
#2601 = CARTESIAN_POINT ( 'NONE',  ( 46.16061079728113725, 15.00000000000000000, 10.33115200650949284 ) ) ;
#2602 = CARTESIAN_POINT ( 'NONE',  ( 45.50000000000001421, 4.200000000000000178, -30.00000000000000711 ) ) ;
#2603 = ORIENTED_EDGE ( 'NONE', *, *, #2442, .T. ) ;
#2604 = AXIS2_PLACEMENT_3D ( 'NONE', #2918, #2107, #2543 ) ;
#2605 = CIRCLE ( 'NONE', #3476, 8.500000000000010658 ) ;
#2606 = CARTESIAN_POINT ( 'NONE',  ( 44.50000000000001421, 11.50000000000000000, 29.00000000000000711 ) ) ;
#2607 = EDGE_CURVE ( 'NONE', #2344, #2691, #3987, .T. ) ;
#2608 = ORIENTED_EDGE ( 'NONE', *, *, #930, .T. ) ;
#2609 = CARTESIAN_POINT ( 'NONE',  ( 44.50000000000001421, -2.499999999999999112, 29.00000000000000711 ) ) ;
#2610 = EDGE_CURVE ( 'NONE', #4744, #3382, #1678, .T. ) ;
#2611 = DIRECTION ( 'NONE',  ( 0.000000000000000000, 0.000000000000000000, -1.000000000000000000 ) ) ;
#2612 = EDGE_LOOP ( 'NONE', ( #3015, #4685, #3752, #954 ) ) ;
#2613 = AXIS2_PLACEMENT_3D ( 'NONE', #1188, #3817, #2703 ) ;
#2614 = DIRECTION ( 'NONE',  ( 0.000000000000000000, 0.000000000000000000, 1.000000000000000000 ) ) ;
#2615 = CARTESIAN_POINT ( 'NONE',  ( 0.7000000000000061728, -8.450062914116743564E-16, -26.50000000000000711 ) ) ;
#2616 = AXIS2_PLACEMENT_3D ( 'NONE', #707, #4856, #4482 ) ;
#2617 = ORIENTED_EDGE ( 'NONE', *, *, #2404, .F. ) ;
#2618 = EDGE_CURVE ( 'NONE', #3012, #4026, #935, .T. ) ;
#2619 = ADVANCED_FACE ( 'NONE', ( #1028 ), #4053, .F. ) ;
#2620 = DIRECTION ( 'NONE',  ( 0.000000000000000000, -1.000000000000000000, 0.000000000000000000 ) ) ;
#2621 = CIRCLE ( 'NONE', #3255, 2.500000000000002220 ) ;
#2622 = ORIENTED_EDGE ( 'NONE', *, *, #4476, .F. ) ;
#2623 = CARTESIAN_POINT ( 'NONE',  ( -46.77808110350505899, 15.00000000000000000, -22.91227904007968519 ) ) ;
#2624 = CARTESIAN_POINT ( 'NONE',  ( 85.50000000000001421, 15.00000000000000000, -3.091507183936761827 ) ) ;
#2625 = ORIENTED_EDGE ( 'NONE', *, *, #3591, .F. ) ;
#2626 = AXIS2_PLACEMENT_3D ( 'NONE', #1157, #787, #431 ) ;
#2627 = CARTESIAN_POINT ( 'NONE',  ( 18.59150718393674495, 15.00000000000000000, -30.00000000000000711 ) ) ;
#2628 = EDGE_CURVE ( 'NONE', #4011, #1877, #2888, .T. ) ;
#2629 = FACE_OUTER_BOUND ( 'NONE', #4257, .T. ) ;
#2630 = LINE ( 'NONE', #4870, #384 ) ;
#2631 = CARTESIAN_POINT ( 'NONE',  ( 44.50000000000001421, 15.00000000000000000, -29.00000000000001776 ) ) ;
#2632 = ORIENTED_EDGE ( 'NONE', *, *, #2320, .F. ) ;
#2633 = LINE ( 'NONE', #3773, #3089 ) ;
#2634 = EDGE_CURVE ( 'NONE', #2718, #782, #3581, .T. ) ;
#2635 = DIRECTION ( 'NONE',  ( 0.000000000000000000, 0.000000000000000000, -1.000000000000000000 ) ) ;
#2636 = CARTESIAN_POINT ( 'NONE',  ( 0.000000000000000000, 0.000000000000000000, 28.00000000000001066 ) ) ;
#2637 = VERTEX_POINT ( 'NONE', #2518 ) ;
#2638 = DIRECTION ( 'NONE',  ( 0.000000000000000000, -0.000000000000000000, -1.000000000000000000 ) ) ;
#2639 = DIRECTION ( 'NONE',  ( 0.000000000000000000, 0.000000000000000000, 1.000000000000000000 ) ) ;
#2640 = ORIENTED_EDGE ( 'NONE', *, *, #4179, .F. ) ;
#2641 = EDGE_CURVE ( 'NONE', #128, #3401, #581, .T. ) ;
#2642 = VECTOR ( 'NONE', #4262, 1000.000000000000000 ) ;
#2643 = VECTOR ( 'NONE', #786, 1000.000000000000000 ) ;
#2644 = CARTESIAN_POINT ( 'NONE',  ( -11.69999999999999396, 6.735557395310434135E-16, -11.87707736052349539 ) ) ;
#2645 = ORIENTED_EDGE ( 'NONE', *, *, #2517, .F. ) ;
#2646 = CARTESIAN_POINT ( 'NONE',  ( -44.50000000000001421, -2.499999999999999112, -33.60000000000000142 ) ) ;
#2647 = VECTOR ( 'NONE', #643, 1000.000000000000000 ) ;
#2648 = VECTOR ( 'NONE', #907, 1000.000000000000000 ) ;
#2649 = DIRECTION ( 'NONE',  ( 0.000000000000000000, 0.000000000000000000, 1.000000000000000000 ) ) ;
#2650 = VERTEX_POINT ( 'NONE', #3263 ) ;
#2651 = DIRECTION ( 'NONE',  ( 0.000000000000000000, 0.000000000000000000, -1.000000000000000000 ) ) ;
#2652 = DIRECTION ( 'NONE',  ( -0.000000000000000000, 1.000000000000000000, -0.000000000000000000 ) ) ;
#2653 = LINE ( 'NONE', #1510, #4597 ) ;
#2654 = VECTOR ( 'NONE', #1196, 1000.000000000000000 ) ;
#2655 = CARTESIAN_POINT ( 'NONE',  ( -42.00000000000000711, 15.00000000000000000, 3.091507183936761827 ) ) ;
#2656 = ORIENTED_EDGE ( 'NONE', *, *, #4867, .F. ) ;
#2657 = FACE_OUTER_BOUND ( 'NONE', #3943, .T. ) ;
#2658 = EDGE_CURVE ( 'NONE', #3264, #2691, #2495, .T. ) ;
#2659 = DIRECTION ( 'NONE',  ( 0.000000000000000000, 0.000000000000000000, -1.000000000000000000 ) ) ;
#2660 = FACE_BOUND ( 'NONE', #755, .T. ) ;
#2661 = VERTEX_POINT ( 'NONE', #1705 ) ;
#2662 = EDGE_LOOP ( 'NONE', ( #2285, #4777, #1085, #932, #504, #3336, #570, #3703 ) ) ;
#2663 = LINE ( 'NONE', #3732, #1377 ) ;
#2664 = ORIENTED_EDGE ( 'NONE', *, *, #2141, .F. ) ;
#2665 = LINE ( 'NONE', #1199, #1861 ) ;
#2666 = EDGE_CURVE ( 'NONE', #4778, #3514, #2102, .T. ) ;
#2667 = VERTEX_POINT ( 'NONE', #2472 ) ;
#2668 = CARTESIAN_POINT ( 'NONE',  ( -36.08101651390109765, 11.50000000000000000, -30.17077626419152026 ) ) ;
#2669 = EDGE_CURVE ( 'NONE', #2123, #1142, #234, .T. ) ;
#2670 = CARTESIAN_POINT ( 'NONE',  ( -85.50000000000001421, 4.200000000000000178, 3.091507183936761827 ) ) ;
#2671 = ORIENTED_EDGE ( 'NONE', *, *, #1740, .F. ) ;
#2672 = CARTESIAN_POINT ( 'NONE',  ( -45.50000000000001421, 4.200000000000000178, 30.00000000000001066 ) ) ;
#2673 = CARTESIAN_POINT ( 'NONE',  ( 4.299999999999999822, 20.00000000000000000, 19.00000000000000355 ) ) ;
#2674 = LINE ( 'NONE', #4192, #1654 ) ;
#2675 = CARTESIAN_POINT ( 'NONE',  ( 44.50000000000001421, 0.000000000000000000, -29.00000000000000711 ) ) ;
#2676 = VERTEX_POINT ( 'NONE', #3617 ) ;
#2677 = CARTESIAN_POINT ( 'NONE',  ( 42.01169927978224194, 8.846909819787233786, 4.127443938386259781 ) ) ;
#2678 = CARTESIAN_POINT ( 'NONE',  ( 44.50000000000001421, 0.000000000000000000, -24.40000000000000924 ) ) ;
#2679 = VECTOR ( 'NONE', #1882, 1000.000000000000000 ) ;
#2680 = LINE ( 'NONE', #4, #1350 ) ;
#2681 = CYLINDRICAL_SURFACE ( 'NONE', #1031, 1.000000000000002665 ) ;
#2682 = ORIENTED_EDGE ( 'NONE', *, *, #637, .T. ) ;
#2683 = AXIS2_PLACEMENT_3D ( 'NONE', #1710, #237, #1007 ) ;
#2684 = VERTEX_POINT ( 'NONE', #212 ) ;
#2685 = AXIS2_PLACEMENT_3D ( 'NONE', #1583, #3862, #2057 ) ;
#2686 = EDGE_CURVE ( 'NONE', #1319, #701, #2819, .T. ) ;
#2687 = DIRECTION ( 'NONE',  ( 0.000000000000000000, 1.000000000000000000, 0.000000000000000000 ) ) ;
#2688 = ORIENTED_EDGE ( 'NONE', *, *, #3911, .T. ) ;
#2689 = DIRECTION ( 'NONE',  ( 0.000000000000000000, -1.000000000000000000, 0.000000000000000000 ) ) ;
#2690 = EDGE_CURVE ( 'NONE', #4231, #4902, #651, .T. ) ;
#2691 = VERTEX_POINT ( 'NONE', #4713 ) ;
#2692 = VECTOR ( 'NONE', #771, 1000.000000000000000 ) ;
#2693 = VECTOR ( 'NONE', #4809, 1000.000000000000000 ) ;
#2694 = DIRECTION ( 'NONE',  ( 0.000000000000000000, -0.000000000000000000, -1.000000000000000000 ) ) ;
#2695 = EDGE_LOOP ( 'NONE', ( #211, #1443, #3750, #3558 ) ) ;
#2696 = LINE ( 'NONE', #57, #608 ) ;
#2697 = CIRCLE ( 'NONE', #4207, 1.000000000000002665 ) ;
#2698 = ORIENTED_EDGE ( 'NONE', *, *, #153, .T. ) ;
#2699 = CARTESIAN_POINT ( 'NONE',  ( 45.50000000000001421, 0.000000000000000000, -26.50000000000000711 ) ) ;
#2700 = FACE_OUTER_BOUND ( 'NONE', #4656, .T. ) ;
#2701 = DIRECTION ( 'NONE',  ( -0.000000000000000000, 1.000000000000000000, -0.000000000000000000 ) ) ;
#2702 = VERTEX_POINT ( 'NONE', #961 ) ;
#2703 = DIRECTION ( 'NONE',  ( 0.000000000000000000, 0.000000000000000000, -1.000000000000000000 ) ) ;
#2704 = DIRECTION ( 'NONE',  ( 1.000000000000000000, -1.334402673828313339E-16, -0.000000000000000000 ) ) ;
#2705 = EDGE_CURVE ( 'NONE', #4725, #1213, #4009, .T. ) ;
#2706 = CARTESIAN_POINT ( 'NONE',  ( -42.00000000000000711, 4.200000000000000178, 30.00000000000001066 ) ) ;
#2707 = DIRECTION ( 'NONE',  ( -0.000000000000000000, -1.000000000000000000, -0.000000000000000000 ) ) ;
#2708 = ORIENTED_EDGE ( 'NONE', *, *, #1579, .F. ) ;
#2709 = ADVANCED_FACE ( 'NONE', ( #2866 ), #1729, .T. ) ;
#2710 = DIRECTION ( 'NONE',  ( 0.000000000000000000, 0.000000000000000000, -1.000000000000000000 ) ) ;
#2711 = DIRECTION ( 'NONE',  ( 0.000000000000000000, 0.000000000000000000, -1.000000000000000000 ) ) ;
#2712 = ORIENTED_EDGE ( 'NONE', *, *, #1930, .F. ) ;
#2713 = ADVANCED_FACE ( 'NONE', ( #2168 ), #1756, .F. ) ;
#2714 = CARTESIAN_POINT ( 'NONE',  ( -11.69999999999999396, 6.735557395310434135E-16, -26.50000000000000711 ) ) ;
#2715 = EDGE_CURVE ( 'NONE', #3135, #3833, #2148, .T. ) ;
#2716 = VERTEX_POINT ( 'NONE', #1076 ) ;
#2717 = LINE ( 'NONE', #426, #99 ) ;
#2718 = VERTEX_POINT ( 'NONE', #1940 ) ;
#2719 = AXIS2_PLACEMENT_3D ( 'NONE', #2535, #3308, #4096 ) ;
#2720 = VECTOR ( 'NONE', #210, 1000.000000000000000 ) ;
#2721 = ORIENTED_EDGE ( 'NONE', *, *, #3656, .F. ) ;
#2722 = CIRCLE ( 'NONE', #3995, 8.500000000000010658 ) ;
#2723 = CIRCLE ( 'NONE', #260, 2.500000000000005773 ) ;
#2724 = DIRECTION ( 'NONE',  ( 0.000000000000000000, -1.000000000000000000, 0.000000000000000000 ) ) ;
#2725 = LINE ( 'NONE', #459, #702 ) ;
#2726 = CARTESIAN_POINT ( 'NONE',  ( -44.50000000000001421, 1.800000000000000044, 29.00000000000000711 ) ) ;
#2727 = ORIENTED_EDGE ( 'NONE', *, *, #1334, .F. ) ;
#2728 = CARTESIAN_POINT ( 'NONE',  ( 55.50000000000001421, 6.000000000000000000, 5.000000000000000000 ) ) ;
#2729 = EDGE_CURVE ( 'NONE', #4022, #3012, #713, .T. ) ;
#2730 = EDGE_CURVE ( 'NONE', #937, #1224, #4076, .T. ) ;
#2731 = DIRECTION ( 'NONE',  ( -4.380617892835525677E-16, 0.000000000000000000, -1.000000000000000000 ) ) ;
#2732 = ADVANCED_FACE ( 'NONE', ( #46 ), #3474, .F. ) ;
#2733 = CARTESIAN_POINT ( 'NONE',  ( 38.41227904007969585, 0.000000000000000000, -31.27808110350507320 ) ) ;
#2734 = LINE ( 'NONE', #3550, #2142 ) ;
#2735 = CARTESIAN_POINT ( 'NONE',  ( 44.50000000000001421, 11.00000000000000000, -23.50000000000001421 ) ) ;
#2736 = ORIENTED_EDGE ( 'NONE', *, *, #244, .F. ) ;
#2737 = FACE_OUTER_BOUND ( 'NONE', #4002, .T. ) ;
#2738 = AXIS2_PLACEMENT_3D ( 'NONE', #2986, #2244, #4877 ) ;
#2739 = VECTOR ( 'NONE', #3126, 1000.000000000000000 ) ;
#2740 = CARTESIAN_POINT ( 'NONE',  ( -44.50000000000001421, 0.000000000000000000, -29.00000000000000711 ) ) ;
#2741 = VERTEX_POINT ( 'NONE', #1564 ) ;
#2742 = DIRECTION ( 'NONE',  ( -0.000000000000000000, -1.000000000000000000, -0.000000000000000000 ) ) ;
#2743 = EDGE_LOOP ( 'NONE', ( #1080, #736, #1412, #2118 ) ) ;
#2744 = DIRECTION ( 'NONE',  ( 0.000000000000000000, 1.000000000000000000, 0.000000000000000000 ) ) ;
#2745 = ORIENTED_EDGE ( 'NONE', *, *, #1335, .T. ) ;
#2746 = PLANE ( 'NONE',  #1 ) ;
#2747 = VECTOR ( 'NONE', #2156, 1000.000000000000000 ) ;
#2748 = VERTEX_POINT ( 'NONE', #417 ) ;
#2749 = DIRECTION ( 'NONE',  ( -0.000000000000000000, 1.000000000000000000, -0.000000000000000000 ) ) ;
#2750 = LINE ( 'NONE', #3571, #543 ) ;
#2751 = CARTESIAN_POINT ( 'NONE',  ( -11.69999999999999396, 6.735557395310434135E-16, -26.50000000000000711 ) ) ;
#2752 = ORIENTED_EDGE ( 'NONE', *, *, #4004, .F. ) ;
#2753 = CARTESIAN_POINT ( 'NONE',  ( -42.60535781051601134, 15.00000000000000000, -10.32335836023588271 ) ) ;
#2754 = CARTESIAN_POINT ( 'NONE',  ( 45.50000000000001421, 0.000000000000000000, 30.00000000000001066 ) ) ;
#2755 = CARTESIAN_POINT ( 'NONE',  ( 44.50000000000001421, 0.000000000000000000, 29.00000000000000711 ) ) ;
#2756 = DIRECTION ( 'NONE',  ( 0.000000000000000000, 0.000000000000000000, 1.000000000000000000 ) ) ;
#2757 = ORIENTED_EDGE ( 'NONE', *, *, #422, .T. ) ;
#2758 = CARTESIAN_POINT ( 'NONE',  ( 44.50000000000001421, -22.00000000000000355, 29.00000000000000711 ) ) ;
#2759 = AXIS2_PLACEMENT_3D ( 'NONE', #4837, #1358, #2850 ) ;
#2760 = AXIS2_PLACEMENT_3D ( 'NONE', #485, #3520, #892 ) ;
#2761 = FACE_OUTER_BOUND ( 'NONE', #981, .T. ) ;
#2762 = EDGE_LOOP ( 'NONE', ( #3443, #3552, #2837, #2050 ) ) ;
#2763 = ORIENTED_EDGE ( 'NONE', *, *, #4185, .F. ) ;
#2764 = VECTOR ( 'NONE', #3419, 1000.000000000000000 ) ;
#2765 = VECTOR ( 'NONE', #4012, 1000.000000000000000 ) ;
#2766 = CARTESIAN_POINT ( 'NONE',  ( -44.50000000000001421, 1.800000000000000044, 20.49999999999999645 ) ) ;
#2767 = ORIENTED_EDGE ( 'NONE', *, *, #2217, .F. ) ;
#2768 = FACE_OUTER_BOUND ( 'NONE', #4424, .T. ) ;
#2769 = EDGE_CURVE ( 'NONE', #2545, #179, #2776, .T. ) ;
#2770 = ORIENTED_EDGE ( 'NONE', *, *, #4345, .T. ) ;
#2771 = CARTESIAN_POINT ( 'NONE',  ( -44.50000000000001421, 1.800000000000000044, -29.00000000000000711 ) ) ;
#2772 = EDGE_CURVE ( 'NONE', #2867, #420, #4442, .T. ) ;
#2773 = EDGE_LOOP ( 'NONE', ( #4409, #4473, #1153, #3678 ) ) ;
#2774 = LINE ( 'NONE', #533, #1354 ) ;
#2775 = CARTESIAN_POINT ( 'NONE',  ( -44.50000000000001421, 11.00000000000000000, -31.50000000000001421 ) ) ;
#2776 = CIRCLE ( 'NONE', #629, 43.50000000000000711 ) ;
#2777 = FACE_OUTER_BOUND ( 'NONE', #1038, .T. ) ;
#2778 = ORIENTED_EDGE ( 'NONE', *, *, #762, .F. ) ;
#2779 = LINE ( 'NONE', #2753, #1872 ) ;
#2780 = CARTESIAN_POINT ( 'NONE',  ( 44.50000000000001421, -2.499999999999999112, -29.00000000000000711 ) ) ;
#2781 = CYLINDRICAL_SURFACE ( 'NONE', #4525, 4.599999999999996092 ) ;
#2782 = CYLINDRICAL_SURFACE ( 'NONE', #1983, 5.499999999999994671 ) ;
#2783 = ORIENTED_EDGE ( 'NONE', *, *, #3959, .T. ) ;
#2784 = EDGE_CURVE ( 'NONE', #149, #4430, #3734, .T. ) ;
#2785 = CARTESIAN_POINT ( 'NONE',  ( 6.000000000000000888, 20.00000000000000000, 12.00000000000000178 ) ) ;
#2786 =( LENGTH_UNIT ( ) NAMED_UNIT ( * ) SI_UNIT ( .MILLI., .METRE. ) );
#2787 = ORIENTED_EDGE ( 'NONE', *, *, #3186, .F. ) ;
#2788 = ORIENTED_EDGE ( 'NONE', *, *, #1349, .F. ) ;
#2789 = CYLINDRICAL_SURFACE ( 'NONE', #984, 8.500000000000010658 ) ;
#2790 = ORIENTED_EDGE ( 'NONE', *, *, #1547, .T. ) ;
#2791 = DIRECTION ( 'NONE',  ( 0.000000000000000000, 0.000000000000000000, 1.000000000000000000 ) ) ;
#2792 = ADVANCED_FACE ( 'NONE', ( #1965 ), #3340, .T. ) ;
#2793 = ORIENTED_EDGE ( 'NONE', *, *, #2217, .T. ) ;
#2794 = FACE_OUTER_BOUND ( 'NONE', #4663, .T. ) ;
#2795 = EDGE_LOOP ( 'NONE', ( #3918, #1145, #3468, #1685, #453, #4860, #2793, #5 ) ) ;
#2796 = DIRECTION ( 'NONE',  ( 0.000000000000000000, 0.000000000000000000, -1.000000000000000000 ) ) ;
#2797 = DIRECTION ( 'NONE',  ( -0.000000000000000000, -1.000000000000000000, 0.000000000000000000 ) ) ;
#2798 = DIRECTION ( 'NONE',  ( 0.000000000000000000, 0.000000000000000000, -1.000000000000000000 ) ) ;
#2799 = VERTEX_POINT ( 'NONE', #3847 ) ;
#2800 = VECTOR ( 'NONE', #3164, 1000.000000000000000 ) ;
#2801 = CIRCLE ( 'NONE', #3516, 4.599999999999996092 ) ;
#2802 = DIRECTION ( 'NONE',  ( 0.000000000000000000, -0.000000000000000000, 1.000000000000000000 ) ) ;
#2803 = AXIS2_PLACEMENT_3D ( 'NONE', #562, #867, #1257 ) ;
#2804 = DIRECTION ( 'NONE',  ( 0.000000000000000000, 0.000000000000000000, 1.000000000000000000 ) ) ;
#2805 = CARTESIAN_POINT ( 'NONE',  ( -44.50000000000001421, 11.50000000000000000, 20.49999999999999645 ) ) ;
#2806 = LINE ( 'NONE', #2018, #4123 ) ;
#2807 = EDGE_LOOP ( 'NONE', ( #1126, #4533, #2130, #3355, #3733, #4421 ) ) ;
#2808 = ADVANCED_FACE ( 'NONE', ( #3311 ), #2940, .F. ) ;
#2809 = CARTESIAN_POINT ( 'NONE',  ( 0.000000000000000000, 11.50000000000000000, -3.999999999999995559 ) ) ;
#2810 = LINE ( 'NONE', #4378, #912 ) ;
#2811 = VERTEX_POINT ( 'NONE', #1050 ) ;
#2812 = VERTEX_POINT ( 'NONE', #3078 ) ;
#2813 = AXIS2_PLACEMENT_3D ( 'NONE', #804, #523, #4255 ) ;
#2814 = VECTOR ( 'NONE', #3970, 1000.000000000000000 ) ;
#2815 = FACE_BOUND ( 'NONE', #2095, .T. ) ;
#2816 = ORIENTED_EDGE ( 'NONE', *, *, #974, .F. ) ;
#2817 = DIRECTION ( 'NONE',  ( 0.000000000000000000, 0.000000000000000000, -1.000000000000000000 ) ) ;
#2818 = VERTEX_POINT ( 'NONE', #2735 ) ;
#2819 = LINE ( 'NONE', #2843, #4288 ) ;
#2820 = AXIS2_PLACEMENT_3D ( 'NONE', #219, #590, #2574 ) ;
#2821 = ADVANCED_FACE ( 'NONE', ( #4252 ), #680, .F. ) ;
#2822 = VERTEX_POINT ( 'NONE', #2357 ) ;
#2823 = CARTESIAN_POINT ( 'NONE',  ( 42.00000000000001421, -2.499999999999999112, 25.13865308473844351 ) ) ;
#2824 = ADVANCED_FACE ( 'NONE', ( #3106 ), #4830, .F. ) ;
#2825 = CARTESIAN_POINT ( 'NONE',  ( 15.20000000000000107, 4.200000000000000178, -26.50000000000000711 ) ) ;
#2826 = CIRCLE ( 'NONE', #3143, 6.499999999999999112 ) ;
#2827 = DIRECTION ( 'NONE',  ( 0.000000000000000000, -0.000000000000000000, 1.000000000000000000 ) ) ;
#2828 = ORIENTED_EDGE ( 'NONE', *, *, #695, .T. ) ;
#2829 = DIRECTION ( 'NONE',  ( -0.000000000000000000, -1.000000000000000000, -0.000000000000000000 ) ) ;
#2830 = EDGE_CURVE ( 'NONE', #870, #2279, #3726, .T. ) ;
#2831 = CARTESIAN_POINT ( 'NONE',  ( -44.50000000000001421, -22.00000000000000355, -31.50000000000001421 ) ) ;
#2832 = DIRECTION ( 'NONE',  ( 0.000000000000000000, 0.000000000000000000, -1.000000000000000000 ) ) ;
#2833 = ORIENTED_EDGE ( 'NONE', *, *, #4405, .F. ) ;
#2834 = CARTESIAN_POINT ( 'NONE',  ( 44.50000000000001421, 15.00000000000000000, 29.00000000000000711 ) ) ;
#2835 = DIRECTION ( 'NONE',  ( -1.000000000000000000, -0.000000000000000000, -0.000000000000000000 ) ) ;
#2836 = VERTEX_POINT ( 'NONE', #1163 ) ;
#2837 = ORIENTED_EDGE ( 'NONE', *, *, #4376, .T. ) ;
#2838 = EDGE_CURVE ( 'NONE', #4091, #3885, #2966, .T. ) ;
#2839 = FACE_BOUND ( 'NONE', #4304, .T. ) ;
#2840 = ORIENTED_EDGE ( 'NONE', *, *, #1014, .F. ) ;
#2841 = CARTESIAN_POINT ( 'NONE',  ( 18.59150718393674495, 11.50000000000000000, -26.50000000000000711 ) ) ;
#2842 = ORIENTED_EDGE ( 'NONE', *, *, #975, .T. ) ;
#2843 = CARTESIAN_POINT ( 'NONE',  ( -44.50000000000001421, 15.00000000000000000, -37.50000000000002132 ) ) ;
#2844 = CIRCLE ( 'NONE', #2288, 4.599999999999996092 ) ;
#2845 = VECTOR ( 'NONE', #3065, 1000.000000000000000 ) ;
#2846 = ADVANCED_FACE ( 'NONE', ( #4510 ), #2681, .F. ) ;
#2847 = EDGE_LOOP ( 'NONE', ( #2214, #2176, #3166, #775 ) ) ;
#2848 = CARTESIAN_POINT ( 'NONE',  ( -44.50000000000001421, 0.000000000000000000, -37.50000000000002132 ) ) ;
#2849 = DIRECTION ( 'NONE',  ( 0.000000000000000000, 0.000000000000000000, -1.000000000000000000 ) ) ;
#2850 = DIRECTION ( 'NONE',  ( 0.000000000000000000, 0.000000000000000000, 1.000000000000000000 ) ) ;
#2851 = ORIENTED_EDGE ( 'NONE', *, *, #1317, .F. ) ;
#2852 = CARTESIAN_POINT ( 'NONE',  ( -44.50000000000001421, 11.00000000000000000, -23.50000000000001421 ) ) ;
#2853 = VECTOR ( 'NONE', #1889, 1000.000000000000000 ) ;
#2854 = VECTOR ( 'NONE', #2079, 1000.000000000000000 ) ;
#2855 = DIRECTION ( 'NONE',  ( -1.000000000000000000, 0.000000000000000000, 2.973811673103095791E-15 ) ) ;
#2856 = DIRECTION ( 'NONE',  ( 0.000000000000000000, -1.000000000000000000, 0.000000000000000000 ) ) ;
#2857 = ORIENTED_EDGE ( 'NONE', *, *, #87, .T. ) ;
#2858 = CARTESIAN_POINT ( 'NONE',  ( -18.59150718393674495, 1.799999999999999600, 70.00000000000000000 ) ) ;
#2859 = AXIS2_PLACEMENT_3D ( 'NONE', #1340, #2856, #121 ) ;
#2860 = CARTESIAN_POINT ( 'NONE',  ( -44.50000000000001421, 39.04163056034264656, 29.00000000000000711 ) ) ;
#2861 = ORIENTED_EDGE ( 'NONE', *, *, #2215, .T. ) ;
#2862 = ORIENTED_EDGE ( 'NONE', *, *, #3949, .T. ) ;
#2863 = CARTESIAN_POINT ( 'NONE',  ( 44.50000000000001421, -2.499999999999999112, 29.00000000000000711 ) ) ;
#2864 = FACE_OUTER_BOUND ( 'NONE', #70, .T. ) ;
#2865 = ORIENTED_EDGE ( 'NONE', *, *, #1369, .T. ) ;
#2866 = FACE_OUTER_BOUND ( 'NONE', #4073, .T. ) ;
#2867 = VERTEX_POINT ( 'NONE', #2334 ) ;
#2868 = DIRECTION ( 'NONE',  ( 0.000000000000000000, 0.000000000000000000, -1.000000000000000000 ) ) ;
#2869 = DIRECTION ( 'NONE',  ( 0.000000000000000000, -1.000000000000000000, 0.000000000000000000 ) ) ;
#2870 = DIRECTION ( 'NONE',  ( -1.000000000000000000, 0.000000000000000000, -2.548539915181709582E-15 ) ) ;
#2871 = ORIENTED_EDGE ( 'NONE', *, *, #2514, .F. ) ;
#2872 = DIRECTION ( 'NONE',  ( 0.000000000000000000, 0.000000000000000000, -1.000000000000000000 ) ) ;
#2873 = CARTESIAN_POINT ( 'NONE',  ( -44.50000000000001421, -2.499999999999999112, -29.00000000000000711 ) ) ;
#2874 = DIRECTION ( 'NONE',  ( 0.000000000000000000, 0.000000000000000000, -1.000000000000000000 ) ) ;
#2875 = ORIENTED_EDGE ( 'NONE', *, *, #2517, .T. ) ;
#2876 = VECTOR ( 'NONE', #1459, 1000.000000000000000 ) ;
#2877 = FACE_OUTER_BOUND ( 'NONE', #2807, .T. ) ;
#2878 = ADVANCED_FACE ( 'NONE', ( #3153 ), #2039, .T. ) ;
#2879 = EDGE_CURVE ( 'NONE', #3136, #4467, #1750, .T. ) ;
#2880 = ADVANCED_FACE ( 'NONE', ( #970 ), #3923, .F. ) ;
#2881 = VECTOR ( 'NONE', #1544, 1000.000000000000000 ) ;
#2882 = FACE_OUTER_BOUND ( 'NONE', #4355, .T. ) ;
#2883 = ORIENTED_EDGE ( 'NONE', *, *, #1552, .F. ) ;
#2884 = VERTEX_POINT ( 'NONE', #947 ) ;
#2885 = LINE ( 'NONE', #3585, #3277 ) ;
#2886 = CARTESIAN_POINT ( 'NONE',  ( 45.67077626419152381, 11.50000000000000000, -20.58101651390109765 ) ) ;
#2887 = ORIENTED_EDGE ( 'NONE', *, *, #1792, .F. ) ;
#2888 = LINE ( 'NONE', #3215, #1507 ) ;
#2889 = AXIS2_PLACEMENT_3D ( 'NONE', #2530, #621, #250 ) ;
#2890 = ORIENTED_EDGE ( 'NONE', *, *, #3093, .F. ) ;
#2891 = CLOSED_SHELL ( 'NONE', ( #332, #3455, #2821, #1005, #1537, #4431, #340, #2924, #4726, #2436, #4013, #1636, #3683, #2366, #3819, #3305, #27, #1121, #3575, #2808, #1386, #3095, #4606, #1520, #48, #3759, #4237, #421, #4060, #566, #180, #318, #2417, #4741, #3485, #1380, #823, #3976, #4104, #2709, #2268, #3223, #4097, #309, #2280, #4903, #448, #706, #1855, #641, #900, #2056, #1548, #42, #189, #3535, #1274, #4798, #2104, #1233, #1602, #3125, #495, #4862, #4577, #4321, #1221, #4738, #1809, #4549, #2880, #2576, #1917, #3991, #1373, #4834, #2878, #4783, #199, #4395, #2308, #4494, #662, #3323, #4700, #3548, #1475, #2457, #2792, #2515, #1744, #1449, #3956, #205, #3648, #2, #1167, #3825, #394, #2713, #4285, #2260, #3439, #3945, #1209, #808, #4186, #4162, #1859, #913, #3418, #4646, #2911, #481, #4111, #1427, #2575, #1528, #3835, #3134, #299, #264, #3461, #1679, #4716, #4569, #3977, #2732, #3156, #2551, #1486, #4908, #4820, #2824, #2067, #1423, #2846, #2592, #3357, #973, #1408, #3432, #3799, #4708, #3069, #2619 ) ) ;
#2892 = DIRECTION ( 'NONE',  ( 0.000000000000000000, 1.000000000000000000, 0.000000000000000000 ) ) ;
#2893 = AXIS2_PLACEMENT_3D ( 'NONE', #4062, #2110, #2872 ) ;
#2894 = DIRECTION ( 'NONE',  ( 0.000000000000000000, -0.000000000000000000, -1.000000000000000000 ) ) ;
#2895 = FACE_OUTER_BOUND ( 'NONE', #613, .T. ) ;
#2896 = EDGE_LOOP ( 'NONE', ( #4481, #3227, #3957, #2059 ) ) ;
#2897 = FACE_OUTER_BOUND ( 'NONE', #1228, .T. ) ;
#2898 = CARTESIAN_POINT ( 'NONE',  ( 45.54555525137367766, 4.200000000000000178, 5.000000000000000888 ) ) ;
#2899 = PLANE ( 'NONE',  #3092 ) ;
#2900 = EDGE_LOOP ( 'NONE', ( #3024, #4693, #2435, #1394 ) ) ;
#2901 = DIRECTION ( 'NONE',  ( 0.000000000000000000, 0.000000000000000000, 1.000000000000000000 ) ) ;
#2902 = AXIS2_PLACEMENT_3D ( 'NONE', #1286, #4670, #2037 ) ;
#2903 = EDGE_CURVE ( 'NONE', #2249, #1016, #1825, .T. ) ;
#2904 = DIRECTION ( 'NONE',  ( 0.000000000000000000, 0.000000000000000000, -1.000000000000000000 ) ) ;
#2905 = VERTEX_POINT ( 'NONE', #4672 ) ;
#2906 = VERTEX_POINT ( 'NONE', #1266 ) ;
#2907 = LINE ( 'NONE', #2587, #3749 ) ;
#2908 = DIRECTION ( 'NONE',  ( 3.469446951953614189E-15, 0.000000000000000000, -1.000000000000000000 ) ) ;
#2909 = ORIENTED_EDGE ( 'NONE', *, *, #1310, .F. ) ;
#2910 = CARTESIAN_POINT ( 'NONE',  ( 19.29988841106000663, 0.000000000000000000, 30.00316379769992636 ) ) ;
#2911 = ADVANCED_FACE ( 'NONE', ( #3226 ), #2782, .F. ) ;
#2912 = ORIENTED_EDGE ( 'NONE', *, *, #4479, .F. ) ;
#2913 = CYLINDRICAL_SURFACE ( 'NONE', #866, 6.499999999999999112 ) ;
#2914 = EDGE_CURVE ( 'NONE', #2193, #2502, #4118, .T. ) ;
#2915 = VECTOR ( 'NONE', #2377, 1000.000000000000000 ) ;
#2916 = AXIS2_PLACEMENT_3D ( 'NONE', #1858, #3043, #3413 ) ;
#2917 = EDGE_CURVE ( 'NONE', #2676, #2822, #2806, .T. ) ;
#2918 = CARTESIAN_POINT ( 'NONE',  ( -85.50000000000001421, 4.200000000000000178, -3.091507183936761827 ) ) ;
#2919 = DIRECTION ( 'NONE',  ( 1.510202172955553042E-16, -1.000000000000000000, 0.000000000000000000 ) ) ;
#2920 = VERTEX_POINT ( 'NONE', #4652 ) ;
#2921 = VECTOR ( 'NONE', #1114, 1000.000000000000000 ) ;
#2922 = DIRECTION ( 'NONE',  ( 0.000000000000000000, 0.000000000000000000, 1.000000000000000000 ) ) ;
#2923 = CYLINDRICAL_SURFACE ( 'NONE', #3952, 5.499999999999994671 ) ;
#2924 = ADVANCED_FACE ( 'NONE', ( #2434 ), #3942, .T. ) ;
#2925 = LINE ( 'NONE', #2578, #4767 ) ;
#2926 = VERTEX_POINT ( 'NONE', #923 ) ;
#2927 = CARTESIAN_POINT ( 'NONE',  ( -44.50000000000001421, -2.499999999999999112, 33.60000000000000142 ) ) ;
#2928 = VECTOR ( 'NONE', #2486, 1000.000000000000000 ) ;
#2929 = ORIENTED_EDGE ( 'NONE', *, *, #1035, .T. ) ;
#2930 = DIRECTION ( 'NONE',  ( -0.000000000000000000, 1.000000000000000000, 0.000000000000000000 ) ) ;
#2931 = EDGE_CURVE ( 'NONE', #3805, #687, #717, .T. ) ;
#2932 = ORIENTED_EDGE ( 'NONE', *, *, #4694, .T. ) ;
#2933 = VECTOR ( 'NONE', #1919, 1000.000000000000000 ) ;
#2934 = CIRCLE ( 'NONE', #316, 40.00000000000000000 ) ;
#2935 = VERTEX_POINT ( 'NONE', #1618 ) ;
#2936 = CARTESIAN_POINT ( 'NONE',  ( 40.63865308473844351, 0.000000000000000000, -26.50000000000001421 ) ) ;
#2937 = AXIS2_PLACEMENT_3D ( 'NONE', #716, #38, #1088 ) ;
#2938 = ORIENTED_EDGE ( 'NONE', *, *, #3348, .F. ) ;
#2939 = VERTEX_POINT ( 'NONE', #96 ) ;
#2940 = CYLINDRICAL_SURFACE ( 'NONE', #3330, 2.500000000000002220 ) ;
#2941 = FACE_OUTER_BOUND ( 'NONE', #864, .T. ) ;
#2942 = EDGE_CURVE ( 'NONE', #995, #1757, #1242, .T. ) ;
#2943 = EDGE_CURVE ( 'NONE', #2965, #4475, #2409, .T. ) ;
#2944 = ORIENTED_EDGE ( 'NONE', *, *, #2618, .F. ) ;
#2945 = DIRECTION ( 'NONE',  ( -0.000000000000000000, -1.000000000000000000, -0.000000000000000000 ) ) ;
#2946 = EDGE_CURVE ( 'NONE', #370, #937, #1987, .T. ) ;
#2947 = DIRECTION ( 'NONE',  ( 0.000000000000000000, 0.000000000000000000, -1.000000000000000000 ) ) ;
#2948 = DIRECTION ( 'NONE',  ( 0.000000000000000000, -1.000000000000000000, 0.000000000000000000 ) ) ;
#2949 = ORIENTED_EDGE ( 'NONE', *, *, #2190, .F. ) ;
#2950 = DIRECTION ( 'NONE',  ( -0.000000000000000000, -1.000000000000000000, -0.000000000000000000 ) ) ;
#2951 = EDGE_CURVE ( 'NONE', #1894, #3047, #1642, .T. ) ;
#2952 = DIRECTION ( 'NONE',  ( -1.982541115402067674E-15, 0.000000000000000000, -1.000000000000000000 ) ) ;
#2953 = CARTESIAN_POINT ( 'NONE',  ( 0.7000000000000061728, 4.200000000000000178, -26.50000000000000711 ) ) ;
#2954 = CARTESIAN_POINT ( 'NONE',  ( 0.000000000000000000, 17.00000000000000000, -3.999999999999995559 ) ) ;
#2955 = EDGE_LOOP ( 'NONE', ( #3615, #3528, #3853, #1328, #3979, #1267, #401, #1255 ) ) ;
#2956 = DIRECTION ( 'NONE',  ( 0.000000000000000000, 0.000000000000000000, 1.000000000000000000 ) ) ;
#2957 = ORIENTED_EDGE ( 'NONE', *, *, #3001, .T. ) ;
#2958 = DIRECTION ( 'NONE',  ( 0.000000000000000000, -1.000000000000000000, 0.000000000000000000 ) ) ;
#2959 = EDGE_LOOP ( 'NONE', ( #1261, #4838, #831, #3538, #3897, #325 ) ) ;
#2960 = EDGE_CURVE ( 'NONE', #228, #4744, #3966, .T. ) ;
#2961 = VECTOR ( 'NONE', #4236, 1000.000000000000000 ) ;
#2962 = DIRECTION ( 'NONE',  ( 1.000000000000000000, -0.000000000000000000, 0.000000000000000000 ) ) ;
#2963 = AXIS2_PLACEMENT_3D ( 'NONE', #2593, #4102, #1801 ) ;
#2964 = PLANE ( 'NONE',  #1137 ) ;
#2965 = VERTEX_POINT ( 'NONE', #3578 ) ;
#2966 = LINE ( 'NONE', #4457, #2533 ) ;
#2967 = DIRECTION ( 'NONE',  ( 0.000000000000000000, 0.000000000000000000, -1.000000000000000000 ) ) ;
#2968 = ORIENTED_EDGE ( 'NONE', *, *, #4502, .T. ) ;
#2969 = DIRECTION ( 'NONE',  ( -0.000000000000000000, -1.000000000000000000, -0.000000000000000000 ) ) ;
#2970 =( NAMED_UNIT ( * ) PLANE_ANGLE_UNIT ( ) SI_UNIT ( $, .RADIAN. ) );
#2971 = DIRECTION ( 'NONE',  ( 0.000000000000000000, -1.000000000000000000, 0.000000000000000000 ) ) ;
#2972 = DIRECTION ( 'NONE',  ( 0.000000000000000000, 1.000000000000000000, 0.000000000000000000 ) ) ;
#2973 = VERTEX_POINT ( 'NONE', #544 ) ;
#2974 = AXIS2_PLACEMENT_3D ( 'NONE', #2438, #2092, #2509 ) ;
#2975 = EDGE_CURVE ( 'NONE', #1109, #3563, #3202, .T. ) ;
#2976 = DIRECTION ( 'NONE',  ( 0.000000000000000000, -1.000000000000000000, 0.000000000000000000 ) ) ;
#2977 = VECTOR ( 'NONE', #1840, 1000.000000000000000 ) ;
#2978 = EDGE_CURVE ( 'NONE', #4567, #1595, #3603, .T. ) ;
#2979 = LINE ( 'NONE', #2282, #4846 ) ;
#2980 = DIRECTION ( 'NONE',  ( 0.000000000000000000, 0.000000000000000000, -1.000000000000000000 ) ) ;
#2981 = CARTESIAN_POINT ( 'NONE',  ( -45.67077626419152381, 8.400000000000000355, 20.58101651390110831 ) ) ;
#2982 = VERTEX_POINT ( 'NONE', #1462 ) ;
#2983 = DIRECTION ( 'NONE',  ( 0.000000000000000000, 0.000000000000000000, 1.000000000000000000 ) ) ;
#2984 = EDGE_CURVE ( 'NONE', #2676, #2570, #2483, .T. ) ;
#2985 = ORIENTED_EDGE ( 'NONE', *, *, #4320, .T. ) ;
#2986 = CARTESIAN_POINT ( 'NONE',  ( 6.000000000000000888, 20.00000000000000000, 12.00000000000000178 ) ) ;
#2987 = PLANE ( 'NONE',  #2227 ) ;
#2988 = EDGE_LOOP ( 'NONE', ( #861, #2040, #2246, #2453 ) ) ;
#2989 = CIRCLE ( 'NONE', #601, 8.500000000000010658 ) ;
#2990 = CARTESIAN_POINT ( 'NONE',  ( -42.00000000000001421, 1.799999999999999600, 26.50000000000001066 ) ) ;
#2991 = ORIENTED_EDGE ( 'NONE', *, *, #4835, .T. ) ;
#2992 = VECTOR ( 'NONE', #3623, 1000.000000000000000 ) ;
#2993 = LINE ( 'NONE', #2615, #4791 ) ;
#2994 = ORIENTED_EDGE ( 'NONE', *, *, #3898, .T. ) ;
#2995 = DIRECTION ( 'NONE',  ( 0.000000000000000000, 0.000000000000000000, -1.000000000000000000 ) ) ;
#2996 = CYLINDRICAL_SURFACE ( 'NONE', #2325, 5.499999999999994671 ) ;
#2997 = VERTEX_POINT ( 'NONE', #2157 ) ;
#2998 = DIRECTION ( 'NONE',  ( 0.000000000000000000, -0.000000000000000000, -1.000000000000000000 ) ) ;
#2999 = CARTESIAN_POINT ( 'NONE',  ( -44.50000000000001421, -2.499999999999999112, -29.00000000000000711 ) ) ;
#3000 = ORIENTED_EDGE ( 'NONE', *, *, #3364, .T. ) ;
#3001 = EDGE_CURVE ( 'NONE', #2440, #134, #3489, .T. ) ;
#3002 = AXIS2_PLACEMENT_3D ( 'NONE', #2263, #3771, #2306 ) ;
#3003 = DIRECTION ( 'NONE',  ( 1.000000000000000000, 0.000000000000000000, -2.168404344971010101E-16 ) ) ;
#3004 = DIRECTION ( 'NONE',  ( -1.000000000000000000, 0.000000000000000000, 0.000000000000000000 ) ) ;
#3005 = LINE ( 'NONE', #2602, #3084 ) ;
#3006 = DIRECTION ( 'NONE',  ( 1.982541115402067674E-15, 0.000000000000000000, 1.000000000000000000 ) ) ;
#3007 = ORIENTED_EDGE ( 'NONE', *, *, #561, .T. ) ;
#3008 = VECTOR ( 'NONE', #2869, 1000.000000000000000 ) ;
#3009 = DIRECTION ( 'NONE',  ( -0.000000000000000000, -1.000000000000000000, -0.000000000000000000 ) ) ;
#3010 = DIRECTION ( 'NONE',  ( 0.000000000000000000, -1.000000000000000000, 0.000000000000000000 ) ) ;
#3011 = DIRECTION ( 'NONE',  ( 0.000000000000000000, 0.000000000000000000, 1.000000000000000000 ) ) ;
#3012 = VERTEX_POINT ( 'NONE', #1041 ) ;
#3013 = AXIS2_PLACEMENT_3D ( 'NONE', #3866, #843, #3131 ) ;
#3014 = CARTESIAN_POINT ( 'NONE',  ( -85.50000000000001421, 4.200000000000000178, -2.499999999999999556 ) ) ;
#3015 = ORIENTED_EDGE ( 'NONE', *, *, #1485, .F. ) ;
#3016 = LINE ( 'NONE', #29, #1860 ) ;
#3017 = AXIS2_PLACEMENT_3D ( 'NONE', #2173, #2567, #632 ) ;
#3018 = VECTOR ( 'NONE', #3286, 1000.000000000000000 ) ;
#3019 = ORIENTED_EDGE ( 'NONE', *, *, #2082, .T. ) ;
#3020 = FACE_OUTER_BOUND ( 'NONE', #3083, .T. ) ;
#3021 = ORIENTED_EDGE ( 'NONE', *, *, #4282, .T. ) ;
#3022 = CARTESIAN_POINT ( 'NONE',  ( 85.50000000000001421, 4.200000000000000178, 3.091507183936761827 ) ) ;
#3023 = CARTESIAN_POINT ( 'NONE',  ( -44.50000000000001421, -2.499999999999999112, 26.50000000000000711 ) ) ;
#3024 = ORIENTED_EDGE ( 'NONE', *, *, #1046, .F. ) ;
#3025 = EDGE_CURVE ( 'NONE', #2684, #2811, #1812, .T. ) ;
#3026 = LINE ( 'NONE', #4163, #4787 ) ;
#3027 = LINE ( 'NONE', #4191, #80 ) ;
#3028 = CARTESIAN_POINT ( 'NONE',  ( -44.50000000000001421, -22.00000000000000355, 29.00000000000000711 ) ) ;
#3029 = CARTESIAN_POINT ( 'NONE',  ( 44.50000000000001421, 11.00000000000000000, 29.00000000000000711 ) ) ;
#3030 = ORIENTED_EDGE ( 'NONE', *, *, #1588, .F. ) ;
#3031 = CARTESIAN_POINT ( 'NONE',  ( -44.50000000000001421, -2.499999999999999112, -29.00000000000000711 ) ) ;
#3032 = CARTESIAN_POINT ( 'NONE',  ( 55.50000000000001421, 6.000000000000000000, 5.000000000000000000 ) ) ;
#3033 = DIRECTION ( 'NONE',  ( 0.000000000000000000, -1.000000000000000000, 0.000000000000000000 ) ) ;
#3034 = ORIENTED_EDGE ( 'NONE', *, *, #4450, .F. ) ;
#3035 = EDGE_CURVE ( 'NONE', #2125, #1868, #2925, .T. ) ;
#3036 = CARTESIAN_POINT ( 'NONE',  ( 44.50000000000001421, 11.00000000000000000, -34.50000000000000000 ) ) ;
#3037 = ORIENTED_EDGE ( 'NONE', *, *, #1155, .T. ) ;
#3038 = FACE_OUTER_BOUND ( 'NONE', #1813, .T. ) ;
#3039 = ORIENTED_EDGE ( 'NONE', *, *, #3724, .T. ) ;
#3040 = AXIS2_PLACEMENT_3D ( 'NONE', #3735, #2620, #3342 ) ;
#3041 = FACE_OUTER_BOUND ( 'NONE', #4160, .T. ) ;
#3042 = VERTEX_POINT ( 'NONE', #2505 ) ;
#3043 = DIRECTION ( 'NONE',  ( 0.000000000000000000, 1.000000000000000000, 0.000000000000000000 ) ) ;
#3044 = VECTOR ( 'NONE', #4507, 1000.000000000000114 ) ;
#3045 = AXIS2_PLACEMENT_3D ( 'NONE', #2416, #1725, #1322 ) ;
#3046 = CARTESIAN_POINT ( 'NONE',  ( -4.000000000000000000, 20.00000000000000000, 7.300000000000004263 ) ) ;
#3047 = VERTEX_POINT ( 'NONE', #4844 ) ;
#3048 = DIRECTION ( 'NONE',  ( -1.982541115402067674E-15, 0.000000000000000000, 1.000000000000000000 ) ) ;
#3049 = LINE ( 'NONE', #3837, #3492 ) ;
#3050 = DIRECTION ( 'NONE',  ( -0.000000000000000000, -0.000000000000000000, -1.000000000000000000 ) ) ;
#3051 = CIRCLE ( 'NONE', #272, 6.499999999999999112 ) ;
#3052 = DIRECTION ( 'NONE',  ( -0.000000000000000000, -1.000000000000000000, -0.000000000000000000 ) ) ;
#3053 = EDGE_LOOP ( 'NONE', ( #241, #2949, #3453, #3541 ) ) ;
#3054 = CARTESIAN_POINT ( 'NONE',  ( 0.7000000000000061728, 4.200000000000000178, 0.000000000000000000 ) ) ;
#3055 = CYLINDRICAL_SURFACE ( 'NONE', #4246, 8.500000000000010658 ) ;
#3056 = VECTOR ( 'NONE', #1012, 1000.000000000000000 ) ;
#3057 = PLANE ( 'NONE',  #1030 ) ;
#3058 = VERTEX_POINT ( 'NONE', #4021 ) ;
#3059 = EDGE_CURVE ( 'NONE', #1352, #1559, #2621, .T. ) ;
#3060 = ORIENTED_EDGE ( 'NONE', *, *, #797, .F. ) ;
#3061 = LINE ( 'NONE', #400, #1777 ) ;
#3062 = ORIENTED_EDGE ( 'NONE', *, *, #4536, .T. ) ;
#3063 = CARTESIAN_POINT ( 'NONE',  ( 45.54555525137367766, 4.200000000000000178, -5.000000000000000888 ) ) ;
#3064 = VERTEX_POINT ( 'NONE', #616 ) ;
#3065 = DIRECTION ( 'NONE',  ( -0.000000000000000000, 1.000000000000000000, -0.000000000000000000 ) ) ;
#3066 = ORIENTED_EDGE ( 'NONE', *, *, #1944, .F. ) ;
#3067 = DIRECTION ( 'NONE',  ( 0.000000000000000000, 0.000000000000000000, -1.000000000000000000 ) ) ;
#3068 = EDGE_CURVE ( 'NONE', #2702, #1075, #1113, .T. ) ;
#3069 = ADVANCED_FACE ( 'NONE', ( #3271 ), #2899, .F. ) ;
#3070 = DIRECTION ( 'NONE',  ( 0.000000000000000000, 0.000000000000000000, 1.000000000000000000 ) ) ;
#3071 = CARTESIAN_POINT ( 'NONE',  ( 45.67077626419152381, 8.400000000000000355, 20.58101651390110831 ) ) ;
#3072 = DIRECTION ( 'NONE',  ( -1.067522139062651263E-15, 0.000000000000000000, 1.000000000000000000 ) ) ;
#3073 = EDGE_LOOP ( 'NONE', ( #486, #3715, #2594, #3907, #4851, #4327 ) ) ;
#3074 = DIRECTION ( 'NONE',  ( -1.000000000000000000, 0.000000000000000000, 0.000000000000000000 ) ) ;
#3075 = CARTESIAN_POINT ( 'NONE',  ( 18.59150718393674495, 11.50000000000000000, 26.50000000000001066 ) ) ;
#3076 = EDGE_CURVE ( 'NONE', #1770, #3631, #3650, .T. ) ;
#3077 = CIRCLE ( 'NONE', #537, 4.599999999999996092 ) ;
#3078 = CARTESIAN_POINT ( 'NONE',  ( 44.50000000000001421, -2.499999999999999112, -24.40000000000000924 ) ) ;
#3079 = ORIENTED_EDGE ( 'NONE', *, *, #1701, .T. ) ;
#3080 = VECTOR ( 'NONE', #4158, 1000.000000000000000 ) ;
#3081 = EDGE_CURVE ( 'NONE', #3586, #4823, #222, .T. ) ;
#3082 = DIRECTION ( 'NONE',  ( 0.000000000000000000, -0.000000000000000000, -1.000000000000000000 ) ) ;
#3083 = EDGE_LOOP ( 'NONE', ( #482, #4636, #1795, #4065 ) ) ;
#3084 = VECTOR ( 'NONE', #390, 1000.000000000000000 ) ;
#3085 = CARTESIAN_POINT ( 'NONE',  ( 44.50000000000001421, 1.799999999999999600, 29.00000000000001776 ) ) ;
#3086 = EDGE_LOOP ( 'NONE', ( #998, #3677, #9, #941, #3722, #3389, #4876, #2298, #650 ) ) ;
#3087 = LINE ( 'NONE', #158, #4633 ) ;
#3088 = ORIENTED_EDGE ( 'NONE', *, *, #152, .T. ) ;
#3089 = VECTOR ( 'NONE', #2211, 1000.000000000000000 ) ;
#3090 = AXIS2_PLACEMENT_3D ( 'NONE', #4662, #1580, #3487 ) ;
#3091 = VERTEX_POINT ( 'NONE', #1411 ) ;
#3092 = AXIS2_PLACEMENT_3D ( 'NONE', #1363, #2874, #2135 ) ;
#3093 = EDGE_CURVE ( 'NONE', #4231, #2973, #2697, .T. ) ;
#3094 = EDGE_CURVE ( 'NONE', #3206, #455, #3670, .T. ) ;
#3095 = ADVANCED_FACE ( 'NONE', ( #1015 ), #4496, .F. ) ;
#3096 = VERTEX_POINT ( 'NONE', #4398 ) ;
#3097 = CARTESIAN_POINT ( 'NONE',  ( -42.40385698414537785, 0.000000000000000000, 10.33115200650950349 ) ) ;
#3098 = DIRECTION ( 'NONE',  ( 2.688821387764050602E-15, 0.000000000000000000, -1.000000000000000000 ) ) ;
#3099 = CARTESIAN_POINT ( 'NONE',  ( 8.000000000000000000, 15.00000000000000000, 7.300000000000002487 ) ) ;
#3100 = ORIENTED_EDGE ( 'NONE', *, *, #2634, .F. ) ;
#3101 = EDGE_CURVE ( 'NONE', #159, #1319, #1590, .T. ) ;
#3102 = FACE_OUTER_BOUND ( 'NONE', #3632, .T. ) ;
#3103 = LINE ( 'NONE', #4623, #1389 ) ;
#3104 = DIRECTION ( 'NONE',  ( 0.000000000000000000, 0.000000000000000000, -1.000000000000000000 ) ) ;
#3105 = FACE_OUTER_BOUND ( 'NONE', #3304, .T. ) ;
#3106 = FACE_OUTER_BOUND ( 'NONE', #4142, .T. ) ;
#3107 = EDGE_LOOP ( 'NONE', ( #963, #206, #2645, #2617, #2420, #2757, #4438, #386 ) ) ;
#3108 = DIRECTION ( 'NONE',  ( 0.000000000000000000, 0.000000000000000000, -1.000000000000000000 ) ) ;
#3109 = CARTESIAN_POINT ( 'NONE',  ( -40.63865308473845062, 0.000000000000000000, -26.50000000000000711 ) ) ;
#3110 = EDGE_CURVE ( 'NONE', #813, #2965, #3352, .T. ) ;
#3111 = ORIENTED_EDGE ( 'NONE', *, *, #277, .T. ) ;
#3112 = DIRECTION ( 'NONE',  ( 0.000000000000000000, -1.000000000000000000, 0.000000000000000000 ) ) ;
#3113 = VERTEX_POINT ( 'NONE', #269 ) ;
#3114 = DIRECTION ( 'NONE',  ( -0.000000000000000000, -1.000000000000000000, -0.000000000000000000 ) ) ;
#3115 = ORIENTED_EDGE ( 'NONE', *, *, #1718, .T. ) ;
#3116 = CARTESIAN_POINT ( 'NONE',  ( -15.19999999999999218, 15.00000000000000000, 26.50000000000001066 ) ) ;
#3117 = AXIS2_PLACEMENT_3D ( 'NONE', #1437, #365, #3373 ) ;
#3118 = ORIENTED_EDGE ( 'NONE', *, *, #4587, .F. ) ;
#3119 = VECTOR ( 'NONE', #1767, 1000.000000000000000 ) ;
#3120 = VECTOR ( 'NONE', #1572, 1000.000000000000000 ) ;
#3121 = CARTESIAN_POINT ( 'NONE',  ( 44.50000000000001421, -2.499999999999999112, 29.00000000000000711 ) ) ;
#3122 = DIRECTION ( 'NONE',  ( -0.000000000000000000, 1.000000000000000000, -0.000000000000000000 ) ) ;
#3123 = CARTESIAN_POINT ( 'NONE',  ( -1.700000000000000178, 20.00000000000000000, 7.000000000000003553 ) ) ;
#3124 = ORIENTED_EDGE ( 'NONE', *, *, #447, .F. ) ;
#3125 = ADVANCED_FACE ( 'NONE', ( #4420 ), #2527, .T. ) ;
#3126 = DIRECTION ( 'NONE',  ( -0.000000000000000000, -1.000000000000000000, -0.000000000000000000 ) ) ;
#3127 = DIRECTION ( 'NONE',  ( -0.000000000000000000, 1.000000000000000000, -0.000000000000000000 ) ) ;
#3128 = LINE ( 'NONE', #1241, #879 ) ;
#3129 = CARTESIAN_POINT ( 'NONE',  ( -44.50000000000001421, 11.00000000000000000, -29.00000000000000711 ) ) ;
#3130 = ORIENTED_EDGE ( 'NONE', *, *, #1310, .T. ) ;
#3131 = DIRECTION ( 'NONE',  ( 1.982541115402061757E-15, 0.000000000000000000, -1.000000000000000000 ) ) ;
#3132 = EDGE_CURVE ( 'NONE', #4025, #2905, #3729, .T. ) ;
#3133 = DIRECTION ( 'NONE',  ( 0.000000000000000000, 0.000000000000000000, 1.000000000000000000 ) ) ;
#3134 = ADVANCED_FACE ( 'NONE', ( #1772, #4825 ), #4127, .T. ) ;
#3135 = VERTEX_POINT ( 'NONE', #2558 ) ;
#3136 = VERTEX_POINT ( 'NONE', #4806 ) ;
#3137 = CARTESIAN_POINT ( 'NONE',  ( -46.15917732731228540, 4.200000000000000178, -10.32335836023588094 ) ) ;
#3138 = ORIENTED_EDGE ( 'NONE', *, *, #698, .F. ) ;
#3139 = CARTESIAN_POINT ( 'NONE',  ( -1.700000000000000178, 17.00000000000000000, 7.300000000000003375 ) ) ;
#3140 = EDGE_CURVE ( 'NONE', #2279, #857, #1612, .T. ) ;
#3141 = ORIENTED_EDGE ( 'NONE', *, *, #3245, .T. ) ;
#3142 = DIRECTION ( 'NONE',  ( 0.000000000000000000, -1.000000000000000000, 0.000000000000000000 ) ) ;
#3143 = AXIS2_PLACEMENT_3D ( 'NONE', #1662, #945, #4249 ) ;
#3144 = ORIENTED_EDGE ( 'NONE', *, *, #2914, .T. ) ;
#3145 = DIRECTION ( 'NONE',  ( 0.000000000000000000, -0.000000000000000000, 1.000000000000000000 ) ) ;
#3146 = EDGE_CURVE ( 'NONE', #3096, #801, #2907, .T. ) ;
#3147 = DIRECTION ( 'NONE',  ( -2.973811673103095791E-15, 0.000000000000000000, 1.000000000000000000 ) ) ;
#3148 = CARTESIAN_POINT ( 'NONE',  ( 0.000000000000000000, 11.50000000000000000, 0.000000000000000000 ) ) ;
#3149 = VERTEX_POINT ( 'NONE', #1047 ) ;
#3150 = LINE ( 'NONE', #1262, #4077 ) ;
#3151 = CARTESIAN_POINT ( 'NONE',  ( 44.50000000000001421, 15.00000000000000000, -23.50000000000001421 ) ) ;
#3152 = CARTESIAN_POINT ( 'NONE',  ( 39.95933631058686331, 0.000000000000000000, -36.18556701030929901 ) ) ;
#3153 = FACE_OUTER_BOUND ( 'NONE', #4517, .T. ) ;
#3154 = ORIENTED_EDGE ( 'NONE', *, *, #4712, .F. ) ;
#3155 = CARTESIAN_POINT ( 'NONE',  ( 46.77808110350505189, 0.000000000000000000, -22.91227904007969585 ) ) ;
#3156 = ADVANCED_FACE ( 'NONE', ( #2247 ), #3679, .F. ) ;
#3157 = AXIS2_PLACEMENT_3D ( 'NONE', #785, #3763, #362 ) ;
#3158 = CARTESIAN_POINT ( 'NONE',  ( 44.50000000000001421, 1.799999999999999600, 22.50000000000002132 ) ) ;
#3159 = VERTEX_POINT ( 'NONE', #1471 ) ;
#3160 = ORIENTED_EDGE ( 'NONE', *, *, #3280, .F. ) ;
#3161 = AXIS2_PLACEMENT_3D ( 'NONE', #4593, #1557, #1181 ) ;
#3162 = LINE ( 'NONE', #1275, #508 ) ;
#3163 = ORIENTED_EDGE ( 'NONE', *, *, #667, .F. ) ;
#3164 = DIRECTION ( 'NONE',  ( 0.000000000000000000, 1.000000000000000000, 0.000000000000000000 ) ) ;
#3165 = EDGE_CURVE ( 'NONE', #1420, #1784, #648, .T. ) ;
#3166 = ORIENTED_EDGE ( 'NONE', *, *, #3934, .T. ) ;
#3167 = CARTESIAN_POINT ( 'NONE',  ( 7.700000000000000178, 15.00000000000000000, 7.300000000000002487 ) ) ;
#3168 = VECTOR ( 'NONE', #1968, 1000.000000000000000 ) ;
#3169 = ORIENTED_EDGE ( 'NONE', *, *, #762, .T. ) ;
#3170 = DIRECTION ( 'NONE',  ( 7.979727989493312634E-15, 0.000000000000000000, -1.000000000000000000 ) ) ;
#3171 = EDGE_CURVE ( 'NONE', #3216, #1049, #4880, .T. ) ;
#3172 = DIRECTION ( 'NONE',  ( 0.000000000000000000, -1.000000000000000000, 0.000000000000000000 ) ) ;
#3173 = AXIS2_PLACEMENT_3D ( 'NONE', #4326, #2459, #1991 ) ;
#3174 = PLANE ( 'NONE',  #1093 ) ;
#3175 = ORIENTED_EDGE ( 'NONE', *, *, #3597, .F. ) ;
#3176 = CIRCLE ( 'NONE', #1432, 4.599999999999996092 ) ;
#3177 = DIRECTION ( 'NONE',  ( 0.000000000000000000, 0.000000000000000000, 1.000000000000000000 ) ) ;
#3178 = CARTESIAN_POINT ( 'NONE',  ( 15.20000000000000107, 15.00000000000000000, -30.00000000000000711 ) ) ;
#3179 = CYLINDRICAL_SURFACE ( 'NONE', #1667, 43.50000000000000711 ) ;
#3180 = DIRECTION ( 'NONE',  ( 0.000000000000000000, 0.000000000000000000, -1.000000000000000000 ) ) ;
#3181 = ORIENTED_EDGE ( 'NONE', *, *, #1702, .T. ) ;
#3182 = DIRECTION ( 'NONE',  ( 4.336808689942017736E-16, -0.000000000000000000, 1.000000000000000000 ) ) ;
#3183 = VERTEX_POINT ( 'NONE', #2936 ) ;
#3184 = EDGE_CURVE ( 'NONE', #2650, #2920, #2801, .T. ) ;
#3185 = ORIENTED_EDGE ( 'NONE', *, *, #86, .T. ) ;
#3186 = EDGE_CURVE ( 'NONE', #1136, #3216, #4050, .T. ) ;
#3187 = CARTESIAN_POINT ( 'NONE',  ( 15.20000000000000107, 0.000000000000000000, -26.50000000000000711 ) ) ;
#3188 = ORIENTED_EDGE ( 'NONE', *, *, #61, .T. ) ;
#3189 = LINE ( 'NONE', #1226, #2642 ) ;
#3190 = ORIENTED_EDGE ( 'NONE', *, *, #1597, .T. ) ;
#3191 = CARTESIAN_POINT ( 'NONE',  ( 18.82767145595783020, 0.000000000000000000, 30.00000000000001066 ) ) ;
#3192 = ORIENTED_EDGE ( 'NONE', *, *, #3295, .F. ) ;
#3193 = LINE ( 'NONE', #1205, #2422 ) ;
#3194 = DIRECTION ( 'NONE',  ( 1.000000000000000000, 0.000000000000000000, -0.000000000000000000 ) ) ;
#3195 = CYLINDRICAL_SURFACE ( 'NONE', #1082, 0.9999999999999991118 ) ;
#3196 = VERTEX_POINT ( 'NONE', #275 ) ;
#3197 = AXIS2_PLACEMENT_3D ( 'NONE', #1025, #3658, #2100 ) ;
#3198 = AXIS2_PLACEMENT_3D ( 'NONE', #4917, #2976, #4490 ) ;
#3199 = CARTESIAN_POINT ( 'NONE',  ( -15.19999999999999218, 15.00000000000000000, -26.50000000000000711 ) ) ;
#3200 = DIRECTION ( 'NONE',  ( -0.000000000000000000, -1.000000000000000000, -0.000000000000000000 ) ) ;
#3201 = EDGE_CURVE ( 'NONE', #3490, #3511, #4453, .T. ) ;
#3202 = LINE ( 'NONE', #4724, #1830 ) ;
#3203 = ORIENTED_EDGE ( 'NONE', *, *, #2141, .T. ) ;
#3204 = LINE ( 'NONE', #4351, #4363 ) ;
#3205 = DIRECTION ( 'NONE',  ( 0.000000000000000000, 0.000000000000000000, -1.000000000000000000 ) ) ;
#3206 = VERTEX_POINT ( 'NONE', #4072 ) ;
#3207 = EDGE_CURVE ( 'NONE', #1877, #2676, #3730, .T. ) ;
#3208 = ORIENTED_EDGE ( 'NONE', *, *, #4205, .F. ) ;
#3209 = VECTOR ( 'NONE', #1568, 1000.000000000000000 ) ;
#3210 = AXIS2_PLACEMENT_3D ( 'NONE', #3499, #4745, #1660 ) ;
#3211 = DIRECTION ( 'NONE',  ( 0.000000000000000000, 0.000000000000000000, 1.000000000000000000 ) ) ;
#3212 = VERTEX_POINT ( 'NONE', #328 ) ;
#3213 = CARTESIAN_POINT ( 'NONE',  ( -85.50000000000001421, 0.000000000000000000, -3.091507183936761827 ) ) ;
#3214 = ORIENTED_EDGE ( 'NONE', *, *, #15, .F. ) ;
#3215 = CARTESIAN_POINT ( 'NONE',  ( 8.000000000000000000, 20.00000000000000000, 18.70000000000000284 ) ) ;
#3216 = VERTEX_POINT ( 'NONE', #2189 ) ;
#3217 = DIRECTION ( 'NONE',  ( 0.000000000000000000, -1.000000000000000000, 0.000000000000000000 ) ) ;
#3218 = CARTESIAN_POINT ( 'NONE',  ( 42.04188619865061582, 4.200000000000000178, -5.000000000000000888 ) ) ;
#3219 = AXIS2_PLACEMENT_3D ( 'NONE', #94, #1689, #3500 ) ;
#3220 = CARTESIAN_POINT ( 'NONE',  ( -44.50000000000001421, 11.00000000000000000, 31.50000000000001421 ) ) ;
#3221 = ORIENTED_EDGE ( 'NONE', *, *, #1842, .T. ) ;
#3222 = AXIS2_PLACEMENT_3D ( 'NONE', #2675, #1135, #4574 ) ;
#3223 = ADVANCED_FACE ( 'NONE', ( #1850 ), #3701, .T. ) ;
#3224 = DIRECTION ( 'NONE',  ( 0.000000000000000000, -1.000000000000000000, 0.000000000000000000 ) ) ;
#3225 = LINE ( 'NONE', #969, #1879 ) ;
#3226 = FACE_OUTER_BOUND ( 'NONE', #3810, .T. ) ;
#3227 = ORIENTED_EDGE ( 'NONE', *, *, #2984, .F. ) ;
#3228 = DIRECTION ( 'NONE',  ( 0.000000000000000000, -1.000000000000000000, 0.000000000000000000 ) ) ;
#3229 = CARTESIAN_POINT ( 'NONE',  ( 44.50000000000001421, -2.499999999999999112, 29.00000000000000711 ) ) ;
#3230 = ORIENTED_EDGE ( 'NONE', *, *, #747, .T. ) ;
#3231 = EDGE_CURVE ( 'NONE', #4555, #1213, #3333, .T. ) ;
#3232 = ORIENTED_EDGE ( 'NONE', *, *, #15, .T. ) ;
#3233 = AXIS2_PLACEMENT_3D ( 'NONE', #2726, #2426, #2827 ) ;
#3234 = DIRECTION ( 'NONE',  ( -0.000000000000000000, 0.000000000000000000, 1.000000000000000000 ) ) ;
#3235 = DIRECTION ( 'NONE',  ( 0.000000000000000000, 0.000000000000000000, -1.000000000000000000 ) ) ;
#3236 = ORIENTED_EDGE ( 'NONE', *, *, #951, .T. ) ;
#3237 = CARTESIAN_POINT ( 'NONE',  ( -58.34927731208833279, 0.000000000000000000, -37.51000000000001933 ) ) ;
#3238 = AXIS2_PLACEMENT_3D ( 'NONE', #1259, #3147, #4718 ) ;
#3239 = AXIS2_PLACEMENT_3D ( 'NONE', #3491, #1655, #510 ) ;
#3240 = ORIENTED_EDGE ( 'NONE', *, *, #2304, .F. ) ;
#3241 = CARTESIAN_POINT ( 'NONE',  ( 44.50000000000001421, -2.499999999999999112, 29.00000000000000711 ) ) ;
#3242 = CARTESIAN_POINT ( 'NONE',  ( 6.000000000000000888, 20.00000000000000000, 11.00000000000000000 ) ) ;
#3243 = CYLINDRICAL_SURFACE ( 'NONE', #2759, 4.599999999999996092 ) ;
#3244 = EDGE_LOOP ( 'NONE', ( #2632, #1300, #1446, #3745 ) ) ;
#3245 = EDGE_CURVE ( 'NONE', #3731, #1164, #2251, .T. ) ;
#3246 = EDGE_CURVE ( 'NONE', #1658, #3299, #1695, .T. ) ;
#3247 = VECTOR ( 'NONE', #851, 1000.000000000000000 ) ;
#3248 = EDGE_CURVE ( 'NONE', #3511, #4084, #4532, .T. ) ;
#3249 = LINE ( 'NONE', #614, #2977 ) ;
#3250 = AXIS2_PLACEMENT_3D ( 'NONE', #4225, #2333, #4174 ) ;
#3251 = DIRECTION ( 'NONE',  ( 0.000000000000000000, 0.000000000000000000, 1.000000000000000000 ) ) ;
#3252 = DIRECTION ( 'NONE',  ( 0.000000000000000000, -1.000000000000000000, 0.000000000000000000 ) ) ;
#3253 = VERTEX_POINT ( 'NONE', #2270 ) ;
#3254 = LINE ( 'NONE', #4775, #3913 ) ;
#3255 = AXIS2_PLACEMENT_3D ( 'NONE', #4466, #1063, #4817 ) ;
#3256 = PLANE ( 'NONE',  #425 ) ;
#3257 = ORIENTED_EDGE ( 'NONE', *, *, #3246, .F. ) ;
#3258 = CIRCLE ( 'NONE', #723, 8.500000000000010658 ) ;
#3259 = EDGE_LOOP ( 'NONE', ( #513, #3185, #1473, #545 ) ) ;
#3260 = FACE_OUTER_BOUND ( 'NONE', #4617, .T. ) ;
#3261 = DIRECTION ( 'NONE',  ( 1.000000000000000000, 0.000000000000000000, -1.314141429483281149E-15 ) ) ;
#3262 = ORIENTED_EDGE ( 'NONE', *, *, #1178, .F. ) ;
#3263 = CARTESIAN_POINT ( 'NONE',  ( 40.63865308473844351, -2.499999999999999112, -26.50000000000001421 ) ) ;
#3264 = VERTEX_POINT ( 'NONE', #3777 ) ;
#3265 = CARTESIAN_POINT ( 'NONE',  ( -42.00000000000001421, -2.499999999999999112, 25.13865308473844351 ) ) ;
#3266 = DIRECTION ( 'NONE',  ( -1.982541115402061757E-15, 0.000000000000000000, -1.000000000000000000 ) ) ;
#3267 = CARTESIAN_POINT ( 'NONE',  ( 44.50000000000001421, 11.00000000000000000, -29.00000000000000711 ) ) ;
#3268 = ORIENTED_EDGE ( 'NONE', *, *, #4479, .T. ) ;
#3269 = CARTESIAN_POINT ( 'NONE',  ( 46.36398662557726880, 4.200000000000000178, 10.33115200650949284 ) ) ;
#3270 = CARTESIAN_POINT ( 'NONE',  ( 45.50000000000001421, 0.000000000000000000, -26.50000000000000711 ) ) ;
#3271 = FACE_OUTER_BOUND ( 'NONE', #2955, .T. ) ;
#3272 = ORIENTED_EDGE ( 'NONE', *, *, #606, .F. ) ;
#3273 = VECTOR ( 'NONE', #4289, 1000.000000000000000 ) ;
#3274 = CIRCLE ( 'NONE', #3909, 40.00000000000000000 ) ;
#3275 = DIRECTION ( 'NONE',  ( -1.954056329261230258E-14, 0.000000000000000000, 1.000000000000000000 ) ) ;
#3276 = CARTESIAN_POINT ( 'NONE',  ( 4.299999999999999822, 20.00000000000000000, 18.70000000000000284 ) ) ;
#3277 = VECTOR ( 'NONE', #181, 1000.000000000000000 ) ;
#3278 = VERTEX_POINT ( 'NONE', #375 ) ;
#3279 = ORIENTED_EDGE ( 'NONE', *, *, #4125, .T. ) ;
#3280 = EDGE_CURVE ( 'NONE', #1838, #3859, #3408, .T. ) ;
#3281 = CARTESIAN_POINT ( 'NONE',  ( 18.59150718393674495, 0.000000000000000000, 70.00000000000000000 ) ) ;
#3282 = EDGE_CURVE ( 'NONE', #4330, #41, #1516, .T. ) ;
#3283 = DIRECTION ( 'NONE',  ( 0.000000000000000000, -1.000000000000000000, 0.000000000000000000 ) ) ;
#3284 = CIRCLE ( 'NONE', #1625, 4.599999999999996092 ) ;
#3285 = ORIENTED_EDGE ( 'NONE', *, *, #276, .T. ) ;
#3286 = DIRECTION ( 'NONE',  ( 0.000000000000000000, 1.000000000000000000, -0.000000000000000000 ) ) ;
#3287 = ORIENTED_EDGE ( 'NONE', *, *, #2327, .T. ) ;
#3288 = EDGE_CURVE ( 'NONE', #4832, #3856, #2572, .T. ) ;
#3289 = DIRECTION ( 'NONE',  ( 0.000000000000000000, 0.000000000000000000, -1.000000000000000000 ) ) ;
#3290 = AXIS2_PLACEMENT_3D ( 'NONE', #968, #1810, #1438 ) ;
#3291 =( NAMED_UNIT ( * ) SI_UNIT ( $, .STERADIAN. ) SOLID_ANGLE_UNIT ( ) );
#3292 = DIRECTION ( 'NONE',  ( 0.000000000000000000, 0.000000000000000000, -1.000000000000000000 ) ) ;
#3293 = LINE ( 'NONE', #659, #1720 ) ;
#3294 = ORIENTED_EDGE ( 'NONE', *, *, #4320, .F. ) ;
#3295 = EDGE_CURVE ( 'NONE', #937, #370, #1932, .T. ) ;
#3296 = PLANE ( 'NONE',  #2820 ) ;
#3297 = CARTESIAN_POINT ( 'NONE',  ( 42.00000000000001421, 15.00000000000000000, 26.50000000000001066 ) ) ;
#3298 = DIRECTION ( 'NONE',  ( 0.000000000000000000, -1.734723475976807094E-15, -1.000000000000000000 ) ) ;
#3299 = VERTEX_POINT ( 'NONE', #737 ) ;
#3300 = DIRECTION ( 'NONE',  ( -0.000000000000000000, 0.000000000000000000, 1.000000000000000000 ) ) ;
#3301 = ORIENTED_EDGE ( 'NONE', *, *, #2295, .T. ) ;
#3302 = FACE_OUTER_BOUND ( 'NONE', #3994, .T. ) ;
#3303 = ORIENTED_EDGE ( 'NONE', *, *, #1763, .F. ) ;
#3304 = EDGE_LOOP ( 'NONE', ( #218, #989, #2001, #2315 ) ) ;
#3305 = ADVANCED_FACE ( 'NONE', ( #3716 ), #1131, .T. ) ;
#3306 = EDGE_CURVE ( 'NONE', #4467, #532, #4139, .T. ) ;
#3307 = EDGE_CURVE ( 'NONE', #4180, #2506, #101, .T. ) ;
#3308 = DIRECTION ( 'NONE',  ( 0.000000000000000000, -1.084202172485504434E-16, -1.000000000000000000 ) ) ;
#3309 = CARTESIAN_POINT ( 'NONE',  ( 45.50000000000001421, 4.200000000000000178, 26.50000000000001066 ) ) ;
#3310 = EDGE_LOOP ( 'NONE', ( #2229, #1022, #4509, #4156 ) ) ;
#3311 = FACE_OUTER_BOUND ( 'NONE', #2549, .T. ) ;
#3312 = EDGE_CURVE ( 'NONE', #4467, #3136, #416, .T. ) ;
#3313 = FACE_BOUND ( 'NONE', #4253, .T. ) ;
#3314 = ORIENTED_EDGE ( 'NONE', *, *, #4033, .T. ) ;
#3315 = CARTESIAN_POINT ( 'NONE',  ( 18.59150718393674495, 0.000000000000000000, 30.00000000000001066 ) ) ;
#3316 = VECTOR ( 'NONE', #13, 1000.000000000000000 ) ;
#3317 = CIRCLE ( 'NONE', #943, 43.50000000000001421 ) ;
#3318 = CARTESIAN_POINT ( 'NONE',  ( 42.00000000000002132, 15.00000000000000000, -23.00000000000001421 ) ) ;
#3319 = DIRECTION ( 'NONE',  ( 0.000000000000000000, -1.000000000000000000, 0.000000000000000000 ) ) ;
#3320 = ORIENTED_EDGE ( 'NONE', *, *, #4179, .T. ) ;
#3321 = CARTESIAN_POINT ( 'NONE',  ( 42.00000000000000000, 9.694812602320000750, -3.390086098733247955 ) ) ;
#3322 = VECTOR ( 'NONE', #3543, 1000.000000000000000 ) ;
#3323 = ADVANCED_FACE ( 'NONE', ( #1111 ), #714, .F. ) ;
#3324 = DIRECTION ( 'NONE',  ( 0.000000000000000000, -1.000000000000000000, 0.000000000000000000 ) ) ;
#3325 = LINE ( 'NONE', #2577, #4195 ) ;
#3326 = DIRECTION ( 'NONE',  ( 0.000000000000000000, 0.000000000000000000, -1.000000000000000000 ) ) ;
#3327 = ORIENTED_EDGE ( 'NONE', *, *, #1576, .T. ) ;
#3328 = CARTESIAN_POINT ( 'NONE',  ( 44.50000000000001421, 1.799999999999999600, 29.00000000000001776 ) ) ;
#3329 = AXIS2_PLACEMENT_3D ( 'NONE', #3031, #1065, #1491 ) ;
#3330 = AXIS2_PLACEMENT_3D ( 'NONE', #69, #1477, #3366 ) ;
#3331 = ORIENTED_EDGE ( 'NONE', *, *, #1403, .F. ) ;
#3332 = PLANE ( 'NONE',  #3765 ) ;
#3333 = LINE ( 'NONE', #3014, #4067 ) ;
#3334 = CIRCLE ( 'NONE', #559, 43.50000000000000711 ) ;
#3335 = DIRECTION ( 'NONE',  ( 0.000000000000000000, -1.000000000000000000, 0.000000000000000000 ) ) ;
#3336 = ORIENTED_EDGE ( 'NONE', *, *, #1309, .T. ) ;
#3337 = EDGE_CURVE ( 'NONE', #2691, #1075, #3456, .T. ) ;
#3338 = ORIENTED_EDGE ( 'NONE', *, *, #2350, .F. ) ;
#3339 = EDGE_CURVE ( 'NONE', #1826, #2555, #4866, .T. ) ;
#3340 = CYLINDRICAL_SURFACE ( 'NONE', #1270, 8.500000000000010658 ) ;
#3341 = EDGE_CURVE ( 'NONE', #4330, #2818, #739, .T. ) ;
#3342 = DIRECTION ( 'NONE',  ( 0.000000000000000000, -0.000000000000000000, -1.000000000000000000 ) ) ;
#3343 = ORIENTED_EDGE ( 'NONE', *, *, #1597, .F. ) ;
#3344 = LINE ( 'NONE', #361, #2845 ) ;
#3345 = DIRECTION ( 'NONE',  ( 1.000000000000000000, 0.000000000000000000, -4.380617892835525183E-16 ) ) ;
#3346 = FACE_OUTER_BOUND ( 'NONE', #3881, .T. ) ;
#3347 = EDGE_LOOP ( 'NONE', ( #1416, #3831, #1567, #3904, #427, #2035, #1246, #4356 ) ) ;
#3348 = EDGE_CURVE ( 'NONE', #78, #743, #4147, .T. ) ;
#3349 = CARTESIAN_POINT ( 'NONE',  ( 42.00304205977205640, 9.429389469638961074, -3.658346134780600334 ) ) ;
#3350 = FACE_OUTER_BOUND ( 'NONE', #3259, .T. ) ;
#3351 = DIRECTION ( 'NONE',  ( 0.000000000000000000, 0.000000000000000000, 1.000000000000000000 ) ) ;
#3352 = LINE ( 'NONE', #4871, #2228 ) ;
#3353 = ORIENTED_EDGE ( 'NONE', *, *, #85, .T. ) ;
#3354 = LINE ( 'NONE', #3054, #1346 ) ;
#3355 = ORIENTED_EDGE ( 'NONE', *, *, #1008, .F. ) ;
#3356 = CARTESIAN_POINT ( 'NONE',  ( 44.50000000000001421, -2.499999999999999112, -29.00000000000000711 ) ) ;
#3357 = ADVANCED_FACE ( 'NONE', ( #2235 ), #4891, .F. ) ;
#3358 = CIRCLE ( 'NONE', #1212, 4.599999999999996092 ) ;
#3359 = VERTEX_POINT ( 'NONE', #2627 ) ;
#3360 = DIRECTION ( 'NONE',  ( 0.000000000000000000, -1.000000000000000000, 0.000000000000000000 ) ) ;
#3361 = AXIS2_PLACEMENT_3D ( 'NONE', #996, #3300, #2507 ) ;
#3362 = VECTOR ( 'NONE', #477, 1000.000000000000000 ) ;
#3363 = DIRECTION ( 'NONE',  ( -1.000000000000000000, 0.000000000000000000, 0.000000000000000000 ) ) ;
#3364 = EDGE_CURVE ( 'NONE', #3579, #2344, #3026, .T. ) ;
#3365 = ORIENTED_EDGE ( 'NONE', *, *, #1579, .T. ) ;
#3366 = DIRECTION ( 'NONE',  ( 0.000000000000000000, 0.000000000000000000, 1.000000000000000000 ) ) ;
#3367 = CYLINDRICAL_SURFACE ( 'NONE', #4233, 0.9999999999999991118 ) ;
#3368 = VERTEX_POINT ( 'NONE', #765 ) ;
#3369 = DIRECTION ( 'NONE',  ( -0.000000000000000000, -1.000000000000000000, -0.000000000000000000 ) ) ;
#3370 = DIRECTION ( 'NONE',  ( 0.000000000000000000, 0.000000000000000000, -1.000000000000000000 ) ) ;
#3371 = ORIENTED_EDGE ( 'NONE', *, *, #4125, .F. ) ;
#3372 = AXIS2_PLACEMENT_3D ( 'NONE', #2860, #1694, #3205 ) ;
#3373 = DIRECTION ( 'NONE',  ( 0.000000000000000000, 0.000000000000000000, -1.000000000000000000 ) ) ;
#3374 = AXIS2_PLACEMENT_3D ( 'NONE', #1988, #1311, #2060 ) ;
#3375 = LINE ( 'NONE', #2601, #4570 ) ;
#3376 = CARTESIAN_POINT ( 'NONE',  ( 19.30000000000000426, -5.833809621030940917, 28.00000000000001066 ) ) ;
#3377 = DIRECTION ( 'NONE',  ( 0.000000000000000000, 0.000000000000000000, 1.000000000000000000 ) ) ;
#3378 = ORIENTED_EDGE ( 'NONE', *, *, #3718, .F. ) ;
#3379 = DIRECTION ( 'NONE',  ( 1.000000000000000000, 0.000000000000000000, -2.973811673103095791E-15 ) ) ;
#3380 = LINE ( 'NONE', #3844, #1227 ) ;
#3381 = DIRECTION ( 'NONE',  ( 0.000000000000000000, -0.000000000000000000, 1.000000000000000000 ) ) ;
#3382 = VERTEX_POINT ( 'NONE', #3786 ) ;
#3383 = CIRCLE ( 'NONE', #1001, 8.500000000000010658 ) ;
#3384 = CARTESIAN_POINT ( 'NONE',  ( -18.59150718393674850, 15.00000000000000000, 26.50000000000001066 ) ) ;
#3385 = CIRCLE ( 'NONE', #694, 4.599999999999996092 ) ;
#3386 = CARTESIAN_POINT ( 'NONE',  ( 44.50000000000001421, 11.00000000000000000, 23.50000000000001421 ) ) ;
#3387 = VERTEX_POINT ( 'NONE', #387 ) ;
#3388 = CARTESIAN_POINT ( 'NONE',  ( -42.00000000000002132, 15.00000000000000000, -23.00000000000000355 ) ) ;
#3389 = ORIENTED_EDGE ( 'NONE', *, *, #3858, .F. ) ;
#3390 = CARTESIAN_POINT ( 'NONE',  ( -85.50000000000001421, 15.00000000000000000, -3.091507183936761827 ) ) ;
#3391 = DIRECTION ( 'NONE',  ( -0.000000000000000000, 1.000000000000000000, -0.000000000000000000 ) ) ;
#3392 = ORIENTED_EDGE ( 'NONE', *, *, #1639, .F. ) ;
#3393 = CIRCLE ( 'NONE', #1890, 6.499999999999995559 ) ;
#3394 = CARTESIAN_POINT ( 'NONE',  ( 42.01184984128006050, 8.837539757513328098, -4.134316956991324510 ) ) ;
#3395 = AXIS2_PLACEMENT_3D ( 'NONE', #4367, #1711, #2894 ) ;
#3396 = CARTESIAN_POINT ( 'NONE',  ( -44.50000000000001421, 1.799999999999999600, 29.00000000000000711 ) ) ;
#3397 = EDGE_CURVE ( 'NONE', #116, #2471, #16, .T. ) ;
#3398 = EDGE_CURVE ( 'NONE', #3698, #403, #4568, .T. ) ;
#3399 = CARTESIAN_POINT ( 'NONE',  ( 1.700000000000000178, 20.00000000000000000, -7.699999999999993072 ) ) ;
#3400 = CARTESIAN_POINT ( 'NONE',  ( -44.50000000000001421, 11.00000000000000000, 26.50000000000000711 ) ) ;
#3401 = VERTEX_POINT ( 'NONE', #359 ) ;
#3402 = EDGE_CURVE ( 'NONE', #1323, #3096, #3274, .T. ) ;
#3403 = AXIS2_PLACEMENT_3D ( 'NONE', #1339, #1764, #1787 ) ;
#3404 = LINE ( 'NONE', #4923, #2692 ) ;
#3405 = FACE_OUTER_BOUND ( 'NONE', #236, .T. ) ;
#3406 = ORIENTED_EDGE ( 'NONE', *, *, #3341, .F. ) ;
#3407 = CIRCLE ( 'NONE', #1263, 5.499999999999994671 ) ;
#3408 = LINE ( 'NONE', #1896, #4313 ) ;
#3409 = FACE_OUTER_BOUND ( 'NONE', #4821, .T. ) ;
#3410 = ORIENTED_EDGE ( 'NONE', *, *, #1944, .T. ) ;
#3411 = CARTESIAN_POINT ( 'NONE',  ( 85.50000000000001421, 15.00000000000000000, 3.091507183936761827 ) ) ;
#3412 = VERTEX_POINT ( 'NONE', #4538 ) ;
#3413 = DIRECTION ( 'NONE',  ( 0.000000000000000000, 0.000000000000000000, 1.000000000000000000 ) ) ;
#3414 = CARTESIAN_POINT ( 'NONE',  ( -44.50000000000001421, -2.499999999999999112, 24.40000000000001279 ) ) ;
#3415 = ORIENTED_EDGE ( 'NONE', *, *, #1320, .T. ) ;
#3416 = DIRECTION ( 'NONE',  ( -0.000000000000000000, -1.000000000000000000, -0.000000000000000000 ) ) ;
#3417 = DIRECTION ( 'NONE',  ( 0.000000000000000000, 0.000000000000000000, -1.000000000000000000 ) ) ;
#3418 = ADVANCED_FACE ( 'NONE', ( #3041 ), #2996, .F. ) ;
#3419 = DIRECTION ( 'NONE',  ( -0.000000000000000000, 1.000000000000000000, -0.000000000000000000 ) ) ;
#3420 = DIRECTION ( 'NONE',  ( 0.000000000000000000, 0.000000000000000000, -1.000000000000000000 ) ) ;
#3421 = ORIENTED_EDGE ( 'NONE', *, *, #463, .F. ) ;
#3422 = DIRECTION ( 'NONE',  ( -0.000000000000000000, -1.000000000000000000, -0.000000000000000000 ) ) ;
#3423 = CARTESIAN_POINT ( 'NONE',  ( 85.50000000000001421, 1.799999999999999600, 3.091507183936761827 ) ) ;
#3424 = CARTESIAN_POINT ( 'NONE',  ( -15.19999999999999041, 0.000000000000000000, 30.00000000000001066 ) ) ;
#3425 = ORIENTED_EDGE ( 'NONE', *, *, #781, .T. ) ;
#3426 = ORIENTED_EDGE ( 'NONE', *, *, #1856, .T. ) ;
#3427 = CYLINDRICAL_SURFACE ( 'NONE', #905, 5.499999999999994671 ) ;
#3428 = ORIENTED_EDGE ( 'NONE', *, *, #1835, .T. ) ;
#3429 = AXIS2_PLACEMENT_3D ( 'NONE', #649, #4383, #3261 ) ;
#3430 = EDGE_CURVE ( 'NONE', #759, #3434, #188, .T. ) ;
#3431 = VECTOR ( 'NONE', #2218, 1000.000000000000000 ) ;
#3432 = ADVANCED_FACE ( 'NONE', ( #1828, #3313 ), #335, .T. ) ;
#3433 = DIRECTION ( 'NONE',  ( 0.000000000000000000, 0.000000000000000000, -1.000000000000000000 ) ) ;
#3434 = VERTEX_POINT ( 'NONE', #4511 ) ;
#3435 = DIRECTION ( 'NONE',  ( 7.018651305101563012E-15, 0.000000000000000000, 1.000000000000000000 ) ) ;
#3436 = ORIENTED_EDGE ( 'NONE', *, *, #2537, .T. ) ;
#3437 = DIRECTION ( 'NONE',  ( -6.061562490769531621E-15, 0.000000000000000000, -1.000000000000000000 ) ) ;
#3438 = DIRECTION ( 'NONE',  ( -0.000000000000000000, -1.000000000000000000, -0.000000000000000000 ) ) ;
#3439 = ADVANCED_FACE ( 'NONE', ( #2941 ), #1051, .T. ) ;
#3440 = CARTESIAN_POINT ( 'NONE',  ( 42.00000000000001421, 1.799999999999999600, -26.50000000000001066 ) ) ;
#3441 = CIRCLE ( 'NONE', #1302, 4.599999999999996092 ) ;
#3442 = FACE_BOUND ( 'NONE', #4349, .T. ) ;
#3443 = ORIENTED_EDGE ( 'NONE', *, *, #3874, .T. ) ;
#3444 = VECTOR ( 'NONE', #3, 1000.000000000000000 ) ;
#3445 = CARTESIAN_POINT ( 'NONE',  ( 44.50000000000001421, 11.00000000000000000, 29.00000000000000711 ) ) ;
#3446 = FACE_OUTER_BOUND ( 'NONE', #2743, .T. ) ;
#3447 = CARTESIAN_POINT ( 'NONE',  ( -1.700000000000000178, 20.00000000000000000, 7.300000000000003375 ) ) ;
#3448 = CARTESIAN_POINT ( 'NONE',  ( 44.50000000000001421, 39.04163056034264656, 29.00000000000000711 ) ) ;
#3449 = ORIENTED_EDGE ( 'NONE', *, *, #4221, .T. ) ;
#3450 = DIRECTION ( 'NONE',  ( 1.000000000000000000, 0.000000000000000000, -4.336808689942017736E-16 ) ) ;
#3451 = DIRECTION ( 'NONE',  ( 0.000000000000000000, 0.000000000000000000, -1.000000000000000000 ) ) ;
#3452 = VECTOR ( 'NONE', #2804, 1000.000000000000000 ) ;
#3453 = ORIENTED_EDGE ( 'NONE', *, *, #2951, .T. ) ;
#3454 = EDGE_CURVE ( 'NONE', #1675, #159, #3757, .T. ) ;
#3455 = ADVANCED_FACE ( 'NONE', ( #1452 ), #3367, .F. ) ;
#3456 = B_SPLINE_CURVE_WITH_KNOTS ( 'NONE', 3,
 ( #4086, #4518, #341, #3741, #317, #1839, #3394, #3349, #3321, #1508 ),
 .UNSPECIFIED., .F., .F.,
 ( 4, 2, 2, 2, 4 ),
 ( 0.000000000000000000, 0.001123505931747096698, 0.002247011863494193396, 0.003370517795241285541, 0.004494023726988378119 ),
 .UNSPECIFIED. ) ;
#3457 = EDGE_CURVE ( 'NONE', #4265, #411, #1878, .T. ) ;
#3458 = CARTESIAN_POINT ( 'NONE',  ( -11.69999999999999396, 6.735557395310434135E-16, -30.00000000000000711 ) ) ;
#3459 = EDGE_LOOP ( 'NONE', ( #4342, #166, #3327, #4458 ) ) ;
#3460 = CARTESIAN_POINT ( 'NONE',  ( 15.20000000000000107, 15.00000000000000000, -26.50000000000000711 ) ) ;
#3461 = ADVANCED_FACE ( 'NONE', ( #3020 ), #1501, .T. ) ;
#3462 = ORIENTED_EDGE ( 'NONE', *, *, #4684, .T. ) ;
#3463 = DIRECTION ( 'NONE',  ( 0.000000000000000000, -1.000000000000000000, 0.000000000000000000 ) ) ;
#3464 = ORIENTED_EDGE ( 'NONE', *, *, #1369, .F. ) ;
#3465 = PLANE ( 'NONE',  #2937 ) ;
#3466 = DIRECTION ( 'NONE',  ( 0.000000000000000000, -1.000000000000000000, 0.000000000000000000 ) ) ;
#3467 = DIRECTION ( 'NONE',  ( -0.000000000000000000, 1.000000000000000000, 1.084202172485504434E-16 ) ) ;
#3468 = ORIENTED_EDGE ( 'NONE', *, *, #829, .F. ) ;
#3469 = DIRECTION ( 'NONE',  ( -0.000000000000000000, 1.000000000000000000, -0.000000000000000000 ) ) ;
#3470 = EDGE_CURVE ( 'NONE', #3434, #759, #2723, .T. ) ;
#3471 = LINE ( 'NONE', #1591, #3530 ) ;
#3472 = VECTOR ( 'NONE', #4267, 1000.000000000000000 ) ;
#3473 = CARTESIAN_POINT ( 'NONE',  ( 0.000000000000000000, 11.50000000000000000, -4.999999999999998224 ) ) ;
#3474 = PLANE ( 'NONE',  #4605 ) ;
#3475 = ORIENTED_EDGE ( 'NONE', *, *, #4229, .F. ) ;
#3476 = AXIS2_PLACEMENT_3D ( 'NONE', #3686, #964, #4811 ) ;
#3477 = CARTESIAN_POINT ( 'NONE',  ( 44.50000000000001421, 15.00000000000000000, -37.50000000000002132 ) ) ;
#3478 = DIRECTION ( 'NONE',  ( -1.000000000000000000, 0.000000000000000000, 0.000000000000000000 ) ) ;
#3479 = ORIENTED_EDGE ( 'NONE', *, *, #4124, .F. ) ;
#3480 = DIRECTION ( 'NONE',  ( -0.000000000000000000, -1.000000000000000000, -0.000000000000000000 ) ) ;
#3481 = ORIENTED_EDGE ( 'NONE', *, *, #2069, .T. ) ;
#3482 = AXIS2_PLACEMENT_3D ( 'NONE', #2286, #3793, #395 ) ;
#3483 = VECTOR ( 'NONE', #307, 1000.000000000000000 ) ;
#3484 = CYLINDRICAL_SURFACE ( 'NONE', #258, 8.500000000000010658 ) ;
#3485 = ADVANCED_FACE ( 'NONE', ( #3781 ), #381, .F. ) ;
#3486 = VERTEX_POINT ( 'NONE', #1029 ) ;
#3487 = DIRECTION ( 'NONE',  ( -1.632680918566404624E-15, 0.000000000000000000, -1.000000000000000000 ) ) ;
#3488 = CIRCLE ( 'NONE', #3882, 4.599999999999996092 ) ;
#3489 = CIRCLE ( 'NONE', #320, 2.500000000000002220 ) ;
#3490 = VERTEX_POINT ( 'NONE', #2540 ) ;
#3491 = CARTESIAN_POINT ( 'NONE',  ( -44.50000000000001421, 15.00000000000000000, 29.00000000000000711 ) ) ;
#3492 = VECTOR ( 'NONE', #4544, 1000.000000000000000 ) ;
#3493 = LINE ( 'NONE', #4294, #3472 ) ;
#3494 = CARTESIAN_POINT ( 'NONE',  ( -40.63865308473845062, -2.499999999999999112, 26.50000000000001066 ) ) ;
#3495 = ORIENTED_EDGE ( 'NONE', *, *, #4344, .T. ) ;
#3496 = EDGE_CURVE ( 'NONE', #705, #2028, #4054, .T. ) ;
#3497 = CYLINDRICAL_SURFACE ( 'NONE', #1982, 2.500000000000005773 ) ;
#3498 = EDGE_CURVE ( 'NONE', #4425, #4137, #423, .T. ) ;
#3499 = CARTESIAN_POINT ( 'NONE',  ( -42.00000000000001421, 15.00000000000000000, 26.50000000000001066 ) ) ;
#3500 = DIRECTION ( 'NONE',  ( 1.000000000000000000, 0.000000000000000000, 0.000000000000000000 ) ) ;
#3501 = DIRECTION ( 'NONE',  ( -1.000000000000000000, 0.000000000000000000, -1.982541115402067674E-15 ) ) ;
#3502 = CARTESIAN_POINT ( 'NONE',  ( -44.50000000000001421, -2.499999999999999112, 29.00000000000000711 ) ) ;
#3503 = ORIENTED_EDGE ( 'NONE', *, *, #488, .T. ) ;
#3504 = DIRECTION ( 'NONE',  ( 0.000000000000000000, 1.000000000000000000, 0.000000000000000000 ) ) ;
#3505 = EDGE_CURVE ( 'NONE', #2471, #3856, #3358, .T. ) ;
#3506 = DIRECTION ( 'NONE',  ( -0.000000000000000000, 1.000000000000000000, -0.000000000000000000 ) ) ;
#3507 = ORIENTED_EDGE ( 'NONE', *, *, #1361, .T. ) ;
#3508 = EDGE_LOOP ( 'NONE', ( #3928, #2778, #3950, #2223, #4803, #1284, #3619, #3338, #2579, #2833, #2938, #1094, #157, #1252, #1294, #4319, #4689, #3935 ) ) ;
#3509 = CYLINDRICAL_SURFACE ( 'NONE', #1378, 40.00000000000000000 ) ;
#3510 = EDGE_CURVE ( 'NONE', #4774, #1202, #2489, .T. ) ;
#3511 = VERTEX_POINT ( 'NONE', #1600 ) ;
#3512 = CARTESIAN_POINT ( 'NONE',  ( -42.00000000000001421, -2.499999999999999112, -26.50000000000001066 ) ) ;
#3513 = CIRCLE ( 'NONE', #3828, 43.50000000000000711 ) ;
#3514 = VERTEX_POINT ( 'NONE', #2766 ) ;
#3515 = CARTESIAN_POINT ( 'NONE',  ( 44.50000000000001421, -2.499999999999999112, 33.60000000000000142 ) ) ;
#3516 = AXIS2_PLACEMENT_3D ( 'NONE', #4426, #4150, #4505 ) ;
#3517 = VERTEX_POINT ( 'NONE', #807 ) ;
#3518 = CIRCLE ( 'NONE', #3753, 43.50000000000001421 ) ;
#3519 = DIRECTION ( 'NONE',  ( -0.000000000000000000, 1.000000000000000000, -0.000000000000000000 ) ) ;
#3520 = DIRECTION ( 'NONE',  ( -0.000000000000000000, -1.000000000000000000, -0.000000000000000000 ) ) ;
#3521 = DIRECTION ( 'NONE',  ( 0.000000000000000000, -1.000000000000000000, 0.000000000000000000 ) ) ;
#3522 = VERTEX_POINT ( 'NONE', #1171 ) ;
#3523 = EDGE_CURVE ( 'NONE', #2741, #1826, #1217, .T. ) ;
#3524 = CARTESIAN_POINT ( 'NONE',  ( 36.08101651390111186, 8.400000000000000355, 30.17077626419151670 ) ) ;
#3525 = CARTESIAN_POINT ( 'NONE',  ( -44.50000000000001421, 39.04163056034264656, -29.00000000000000711 ) ) ;
#3526 = DIRECTION ( 'NONE',  ( 0.000000000000000000, 0.000000000000000000, -1.000000000000000000 ) ) ;
#3527 = CARTESIAN_POINT ( 'NONE',  ( 42.00000000000001421, 0.000000000000000000, -26.50000000000001066 ) ) ;
#3528 = ORIENTED_EDGE ( 'NONE', *, *, #4343, .F. ) ;
#3529 = DIRECTION ( 'NONE',  ( -0.000000000000000000, -1.000000000000000000, -0.000000000000000000 ) ) ;
#3530 = VECTOR ( 'NONE', #44, 1000.000000000000000 ) ;
#3531 = DIRECTION ( 'NONE',  ( 0.000000000000000000, -1.000000000000000000, 0.000000000000000000 ) ) ;
#3532 = VERTEX_POINT ( 'NONE', #3137 ) ;
#3533 = ORIENTED_EDGE ( 'NONE', *, *, #4429, .T. ) ;
#3534 = CARTESIAN_POINT ( 'NONE',  ( -42.60535781051601134, 4.200000000000000178, -10.32335836023588271 ) ) ;
#3535 = ADVANCED_FACE ( 'NONE', ( #2023 ), #3830, .T. ) ;
#3536 = VERTEX_POINT ( 'NONE', #4286 ) ;
#3537 = CARTESIAN_POINT ( 'NONE',  ( -44.50000000000001421, -2.499999999999999112, 29.00000000000000711 ) ) ;
#3538 = ORIENTED_EDGE ( 'NONE', *, *, #3668, .F. ) ;
#3539 = DIRECTION ( 'NONE',  ( -0.000000000000000000, -1.000000000000000000, -0.000000000000000000 ) ) ;
#3540 = CIRCLE ( 'NONE', #3219, 3.500000000000003109 ) ;
#3541 = ORIENTED_EDGE ( 'NONE', *, *, #3794, .T. ) ;
#3542 = FACE_OUTER_BOUND ( 'NONE', #2387, .T. ) ;
#3543 = DIRECTION ( 'NONE',  ( 1.000000000000000000, -1.224646799147353454E-16, 0.000000000000000000 ) ) ;
#3544 = CYLINDRICAL_SURFACE ( 'NONE', #3633, 40.00000000000000000 ) ;
#3545 = VERTEX_POINT ( 'NONE', #3534 ) ;
#3546 = PRODUCT_RELATED_PRODUCT_CATEGORY ( 'part', '', ( #1183 ) ) ;
#3547 = CARTESIAN_POINT ( 'NONE',  ( 45.50000000000001421, 15.00000000000000000, -3.091507183936761827 ) ) ;
#3548 = ADVANCED_FACE ( 'NONE', ( #4260 ), #3509, .F. ) ;
#3549 = LINE ( 'NONE', #145, #3776 ) ;
#3550 = CARTESIAN_POINT ( 'NONE',  ( 42.00000000000001421, 15.00000000000000000, -26.50000000000001066 ) ) ;
#3551 = CARTESIAN_POINT ( 'NONE',  ( -44.50000000000001421, -2.499999999999999112, -24.40000000000001279 ) ) ;
#3552 = ORIENTED_EDGE ( 'NONE', *, *, #2402, .T. ) ;
#3553 = CARTESIAN_POINT ( 'NONE',  ( -44.50000000000001421, 15.00000000000000000, 29.00000000000000711 ) ) ;
#3554 = CIRCLE ( 'NONE', #1413, 8.500000000000010658 ) ;
#3555 = CARTESIAN_POINT ( 'NONE',  ( -4.299999999999999822, 20.00000000000000000, 18.99999999999999289 ) ) ;
#3556 = VECTOR ( 'NONE', #2451, 1000.000000000000000 ) ;
#3557 = ORIENTED_EDGE ( 'NONE', *, *, #3397, .F. ) ;
#3558 = ORIENTED_EDGE ( 'NONE', *, *, #2628, .T. ) ;
#3559 = CIRCLE ( 'NONE', #2685, 5.499999999999994671 ) ;
#3560 = DIRECTION ( 'NONE',  ( 0.000000000000000000, -1.000000000000000000, 0.000000000000000000 ) ) ;
#3561 = EDGE_LOOP ( 'NONE', ( #3190, #599, #622, #1823 ) ) ;
#3562 = CARTESIAN_POINT ( 'NONE',  ( -38.50000000000001421, 1.799999999999999600, 26.50000000000001066 ) ) ;
#3563 = VERTEX_POINT ( 'NONE', #4561 ) ;
#3564 = DIRECTION ( 'NONE',  ( 0.000000000000000000, -1.000000000000000000, -1.084202172485504434E-16 ) ) ;
#3565 = UNCERTAINTY_MEASURE_WITH_UNIT (LENGTH_MEASURE( 1.000000000000000082E-05 ), #2786, 'distance_accuracy_value', 'NONE');
#3566 = CIRCLE ( 'NONE', #1026, 6.499999999999995559 ) ;
#3567 = VECTOR ( 'NONE', #1004, 1000.000000000000000 ) ;
#3568 = VERTEX_POINT ( 'NONE', #2714 ) ;
#3569 = EDGE_CURVE ( 'NONE', #3064, #3368, #4658, .T. ) ;
#3570 = DIRECTION ( 'NONE',  ( -0.000000000000000000, 1.000000000000000000, -0.000000000000000000 ) ) ;
#3571 = CARTESIAN_POINT ( 'NONE',  ( 45.50000000000001421, 15.00000000000000000, 30.00000000000001066 ) ) ;
#3572 = AXIS2_PLACEMENT_3D ( 'NONE', #2636, #4146, #749 ) ;
#3573 = AXIS2_PLACEMENT_3D ( 'NONE', #4374, #4348, #569 ) ;
#3574 = EDGE_LOOP ( 'NONE', ( #1027, #2233, #4497, #2490, #1168 ) ) ;
#3575 = ADVANCED_FACE ( 'NONE', ( #884 ), #4634, .T. ) ;
#3576 = CARTESIAN_POINT ( 'NONE',  ( -18.59150718393674495, 15.00000000000000000, -70.00000000000000000 ) ) ;
#3577 = DIRECTION ( 'NONE',  ( 0.000000000000000000, 0.000000000000000000, -1.000000000000000000 ) ) ;
#3578 = CARTESIAN_POINT ( 'NONE',  ( 42.00000000000001421, 0.000000000000000000, -25.13865308473844351 ) ) ;
#3579 = VERTEX_POINT ( 'NONE', #3063 ) ;
#3580 = CARTESIAN_POINT ( 'NONE',  ( 44.50000000000001421, 15.00000000000000000, 22.50000000000002132 ) ) ;
#3581 = B_SPLINE_CURVE_WITH_KNOTS ( 'NONE', 3,
 ( #2910, #3958, #3191, #558 ),
 .UNSPECIFIED., .F., .F.,
 ( 4, 4 ),
 ( 0.000000000000000000, 1.000000000000000000 ),
 .UNSPECIFIED. ) ;
#3582 = DIRECTION ( 'NONE',  ( 0.000000000000000000, -1.000000000000000000, 0.000000000000000000 ) ) ;
#3583 = VERTEX_POINT ( 'NONE', #1998 ) ;
#3584 = ORIENTED_EDGE ( 'NONE', *, *, #1961, .T. ) ;
#3585 = CARTESIAN_POINT ( 'NONE',  ( -42.00000000000001421, -2.499999999999999112, 26.50000000000001066 ) ) ;
#3586 = VERTEX_POINT ( 'NONE', #832 ) ;
#3587 = DIRECTION ( 'NONE',  ( 0.000000000000000000, 0.000000000000000000, -1.000000000000000000 ) ) ;
#3588 = ORIENTED_EDGE ( 'NONE', *, *, #959, .T. ) ;
#3589 = CARTESIAN_POINT ( 'NONE',  ( 42.04188619865061582, 15.00000000000000000, -4.999999999999997335 ) ) ;
#3590 = EDGE_CURVE ( 'NONE', #4336, #3901, #3996, .T. ) ;
#3591 = EDGE_CURVE ( 'NONE', #4227, #3196, #79, .T. ) ;
#3592 = ORIENTED_EDGE ( 'NONE', *, *, #1295, .F. ) ;
#3593 = DIRECTION ( 'NONE',  ( 0.000000000000000000, -0.000000000000000000, -1.000000000000000000 ) ) ;
#3594 = DIRECTION ( 'NONE',  ( 0.000000000000000000, 0.000000000000000000, 1.000000000000000000 ) ) ;
#3595 = DIRECTION ( 'NONE',  ( 0.000000000000000000, -1.000000000000000000, 0.000000000000000000 ) ) ;
#3596 = ORIENTED_EDGE ( 'NONE', *, *, #2442, .F. ) ;
#3597 = EDGE_CURVE ( 'NONE', #2684, #666, #1549, .T. ) ;
#3598 = VECTOR ( 'NONE', #2513, 1000.000000000000000 ) ;
#3599 = VECTOR ( 'NONE', #1797, 1000.000000000000000 ) ;
#3600 = CARTESIAN_POINT ( 'NONE',  ( 18.59150718393674495, 0.000000000000000000, -30.00000000000000711 ) ) ;
#3601 = EDGE_CURVE ( 'NONE', #2545, #1802, #2665, .T. ) ;
#3602 = DIRECTION ( 'NONE',  ( -0.000000000000000000, -1.000000000000000000, -0.000000000000000000 ) ) ;
#3603 = LINE ( 'NONE', #200, #239 ) ;
#3604 = VERTEX_POINT ( 'NONE', #2341 ) ;
#3605 = CARTESIAN_POINT ( 'NONE',  ( 44.50000000000001421, 1.800000000000000044, 29.00000000000000711 ) ) ;
#3606 = CARTESIAN_POINT ( 'NONE',  ( -18.59150718393674495, 11.50000000000000000, 70.00000000000000000 ) ) ;
#3607 = ORIENTED_EDGE ( 'NONE', *, *, #71, .T. ) ;
#3608 = ORIENTED_EDGE ( 'NONE', *, *, #3911, .F. ) ;
#3609 = AXIS2_PLACEMENT_3D ( 'NONE', #2139, #997, #2904 ) ;
#3610 = CARTESIAN_POINT ( 'NONE',  ( 38.50000000000001421, 15.00000000000000000, -26.50000000000001776 ) ) ;
#3611 = ORIENTED_EDGE ( 'NONE', *, *, #3288, .F. ) ;
#3612 = CARTESIAN_POINT ( 'NONE',  ( 0.7000000000000061728, -8.450062914116743564E-16, -30.00000000000000711 ) ) ;
#3613 = EDGE_CURVE ( 'NONE', #1926, #1802, #1973, .T. ) ;
#3614 = EDGE_CURVE ( 'NONE', #1160, #1605, #2317, .T. ) ;
#3615 = ORIENTED_EDGE ( 'NONE', *, *, #860, .T. ) ;
#3616 = EDGE_CURVE ( 'NONE', #3212, #3951, #3087, .T. ) ;
#3617 = CARTESIAN_POINT ( 'NONE',  ( 7.700000000000000178, 20.00000000000000000, 7.300000000000002487 ) ) ;
#3618 = AXIS2_PLACEMENT_3D ( 'NONE', #1786, #3667, #2205 ) ;
#3619 = ORIENTED_EDGE ( 'NONE', *, *, #1403, .T. ) ;
#3620 = LINE ( 'NONE', #3641, #4827 ) ;
#3621 = DIRECTION ( 'NONE',  ( -0.000000000000000000, -1.000000000000000000, -0.000000000000000000 ) ) ;
#3622 = VECTOR ( 'NONE', #4042, 1000.000000000000114 ) ;
#3623 = DIRECTION ( 'NONE',  ( 0.000000000000000000, -1.000000000000000000, 0.000000000000000000 ) ) ;
#3624 = ORIENTED_EDGE ( 'NONE', *, *, #4596, .T. ) ;
#3625 = DIRECTION ( 'NONE',  ( 0.000000000000000000, 0.000000000000000000, -1.000000000000000000 ) ) ;
#3626 = LINE ( 'NONE', #1715, #2747 ) ;
#3627 = DIRECTION ( 'NONE',  ( 0.000000000000000000, 1.000000000000000000, 0.000000000000000000 ) ) ;
#3628 = ORIENTED_EDGE ( 'NONE', *, *, #722, .T. ) ;
#3629 = PLANE ( 'NONE',  #104 ) ;
#3630 = CARTESIAN_POINT ( 'NONE',  ( -42.00000000000001421, -2.499999999999999112, 26.50000000000001066 ) ) ;
#3631 = VERTEX_POINT ( 'NONE', #2492 ) ;
#3632 = EDGE_LOOP ( 'NONE', ( #4451, #3021, #3939, #1697, #2194, #3303 ) ) ;
#3633 = AXIS2_PLACEMENT_3D ( 'NONE', #4692, #3595, #1633 ) ;
#3634 = DIRECTION ( 'NONE',  ( 0.000000000000000000, 1.000000000000000000, 0.000000000000000000 ) ) ;
#3635 = DIRECTION ( 'NONE',  ( 2.552236838218750115E-15, 0.000000000000000000, -1.000000000000000000 ) ) ;
#3636 = ORIENTED_EDGE ( 'NONE', *, *, #2198, .F. ) ;
#3637 = DIRECTION ( 'NONE',  ( 1.000000000000000000, -0.000000000000000000, 0.000000000000000000 ) ) ;
#3638 = CIRCLE ( 'NONE', #4352, 4.599999999999996092 ) ;
#3639 = CIRCLE ( 'NONE', #3239, 5.499999999999994671 ) ;
#3640 = ORIENTED_EDGE ( 'NONE', *, *, #2686, .T. ) ;
#3641 = CARTESIAN_POINT ( 'NONE',  ( 44.50000000000001421, -2.499999999999999112, -24.40000000000000924 ) ) ;
#3642 = SHAPE_DEFINITION_REPRESENTATION ( #1541, #2090 ) ;
#3643 = CARTESIAN_POINT ( 'NONE',  ( -42.00000000000001421, 0.000000000000000000, 26.50000000000001066 ) ) ;
#3644 = FACE_OUTER_BOUND ( 'NONE', #1587, .T. ) ;
#3645 = VERTEX_POINT ( 'NONE', #4779 ) ;
#3646 = VECTOR ( 'NONE', #2184, 1000.000000000000000 ) ;
#3647 = DIRECTION ( 'NONE',  ( -0.000000000000000000, 1.000000000000000000, -0.000000000000000000 ) ) ;
#3648 = ADVANCED_FACE ( 'NONE', ( #3260 ), #2789, .T. ) ;
#3649 = CARTESIAN_POINT ( 'NONE',  ( 45.50000000000001421, 4.200000000000000178, -26.50000000000000711 ) ) ;
#3650 = LINE ( 'NONE', #1390, #3887 ) ;
#3651 = VERTEX_POINT ( 'NONE', #1674 ) ;
#3652 = EDGE_CURVE ( 'NONE', #4403, #116, #4152, .T. ) ;
#3653 = CARTESIAN_POINT ( 'NONE',  ( 55.50000000000001421, 6.000000000000000888, -5.000000000000000000 ) ) ;
#3654 = ORIENTED_EDGE ( 'NONE', *, *, #837, .F. ) ;
#3655 = ORIENTED_EDGE ( 'NONE', *, *, #3812, .T. ) ;
#3656 = EDGE_CURVE ( 'NONE', #4200, #3586, #4792, .T. ) ;
#3657 = DIRECTION ( 'NONE',  ( -0.000000000000000000, -1.000000000000000000, -0.000000000000000000 ) ) ;
#3658 = DIRECTION ( 'NONE',  ( -0.000000000000000000, -1.000000000000000000, -0.000000000000000000 ) ) ;
#3659 = VERTEX_POINT ( 'NONE', #3187 ) ;
#3660 = CARTESIAN_POINT ( 'NONE',  ( 0.000000000000000000, 20.00000000000000000, -4.999999999999998224 ) ) ;
#3661 = EDGE_CURVE ( 'NONE', #2528, #1650, #4382, .T. ) ;
#3662 = ORIENTED_EDGE ( 'NONE', *, *, #3186, .T. ) ;
#3663 = CARTESIAN_POINT ( 'NONE',  ( 44.50000000000001421, 0.000000000000000000, 29.00000000000000711 ) ) ;
#3664 = DIRECTION ( 'NONE',  ( 1.000000000000000000, 0.000000000000000000, 0.000000000000000000 ) ) ;
#3665 = CARTESIAN_POINT ( 'NONE',  ( 38.50000000000001421, 1.799999999999999600, 26.50000000000002132 ) ) ;
#3666 = ORIENTED_EDGE ( 'NONE', *, *, #2454, .T. ) ;
#3667 = DIRECTION ( 'NONE',  ( -0.000000000000000000, 1.000000000000000000, -0.000000000000000000 ) ) ;
#3668 = EDGE_CURVE ( 'NONE', #2414, #2748, #230, .T. ) ;
#3669 = CARTESIAN_POINT ( 'NONE',  ( -45.67077626419153091, 1.800000000000000044, -20.58101651390110831 ) ) ;
#3670 = LINE ( 'NONE', #2981, #4531 ) ;
#3671 = ORIENTED_EDGE ( 'NONE', *, *, #2561, .F. ) ;
#3672 = AXIS2_PLACEMENT_3D ( 'NONE', #1887, #3052, #3072 ) ;
#3673 = VECTOR ( 'NONE', #3112, 1000.000000000000000 ) ;
#3674 = PLANE ( 'NONE',  #582 ) ;
#3675 = DIRECTION ( 'NONE',  ( -0.000000000000000000, -1.000000000000000000, -0.000000000000000000 ) ) ;
#3676 = VECTOR ( 'NONE', #2689, 1000.000000000000000 ) ;
#3677 = ORIENTED_EDGE ( 'NONE', *, *, #2461, .F. ) ;
#3678 = ORIENTED_EDGE ( 'NONE', *, *, #298, .T. ) ;
#3679 = PLANE ( 'NONE',  #2719 ) ;
#3680 = LINE ( 'NONE', #3309, #1053 ) ;
#3681 = ORIENTED_EDGE ( 'NONE', *, *, #3496, .F. ) ;
#3682 = DIRECTION ( 'NONE',  ( -0.9999975931331908097, 0.000000000000000000, 0.002194020926394565744 ) ) ;
#3683 = ADVANCED_FACE ( 'NONE', ( #979 ), #4357, .F. ) ;
#3684 = DIRECTION ( 'NONE',  ( 0.000000000000000000, 0.000000000000000000, 1.000000000000000000 ) ) ;
#3685 = ORIENTED_EDGE ( 'NONE', *, *, #552, .T. ) ;
#3686 = CARTESIAN_POINT ( 'NONE',  ( 44.50000000000001421, 11.50000000000000000, 29.00000000000000711 ) ) ;
#3687 = VECTOR ( 'NONE', #3004, 1000.000000000000000 ) ;
#3688 = CARTESIAN_POINT ( 'NONE',  ( 85.50000000000001421, 11.50000000000000000, 3.091507183936761827 ) ) ;
#3689 = DIRECTION ( 'NONE',  ( -0.000000000000000000, 1.000000000000000000, -0.000000000000000000 ) ) ;
#3690 = ORIENTED_EDGE ( 'NONE', *, *, #3306, .T. ) ;
#3691 = CARTESIAN_POINT ( 'NONE',  ( 42.00000000000001421, 1.799999999999999600, -26.50000000000001066 ) ) ;
#3692 = VECTOR ( 'NONE', #2406, 1000.000000000000000 ) ;
#3693 = DIRECTION ( 'NONE',  ( -1.000000000000000000, -0.000000000000000000, -0.000000000000000000 ) ) ;
#3694 = DIRECTION ( 'NONE',  ( 0.000000000000000000, 0.000000000000000000, -1.000000000000000000 ) ) ;
#3695 = ORIENTED_EDGE ( 'NONE', *, *, #871, .F. ) ;
#3696 = CARTESIAN_POINT ( 'NONE',  ( -42.60667251374644593, 4.200000000000000178, 10.33115200650950527 ) ) ;
#3697 = EDGE_CURVE ( 'NONE', #1105, #1476, #2885, .T. ) ;
#3698 = VERTEX_POINT ( 'NONE', #1752 ) ;
#3699 = DIRECTION ( 'NONE',  ( -0.000000000000000000, 1.000000000000000000, -0.000000000000000000 ) ) ;
#3700 = ORIENTED_EDGE ( 'NONE', *, *, #4229, .T. ) ;
#3701 = PLANE ( 'NONE',  #1293 ) ;
#3702 = CARTESIAN_POINT ( 'NONE',  ( 45.67077626419153091, 1.800000000000000044, 20.58101651390110831 ) ) ;
#3703 = ORIENTED_EDGE ( 'NONE', *, *, #4890, .T. ) ;
#3704 = ORIENTED_EDGE ( 'NONE', *, *, #283, .F. ) ;
#3705 = EDGE_CURVE ( 'NONE', #2905, #4025, #1778, .T. ) ;
#3706 = DIRECTION ( 'NONE',  ( -0.000000000000000000, 1.000000000000000000, -0.000000000000000000 ) ) ;
#3707 = DIRECTION ( 'NONE',  ( 0.000000000000000000, 0.000000000000000000, -1.000000000000000000 ) ) ;
#3708 = ORIENTED_EDGE ( 'NONE', *, *, #1704, .T. ) ;
#3709 = DIRECTION ( 'NONE',  ( 1.000000000000000000, -0.000000000000000000, 0.000000000000000000 ) ) ;
#3710 = CIRCLE ( 'NONE', #2604, 40.00000000000000000 ) ;
#3711 = APPLICATION_PROTOCOL_DEFINITION ( 'draft international standard', 'automotive_design', 1998, #1672 ) ;
#3712 = CIRCLE ( 'NONE', #2132, 4.599999999999996092 ) ;
#3713 = LINE ( 'NONE', #37, #2679 ) ;
#3714 = DIRECTION ( 'NONE',  ( 0.000000000000000000, 0.000000000000000000, -1.000000000000000000 ) ) ;
#3715 = ORIENTED_EDGE ( 'NONE', *, *, #408, .T. ) ;
#3716 = FACE_OUTER_BOUND ( 'NONE', #2510, .T. ) ;
#3717 = AXIS2_PLACEMENT_3D ( 'NONE', #768, #3720, #2980 ) ;
#3718 = EDGE_CURVE ( 'NONE', #3833, #3764, #1000, .T. ) ;
#3719 = FACE_OUTER_BOUND ( 'NONE', #3954, .T. ) ;
#3720 = DIRECTION ( 'NONE',  ( -0.000000000000000000, 1.000000000000000000, -0.000000000000000000 ) ) ;
#3721 = DIRECTION ( 'NONE',  ( 0.000000000000000000, -1.000000000000000000, 0.000000000000000000 ) ) ;
#3722 = ORIENTED_EDGE ( 'NONE', *, *, #2931, .F. ) ;
#3723 = LINE ( 'NONE', #324, #2853 ) ;
#3724 = EDGE_CURVE ( 'NONE', #159, #2414, #266, .T. ) ;
#3725 = AXIS2_PLACEMENT_3D ( 'NONE', #4068, #746, #3746 ) ;
#3726 = CIRCLE ( 'NONE', #3961, 6.499999999999999112 ) ;
#3727 = CARTESIAN_POINT ( 'NONE',  ( 18.59150718393674495, 15.00000000000000000, 26.50000000000001066 ) ) ;
#3728 = ORIENTED_EDGE ( 'NONE', *, *, #4469, .F. ) ;
#3729 = CIRCLE ( 'NONE', #4553, 1.000000000000002665 ) ;
#3730 = LINE ( 'NONE', #1875, #2485 ) ;
#3731 = VERTEX_POINT ( 'NONE', #1297 ) ;
#3732 = CARTESIAN_POINT ( 'NONE',  ( 15.20000000000000107, 4.200000000000000178, -30.19999999999999929 ) ) ;
#3733 = ORIENTED_EDGE ( 'NONE', *, *, #2715, .T. ) ;
#3734 = LINE ( 'NONE', #1827, #471 ) ;
#3735 = CARTESIAN_POINT ( 'NONE',  ( 0.000000000000000000, 4.200000000000000178, 0.000000000000000000 ) ) ;
#3736 = ORIENTED_EDGE ( 'NONE', *, *, #3094, .F. ) ;
#3737 = DIRECTION ( 'NONE',  ( 0.000000000000000000, 0.000000000000000000, -1.000000000000000000 ) ) ;
#3738 = FACE_OUTER_BOUND ( 'NONE', #3808, .T. ) ;
#3739 = CYLINDRICAL_SURFACE ( 'NONE', #2586, 43.50000000000000711 ) ;
#3740 = ORIENTED_EDGE ( 'NONE', *, *, #647, .T. ) ;
#3741 = CARTESIAN_POINT ( 'NONE',  ( 42.03307164686975739, 7.483699601813944113, -4.789502189245601116 ) ) ;
#3742 = DIRECTION ( 'NONE',  ( 0.000000000000000000, 0.000000000000000000, -1.000000000000000000 ) ) ;
#3743 = LINE ( 'NONE', #4572, #2054 ) ;
#3744 = DIRECTION ( 'NONE',  ( 0.000000000000000000, 1.000000000000000000, 0.000000000000000000 ) ) ;
#3745 = ORIENTED_EDGE ( 'NONE', *, *, #2830, .T. ) ;
#3746 = DIRECTION ( 'NONE',  ( 0.000000000000000000, 0.000000000000000000, -1.000000000000000000 ) ) ;
#3747 = CYLINDRICAL_SURFACE ( 'NONE', #993, 6.499999999999995559 ) ;
#3748 = FACE_OUTER_BOUND ( 'NONE', #233, .T. ) ;
#3749 = VECTOR ( 'NONE', #3360, 1000.000000000000000 ) ;
#3750 = ORIENTED_EDGE ( 'NONE', *, *, #1930, .T. ) ;
#3751 = DIRECTION ( 'NONE',  ( -0.000000000000000000, -1.000000000000000000, -0.000000000000000000 ) ) ;
#3752 = ORIENTED_EDGE ( 'NONE', *, *, #1835, .F. ) ;
#3753 = AXIS2_PLACEMENT_3D ( 'NONE', #2858, #1343, #3275 ) ;
#3754 = VECTOR ( 'NONE', #526, 1000.000000000000000 ) ;
#3755 = DIRECTION ( 'NONE',  ( -1.000000000000000000, 0.000000000000000000, 0.000000000000000000 ) ) ;
#3756 = ORIENTED_EDGE ( 'NONE', *, *, #4241, .T. ) ;
#3757 = LINE ( 'NONE', #4079, #825 ) ;
#3758 = EDGE_CURVE ( 'NONE', #1838, #1099, #1535, .T. ) ;
#3759 = ADVANCED_FACE ( 'NONE', ( #2839, #3929, #2815, #2145, #2512, #253 ), #4679, .T. ) ;
#3760 = ORIENTED_EDGE ( 'NONE', *, *, #2951, .F. ) ;
#3761 = CARTESIAN_POINT ( 'NONE',  ( -46.77808110350505899, 15.00000000000000000, 22.91227904007968164 ) ) ;
#3762 = EDGE_CURVE ( 'NONE', #1458, #2718, #3162, .T. ) ;
#3763 = DIRECTION ( 'NONE',  ( -0.000000000000000000, 1.000000000000000000, -0.000000000000000000 ) ) ;
#3764 = VERTEX_POINT ( 'NONE', #931 ) ;
#3765 = AXIS2_PLACEMENT_3D ( 'NONE', #326, #4850, #4094 ) ;
#3766 = CARTESIAN_POINT ( 'NONE',  ( 18.59150718393674495, 15.00000000000000000, 70.00000000000000000 ) ) ;
#3767 = VECTOR ( 'NONE', #748, 1000.000000000000000 ) ;
#3768 = DIRECTION ( 'NONE',  ( 0.000000000000000000, 0.000000000000000000, -1.000000000000000000 ) ) ;
#3769 = CARTESIAN_POINT ( 'NONE',  ( 12.69999999999999041, 5.652887372536823385, 30.00000000000001066 ) ) ;
#3770 = AXIS2_PLACEMENT_3D ( 'NONE', #4316, #2749, #2796 ) ;
#3771 = DIRECTION ( 'NONE',  ( -0.000000000000000000, 1.000000000000000000, -0.000000000000000000 ) ) ;
#3772 = VERTEX_POINT ( 'NONE', #2047 ) ;
#3773 = CARTESIAN_POINT ( 'NONE',  ( 44.50000000000001421, 11.00000000000000000, -23.50000000000001421 ) ) ;
#3774 = DIRECTION ( 'NONE',  ( -0.000000000000000000, -1.000000000000000000, -0.000000000000000000 ) ) ;
#3775 = ORIENTED_EDGE ( 'NONE', *, *, #1295, .T. ) ;
#3776 = VECTOR ( 'NONE', #3577, 1000.000000000000000 ) ;
#3777 = CARTESIAN_POINT ( 'NONE',  ( 45.54555525137367766, 6.000000000000000888, -5.000000000000000000 ) ) ;
#3778 = ORIENTED_EDGE ( 'NONE', *, *, #1333, .F. ) ;
#3779 = CARTESIAN_POINT ( 'NONE',  ( 42.00000000000001421, 1.799999999999999600, 26.50000000000001066 ) ) ;
#3780 = ORIENTED_EDGE ( 'NONE', *, *, #2304, .T. ) ;
#3781 = FACE_OUTER_BOUND ( 'NONE', #3107, .T. ) ;
#3782 = ORIENTED_EDGE ( 'NONE', *, *, #1546, .F. ) ;
#3783 = CARTESIAN_POINT ( 'NONE',  ( 45.54555525137367056, 6.379901688815708738, 5.000000000000000888 ) ) ;
#3784 = CARTESIAN_POINT ( 'NONE',  ( -11.69999999999999574, 4.200000000000000178, -26.50000000000000711 ) ) ;
#3785 = ORIENTED_EDGE ( 'NONE', *, *, #3597, .T. ) ;
#3786 = CARTESIAN_POINT ( 'NONE',  ( 39.95933631058686331, 15.00000000000000000, -36.18556701030929901 ) ) ;
#3787 = VECTOR ( 'NONE', #3391, 1000.000000000000000 ) ;
#3788 = FACE_BOUND ( 'NONE', #3848, .T. ) ;
#3789 = CARTESIAN_POINT ( 'NONE',  ( -5.999999999999999112, 20.00000000000000000, 12.00000000000000178 ) ) ;
#3790 = DIRECTION ( 'NONE',  ( 0.000000000000000000, 0.000000000000000000, -1.000000000000000000 ) ) ;
#3791 = EDGE_LOOP ( 'NONE', ( #1599, #1979, #2072, #1175, #3503, #1997 ) ) ;
#3792 = VECTOR ( 'NONE', #1811, 1000.000000000000000 ) ;
#3793 = DIRECTION ( 'NONE',  ( 0.000000000000000000, -1.000000000000000000, 0.000000000000000000 ) ) ;
#3794 = EDGE_CURVE ( 'NONE', #3047, #483, #3284, .T. ) ;
#3795 = DIRECTION ( 'NONE',  ( -0.000000000000000000, 1.000000000000000000, -0.000000000000000000 ) ) ;
#3796 = EDGE_CURVE ( 'NONE', #2884, #1595, #2097, .T. ) ;
#3797 = DIRECTION ( 'NONE',  ( 0.000000000000000000, 1.000000000000000000, 0.000000000000000000 ) ) ;
#3798 = ORIENTED_EDGE ( 'NONE', *, *, #4048, .F. ) ;
#3799 = ADVANCED_FACE ( 'NONE', ( #4303 ), #4607, .F. ) ;
#3800 = VECTOR ( 'NONE', #3379, 1000.000000000000000 ) ;
#3801 = ORIENTED_EDGE ( 'NONE', *, *, #4537, .T. ) ;
#3802 = LINE ( 'NONE', #2220, #2881 ) ;
#3803 = VECTOR ( 'NONE', #398, 1000.000000000000000 ) ;
#3804 = AXIS2_PLACEMENT_3D ( 'NONE', #1716, #898, #4698 ) ;
#3805 = VERTEX_POINT ( 'NONE', #3158 ) ;
#3806 = CIRCLE ( 'NONE', #4209, 40.00000000000000711 ) ;
#3807 = DIRECTION ( 'NONE',  ( 0.000000000000000000, -1.000000000000000000, 0.000000000000000000 ) ) ;
#3808 = EDGE_LOOP ( 'NONE', ( #257, #3449, #646, #4269 ) ) ;
#3809 = LINE ( 'NONE', #3761, #4914 ) ;
#3810 = EDGE_LOOP ( 'NONE', ( #374, #803, #445, #4276 ) ) ;
#3811 = CARTESIAN_POINT ( 'NONE',  ( 44.50000000000001421, 11.50000000000000000, 20.49999999999999645 ) ) ;
#3812 = EDGE_CURVE ( 'NONE', #483, #3833, #1144, .T. ) ;
#3813 = CARTESIAN_POINT ( 'NONE',  ( -44.50000000000001421, 11.50000000000000000, 29.00000000000000711 ) ) ;
#3814 = CYLINDRICAL_SURFACE ( 'NONE', #3161, 6.499999999999995559 ) ;
#3815 = CARTESIAN_POINT ( 'NONE',  ( 45.50330826453646438, 9.429386428899885431, -3.658348663150972957 ) ) ;
#3816 = ORIENTED_EDGE ( 'NONE', *, *, #1731, .F. ) ;
#3817 = DIRECTION ( 'NONE',  ( 0.000000000000000000, -1.000000000000000000, 0.000000000000000000 ) ) ;
#3818 = EDGE_CURVE ( 'NONE', #1992, #2528, #419, .T. ) ;
#3819 = ADVANCED_FACE ( 'NONE', ( #1946 ), #472, .F. ) ;
#3820 = CARTESIAN_POINT ( 'NONE',  ( 44.50000000000001421, 0.000000000000000000, -37.50000000000002132 ) ) ;
#3821 = EDGE_CURVE ( 'NONE', #701, #1675, #3920, .T. ) ;
#3822 = CYLINDRICAL_SURFACE ( 'NONE', #2532, 6.499999999999995559 ) ;
#3823 = CARTESIAN_POINT ( 'NONE',  ( -35.50000000000001421, 11.00000000000000000, -2.500000000000000000 ) ) ;
#3824 = ORIENTED_EDGE ( 'NONE', *, *, #1490, .F. ) ;
#3825 = ADVANCED_FACE ( 'NONE', ( #2761 ), #2339, .T. ) ;
#3826 = DIRECTION ( 'NONE',  ( 0.000000000000000000, 0.000000000000000000, 1.000000000000000000 ) ) ;
#3827 = ORIENTED_EDGE ( 'NONE', *, *, #3818, .T. ) ;
#3828 = AXIS2_PLACEMENT_3D ( 'NONE', #2319, #2343, #3857 ) ;
#3829 = AXIS2_PLACEMENT_3D ( 'NONE', #3766, #2950, #288 ) ;
#3830 = CYLINDRICAL_SURFACE ( 'NONE', #4394, 43.50000000000001421 ) ;
#3831 = ORIENTED_EDGE ( 'NONE', *, *, #2098, .T. ) ;
#3832 = DIRECTION ( 'NONE',  ( 1.445602896647340396E-16, 0.000000000000000000, -1.000000000000000000 ) ) ;
#3833 = VERTEX_POINT ( 'NONE', #3109 ) ;
#3834 = DIRECTION ( 'NONE',  ( 0.000000000000000000, 0.000000000000000000, 1.000000000000000000 ) ) ;
#3835 = ADVANCED_FACE ( 'NONE', ( #1292 ), #1995, .T. ) ;
#3836 = EDGE_LOOP ( 'NONE', ( #692, #2721 ) ) ;
#3837 = CARTESIAN_POINT ( 'NONE',  ( -44.50000000000001421, -22.00000000000000355, -26.50000000000000711 ) ) ;
#3838 = DIRECTION ( 'NONE',  ( 0.000000000000000000, 0.000000000000000000, -1.000000000000000000 ) ) ;
#3839 = AXIS2_PLACEMENT_3D ( 'NONE', #177, #226, #4822 ) ;
#3840 = ORIENTED_EDGE ( 'NONE', *, *, #4635, .F. ) ;
#3841 = VECTOR ( 'NONE', #489, 1000.000000000000000 ) ;
#3842 = CARTESIAN_POINT ( 'NONE',  ( 42.03994611300722539, 6.754854094108687868, 4.957258429233027286 ) ) ;
#3843 = MANIFOLD_SOLID_BREP ( 'Cut-Extrude16', #2891 ) ;
#3844 = CARTESIAN_POINT ( 'NONE',  ( 44.50000000000001421, -2.499999999999999112, -33.60000000000000142 ) ) ;
#3845 = AXIS2_PLACEMENT_3D ( 'NONE', #4869, #636, #2922 ) ;
#3846 = CARTESIAN_POINT ( 'NONE',  ( 45.67077626419153091, 11.50000000000000000, 20.58101651390111542 ) ) ;
#3847 = CARTESIAN_POINT ( 'NONE',  ( 46.77808110350505899, 0.000000000000000000, 22.91227904007969585 ) ) ;
#3848 = EDGE_LOOP ( 'NONE', ( #475, #3671 ) ) ;
#3849 = DIRECTION ( 'NONE',  ( 0.000000000000000000, -1.000000000000000000, 0.000000000000000000 ) ) ;
#3850 = EDGE_CURVE ( 'NONE', #801, #97, #1066, .T. ) ;
#3851 = FILL_AREA_STYLE_COLOUR ( '', #4074 ) ;
#3852 = AXIS2_PLACEMENT_3D ( 'NONE', #246, #197, #1410 ) ;
#3853 = ORIENTED_EDGE ( 'NONE', *, *, #2628, .F. ) ;
#3854 = VECTOR ( 'NONE', #1159, 1000.000000000000000 ) ;
#3855 = DIRECTION ( 'NONE',  ( 0.000000000000000000, 0.000000000000000000, 1.000000000000000000 ) ) ;
#3856 = VERTEX_POINT ( 'NONE', #853 ) ;
#3857 = DIRECTION ( 'NONE',  ( -4.466414466882812898E-15, 0.000000000000000000, 1.000000000000000000 ) ) ;
#3858 = EDGE_CURVE ( 'NONE', #899, #3805, #3051, .T. ) ;
#3859 = VERTEX_POINT ( 'NONE', #3900 ) ;
#3860 = ORIENTED_EDGE ( 'NONE', *, *, #4372, .F. ) ;
#3861 = CARTESIAN_POINT ( 'NONE',  ( -44.50000000000001421, 11.00000000000000000, 23.50000000000001421 ) ) ;
#3862 = DIRECTION ( 'NONE',  ( 0.000000000000000000, -1.000000000000000000, 0.000000000000000000 ) ) ;
#3863 = PLANE ( 'NONE',  #2348 ) ;
#3864 = EDGE_LOOP ( 'NONE', ( #792, #3262, #3331, #1347 ) ) ;
#3865 = AXIS2_PLACEMENT_3D ( 'NONE', #240, #4037, #2919 ) ;
#3866 = CARTESIAN_POINT ( 'NONE',  ( -42.00000000000001421, 15.00000000000000000, -26.50000000000001066 ) ) ;
#3867 = DIRECTION ( 'NONE',  ( 0.000000000000000000, 1.000000000000000000, -0.000000000000000000 ) ) ;
#3868 = CARTESIAN_POINT ( 'NONE',  ( 38.50000000000001421, 15.00000000000000000, 26.50000000000002132 ) ) ;
#3869 = AXIS2_PLACEMENT_3D ( 'NONE', #1206, #1656, #3098 ) ;
#3870 = DIRECTION ( 'NONE',  ( 0.000000000000000000, -1.000000000000000000, 0.000000000000000000 ) ) ;
#3871 = CARTESIAN_POINT ( 'NONE',  ( 45.50000000000001421, 15.00000000000000000, -26.50000000000000711 ) ) ;
#3872 = ORIENTED_EDGE ( 'NONE', *, *, #797, .T. ) ;
#3873 = VECTOR ( 'NONE', #631, 1000.000000000000000 ) ;
#3874 = EDGE_CURVE ( 'NONE', #3968, #47, #4675, .T. ) ;
#3875 = PLANE ( 'NONE',  #4677 ) ;
#3876 = CARTESIAN_POINT ( 'NONE',  ( -51.68556701030929901, 0.000000000000000000, 24.45933631058685620 ) ) ;
#3877 = ORIENTED_EDGE ( 'NONE', *, *, #2428, .T. ) ;
#3878 = CIRCLE ( 'NONE', #1746, 43.50000000000000711 ) ;
#3879 = EDGE_LOOP ( 'NONE', ( #2531, #4554, #1849, #2688, #1430, #699, #1653, #752 ) ) ;
#3880 = DIRECTION ( 'NONE',  ( 2.135044278125301343E-15, 0.000000000000000000, 1.000000000000000000 ) ) ;
#3881 = EDGE_LOOP ( 'NONE', ( #3924, #4052, #1550, #4849, #573, #4547, #1751, #186 ) ) ;
#3882 = AXIS2_PLACEMENT_3D ( 'NONE', #2755, #4274, #120 ) ;
#3883 = VECTOR ( 'NONE', #1954, 1000.000000000000000 ) ;
#3884 = CARTESIAN_POINT ( 'NONE',  ( 0.000000000000000000, 11.50000000000000000, -3.999999999999995559 ) ) ;
#3885 = VERTEX_POINT ( 'NONE', #3876 ) ;
#3886 = PLANE ( 'NONE',  #2379 ) ;
#3887 = VECTOR ( 'NONE', #4795, 1000.000000000000000 ) ;
#3888 = ORIENTED_EDGE ( 'NONE', *, *, #2402, .F. ) ;
#3889 = DIRECTION ( 'NONE',  ( 0.000000000000000000, -1.000000000000000000, 0.000000000000000000 ) ) ;
#3890 = DIRECTION ( 'NONE',  ( 0.000000000000000000, 0.000000000000000000, -1.000000000000000000 ) ) ;
#3891 = DIRECTION ( 'NONE',  ( 0.000000000000000000, 0.000000000000000000, -1.000000000000000000 ) ) ;
#3892 = VERTEX_POINT ( 'NONE', #3978 ) ;
#3893 = CARTESIAN_POINT ( 'NONE',  ( 1.700000000000000178, 15.00000000000000000, 7.000000000000003553 ) ) ;
#3894 = DIRECTION ( 'NONE',  ( 1.000000000000000000, -0.000000000000000000, 0.000000000000000000 ) ) ;
#3895 = CARTESIAN_POINT ( 'NONE',  ( -44.50000000000001421, -2.499999999999999112, 29.00000000000000711 ) ) ;
#3896 = DIRECTION ( 'NONE',  ( 0.000000000000000000, 0.000000000000000000, -1.000000000000000000 ) ) ;
#3897 = ORIENTED_EDGE ( 'NONE', *, *, #3724, .F. ) ;
#3898 = EDGE_CURVE ( 'NONE', #2440, #1352, #2810, .T. ) ;
#3899 = DIRECTION ( 'NONE',  ( -0.000000000000000000, 1.000000000000000000, -0.000000000000000000 ) ) ;
#3900 = CARTESIAN_POINT ( 'NONE',  ( -45.67077626419152381, 11.50000000000000000, -20.58101651390109765 ) ) ;
#3901 = VERTEX_POINT ( 'NONE', #4024 ) ;
#3902 = EDGE_LOOP ( 'NONE', ( #1883, #1960, #122, #103 ) ) ;
#3903 = CARTESIAN_POINT ( 'NONE',  ( -44.50000000000001421, 0.000000000000000000, 29.00000000000000711 ) ) ;
#3904 = ORIENTED_EDGE ( 'NONE', *, *, #2584, .T. ) ;
#3905 = DIRECTION ( 'NONE',  ( -0.000000000000000000, -1.000000000000000000, -0.000000000000000000 ) ) ;
#3906 = CIRCLE ( 'NONE', #4468, 2.500000000000002220 ) ;
#3907 = ORIENTED_EDGE ( 'NONE', *, *, #2044, .F. ) ;
#3908 = CARTESIAN_POINT ( 'NONE',  ( 12.69999999999999218, -5.833809621030952464, 30.00000000000001066 ) ) ;
#3909 = AXIS2_PLACEMENT_3D ( 'NONE', #1078, #2170, #2564 ) ;
#3910 = EDGE_CURVE ( 'NONE', #985, #3490, #1542, .T. ) ;
#3911 = EDGE_CURVE ( 'NONE', #3149, #136, #1020, .T. ) ;
#3912 = EDGE_LOOP ( 'NONE', ( #50, #1407, #833, #4462 ) ) ;
#3913 = VECTOR ( 'NONE', #4023, 1000.000000000000000 ) ;
#3914 = AXIS2_PLACEMENT_3D ( 'NONE', #1949, #449, #2392 ) ;
#3915 = DIRECTION ( 'NONE',  ( 0.000000000000000000, 0.000000000000000000, -1.000000000000000000 ) ) ;
#3916 = DIRECTION ( 'NONE',  ( 0.000000000000000000, -0.000000000000000000, 1.000000000000000000 ) ) ;
#3917 = CARTESIAN_POINT ( 'NONE',  ( -44.50000000000001421, 15.00000000000000000, 23.50000000000001421 ) ) ;
#3918 = ORIENTED_EDGE ( 'NONE', *, *, #182, .F. ) ;
#3919 = CARTESIAN_POINT ( 'NONE',  ( -18.59150718393674495, 1.799999999999999600, -70.00000000000000000 ) ) ;
#3920 = CIRCLE ( 'NONE', #4564, 8.500000000000010658 ) ;
#3921 = CARTESIAN_POINT ( 'NONE',  ( -40.63865308473845062, 0.000000000000000000, 26.50000000000001066 ) ) ;
#3922 = FACE_OUTER_BOUND ( 'NONE', #14, .T. ) ;
#3923 = PLANE ( 'NONE',  #1668 ) ;
#3924 = ORIENTED_EDGE ( 'NONE', *, *, #3498, .F. ) ;
#3925 = FACE_OUTER_BOUND ( 'NONE', #827, .T. ) ;
#3926 = CARTESIAN_POINT ( 'NONE',  ( -44.50000000000001421, 11.00000000000000000, 29.00000000000000711 ) ) ;
#3927 = EDGE_LOOP ( 'NONE', ( #842, #4512, #1574, #971 ) ) ;
#3928 = ORIENTED_EDGE ( 'NONE', *, *, #4387, .F. ) ;
#3929 = FACE_BOUND ( 'NONE', #2410, .T. ) ;
#3930 = ORIENTED_EDGE ( 'NONE', *, *, #1272, .T. ) ;
#3931 = DIRECTION ( 'NONE',  ( 0.000000000000000000, 0.000000000000000000, 1.000000000000000000 ) ) ;
#3932 = ORIENTED_EDGE ( 'NONE', *, *, #3874, .F. ) ;
#3933 = FACE_OUTER_BOUND ( 'NONE', #1249, .T. ) ;
#3934 = EDGE_CURVE ( 'NONE', #327, #399, #2496, .T. ) ;
#3935 = ORIENTED_EDGE ( 'NONE', *, *, #1086, .F. ) ;
#3936 = CARTESIAN_POINT ( 'NONE',  ( -4.299999999999999822, 20.00000000000000000, 7.300000000000004263 ) ) ;
#3937 = LINE ( 'NONE', #2399, #2915 ) ;
#3938 = DIRECTION ( 'NONE',  ( 0.000000000000000000, 0.000000000000000000, 1.000000000000000000 ) ) ;
#3939 = ORIENTED_EDGE ( 'NONE', *, *, #3457, .T. ) ;
#3940 = CARTESIAN_POINT ( 'NONE',  ( -42.00000000000000711, 11.50000000000000000, 3.091507183936761827 ) ) ;
#3941 = LINE ( 'NONE', #3178, #4256 ) ;
#3942 = CYLINDRICAL_SURFACE ( 'NONE', #4609, 4.599999999999996092 ) ;
#3943 = EDGE_LOOP ( 'NONE', ( #4715, #2608, #3655, #774 ) ) ;
#3944 = CARTESIAN_POINT ( 'NONE',  ( 44.50000000000001421, 11.50000000000000000, -29.00000000000000711 ) ) ;
#3945 = ADVANCED_FACE ( 'NONE', ( #2882 ), #3256, .F. ) ;
#3946 = AXIS2_PLACEMENT_3D ( 'NONE', #3964, #1405, #587 ) ;
#3947 = CYLINDRICAL_SURFACE ( 'NONE', #1465, 4.599999999999999645 ) ;
#3948 = VECTOR ( 'NONE', #2945, 1000.000000000000000 ) ;
#3949 = EDGE_CURVE ( 'NONE', #2511, #363, #3441, .T. ) ;
#3950 = ORIENTED_EDGE ( 'NONE', *, *, #4635, .T. ) ;
#3951 = VERTEX_POINT ( 'NONE', #273 ) ;
#3952 = AXIS2_PLACEMENT_3D ( 'NONE', #4443, #593, #3251 ) ;
#3953 = CARTESIAN_POINT ( 'NONE',  ( 44.50000000000001421, 0.000000000000000000, 29.00000000000001776 ) ) ;
#3954 = EDGE_LOOP ( 'NONE', ( #2099, #640, #2712, #1936 ) ) ;
#3955 = CARTESIAN_POINT ( 'NONE',  ( -85.50000000000001421, 0.000000000000000000, 3.091507183936761827 ) ) ;
#3956 = ADVANCED_FACE ( 'NONE', ( #927 ), #2071, .T. ) ;
#3957 = ORIENTED_EDGE ( 'NONE', *, *, #3207, .F. ) ;
#3958 = CARTESIAN_POINT ( 'NONE',  ( 19.06383572797891901, 0.000000000000000000, 30.00000000000001066 ) ) ;
#3959 = EDGE_CURVE ( 'NONE', #809, #1105, #203, .T. ) ;
#3960 = CIRCLE ( 'NONE', #953, 6.499999999999999112 ) ;
#3961 = AXIS2_PLACEMENT_3D ( 'NONE', #2195, #4101, #1428 ) ;
#3962 = ORIENTED_EDGE ( 'NONE', *, *, #2003, .T. ) ;
#3963 = CARTESIAN_POINT ( 'NONE',  ( 40.63865308473844351, -2.499999999999999112, -26.50000000000001421 ) ) ;
#3964 = CARTESIAN_POINT ( 'NONE',  ( 18.59150718393674495, 15.00000000000000000, 70.00000000000000000 ) ) ;
#3965 = VECTOR ( 'NONE', #3011, 1000.000000000000000 ) ;
#3966 = CIRCLE ( 'NONE', #555, 40.00000000000000711 ) ;
#3967 = FACE_OUTER_BOUND ( 'NONE', #960, .T. ) ;
#3968 = VERTEX_POINT ( 'NONE', #4802 ) ;
#3969 = VECTOR ( 'NONE', #3519, 1000.000000000000000 ) ;
#3970 = DIRECTION ( 'NONE',  ( -0.000000000000000000, 1.000000000000000000, -0.000000000000000000 ) ) ;
#3971 = LINE ( 'NONE', #2086, #1237 ) ;
#3972 = CARTESIAN_POINT ( 'NONE',  ( -44.50000000000001421, 11.00000000000000000, -29.00000000000000711 ) ) ;
#3973 = VERTEX_POINT ( 'NONE', #572 ) ;
#3974 = CARTESIAN_POINT ( 'NONE',  ( -45.50000000000001421, 15.00000000000000000, 3.091507183936761827 ) ) ;
#3975 = EDGE_CURVE ( 'NONE', #3196, #645, #547, .T. ) ;
#3976 = ADVANCED_FACE ( 'NONE', ( #976 ), #950, .T. ) ;
#3977 = ADVANCED_FACE ( 'NONE', ( #3302 ), #1747, .T. ) ;
#3978 = CARTESIAN_POINT ( 'NONE',  ( -46.16061079728113015, 0.000000000000000000, 10.33115200650950705 ) ) ;
#3979 = ORIENTED_EDGE ( 'NONE', *, *, #1309, .F. ) ;
#3980 = VERTEX_POINT ( 'NONE', #4776 ) ;
#3981 = B_SPLINE_CURVE_WITH_KNOTS ( 'NONE', 3,
 ( #2566, #4740, #4183, #1454, #1927, #4134, #12, #1504, #3783, #1479 ),
 .UNSPECIFIED., .F., .F.,
 ( 4, 2, 2, 2, 4 ),
 ( 9.813077866773594792E-18, 0.001123514747833101587, 0.002247029495666193633, 0.003370544243499285463, 0.004494058991332376858 ),
 .UNSPECIFIED. ) ;
#3982 = EDGE_CURVE ( 'NONE', #4725, #2144, #644, .T. ) ;
#3983 = CARTESIAN_POINT ( 'NONE',  ( -44.50000000000001421, 0.000000000000000000, -29.00000000000000711 ) ) ;
#3984 = EDGE_LOOP ( 'NONE', ( #4338, #967, #1677, #2590 ) ) ;
#3985 = DIRECTION ( 'NONE',  ( -0.000000000000000000, 1.000000000000000000, -0.000000000000000000 ) ) ;
#3986 = ORIENTED_EDGE ( 'NONE', *, *, #2946, .T. ) ;
#3987 = LINE ( 'NONE', #3589, #2693 ) ;
#3988 = ORIENTED_EDGE ( 'NONE', *, *, #4471, .F. ) ;
#3989 = DIRECTION ( 'NONE',  ( 0.000000000000000000, 0.000000000000000000, 1.000000000000000000 ) ) ;
#3990 = VECTOR ( 'NONE', #1060, 1000.000000000000000 ) ;
#3991 = ADVANCED_FACE ( 'NONE', ( #4329 ), #2464, .F. ) ;
#3992 = DIRECTION ( 'NONE',  ( 0.000000000000000000, 0.000000000000000000, -1.000000000000000000 ) ) ;
#3993 = CARTESIAN_POINT ( 'NONE',  ( -45.50000000000001421, 11.00000000000000000, -2.500000000000000000 ) ) ;
#3994 = EDGE_LOOP ( 'NONE', ( #376, #4530, #1634, #11 ) ) ;
#3995 = AXIS2_PLACEMENT_3D ( 'NONE', #3605, #619, #2901 ) ;
#3996 = CIRCLE ( 'NONE', #105, 6.499999999999995559 ) ;
#3997 = CYLINDRICAL_SURFACE ( 'NONE', #3845, 4.599999999999996092 ) ;
#3998 = CYLINDRICAL_SURFACE ( 'NONE', #620, 43.50000000000000711 ) ;
#3999 = DIRECTION ( 'NONE',  ( -0.000000000000000000, 1.000000000000000000, -0.000000000000000000 ) ) ;
#4000 = ORIENTED_EDGE ( 'NONE', *, *, #4527, .F. ) ;
#4001 = CARTESIAN_POINT ( 'NONE',  ( -15.19999999999999041, 4.200000000000000178, 30.20000000000000284 ) ) ;
#4002 = EDGE_LOOP ( 'NONE', ( #4306, #3192 ) ) ;
#4003 = ORIENTED_EDGE ( 'NONE', *, *, #3231, .T. ) ;
#4004 = EDGE_CURVE ( 'NONE', #97, #4744, #4243, .T. ) ;
#4005 = AXIS2_PLACEMENT_3D ( 'NONE', #2036, #144, #4721 ) ;
#4006 = DIRECTION ( 'NONE',  ( 0.000000000000000000, 0.000000000000000000, -1.000000000000000000 ) ) ;
#4007 = CARTESIAN_POINT ( 'NONE',  ( 42.00000000000001421, 0.000000000000000000, -26.50000000000001066 ) ) ;
#4008 = ORIENTED_EDGE ( 'NONE', *, *, #4173, .T. ) ;
#4009 = LINE ( 'NONE', #4385, #2143 ) ;
#4010 = EDGE_CURVE ( 'NONE', #3885, #1500, #196, .T. ) ;
#4011 = VERTEX_POINT ( 'NONE', #3276 ) ;
#4012 = DIRECTION ( 'NONE',  ( -0.000000000000000000, -1.000000000000000000, -0.000000000000000000 ) ) ;
#4013 = ADVANCED_FACE ( 'NONE', ( #4423 ), #3947, .T. ) ;
#4014 = DIRECTION ( 'NONE',  ( 0.000000000000000000, -1.000000000000000000, 0.000000000000000000 ) ) ;
#4015 = AXIS2_PLACEMENT_3D ( 'NONE', #2780, #1989, #4298 ) ;
#4016 = CARTESIAN_POINT ( 'NONE',  ( -44.50000000000001421, 0.000000000000000000, 29.00000000000000711 ) ) ;
#4017 = ORIENTED_EDGE ( 'NONE', *, *, #4048, .T. ) ;
#4018 = VECTOR ( 'NONE', #2569, 1000.000000000000000 ) ;
#4019 = DIRECTION ( 'NONE',  ( -1.000000000000000000, 0.000000000000000000, -0.000000000000000000 ) ) ;
#4020 = CARTESIAN_POINT ( 'NONE',  ( -44.50000000000001421, -2.499999999999999112, -24.40000000000001279 ) ) ;
#4021 = CARTESIAN_POINT ( 'NONE',  ( 44.50000000000001421, 0.000000000000000000, -33.60000000000000142 ) ) ;
#4022 = VERTEX_POINT ( 'NONE', #2186 ) ;
#4023 = DIRECTION ( 'NONE',  ( -0.000000000000000000, -1.000000000000000000, -0.000000000000000000 ) ) ;
#4024 = CARTESIAN_POINT ( 'NONE',  ( -44.50000000000001421, 0.000000000000000000, 22.50000000000001421 ) ) ;
#4025 = VERTEX_POINT ( 'NONE', #4070 ) ;
#4026 = VERTEX_POINT ( 'NONE', #4120 ) ;
#4027 = VECTOR ( 'NONE', #4268, 1000.000000000000000 ) ;
#4028 = CARTESIAN_POINT ( 'NONE',  ( 44.50000000000001421, 39.04163056034264656, -29.00000000000000711 ) ) ;
#4029 = CIRCLE ( 'NONE', #2760, 43.50000000000000711 ) ;
#4030 = LINE ( 'NONE', #2536, #2323 ) ;
#4031 = ORIENTED_EDGE ( 'NONE', *, *, #1123, .T. ) ;
#4032 = DIRECTION ( 'NONE',  ( -0.002194020926394565744, 0.000000000000000000, -0.9999975931331908097 ) ) ;
#4033 = EDGE_CURVE ( 'NONE', #1915, #2358, #4883, .T. ) ;
#4034 = EDGE_LOOP ( 'NONE', ( #1974, #1482, #4699, #4110, #1807, #1506, #1888, #3371 ) ) ;
#4035 = FACE_OUTER_BOUND ( 'NONE', #3244, .T. ) ;
#4036 = CARTESIAN_POINT ( 'NONE',  ( 42.00000000000000711, 15.00000000000000000, 30.00000000000001066 ) ) ;
#4037 = DIRECTION ( 'NONE',  ( -1.000000000000000000, -1.510202172955553042E-16, 0.000000000000000000 ) ) ;
#4038 = ORIENTED_EDGE ( 'NONE', *, *, #3171, .T. ) ;
#4039 = AXIS2_PLACEMENT_3D ( 'NONE', #4171, #4875, #4576 ) ;
#4040 = CARTESIAN_POINT ( 'NONE',  ( 40.63865308473845062, 0.000000000000000000, 26.50000000000001776 ) ) ;
#4041 = AXIS2_PLACEMENT_3D ( 'NONE', #4601, #333, #800 ) ;
#4042 = DIRECTION ( 'NONE',  ( 0.9999975931331908097, 0.000000000000000000, -0.002194020926394565311 ) ) ;
#4043 = DIRECTION ( 'NONE',  ( -1.982541115402061757E-15, 0.000000000000000000, -1.000000000000000000 ) ) ;
#4044 = ORIENTED_EDGE ( 'NONE', *, *, #3059, .F. ) ;
#4045 = DIRECTION ( 'NONE',  ( 0.000000000000000000, 0.000000000000000000, 1.000000000000000000 ) ) ;
#4046 = CARTESIAN_POINT ( 'NONE',  ( 44.50000000000001421, 0.000000000000000000, 29.00000000000000711 ) ) ;
#4047 = ORIENTED_EDGE ( 'NONE', *, *, #1952, .T. ) ;
#4048 = EDGE_CURVE ( 'NONE', #645, #4832, #592, .T. ) ;
#4049 = ORIENTED_EDGE ( 'NONE', *, *, #1342, .F. ) ;
#4050 = LINE ( 'NONE', #1496, #657 ) ;
#4051 = CARTESIAN_POINT ( 'NONE',  ( -1.700000000000000178, 17.00000000000000000, -7.699999999999993072 ) ) ;
#4052 = ORIENTED_EDGE ( 'NONE', *, *, #2430, .T. ) ;
#4053 = CYLINDRICAL_SURFACE ( 'NONE', #2222, 1.000000000000002665 ) ;
#4054 = LINE ( 'NONE', #4210, #4868 ) ;
#4055 = ORIENTED_EDGE ( 'NONE', *, *, #4867, .T. ) ;
#4056 = LINE ( 'NONE', #284, #3948 ) ;
#4057 = LINE ( 'NONE', #4436, #3008 ) ;
#4058 = DIRECTION ( 'NONE',  ( 0.000000000000000000, -1.000000000000000000, 0.000000000000000000 ) ) ;
#4059 = VERTEX_POINT ( 'NONE', #1044 ) ;
#4060 = ADVANCED_FACE ( 'NONE', ( #2213 ), #3332, .F. ) ;
#4061 = EDGE_CURVE ( 'NONE', #3387, #78, #1095, .T. ) ;
#4062 = CARTESIAN_POINT ( 'NONE',  ( 6.000000000000000888, 20.00000000000000000, 12.00000000000000178 ) ) ;
#4063 = DIRECTION ( 'NONE',  ( 0.000000000000000000, -1.000000000000000000, 0.000000000000000000 ) ) ;
#4064 = DIRECTION ( 'NONE',  ( -1.000000000000000000, 0.000000000000000000, 0.000000000000000000 ) ) ;
#4065 = ORIENTED_EDGE ( 'NONE', *, *, #1680, .F. ) ;
#4066 = AXIS2_PLACEMENT_3D ( 'NONE', #1251, #4309, #3832 ) ;
#4067 = VECTOR ( 'NONE', #4852, 1000.000000000000000 ) ;
#4068 = CARTESIAN_POINT ( 'NONE',  ( 44.50000000000001421, 15.00000000000000000, 29.00000000000000711 ) ) ;
#4069 = ORIENTED_EDGE ( 'NONE', *, *, #4799, .F. ) ;
#4070 = CARTESIAN_POINT ( 'NONE',  ( 6.000000000000000888, 11.50000000000000000, 11.00000000000000000 ) ) ;
#4071 = ORIENTED_EDGE ( 'NONE', *, *, #852, .F. ) ;
#4072 = CARTESIAN_POINT ( 'NONE',  ( -45.67077626419153091, 11.50000000000000000, 20.58101651390110476 ) ) ;
#4073 = EDGE_LOOP ( 'NONE', ( #36, #4631, #3138, #4884, #565, #3728, #1603, #536, #3704, #4194, #3353, #287, #3037, #731, #4215, #3782, #4645 ) ) ;
#4074 = COLOUR_RGB ( '',0.7921568627450980005, 0.8196078431372548767, 0.9333333333333333481 ) ;
#4075 = ORIENTED_EDGE ( 'NONE', *, *, #61, .F. ) ;
#4076 = LINE ( 'NONE', #2563, #3483 ) ;
#4077 = VECTOR ( 'NONE', #4297, 1000.000000000000000 ) ;
#4078 = EDGE_CURVE ( 'NONE', #1202, #3651, #4449, .T. ) ;
#4079 = CARTESIAN_POINT ( 'NONE',  ( -51.68556701030929901, 15.00000000000000000, -24.45933631058685620 ) ) ;
#4080 = ORIENTED_EDGE ( 'NONE', *, *, #3201, .T. ) ;
#4081 = CARTESIAN_POINT ( 'NONE',  ( 46.77808110350508741, 1.799999999999999600, 22.91227904007970650 ) ) ;
#4082 = CARTESIAN_POINT ( 'NONE',  ( -46.36254570665256125, 0.000000000000000000, -10.32335836023588094 ) ) ;
#4083 = FACE_BOUND ( 'NONE', #4182, .T. ) ;
#4084 = VERTEX_POINT ( 'NONE', #1468 ) ;
#4085 = EDGE_CURVE ( 'NONE', #4430, #2497, #1870, .T. ) ;
#4086 = CARTESIAN_POINT ( 'NONE',  ( 42.04188619865061582, 6.000000000000000888, -5.000000000000000000 ) ) ;
#4087 = DIRECTION ( 'NONE',  ( 1.000000000000000000, 0.000000000000000000, 8.760942863221888787E-16 ) ) ;
#4088 = AXIS2_PLACEMENT_3D ( 'NONE', #3267, #2152, #4391 ) ;
#4089 = DIRECTION ( 'NONE',  ( -0.000000000000000000, 1.000000000000000000, -0.000000000000000000 ) ) ;
#4090 = DIRECTION ( 'NONE',  ( -0.000000000000000000, -1.000000000000000000, -0.000000000000000000 ) ) ;
#4091 = VERTEX_POINT ( 'NONE', #296 ) ;
#4092 = LINE ( 'NONE', #1536, #789 ) ;
#4093 = ORIENTED_EDGE ( 'NONE', *, *, #3934, .F. ) ;
#4094 = DIRECTION ( 'NONE',  ( 1.000000000000000000, 0.000000000000000000, -0.000000000000000000 ) ) ;
#4095 = ORIENTED_EDGE ( 'NONE', *, *, #138, .T. ) ;
#4096 = DIRECTION ( 'NONE',  ( 0.000000000000000000, 1.000000000000000000, -1.084202172485504434E-16 ) ) ;
#4097 = ADVANCED_FACE ( 'NONE', ( #2554 ), #672, .T. ) ;
#4098 = DIRECTION ( 'NONE',  ( 0.000000000000000000, 0.000000000000000000, 1.000000000000000000 ) ) ;
#4099 = AXIS2_PLACEMENT_3D ( 'NONE', #1037, #3319, #217 ) ;
#4100 = ORIENTED_EDGE ( 'NONE', *, *, #3457, .F. ) ;
#4101 = DIRECTION ( 'NONE',  ( -0.000000000000000000, 1.000000000000000000, -0.000000000000000000 ) ) ;
#4102 = DIRECTION ( 'NONE',  ( 0.000000000000000000, 1.000000000000000000, 0.000000000000000000 ) ) ;
#4103 = EDGE_LOOP ( 'NONE', ( #4365, #1947, #1097, #4887 ) ) ;
#4104 = ADVANCED_FACE ( 'NONE', ( #1899 ), #677, .T. ) ;
#4105 = CARTESIAN_POINT ( 'NONE',  ( 42.00000000000002132, 1.799999999999999600, 23.00000000000001421 ) ) ;
#4106 = VECTOR ( 'NONE', #3266, 1000.000000000000000 ) ;
#4107 = VECTOR ( 'NONE', #191, 1000.000000000000000 ) ;
#4108 = DIRECTION ( 'NONE',  ( 0.000000000000000000, -1.000000000000000000, 0.000000000000000000 ) ) ;
#4109 = CARTESIAN_POINT ( 'NONE',  ( -44.50000000000001421, 11.00000000000000000, -29.00000000000000711 ) ) ;
#4110 = ORIENTED_EDGE ( 'NONE', *, *, #276, .F. ) ;
#4111 = ADVANCED_FACE ( 'NONE', ( #3409 ), #8, .T. ) ;
#4112 = DIRECTION ( 'NONE',  ( -0.000000000000000000, -1.000000000000000000, -0.000000000000000000 ) ) ;
#4113 = DIRECTION ( 'NONE',  ( 2.688821387764050602E-15, 0.000000000000000000, 1.000000000000000000 ) ) ;
#4114 = LINE ( 'NONE', #1158, #2921 ) ;
#4115 = CARTESIAN_POINT ( 'NONE',  ( -18.59150718393674495, 0.000000000000000000, 70.00000000000000000 ) ) ;
#4116 = ORIENTED_EDGE ( 'NONE', *, *, #243, .F. ) ;
#4117 = CYLINDRICAL_SURFACE ( 'NONE', #3725, 8.500000000000010658 ) ;
#4118 = CIRCLE ( 'NONE', #474, 2.500000000000005773 ) ;
#4119 = VERTEX_POINT ( 'NONE', #3702 ) ;
#4120 = CARTESIAN_POINT ( 'NONE',  ( -18.59150718393674850, 11.50000000000000000, -26.50000000000000711 ) ) ;
#4121 = CARTESIAN_POINT ( 'NONE',  ( 38.41227904007969585, 1.799999999999999600, 31.27808110350507320 ) ) ;
#4122 = ORIENTED_EDGE ( 'NONE', *, *, #2666, .T. ) ;
#4123 = VECTOR ( 'NONE', #492, 1000.000000000000000 ) ;
#4124 = EDGE_CURVE ( 'NONE', #3517, #136, #1474, .T. ) ;
#4125 = EDGE_CURVE ( 'NONE', #3583, #2269, #3016, .T. ) ;
#4126 = EDGE_CURVE ( 'NONE', #363, #3196, #3802, .T. ) ;
#4127 = PLANE ( 'NONE',  #25 ) ;
#4128 = ORIENTED_EDGE ( 'NONE', *, *, #3523, .T. ) ;
#4129 = LINE ( 'NONE', #3386, #2407 ) ;
#4130 = CIRCLE ( 'NONE', #478, 6.499999999999995559 ) ;
#4131 = ORIENTED_EDGE ( 'NONE', *, *, #289, .F. ) ;
#4132 = CARTESIAN_POINT ( 'NONE',  ( 44.50000000000001421, 11.00000000000000000, -29.00000000000000711 ) ) ;
#4133 = ORIENTED_EDGE ( 'NONE', *, *, #1680, .T. ) ;
#4134 = CARTESIAN_POINT ( 'NONE',  ( 45.53045875256958652, 7.848664890839211594, 4.660802000864383565 ) ) ;
#4135 = APPLICATION_PROTOCOL_DEFINITION ( 'draft international standard', 'automotive_design', 1998, #4562 ) ;
#4136 = DIRECTION ( 'NONE',  ( 0.000000000000000000, 0.000000000000000000, 1.000000000000000000 ) ) ;
#4137 = VERTEX_POINT ( 'NONE', #730 ) ;
#4138 = CIRCLE ( 'NONE', #4149, 5.499999999999994671 ) ;
#4139 = LINE ( 'NONE', #2204, #3990 ) ;
#4140 = DIRECTION ( 'NONE',  ( 0.000000000000000000, -1.000000000000000000, 0.000000000000000000 ) ) ;
#4141 = CARTESIAN_POINT ( 'NONE',  ( -11.69999999999999574, 4.200000000000000178, -30.00000000000000711 ) ) ;
#4142 = EDGE_LOOP ( 'NONE', ( #3285, #435, #1799, #1147 ) ) ;
#4143 = CARTESIAN_POINT ( 'NONE',  ( -44.50000000000001421, 11.50000000000000000, -29.00000000000000711 ) ) ;
#4144 = CARTESIAN_POINT ( 'NONE',  ( -18.59150718393674495, 0.000000000000000000, 70.00000000000000000 ) ) ;
#4145 = AXIS2_PLACEMENT_3D ( 'NONE', #3884, #2394, #2791 ) ;
#4146 = DIRECTION ( 'NONE',  ( 0.000000000000000000, 0.000000000000000000, -1.000000000000000000 ) ) ;
#4147 = CIRCLE ( 'NONE', #1854, 43.50000000000001421 ) ;
#4148 = ORIENTED_EDGE ( 'NONE', *, *, #1942, .F. ) ;
#4149 = AXIS2_PLACEMENT_3D ( 'NONE', #4240, #839, #2081 ) ;
#4150 = DIRECTION ( 'NONE',  ( 0.000000000000000000, -1.000000000000000000, 0.000000000000000000 ) ) ;
#4151 = AXIS2_PLACEMENT_3D ( 'NONE', #4853, #4153, #1448 ) ;
#4152 = CIRCLE ( 'NONE', #2017, 6.499999999999999112 ) ;
#4153 = DIRECTION ( 'NONE',  ( -0.000000000000000000, 1.000000000000000000, -0.000000000000000000 ) ) ;
#4154 = ORIENTED_EDGE ( 'NONE', *, *, #1177, .T. ) ;
#4155 = DIRECTION ( 'NONE',  ( -1.224646799147353454E-16, -1.000000000000000000, 0.000000000000000000 ) ) ;
#4156 = ORIENTED_EDGE ( 'NONE', *, *, #758, .F. ) ;
#4157 = AXIS2_PLACEMENT_3D ( 'NONE', #1444, #1070, #2583 ) ;
#4158 = DIRECTION ( 'NONE',  ( 0.000000000000000000, -1.000000000000000000, 0.000000000000000000 ) ) ;
#4159 = DIRECTION ( 'NONE',  ( -1.000000000000000000, 0.000000000000000000, 2.168404344971010101E-16 ) ) ;
#4160 = EDGE_LOOP ( 'NONE', ( #4506, #4504, #2479, #360 ) ) ;
#4161 = VECTOR ( 'NONE', #2294, 1000.000000000000000 ) ;
#4162 = ADVANCED_FACE ( 'NONE', ( #3038, #1922 ), #2964, .F. ) ;
#4163 = CARTESIAN_POINT ( 'NONE',  ( 85.50000000000001421, 4.200000000000000178, -5.000000000000000888 ) ) ;
#4164 = VECTOR ( 'NONE', #1613, 1000.000000000000000 ) ;
#4165 = EDGE_CURVE ( 'NONE', #78, #3490, #4558, .T. ) ;
#4166 = DIRECTION ( 'NONE',  ( -8.163404592832023119E-16, 0.000000000000000000, 1.000000000000000000 ) ) ;
#4167 = DIRECTION ( 'NONE',  ( 0.000000000000000000, 1.000000000000000000, -0.000000000000000000 ) ) ;
#4168 = CIRCLE ( 'NONE', #2803, 4.599999999999996092 ) ;
#4169 = CARTESIAN_POINT ( 'NONE',  ( 19.30000000000000426, -5.833809621030940917, 13.25219988745154254 ) ) ;
#4170 = VERTEX_POINT ( 'NONE', #1146 ) ;
#4171 = CARTESIAN_POINT ( 'NONE',  ( -44.50000000000001421, 0.000000000000000000, 29.00000000000000711 ) ) ;
#4172 = CARTESIAN_POINT ( 'NONE',  ( 42.00000000000002132, 0.000000000000000000, 23.00000000000001421 ) ) ;
#4173 = EDGE_CURVE ( 'NONE', #2926, #2125, #2663, .T. ) ;
#4174 = DIRECTION ( 'NONE',  ( 0.000000000000000000, 0.000000000000000000, 1.000000000000000000 ) ) ;
#4175 = ORIENTED_EDGE ( 'NONE', *, *, #2005, .T. ) ;
#4176 = CIRCLE ( 'NONE', #2188, 40.00000000000000000 ) ;
#4177 = ORIENTED_EDGE ( 'NONE', *, *, #2475, .T. ) ;
#4178 = DIRECTION ( 'NONE',  ( 0.000000000000000000, -1.000000000000000000, 0.000000000000000000 ) ) ;
#4179 = EDGE_CURVE ( 'NONE', #2906, #4370, #2271, .T. ) ;
#4180 = VERTEX_POINT ( 'NONE', #4882 ) ;
#4181 = DIRECTION ( 'NONE',  ( -0.000000000000000000, 1.000000000000000000, -0.000000000000000000 ) ) ;
#4182 = EDGE_LOOP ( 'NONE', ( #500, #141 ) ) ;
#4183 = CARTESIAN_POINT ( 'NONE',  ( 45.50329713812971022, 9.430834588484831471, 3.656509590381839203 ) ) ;
#4184 = DIRECTION ( 'NONE',  ( -0.000000000000000000, 1.000000000000000000, -0.000000000000000000 ) ) ;
#4185 = EDGE_CURVE ( 'NONE', #1164, #3299, #3061, .T. ) ;
#4186 = ADVANCED_FACE ( 'NONE', ( #4478 ), #3427, .F. ) ;
#4187 = DIRECTION ( 'NONE',  ( -1.000000000000000000, 0.000000000000000000, 0.000000000000000000 ) ) ;
#4188 = EDGE_CURVE ( 'NONE', #2555, #635, #354, .T. ) ;
#4189 = VECTOR ( 'NONE', #3345, 1000.000000000000000 ) ;
#4190 = CIRCLE ( 'NONE', #1414, 2.500000000000002220 ) ;
#4191 = CARTESIAN_POINT ( 'NONE',  ( 46.77808110350505189, 15.00000000000000000, -22.91227904007969585 ) ) ;
#4192 = CARTESIAN_POINT ( 'NONE',  ( 44.50000000000001421, 15.00000000000000000, -37.50000000000002132 ) ) ;
#4193 = DIRECTION ( 'NONE',  ( 1.000000000000000000, -0.000000000000000000, 0.000000000000000000 ) ) ;
#4194 = ORIENTED_EDGE ( 'NONE', *, *, #1709, .F. ) ;
#4195 = VECTOR ( 'NONE', #4089, 1000.000000000000000 ) ;
#4196 = CARTESIAN_POINT ( 'NONE',  ( -15.19999999999999396, 4.200000000000000178, -26.50000000000000711 ) ) ;
#4197 = CARTESIAN_POINT ( 'NONE',  ( -44.50000000000001421, 15.00000000000000000, 29.00000000000000711 ) ) ;
#4198 = DIRECTION ( 'NONE',  ( 0.000000000000000000, 0.000000000000000000, 1.000000000000000000 ) ) ;
#4199 = CARTESIAN_POINT ( 'NONE',  ( 0.000000000000000000, 20.00000000000000000, -3.999999999999995559 ) ) ;
#4200 = VERTEX_POINT ( 'NONE', #304 ) ;
#4201 = AXIS2_PLACEMENT_3D ( 'NONE', #3944, #4628, #2388 ) ;
#4202 = AXIS2_PLACEMENT_3D ( 'NONE', #531, #1176, #3834 ) ;
#4203 = ORIENTED_EDGE ( 'NONE', *, *, #715, .T. ) ;
#4204 = PRESENTATION_STYLE_ASSIGNMENT (( #444 ) ) ;
#4205 = EDGE_CURVE ( 'NONE', #2926, #3113, #1822, .T. ) ;
#4206 = CIRCLE ( 'NONE', #794, 0.9999999999999991118 ) ;
#4207 = AXIS2_PLACEMENT_3D ( 'NONE', #2954, #3627, #2182 ) ;
#4208 = ORIENTED_EDGE ( 'NONE', *, *, #3661, .T. ) ;
#4209 = AXIS2_PLACEMENT_3D ( 'NONE', #407, #3438, #4113 ) ;
#4210 = CARTESIAN_POINT ( 'NONE',  ( -5.999999999999999112, 20.00000000000000000, 13.00000000000000178 ) ) ;
#4211 = ORIENTED_EDGE ( 'NONE', *, *, #244, .T. ) ;
#4212 = DIRECTION ( 'NONE',  ( 3.556183125752454544E-15, 0.000000000000000000, 1.000000000000000000 ) ) ;
#4213 = ORIENTED_EDGE ( 'NONE', *, *, #1077, .F. ) ;
#4214 = DIRECTION ( 'NONE',  ( 0.000000000000000000, 0.000000000000000000, 1.000000000000000000 ) ) ;
#4215 = ORIENTED_EDGE ( 'NONE', *, *, #1156, .F. ) ;
#4216 = DIRECTION ( 'NONE',  ( 0.000000000000000000, -1.000000000000000000, 0.000000000000000000 ) ) ;
#4217 = EDGE_CURVE ( 'NONE', #4416, #1868, #2993, .T. ) ;
#4218 = PLANE ( 'NONE',  #784 ) ;
#4219 = LINE ( 'NONE', #2655, #902 ) ;
#4220 = ORIENTED_EDGE ( 'NONE', *, *, #3614, .T. ) ;
#4221 = EDGE_CURVE ( 'NONE', #585, #2249, #4129, .T. ) ;
#4222 = EDGE_CURVE ( 'NONE', #3368, #2516, #1499, .T. ) ;
#4223 = CARTESIAN_POINT ( 'NONE',  ( -45.50000000000001421, 4.200000000000000178, -2.499999999999999112 ) ) ;
#4224 = CARTESIAN_POINT ( 'NONE',  ( -44.50000000000001421, -2.499999999999999112, 31.50000000000001421 ) ) ;
#4225 = CARTESIAN_POINT ( 'NONE',  ( -44.50000000000001421, 1.800000000000000044, 29.00000000000000711 ) ) ;
#4226 = DIRECTION ( 'NONE',  ( 0.000000000000000000, -0.000000000000000000, 1.000000000000000000 ) ) ;
#4227 = VERTEX_POINT ( 'NONE', #3779 ) ;
#4228 = DIRECTION ( 'NONE',  ( 0.000000000000000000, 0.000000000000000000, 1.000000000000000000 ) ) ;
#4229 = EDGE_CURVE ( 'NONE', #83, #2965, #4632, .T. ) ;
#4230 = CARTESIAN_POINT ( 'NONE',  ( 7.700000000000000178, 20.00000000000000000, 19.00000000000000355 ) ) ;
#4231 = VERTEX_POINT ( 'NONE', #4797 ) ;
#4232 = AXIS2_PLACEMENT_3D ( 'NONE', #625, #578, #3235 ) ;
#4233 = AXIS2_PLACEMENT_3D ( 'NONE', #2226, #732, #2967 ) ;
#4234 = DIRECTION ( 'NONE',  ( 1.000000000000000000, 0.000000000000000000, 0.000000000000000000 ) ) ;
#4235 = ORIENTED_EDGE ( 'NONE', *, *, #4649, .T. ) ;
#4236 = DIRECTION ( 'NONE',  ( 0.000000000000000000, 0.000000000000000000, -1.000000000000000000 ) ) ;
#4237 = ADVANCED_FACE ( 'NONE', ( #2159 ), #3629, .F. ) ;
#4238 = ORIENTED_EDGE ( 'NONE', *, *, #1021, .F. ) ;
#4239 = EDGE_LOOP ( 'NONE', ( #3426, #3000, #1748, #1314 ) ) ;
#4240 = CARTESIAN_POINT ( 'NONE',  ( -44.50000000000001421, 15.00000000000000000, -29.00000000000000711 ) ) ;
#4241 = EDGE_CURVE ( 'NONE', #4119, #4678, #2722, .T. ) ;
#4242 = CARTESIAN_POINT ( 'NONE',  ( -44.50000000000001421, -2.499999999999999112, -29.00000000000000711 ) ) ;
#4243 = CIRCLE ( 'NONE', #3609, 8.500000000000010658 ) ;
#4244 = CARTESIAN_POINT ( 'NONE',  ( -18.59150718393674495, 15.00000000000000000, 70.00000000000000000 ) ) ;
#4245 = ORIENTED_EDGE ( 'NONE', *, *, #1187, .T. ) ;
#4246 = AXIS2_PLACEMENT_3D ( 'NONE', #397, #4900, #2267 ) ;
#4247 = DIRECTION ( 'NONE',  ( 0.000000000000000000, 1.000000000000000000, -2.767081669228012716E-16 ) ) ;
#4248 = DIRECTION ( 'NONE',  ( -0.000000000000000000, 0.000000000000000000, 1.000000000000000000 ) ) ;
#4249 = DIRECTION ( 'NONE',  ( -1.067522139062650671E-15, 0.000000000000000000, 1.000000000000000000 ) ) ;
#4250 = CIRCLE ( 'NONE', #3290, 40.00000000000000000 ) ;
#4251 = DIRECTION ( 'NONE',  ( 0.000000000000000000, -1.000000000000000000, 0.000000000000000000 ) ) ;
#4252 = FACE_OUTER_BOUND ( 'NONE', #2988, .T. ) ;
#4253 = EDGE_LOOP ( 'NONE', ( #2401, #1120 ) ) ;
#4254 = FACE_BOUND ( 'NONE', #885, .T. ) ;
#4255 = DIRECTION ( 'NONE',  ( 0.000000000000000000, 0.000000000000000000, -1.000000000000000000 ) ) ;
#4256 = VECTOR ( 'NONE', #119, 1000.000000000000000 ) ;
#4257 = EDGE_LOOP ( 'NONE', ( #2790, #2287, #4595, #2053, #476 ) ) ;
#4258 = ORIENTED_EDGE ( 'NONE', *, *, #2669, .F. ) ;
#4259 = VECTOR ( 'NONE', #3467, 1000.000000000000000 ) ;
#4260 = FACE_OUTER_BOUND ( 'NONE', #4563, .T. ) ;
#4261 = ORIENTED_EDGE ( 'NONE', *, *, #4801, .F. ) ;
#4262 = DIRECTION ( 'NONE',  ( 0.000000000000000000, -1.000000000000000000, 0.000000000000000000 ) ) ;
#4263 = ORIENTED_EDGE ( 'NONE', *, *, #698, .T. ) ;
#4264 = FACE_OUTER_BOUND ( 'NONE', #2762, .T. ) ;
#4265 = VERTEX_POINT ( 'NONE', #2552 ) ;
#4266 = CYLINDRICAL_SURFACE ( 'NONE', #2242, 43.50000000000001421 ) ;
#4267 = DIRECTION ( 'NONE',  ( -1.000000000000000000, 0.000000000000000000, 0.000000000000000000 ) ) ;
#4268 = DIRECTION ( 'NONE',  ( 0.000000000000000000, -1.000000000000000000, 0.000000000000000000 ) ) ;
#4269 = ORIENTED_EDGE ( 'NONE', *, *, #4493, .F. ) ;
#4270 = CIRCLE ( 'NONE', #439, 8.500000000000010658 ) ;
#4271 = VECTOR ( 'NONE', #4014, 1000.000000000000000 ) ;
#4272 = FACE_OUTER_BOUND ( 'NONE', #4103, .T. ) ;
#4273 = CARTESIAN_POINT ( 'NONE',  ( 38.50000000000001421, 0.000000000000000000, -26.50000000000001776 ) ) ;
#4274 = DIRECTION ( 'NONE',  ( 0.000000000000000000, -1.000000000000000000, 0.000000000000000000 ) ) ;
#4275 = CARTESIAN_POINT ( 'NONE',  ( 38.41227904007969585, 15.00000000000000000, -31.27808110350507320 ) ) ;
#4276 = ORIENTED_EDGE ( 'NONE', *, *, #2068, .F. ) ;
#4277 = AXIS2_PLACEMENT_3D ( 'NONE', #4459, #586, #1034 ) ;
#4278 = DIRECTION ( 'NONE',  ( 0.000000000000000000, 1.000000000000000000, 0.000000000000000000 ) ) ;
#4279 = DIRECTION ( 'NONE',  ( 0.000000000000000000, 0.000000000000000000, 1.000000000000000000 ) ) ;
#4280 = ORIENTED_EDGE ( 'NONE', *, *, #2096, .F. ) ;
#4281 = EDGE_CURVE ( 'NONE', #336, #2292, #4393, .T. ) ;
#4282 = EDGE_CURVE ( 'NONE', #2555, #4265, #4751, .T. ) ;
#4283 = CIRCLE ( 'NONE', #1824, 8.500000000000010658 ) ;
#4284 = ORIENTED_EDGE ( 'NONE', *, *, #1924, .F. ) ;
#4285 = ADVANCED_FACE ( 'NONE', ( #571 ), #3674, .F. ) ;
#4286 = CARTESIAN_POINT ( 'NONE',  ( 45.50000000000001421, 9.929705247428540105, 3.091507183936761827 ) ) ;
#4287 = ORIENTED_EDGE ( 'NONE', *, *, #4835, .F. ) ;
#4288 = VECTOR ( 'NONE', #4362, 1000.000000000000000 ) ;
#4289 = DIRECTION ( 'NONE',  ( 0.000000000000000000, -1.000000000000000000, 0.000000000000000000 ) ) ;
#4290 = ORIENTED_EDGE ( 'NONE', *, *, #673, .F. ) ;
#4291 = CARTESIAN_POINT ( 'NONE',  ( 38.50000000000001421, 1.799999999999999600, -26.50000000000002132 ) ) ;
#4292 = ORIENTED_EDGE ( 'NONE', *, *, #2960, .F. ) ;
#4293 = DIRECTION ( 'NONE',  ( 0.000000000000000000, 0.000000000000000000, -1.000000000000000000 ) ) ;
#4294 = CARTESIAN_POINT ( 'NONE',  ( 2.000000000000000000, 15.00000000000000000, -7.699999999999993072 ) ) ;
#4295 = DIRECTION ( 'NONE',  ( 1.000000000000000000, -0.000000000000000000, 0.000000000000000000 ) ) ;
#4296 = EDGE_LOOP ( 'NONE', ( #3079, #2413 ) ) ;
#4297 = DIRECTION ( 'NONE',  ( 0.000000000000000000, 0.000000000000000000, -1.000000000000000000 ) ) ;
#4298 = DIRECTION ( 'NONE',  ( 0.000000000000000000, 0.000000000000000000, -1.000000000000000000 ) ) ;
#4299 = DIRECTION ( 'NONE',  ( -0.000000000000000000, 1.000000000000000000, -0.000000000000000000 ) ) ;
#4300 = DIRECTION ( 'NONE',  ( 0.000000000000000000, 1.000000000000000000, 0.000000000000000000 ) ) ;
#4301 = ORIENTED_EDGE ( 'NONE', *, *, #2480, .T. ) ;
#4302 = LINE ( 'NONE', #828, #2374 ) ;
#4303 = FACE_OUTER_BOUND ( 'NONE', #2896, .T. ) ;
#4304 = EDGE_LOOP ( 'NONE', ( #2171, #4667 ) ) ;
#4305 = EDGE_CURVE ( 'NONE', #4370, #179, #1415, .T. ) ;
#4306 = ORIENTED_EDGE ( 'NONE', *, *, #2946, .F. ) ;
#4307 = DIRECTION ( 'NONE',  ( 0.000000000000000000, -0.000000000000000000, 1.000000000000000000 ) ) ;
#4308 = ORIENTED_EDGE ( 'NONE', *, *, #2729, .T. ) ;
#4309 = DIRECTION ( 'NONE',  ( 1.000000000000000000, -0.000000000000000000, 1.445602896647340396E-16 ) ) ;
#4310 = AXIS2_PLACEMENT_3D ( 'NONE', #2146, #1798, #3635 ) ;
#4311 = EDGE_LOOP ( 'NONE', ( #4878, #2113, #2120, #4133 ) ) ;
#4312 = CYLINDRICAL_SURFACE ( 'NONE', #161, 4.599999999999996092 ) ;
#4313 = VECTOR ( 'NONE', #6, 1000.000000000000000 ) ;
#4314 = ORIENTED_EDGE ( 'NONE', *, *, #2004, .T. ) ;
#4315 = AXIS2_PLACEMENT_3D ( 'NONE', #1371, #4407, #3211 ) ;
#4316 = CARTESIAN_POINT ( 'NONE',  ( 85.50000000000001421, 0.000000000000000000, -3.091507183936761827 ) ) ;
#4317 = CARTESIAN_POINT ( 'NONE',  ( -11.69999999999999396, 6.735557395310434135E-16, -26.50000000000000711 ) ) ;
#4318 = PLANE ( 'NONE',  #3233 ) ;
#4319 = ORIENTED_EDGE ( 'NONE', *, *, #806, .F. ) ;
#4320 = EDGE_CURVE ( 'NONE', #2381, #4678, #3254, .T. ) ;
#4321 = ADVANCED_FACE ( 'NONE', ( #2877 ), #1043, .T. ) ;
#4322 = LINE ( 'NONE', #3199, #4164 ) ;
#4323 = AXIS2_PLACEMENT_3D ( 'NONE', #955, #3634, #4307 ) ;
#4324 = CARTESIAN_POINT ( 'NONE',  ( 4.299999999999999822, 17.00000000000000000, 18.70000000000000284 ) ) ;
#4325 = FACE_OUTER_BOUND ( 'NONE', #1526, .T. ) ;
#4326 = CARTESIAN_POINT ( 'NONE',  ( 45.50000000000001421, 15.00000000000000000, -30.00000000000000711 ) ) ;
#4327 = ORIENTED_EDGE ( 'NONE', *, *, #2943, .T. ) ;
#4328 = CYLINDRICAL_SURFACE ( 'NONE', #391, 8.500000000000010658 ) ;
#4329 = FACE_OUTER_BOUND ( 'NONE', #3927, .T. ) ;
#4330 = VERTEX_POINT ( 'NONE', #202 ) ;
#4331 = ORIENTED_EDGE ( 'NONE', *, *, #4358, .F. ) ;
#4332 = CARTESIAN_POINT ( 'NONE',  ( -85.50000000000001421, 15.00000000000000000, -3.091507183936761827 ) ) ;
#4333 = EDGE_CURVE ( 'NONE', #2982, #3604, #2137, .T. ) ;
#4334 = ORIENTED_EDGE ( 'NONE', *, *, #2258, .T. ) ;
#4335 = CARTESIAN_POINT ( 'NONE',  ( 42.00000000000001421, 15.00000000000000000, -26.50000000000001066 ) ) ;
#4336 = VERTEX_POINT ( 'NONE', #4727 ) ;
#4337 = CARTESIAN_POINT ( 'NONE',  ( -18.59150718393674850, 15.00000000000000000, -26.50000000000000711 ) ) ;
#4338 = ORIENTED_EDGE ( 'NONE', *, *, #3661, .F. ) ;
#4339 = CARTESIAN_POINT ( 'NONE',  ( -40.63865308473845062, -2.499999999999999112, 26.50000000000001066 ) ) ;
#4340 = CARTESIAN_POINT ( 'NONE',  ( -44.50000000000001421, 15.00000000000000000, -23.50000000000001421 ) ) ;
#4341 = FACE_OUTER_BOUND ( 'NONE', #2362, .T. ) ;
#4342 = ORIENTED_EDGE ( 'NONE', *, *, #2769, .F. ) ;
#4343 = EDGE_CURVE ( 'NONE', #1877, #1045, #176, .T. ) ;
#4344 = EDGE_CURVE ( 'NONE', #3805, #4403, #949, .T. ) ;
#4345 = EDGE_CURVE ( 'NONE', #1016, #2249, #265, .T. ) ;
#4346 = LINE ( 'NONE', #464, #2739 ) ;
#4347 = CARTESIAN_POINT ( 'NONE',  ( -51.68556701030929901, 0.000000000000000000, -24.45933631058685620 ) ) ;
#4348 = DIRECTION ( 'NONE',  ( -0.000000000000000000, -1.000000000000000000, -0.000000000000000000 ) ) ;
#4349 = EDGE_LOOP ( 'NONE', ( #4235, #2553 ) ) ;
#4350 = EDGE_CURVE ( 'NONE', #2836, #679, #3518, .T. ) ;
#4351 = CARTESIAN_POINT ( 'NONE',  ( 45.50000000000001421, 15.00000000000000000, 30.00000000000001066 ) ) ;
#4352 = AXIS2_PLACEMENT_3D ( 'NONE', #2999, #4889, #1481 ) ;
#4353 = CARTESIAN_POINT ( 'NONE',  ( 46.16062554098196813, 15.00000000000000000, -10.33123212160938742 ) ) ;
#4354 = AXIS2_PLACEMENT_3D ( 'NONE', #3663, #259, #3289 ) ;
#4355 = EDGE_LOOP ( 'NONE', ( #4071, #3410, #1515, #548 ) ) ;
#4356 = ORIENTED_EDGE ( 'NONE', *, *, #4061, .F. ) ;
#4357 = CYLINDRICAL_SURFACE ( 'NONE', #1138, 5.499999999999994671 ) ;
#4358 = EDGE_CURVE ( 'NONE', #403, #1743, #1018, .T. ) ;
#4359 = ORIENTED_EDGE ( 'NONE', *, *, #3758, .T. ) ;
#4360 = FACE_OUTER_BOUND ( 'NONE', #2330, .T. ) ;
#4361 = VERTEX_POINT ( 'NONE', #2065 ) ;
#4362 = DIRECTION ( 'NONE',  ( 0.000000000000000000, -1.000000000000000000, 0.000000000000000000 ) ) ;
#4363 = VECTOR ( 'NONE', #1719, 1000.000000000000000 ) ;
#4364 = VECTOR ( 'NONE', #3463, 1000.000000000000000 ) ;
#4365 = ORIENTED_EDGE ( 'NONE', *, *, #2177, .F. ) ;
#4366 = CARTESIAN_POINT ( 'NONE',  ( -5.999999999999999112, 20.00000000000000000, 13.00000000000000178 ) ) ;
#4367 = CARTESIAN_POINT ( 'NONE',  ( -58.34927731208833279, 0.000000000000000000, -37.51000000000001933 ) ) ;
#4368 = VECTOR ( 'NONE', #519, 1000.000000000000000 ) ;
#4369 = DIRECTION ( 'NONE',  ( 0.000000000000000000, 0.000000000000000000, -1.000000000000000000 ) ) ;
#4370 = VERTEX_POINT ( 'NONE', #1692 ) ;
#4371 = FACE_OUTER_BOUND ( 'NONE', #2162, .T. ) ;
#4372 = EDGE_CURVE ( 'NONE', #1323, #1844, #3204, .T. ) ;
#4373 = CARTESIAN_POINT ( 'NONE',  ( 42.04188619865061582, 6.000000000000000000, 5.000000000000000000 ) ) ;
#4374 = CARTESIAN_POINT ( 'NONE',  ( 44.50000000000001421, 1.799999999999999600, 29.00000000000001776 ) ) ;
#4375 = ORIENTED_EDGE ( 'NONE', *, *, #1436, .T. ) ;
#4376 = EDGE_CURVE ( 'NONE', #2560, #461, #4377, .T. ) ;
#4377 = LINE ( 'NONE', #972, #2928 ) ;
#4378 = CARTESIAN_POINT ( 'NONE',  ( -44.50000000000001421, -22.00000000000000355, 26.50000000000000711 ) ) ;
#4379 = ORIENTED_EDGE ( 'NONE', *, *, #3306, .F. ) ;
#4380 = ORIENTED_EDGE ( 'NONE', *, *, #1155, .F. ) ;
#4381 = EDGE_CURVE ( 'NONE', #4475, #4621, #3960, .T. ) ;
#4382 = LINE ( 'NONE', #3610, #3754 ) ;
#4383 = DIRECTION ( 'NONE',  ( 1.314141429483281149E-15, -0.000000000000000000, 1.000000000000000000 ) ) ;
#4384 = EDGE_LOOP ( 'NONE', ( #1681, #1321, #3700, #493 ) ) ;
#4385 = CARTESIAN_POINT ( 'NONE',  ( -42.00000000000000711, 14.99999999999999645, -2.499999999999998668 ) ) ;
#4386 = ORIENTED_EDGE ( 'NONE', *, *, #4596, .F. ) ;
#4387 = EDGE_CURVE ( 'NONE', #956, #3859, #4283, .T. ) ;
#4388 = CARTESIAN_POINT ( 'NONE',  ( -18.59150718393674850, 15.00000000000000000, 30.00000000000001066 ) ) ;
#4389 = VECTOR ( 'NONE', #2303, 1000.000000000000000 ) ;
#4390 = CARTESIAN_POINT ( 'NONE',  ( -42.00000000000001421, -2.499999999999999112, 25.13865308473844351 ) ) ;
#4391 = DIRECTION ( 'NONE',  ( 0.000000000000000000, 0.000000000000000000, -1.000000000000000000 ) ) ;
#4392 = ORIENTED_EDGE ( 'NONE', *, *, #2154, .T. ) ;
#4393 = CIRCLE ( 'NONE', #2487, 4.599999999999996092 ) ;
#4394 = AXIS2_PLACEMENT_3D ( 'NONE', #402, #53, #3433 ) ;
#4395 = ADVANCED_FACE ( 'NONE', ( #2581 ), #4117, .T. ) ;
#4396 = CARTESIAN_POINT ( 'NONE',  ( 45.50000000000001421, -22.00000000000000000, 3.091507183936761827 ) ) ;
#4397 = DIRECTION ( 'NONE',  ( 0.000000000000000000, 0.000000000000000000, -1.000000000000000000 ) ) ;
#4398 = CARTESIAN_POINT ( 'NONE',  ( 51.68556701030929901, 15.00000000000000000, -24.45933631058685620 ) ) ;
#4399 = ORIENTED_EDGE ( 'NONE', *, *, #1686, .F. ) ;
#4400 = DIRECTION ( 'NONE',  ( 0.000000000000000000, 0.000000000000000000, 1.000000000000000000 ) ) ;
#4401 = DIRECTION ( 'NONE',  ( -1.000000000000000000, 0.000000000000000000, 0.000000000000000000 ) ) ;
#4402 = ORIENTED_EDGE ( 'NONE', *, *, #4858, .T. ) ;
#4403 = VERTEX_POINT ( 'NONE', #4548 ) ;
#4404 = AXIS2_PLACEMENT_3D ( 'NONE', #2740, #100, #2711 ) ;
#4405 = EDGE_CURVE ( 'NONE', #743, #2381, #1584, .T. ) ;
#4406 = AXIS2_PLACEMENT_3D ( 'NONE', #516, #4648, #872 ) ;
#4407 = DIRECTION ( 'NONE',  ( 0.000000000000000000, 1.000000000000000000, 0.000000000000000000 ) ) ;
#4408 = LINE ( 'NONE', #4007, #3598 ) ;
#4409 = ORIENTED_EDGE ( 'NONE', *, *, #3616, .T. ) ;
#4410 = DIRECTION ( 'NONE',  ( 0.000000000000000000, 0.000000000000000000, -1.000000000000000000 ) ) ;
#4411 = ORIENTED_EDGE ( 'NONE', *, *, #3132, .T. ) ;
#4412 = CARTESIAN_POINT ( 'NONE',  ( 36.08101651390111186, 8.400000000000000355, -30.17077626419151670 ) ) ;
#4413 = PLANE ( 'NONE',  #3395 ) ;
#4414 = VECTOR ( 'NONE', #2129, 1000.000000000000000 ) ;
#4415 = CARTESIAN_POINT ( 'NONE',  ( -42.00000000000001421, -2.499999999999999112, -25.13865308473844351 ) ) ;
#4416 = VERTEX_POINT ( 'NONE', #1815 ) ;
#4417 = EDGE_CURVE ( 'NONE', #2716, #2637, #73, .T. ) ;
#4418 = FACE_OUTER_BOUND ( 'NONE', #4580, .T. ) ;
#4419 = DIRECTION ( 'NONE',  ( 0.000000000000000000, 0.000000000000000000, -1.000000000000000000 ) ) ;
#4420 = FACE_OUTER_BOUND ( 'NONE', #577, .T. ) ;
#4421 = ORIENTED_EDGE ( 'NONE', *, *, #3718, .T. ) ;
#4422 = DIRECTION ( 'NONE',  ( -0.000000000000000000, 1.000000000000000000, -0.000000000000000000 ) ) ;
#4423 = FACE_OUTER_BOUND ( 'NONE', #4384, .T. ) ;
#4424 = EDGE_LOOP ( 'NONE', ( #331, #4583, #4845, #4280 ) ) ;
#4425 = VERTEX_POINT ( 'NONE', #3696 ) ;
#4426 = CARTESIAN_POINT ( 'NONE',  ( 44.50000000000001421, -2.499999999999999112, -29.00000000000000711 ) ) ;
#4427 = AXIS2_PLACEMENT_3D ( 'NONE', #337, #1832, #2694 ) ;
#4428 = FACE_OUTER_BOUND ( 'NONE', #3073, .T. ) ;
#4429 = EDGE_CURVE ( 'NONE', #1495, #4227, #1869, .T. ) ;
#4430 = VERTEX_POINT ( 'NONE', #1139 ) ;
#4431 = ADVANCED_FACE ( 'NONE', ( #2657 ), #4898, .T. ) ;
#4432 = DIRECTION ( 'NONE',  ( -0.000000000000000000, -1.000000000000000000, -0.000000000000000000 ) ) ;
#4433 = AXIS2_PLACEMENT_3D ( 'NONE', #343, #1089, #4520 ) ;
#4434 = ORIENTED_EDGE ( 'NONE', *, *, #2556, .F. ) ;
#4435 = LINE ( 'NONE', #4412, #457 ) ;
#4436 = CARTESIAN_POINT ( 'NONE',  ( 38.41227904007969585, 15.00000000000000000, 31.27808110350507320 ) ) ;
#4437 = LINE ( 'NONE', #4768, #2992 ) ;
#4438 = ORIENTED_EDGE ( 'NONE', *, *, #1576, .F. ) ;
#4439 = AXIS2_PLACEMENT_3D ( 'NONE', #72, #1596, #3108 ) ;
#4440 = CARTESIAN_POINT ( 'NONE',  ( 40.63865308473845062, -2.499999999999999112, 26.50000000000001776 ) ) ;
#4441 = AXIS2_PLACEMENT_3D ( 'NONE', #875, #1265, #4671 ) ;
#4442 = CIRCLE ( 'NONE', #4763, 43.50000000000000711 ) ;
#4443 = CARTESIAN_POINT ( 'NONE',  ( 44.50000000000001421, 11.00000000000000000, 29.00000000000000711 ) ) ;
#4444 = DIRECTION ( 'NONE',  ( 0.000000000000000000, 1.000000000000000000, 0.000000000000000000 ) ) ;
#4445 = ORIENTED_EDGE ( 'NONE', *, *, #758, .T. ) ;
#4446 = AXIS2_PLACEMENT_3D ( 'NONE', #3396, #388, #3070 ) ;
#4447 = DIRECTION ( 'NONE',  ( 0.000000000000000000, -1.000000000000000000, 0.000000000000000000 ) ) ;
#4448 = ORIENTED_EDGE ( 'NONE', *, *, #603, .T. ) ;
#4449 = LINE ( 'NONE', #1819, #754 ) ;
#4450 = EDGE_CURVE ( 'NONE', #3973, #3659, #4092, .T. ) ;
#4451 = ORIENTED_EDGE ( 'NONE', *, *, #4188, .F. ) ;
#4452 = ORIENTED_EDGE ( 'NONE', *, *, #2467, .T. ) ;
#4453 = LINE ( 'NONE', #3384, #3599 ) ;
#4454 = EDGE_LOOP ( 'NONE', ( #3816, #3533, #2076, #2598, #163, #4759 ) ) ;
#4455 = EDGE_CURVE ( 'NONE', #4905, #1495, #2456, .T. ) ;
#4456 = ORIENTED_EDGE ( 'NONE', *, *, #4358, .T. ) ;
#4457 = CARTESIAN_POINT ( 'NONE',  ( -51.68556701030929901, 15.00000000000000000, 24.45933631058685620 ) ) ;
#4458 = ORIENTED_EDGE ( 'NONE', *, *, #1740, .T. ) ;
#4459 = CARTESIAN_POINT ( 'NONE',  ( -44.50000000000001421, 0.000000000000000000, 29.00000000000000711 ) ) ;
#4460 = CARTESIAN_POINT ( 'NONE',  ( 44.50000000000001421, 1.800000000000000044, 29.00000000000000711 ) ) ;
#4461 = DIRECTION ( 'NONE',  ( 0.000000000000000000, -1.000000000000000000, 0.000000000000000000 ) ) ;
#4462 = ORIENTED_EDGE ( 'NONE', *, *, #1702, .F. ) ;
#4463 = CARTESIAN_POINT ( 'NONE',  ( -44.50000000000001421, 39.04163056034264656, 29.00000000000000711 ) ) ;
#4464 = CARTESIAN_POINT ( 'NONE',  ( -42.00000000000002132, 0.000000000000000000, -23.00000000000000355 ) ) ;
#4465 = LINE ( 'NONE', #3270, #4913 ) ;
#4466 = CARTESIAN_POINT ( 'NONE',  ( -44.50000000000001421, 11.00000000000000000, 29.00000000000000711 ) ) ;
#4467 = VERTEX_POINT ( 'NONE', #2265 ) ;
#4468 = AXIS2_PLACEMENT_3D ( 'NONE', #278, #1324, #2077 ) ;
#4469 = EDGE_CURVE ( 'NONE', #1996, #1420, #2138, .T. ) ;
#4470 = VECTOR ( 'NONE', #3048, 1000.000000000000000 ) ;
#4471 = EDGE_CURVE ( 'NONE', #3359, #228, #1845, .T. ) ;
#4472 = DIRECTION ( 'NONE',  ( -7.472654973438555094E-15, 0.000000000000000000, 1.000000000000000000 ) ) ;
#4473 = ORIENTED_EDGE ( 'NONE', *, *, #4859, .F. ) ;
#4474 = DIRECTION ( 'NONE',  ( 0.000000000000000000, 0.000000000000000000, -1.000000000000000000 ) ) ;
#4475 = VERTEX_POINT ( 'NONE', #1464 ) ;
#4476 = EDGE_CURVE ( 'NONE', #2818, #1723, #2633, .T. ) ;
#4477 = DIRECTION ( 'NONE',  ( 0.000000000000000000, 0.000000000000000000, 1.000000000000000000 ) ) ;
#4478 = FACE_OUTER_BOUND ( 'NONE', #1643, .T. ) ;
#4479 = EDGE_CURVE ( 'NONE', #2741, #4022, #3723, .T. ) ;
#4480 = VECTOR ( 'NONE', #2160, 1000.000000000000000 ) ;
#4481 = ORIENTED_EDGE ( 'NONE', *, *, #2203, .T. ) ;
#4482 = DIRECTION ( 'NONE',  ( 0.000000000000000000, 0.000000000000000000, -1.000000000000000000 ) ) ;
#4483 = VECTOR ( 'NONE', #4293, 1000.000000000000000 ) ;
#4484 = ORIENTED_EDGE ( 'NONE', *, *, #1833, .F. ) ;
#4485 = LINE ( 'NONE', #734, #143 ) ;
#4486 = AXIS2_PLACEMENT_3D ( 'NONE', #3269, #4793, #4087 ) ;
#4487 = CYLINDRICAL_SURFACE ( 'NONE', #2209, 5.499999999999994671 ) ;
#4488 = DIRECTION ( 'NONE',  ( 0.000000000000000000, 0.000000000000000000, -1.000000000000000000 ) ) ;
#4489 = ORIENTED_EDGE ( 'NONE', *, *, #2610, .F. ) ;
#4490 = DIRECTION ( 'NONE',  ( 0.000000000000000000, 0.000000000000000000, -1.000000000000000000 ) ) ;
#4491 = CARTESIAN_POINT ( 'NONE',  ( 44.50000000000001421, -22.00000000000000355, 26.50000000000000711 ) ) ;
#4492 = CIRCLE ( 'NONE', #4088, 5.499999999999994671 ) ;
#4493 = EDGE_CURVE ( 'NONE', #894, #1016, #3404, .T. ) ;
#4494 = ADVANCED_FACE ( 'NONE', ( #4847 ), #21, .T. ) ;
#4495 = DIRECTION ( 'NONE',  ( 0.000000000000000000, 1.000000000000000000, 0.000000000000000000 ) ) ;
#4496 = CYLINDRICAL_SURFACE ( 'NONE', #1190, 2.500000000000002220 ) ;
#4497 = ORIENTED_EDGE ( 'NONE', *, *, #1891, .T. ) ;
#4498 = EDGE_CURVE ( 'NONE', #3113, #1868, #3354, .T. ) ;
#4499 = CIRCLE ( 'NONE', #2116, 5.499999999999994671 ) ;
#4500 = LINE ( 'NONE', #436, #626 ) ;
#4501 = CARTESIAN_POINT ( 'NONE',  ( 44.50000000000001421, 11.00000000000000000, -29.00000000000000711 ) ) ;
#4502 = EDGE_CURVE ( 'NONE', #2506, #3159, #1161, .T. ) ;
#4503 = CARTESIAN_POINT ( 'NONE',  ( 45.50000000000001421, 15.00000000000000000, 30.00000000000001066 ) ) ;
#4504 = ORIENTED_EDGE ( 'NONE', *, *, #3341, .T. ) ;
#4505 = DIRECTION ( 'NONE',  ( 0.000000000000000000, 0.000000000000000000, -1.000000000000000000 ) ) ;
#4506 = ORIENTED_EDGE ( 'NONE', *, *, #3282, .F. ) ;
#4507 = DIRECTION ( 'NONE',  ( 0.9999975931331908097, 0.000000000000000000, -0.002194020926394565311 ) ) ;
#4508 = CIRCLE ( 'NONE', #1492, 8.500000000000010658 ) ;
#4509 = ORIENTED_EDGE ( 'NONE', *, *, #1701, .F. ) ;
#4510 = FACE_OUTER_BOUND ( 'NONE', #2900, .T. ) ;
#4511 = CARTESIAN_POINT ( 'NONE',  ( -44.50000000000001421, -2.499999999999999112, -26.50000000000000000 ) ) ;
#4512 = ORIENTED_EDGE ( 'NONE', *, *, #2561, .T. ) ;
#4513 = CARTESIAN_POINT ( 'NONE',  ( 18.59150718393674495, 1.799999999999999600, 70.00000000000000000 ) ) ;
#4514 = CIRCLE ( 'NONE', #1017, 8.500000000000010658 ) ;
#4515 = AXIS2_PLACEMENT_3D ( 'NONE', #2032, #89, #3170 ) ;
#4516 = CARTESIAN_POINT ( 'NONE',  ( 46.16061079728113725, 4.200000000000000178, 10.33115200650949284 ) ) ;
#4517 = EDGE_LOOP ( 'NONE', ( #660, #3230, #4220, #3428, #4314, #2147, #3425, #2929, #3588, #1622, #551, #1691 ) ) ;
#4518 = CARTESIAN_POINT ( 'NONE',  ( 42.04188619865063004, 6.379899121889152092, -5.000000000000000000 ) ) ;
#4519 = CARTESIAN_POINT ( 'NONE',  ( 44.50000000000001421, -2.499999999999999112, -29.00000000000000711 ) ) ;
#4520 = DIRECTION ( 'NONE',  ( 0.000000000000000000, 0.000000000000000000, -1.000000000000000000 ) ) ;
#4521 = AXIS2_PLACEMENT_3D ( 'NONE', #2785, #4674, #1943 ) ;
#4522 = DIRECTION ( 'NONE',  ( 0.000000000000000000, 1.000000000000000000, -0.000000000000000000 ) ) ;
#4523 = ORIENTED_EDGE ( 'NONE', *, *, #2917, .F. ) ;
#4524 = DIRECTION ( 'NONE',  ( -0.000000000000000000, -1.000000000000000000, -0.000000000000000000 ) ) ;
#4525 = AXIS2_PLACEMENT_3D ( 'NONE', #3895, #4299, #147 ) ;
#4526 = CIRCLE ( 'NONE', #1910, 2.500000000000005773 ) ;
#4527 = EDGE_CURVE ( 'NONE', #228, #3973, #4500, .T. ) ;
#4528 = CARTESIAN_POINT ( 'NONE',  ( -44.50000000000001421, 15.00000000000000000, 29.00000000000000711 ) ) ;
#4529 = CARTESIAN_POINT ( 'NONE',  ( 44.50000000000001421, -2.499999999999999112, 24.40000000000001279 ) ) ;
#4530 = ORIENTED_EDGE ( 'NONE', *, *, #1210, .T. ) ;
#4531 = VECTOR ( 'NONE', #4090, 1000.000000000000000 ) ;
#4532 = LINE ( 'NONE', #1124, #4874 ) ;
#4533 = ORIENTED_EDGE ( 'NONE', *, *, #3339, .T. ) ;
#4534 = CARTESIAN_POINT ( 'NONE',  ( -44.50000000000001421, 11.00000000000000000, 29.00000000000000711 ) ) ;
#4535 = ORIENTED_EDGE ( 'NONE', *, *, #1907, .T. ) ;
#4536 = EDGE_CURVE ( 'NONE', #2702, #1847, #915, .T. ) ;
#4537 = EDGE_CURVE ( 'NONE', #41, #1723, #232, .T. ) ;
#4538 = CARTESIAN_POINT ( 'NONE',  ( -44.50000000000001421, -2.499999999999999112, -33.60000000000000142 ) ) ;
#4539 = ORIENTED_EDGE ( 'NONE', *, *, #1552, .T. ) ;
#4540 = CARTESIAN_POINT ( 'NONE',  ( 19.29997540657093325, 5.444532904616678297E-16, 26.50156732114357538 ) ) ;
#4541 = CARTESIAN_POINT ( 'NONE',  ( 44.50000000000001421, 1.800000000000000044, 29.00000000000000711 ) ) ;
#4542 = ORIENTED_EDGE ( 'NONE', *, *, #652, .F. ) ;
#4543 = CARTESIAN_POINT ( 'NONE',  ( -85.50000000000001421, 15.00000000000000000, -3.091507183936761827 ) ) ;
#4544 = DIRECTION ( 'NONE',  ( -0.000000000000000000, 1.000000000000000000, -0.000000000000000000 ) ) ;
#4545 = LINE ( 'NONE', #2262, #146 ) ;
#4546 = DIRECTION ( 'NONE',  ( 0.000000000000000000, 0.000000000000000000, -1.000000000000000000 ) ) ;
#4547 = ORIENTED_EDGE ( 'NONE', *, *, #2550, .T. ) ;
#4548 = CARTESIAN_POINT ( 'NONE',  ( 44.50000000000001421, 0.000000000000000000, 22.50000000000002132 ) ) ;
#4549 = ADVANCED_FACE ( 'NONE', ( #1962 ), #3497, .F. ) ;
#4550 = DIRECTION ( 'NONE',  ( 0.000000000000000000, 0.000000000000000000, 1.000000000000000000 ) ) ;
#4551 = VECTOR ( 'NONE', #2493, 1000.000000000000000 ) ;
#4552 = LINE ( 'NONE', #350, #4608 ) ;
#4553 = AXIS2_PLACEMENT_3D ( 'NONE', #639, #4444, #2614 ) ;
#4554 = ORIENTED_EDGE ( 'NONE', *, *, #1210, .F. ) ;
#4555 = VERTEX_POINT ( 'NONE', #4223 ) ;
#4556 = VECTOR ( 'NONE', #4819, 1000.000000000000000 ) ;
#4557 = VECTOR ( 'NONE', #2121, 1000.000000000000000 ) ;
#4558 = LINE ( 'NONE', #776, #744 ) ;
#4559 = EDGE_LOOP ( 'NONE', ( #1923, #3406 ) ) ;
#4560 = EDGE_CURVE ( 'NONE', #894, #585, #3407, .T. ) ;
#4561 = CARTESIAN_POINT ( 'NONE',  ( -4.299999999999999822, 17.00000000000000000, 7.300000000000004263 ) ) ;
#4562 = APPLICATION_CONTEXT ( 'automotive_design' ) ;
#4563 = EDGE_LOOP ( 'NONE', ( #3778, #4177, #4380, #4732, #4706, #4331 ) ) ;
#4564 = AXIS2_PLACEMENT_3D ( 'NONE', #830, #497, #3451 ) ;
#4565 = FACE_OUTER_BOUND ( 'NONE', #2795, .T. ) ;
#4566 = LINE ( 'NONE', #3046, #59 ) ;
#4567 = VERTEX_POINT ( 'NONE', #4196 ) ;
#4568 = LINE ( 'NONE', #2672, #2643 ) ;
#4569 = ADVANCED_FACE ( 'NONE', ( #462 ), #1560, .T. ) ;
#4570 = VECTOR ( 'NONE', #1933, 1000.000000000000000 ) ;
#4571 = DIRECTION ( 'NONE',  ( -0.000000000000000000, -1.000000000000000000, -0.000000000000000000 ) ) ;
#4572 = CARTESIAN_POINT ( 'NONE',  ( 4.299999999999999822, 20.00000000000000000, 19.00000000000000355 ) ) ;
#4573 = VECTOR ( 'NONE', #1980, 1000.000000000000000 ) ;
#4574 = DIRECTION ( 'NONE',  ( 0.000000000000000000, 0.000000000000000000, -1.000000000000000000 ) ) ;
#4575 = ORIENTED_EDGE ( 'NONE', *, *, #2514, .T. ) ;
#4576 = DIRECTION ( 'NONE',  ( 2.135044278125301343E-15, 0.000000000000000000, -1.000000000000000000 ) ) ;
#4577 = ADVANCED_FACE ( 'NONE', ( #3102 ), #4622, .T. ) ;
#4578 = LINE ( 'NONE', #3032, #2027 ) ;
#4579 = CARTESIAN_POINT ( 'NONE',  ( -38.41227904007969585, 15.00000000000000000, 31.27808110350507320 ) ) ;
#4580 = EDGE_LOOP ( 'NONE', ( #3301, #811, #2656, #2767, #4542, #4729, #3175, #1450 ) ) ;
#4581 = ORIENTED_EDGE ( 'NONE', *, *, #606, .T. ) ;
#4582 = DIRECTION ( 'NONE',  ( 0.000000000000000000, -0.000000000000000000, -1.000000000000000000 ) ) ;
#4583 = ORIENTED_EDGE ( 'NONE', *, *, #3288, .T. ) ;
#4584 = DIRECTION ( 'NONE',  ( 0.000000000000000000, -1.000000000000000000, 0.000000000000000000 ) ) ;
#4585 = ORIENTED_EDGE ( 'NONE', *, *, #2879, .F. ) ;
#4586 = DIRECTION ( 'NONE',  ( 1.000000000000000000, -0.000000000000000000, -0.000000000000000000 ) ) ;
#4587 = EDGE_CURVE ( 'NONE', #2799, #4403, #4762, .T. ) ;
#4588 = ORIENTED_EDGE ( 'NONE', *, *, #378, .T. ) ;
#4589 = EDGE_CURVE ( 'NONE', #679, #985, #2437, .T. ) ;
#4590 = AXIS2_PLACEMENT_3D ( 'NONE', #2624, #4108, #3370 ) ;
#4591 = CIRCLE ( 'NONE', #2683, 43.50000000000000711 ) ;
#4592 = CARTESIAN_POINT ( 'NONE',  ( -44.50000000000001421, 0.000000000000000000, -33.60000000000000142 ) ) ;
#4593 = CARTESIAN_POINT ( 'NONE',  ( -44.50000000000001421, 15.00000000000000000, -29.00000000000000711 ) ) ;
#4594 = CARTESIAN_POINT ( 'NONE',  ( 45.51898822771211428, 8.520119028052798527, -4.334701620682171352 ) ) ;
#4595 = ORIENTED_EDGE ( 'NONE', *, *, #1793, .T. ) ;
#4596 = EDGE_CURVE ( 'NONE', #248, #1136, #3566, .T. ) ;
#4597 = VECTOR ( 'NONE', #4167, 1000.000000000000000 ) ;
#4598 = CARTESIAN_POINT ( 'NONE',  ( 42.02800655337116353, 7.848658673242669970, 4.660804725988087149 ) ) ;
#4599 = LINE ( 'NONE', #372, #3444 ) ;
#4600 = CARTESIAN_POINT ( 'NONE',  ( 0.000000000000000000, 17.00000000000000000, 0.000000000000000000 ) ) ;
#4601 = CARTESIAN_POINT ( 'NONE',  ( 1.700000000000000178, 20.00000000000000000, 7.000000000000003553 ) ) ;
#4602 = ORIENTED_EDGE ( 'NONE', *, *, #138, .F. ) ;
#4603 = CARTESIAN_POINT ( 'NONE',  ( 19.30000000000000426, 5.652887372536823385, 28.00000000000001066 ) ) ;
#4604 = AXIS2_PLACEMENT_3D ( 'NONE', #348, #3422, #4472 ) ;
#4605 = AXIS2_PLACEMENT_3D ( 'NONE', #3823, #849, #4226 ) ;
#4606 = ADVANCED_FACE ( 'NONE', ( #49 ), #494, .F. ) ;
#4607 = PLANE ( 'NONE',  #33 ) ;
#4608 = VECTOR ( 'NONE', #440, 1000.000000000000000 ) ;
#4609 = AXIS2_PLACEMENT_3D ( 'NONE', #3502, #4749, #2063 ) ;
#4610 = ORIENTED_EDGE ( 'NONE', *, *, #2634, .T. ) ;
#4611 = DIRECTION ( 'NONE',  ( 1.754662826275390753E-15, 0.000000000000000000, 1.000000000000000000 ) ) ;
#4612 = EDGE_CURVE ( 'NONE', #1164, #4774, #1424, .T. ) ;
#4613 = EDGE_LOOP ( 'NONE', ( #4116, #2167, #2840, #280, #1230, #4922, #2257 ) ) ;
#4614 = DIRECTION ( 'NONE',  ( 0.000000000000000000, -1.000000000000000000, 0.000000000000000000 ) ) ;
#4615 = EDGE_LOOP ( 'NONE', ( #4627, #977, #418, #4855 ) ) ;
#4616 = LINE ( 'NONE', #507, #795 ) ;
#4617 = EDGE_LOOP ( 'NONE', ( #2763, #1512, #919, #2149 ) ) ;
#4618 = CARTESIAN_POINT ( 'NONE',  ( 19.30000000000000426, 5.652887372536823385, 13.25219988745154254 ) ) ;
#4619 = CARTESIAN_POINT ( 'NONE',  ( 44.50000000000001421, -2.499999999999999112, 33.60000000000000142 ) ) ;
#4620 = DIRECTION ( 'NONE',  ( 0.000000000000000000, -1.000000000000000000, 0.000000000000000000 ) ) ;
#4621 = VERTEX_POINT ( 'NONE', #3155 ) ;
#4622 = PLANE ( 'NONE',  #3013 ) ;
#4623 = CARTESIAN_POINT ( 'NONE',  ( -45.50000000000001421, 4.200000000000000178, 30.00000000000001066 ) ) ;
#4624 = DIRECTION ( 'NONE',  ( 0.000000000000000000, 1.000000000000000000, 0.000000000000000000 ) ) ;
#4625 = CARTESIAN_POINT ( 'NONE',  ( 44.50000000000001421, 15.00000000000000000, -29.00000000000001776 ) ) ;
#4626 = CARTESIAN_POINT ( 'NONE',  ( -40.63865308473845062, -2.499999999999999112, -26.50000000000000711 ) ) ;
#4627 = ORIENTED_EDGE ( 'NONE', *, *, #2666, .F. ) ;
#4628 = DIRECTION ( 'NONE',  ( -0.000000000000000000, -1.000000000000000000, -0.000000000000000000 ) ) ;
#4629 = CARTESIAN_POINT ( 'NONE',  ( -85.50000000000001421, 4.200000000000000178, 3.091507183936761827 ) ) ;
#4630 = AXIS2_PLACEMENT_3D ( 'NONE', #2281, #1884, #2651 ) ;
#4631 = ORIENTED_EDGE ( 'NONE', *, *, #4281, .F. ) ;
#4632 = CIRCLE ( 'NONE', #2255, 4.599999999999996092 ) ;
#4633 = VECTOR ( 'NONE', #3234, 1000.000000000000000 ) ;
#4634 = CYLINDRICAL_SURFACE ( 'NONE', #3914, 8.500000000000010658 ) ;
#4635 = EDGE_CURVE ( 'NONE', #4026, #1202, #1268, .T. ) ;
#4636 = ORIENTED_EDGE ( 'NONE', *, *, #452, .T. ) ;
#4637 = LINE ( 'NONE', #1626, #2091 ) ;
#4638 = ORIENTED_EDGE ( 'NONE', *, *, #1659, .T. ) ;
#4639 = CARTESIAN_POINT ( 'NONE',  ( 44.50000000000001421, 11.00000000000000000, -31.50000000000001421 ) ) ;
#4640 = ORIENTED_EDGE ( 'NONE', *, *, #2428, .F. ) ;
#4641 = DIRECTION ( 'NONE',  ( 1.000000000000000000, 0.000000000000000000, -0.000000000000000000 ) ) ;
#4642 = CARTESIAN_POINT ( 'NONE',  ( 44.50000000000001421, 15.00000000000000000, 29.00000000000000711 ) ) ;
#4643 = AXIS2_PLACEMENT_3D ( 'NONE', #3926, #1245, #75 ) ;
#4644 = LINE ( 'NONE', #2751, #4027 ) ;
#4645 = ORIENTED_EDGE ( 'NONE', *, *, #3590, .F. ) ;
#4646 = ADVANCED_FACE ( 'NONE', ( #2737, #4254 ), #2020, .F. ) ;
#4647 = EDGE_CURVE ( 'NONE', #411, #4361, #123, .T. ) ;
#4648 = DIRECTION ( 'NONE',  ( -1.000000000000000000, 0.000000000000000000, 0.000000000000000000 ) ) ;
#4649 = EDGE_CURVE ( 'NONE', #4902, #1699, #1106, .T. ) ;
#4650 = CARTESIAN_POINT ( 'NONE',  ( -18.59150718393674495, 15.00000000000000000, -70.00000000000000000 ) ) ;
#4651 = PLANE ( 'NONE',  #2378 ) ;
#4652 = CARTESIAN_POINT ( 'NONE',  ( 44.50000000000001421, -2.499999999999999112, -33.60000000000000142 ) ) ;
#4653 = EDGE_LOOP ( 'NONE', ( #2372, #1766, #4017, #3628, #2862 ) ) ;
#4654 = CARTESIAN_POINT ( 'NONE',  ( -44.50000000000001421, 1.799999999999999600, 29.00000000000000711 ) ) ;
#4655 = CARTESIAN_POINT ( 'NONE',  ( 42.00000000000001421, 1.799999999999999600, -26.50000000000001066 ) ) ;
#4656 = EDGE_LOOP ( 'NONE', ( #2861, #1478, #4258, #554 ) ) ;
#4657 = ORIENTED_EDGE ( 'NONE', *, *, #487, .T. ) ;
#4658 = LINE ( 'NONE', #1623, #3362 ) ;
#4659 = ORIENTED_EDGE ( 'NONE', *, *, #2177, .T. ) ;
#4660 = CARTESIAN_POINT ( 'NONE',  ( 44.50000000000001421, 15.00000000000000000, -29.00000000000000711 ) ) ;
#4661 = ORIENTED_EDGE ( 'NONE', *, *, #4061, .T. ) ;
#4662 = CARTESIAN_POINT ( 'NONE',  ( -44.50000000000001421, 0.000000000000000000, -29.00000000000000711 ) ) ;
#4663 = EDGE_LOOP ( 'NONE', ( #1648, #4238, #3740, #88 ) ) ;
#4664 = LINE ( 'NONE', #3936, #2234 ) ;
#4665 = CARTESIAN_POINT ( 'NONE',  ( 1.700000000000000178, 17.00000000000000000, -7.699999999999993072 ) ) ;
#4666 = FACE_OUTER_BOUND ( 'NONE', #3879, .T. ) ;
#4667 = ORIENTED_EDGE ( 'NONE', *, *, #2068, .T. ) ;
#4668 = CIRCLE ( 'NONE', #380, 43.50000000000000711 ) ;
#4669 = DIRECTION ( 'NONE',  ( -0.000000000000000000, 1.000000000000000000, -0.000000000000000000 ) ) ;
#4670 = DIRECTION ( 'NONE',  ( 0.000000000000000000, -1.000000000000000000, 0.000000000000000000 ) ) ;
#4671 = DIRECTION ( 'NONE',  ( 0.000000000000000000, 0.000000000000000000, 1.000000000000000000 ) ) ;
#4672 = CARTESIAN_POINT ( 'NONE',  ( 6.000000000000000888, 11.50000000000000000, 13.00000000000000533 ) ) ;
#4673 = ORIENTED_EDGE ( 'NONE', *, *, #2069, .F. ) ;
#4674 = DIRECTION ( 'NONE',  ( 0.000000000000000000, 1.000000000000000000, 0.000000000000000000 ) ) ;
#4675 = LINE ( 'NONE', #3555, #669 ) ;
#4676 = ORIENTED_EDGE ( 'NONE', *, *, #4173, .F. ) ;
#4677 = AXIS2_PLACEMENT_3D ( 'NONE', #925, #3182, #3450 ) ;
#4678 = VERTEX_POINT ( 'NONE', #2041 ) ;
#4679 = PLANE ( 'NONE',  #4323 ) ;
#4680 = ORIENTED_EDGE ( 'NONE', *, *, #4185, .T. ) ;
#4681 = AXIS2_PLACEMENT_3D ( 'NONE', #4625, #4251, #1616 ) ;
#4682 = VECTOR ( 'NONE', #4782, 1000.000000000000000 ) ;
#4683 = DIRECTION ( 'NONE',  ( 0.000000000000000000, 1.000000000000000000, 0.000000000000000000 ) ) ;
#4684 = EDGE_CURVE ( 'NONE', #3980, #2344, #3878, .T. ) ;
#4685 = ORIENTED_EDGE ( 'NONE', *, *, #1688, .T. ) ;
#4686 = FACE_OUTER_BOUND ( 'NONE', #4613, .T. ) ;
#4687 = EDGE_CURVE ( 'NONE', #2358, #1915, #156, .T. ) ;
#4688 = EDGE_CURVE ( 'NONE', #1743, #2414, #4302, .T. ) ;
#4689 = ORIENTED_EDGE ( 'NONE', *, *, #652, .T. ) ;
#4690 = CARTESIAN_POINT ( 'NONE',  ( -42.00000000000000711, 11.50000000000000000, 30.00000000000001066 ) ) ;
#4691 = CARTESIAN_POINT ( 'NONE',  ( 7.700000000000000178, 15.00000000000000000, 19.00000000000000355 ) ) ;
#4692 = CARTESIAN_POINT ( 'NONE',  ( 85.50000000000001421, 15.00000000000000000, -3.091507183936761827 ) ) ;
#4693 = ORIENTED_EDGE ( 'NONE', *, *, #936, .T. ) ;
#4694 = EDGE_CURVE ( 'NONE', #1950, #1458, #1290, .T. ) ;
#4695 = CARTESIAN_POINT ( 'NONE',  ( -51.68556701030929901, 15.00000000000000000, -24.45933631058685620 ) ) ;
#4696 = DIRECTION ( 'NONE',  ( 0.000000000000000000, -1.000000000000000000, 0.000000000000000000 ) ) ;
#4697 = FACE_OUTER_BOUND ( 'NONE', #4769, .T. ) ;
#4698 = DIRECTION ( 'NONE',  ( 0.000000000000000000, 0.000000000000000000, -1.000000000000000000 ) ) ;
#4699 = ORIENTED_EDGE ( 'NONE', *, *, #2215, .F. ) ;
#4700 = ADVANCED_FACE ( 'NONE', ( #3925 ), #4328, .T. ) ;
#4701 = DIRECTION ( 'NONE',  ( 0.000000000000000000, 0.000000000000000000, 1.000000000000000000 ) ) ;
#4702 = CARTESIAN_POINT ( 'NONE',  ( -15.19999999999999218, 15.00000000000000000, -30.00000000000000711 ) ) ;
#4703 = ORIENTED_EDGE ( 'NONE', *, *, #86, .F. ) ;
#4704 = ORIENTED_EDGE ( 'NONE', *, *, #4085, .F. ) ;
#4705 = DIRECTION ( 'NONE',  ( 0.000000000000000000, 1.000000000000000000, 0.000000000000000000 ) ) ;
#4706 = ORIENTED_EDGE ( 'NONE', *, *, #1123, .F. ) ;
#4707 = LINE ( 'NONE', #810, #2961 ) ;
#4708 = ADVANCED_FACE ( 'NONE', ( #1666 ), #3875, .F. ) ;
#4709 = EDGE_CURVE ( 'NONE', #399, #870, #1566, .T. ) ;
#4710 = AXIS2_PLACEMENT_3D ( 'NONE', #505, #909, #162 ) ;
#4711 = VERTEX_POINT ( 'NONE', #3477 ) ;
#4712 = EDGE_CURVE ( 'NONE', #1757, #1650, #1661, .T. ) ;
#4713 = CARTESIAN_POINT ( 'NONE',  ( 42.04188619865061582, 6.000000000000000888, -5.000000000000000000 ) ) ;
#4714 = AXIS2_PLACEMENT_3D ( 'NONE', #1098, #3751, #4477 ) ;
#4715 = ORIENTED_EDGE ( 'NONE', *, *, #2364, .F. ) ;
#4716 = ADVANCED_FACE ( 'NONE', ( #68 ), #897, .F. ) ;
#4717 = CARTESIAN_POINT ( 'NONE',  ( -18.59150718393674495, 15.00000000000000000, -70.00000000000000000 ) ) ;
#4718 = DIRECTION ( 'NONE',  ( 1.000000000000000000, 0.000000000000000000, 2.973811673103095791E-15 ) ) ;
#4719 = DIRECTION ( 'NONE',  ( 0.000000000000000000, 0.000000000000000000, -1.000000000000000000 ) ) ;
#4720 = ORIENTED_EDGE ( 'NONE', *, *, #663, .T. ) ;
#4721 = DIRECTION ( 'NONE',  ( 0.000000000000000000, 0.000000000000000000, -1.000000000000000000 ) ) ;
#4722 = VECTOR ( 'NONE', #2117, 1000.000000000000000 ) ;
#4723 = CYLINDRICAL_SURFACE ( 'NONE', #1955, 8.500000000000010658 ) ;
#4724 = CARTESIAN_POINT ( 'NONE',  ( -4.000000000000000000, 17.00000000000000000, 7.300000000000004263 ) ) ;
#4725 = VERTEX_POINT ( 'NONE', #2408 ) ;
#4726 = ADVANCED_FACE ( 'NONE', ( #3922 ), #2781, .T. ) ;
#4727 = CARTESIAN_POINT ( 'NONE',  ( -42.00000000000002132, 0.000000000000000000, 23.00000000000000711 ) ) ;
#4728 = DIRECTION ( 'NONE',  ( -0.000000000000000000, 1.000000000000000000, -0.000000000000000000 ) ) ;
#4729 = ORIENTED_EDGE ( 'NONE', *, *, #1258, .F. ) ;
#4730 = ORIENTED_EDGE ( 'NONE', *, *, #4344, .F. ) ;
#4731 = DIRECTION ( 'NONE',  ( 0.000000000000000000, 0.000000000000000000, -1.000000000000000000 ) ) ;
#4732 = ORIENTED_EDGE ( 'NONE', *, *, #2838, .F. ) ;
#4733 = CIRCLE ( 'NONE', #1079, 4.599999999999996092 ) ;
#4734 = CARTESIAN_POINT ( 'NONE',  ( 44.50000000000001421, -22.00000000000000355, -31.50000000000001421 ) ) ;
#4735 = EDGE_LOOP ( 'NONE', ( #750, #2024, #3160, #4359 ) ) ;
#4736 = CARTESIAN_POINT ( 'NONE',  ( -44.50000000000001421, 39.04163056034264656, 20.49999999999999645 ) ) ;
#4737 = CIRCLE ( 'NONE', #2588, 43.50000000000000711 ) ;
#4738 = ADVANCED_FACE ( 'NONE', ( #4697 ), #4651, .T. ) ;
#4739 = ORIENTED_EDGE ( 'NONE', *, *, #3762, .T. ) ;
#4740 = CARTESIAN_POINT ( 'NONE',  ( 45.50000000000002132, 9.694806873142789883, 3.390093381258051597 ) ) ;
#4741 = ADVANCED_FACE ( 'NONE', ( #95 ), #3179, .T. ) ;
#4742 = DIRECTION ( 'NONE',  ( -0.000000000000000000, 1.000000000000000000, -0.000000000000000000 ) ) ;
#4743 = DIRECTION ( 'NONE',  ( -0.000000000000000000, 1.000000000000000000, -0.000000000000000000 ) ) ;
#4744 = VERTEX_POINT ( 'NONE', #3152 ) ;
#4745 = DIRECTION ( 'NONE',  ( 0.000000000000000000, 0.000000000000000000, -1.000000000000000000 ) ) ;
#4746 = AXIS2_PLACEMENT_3D ( 'NONE', #40, #2701, #1935 ) ;
#4747 = EDGE_CURVE ( 'NONE', #1992, #4804, #2734, .T. ) ;
#4748 = CARTESIAN_POINT ( 'NONE',  ( 42.40248609824078585, 4.200000000000000178, -10.32298666518198793 ) ) ;
#4749 = DIRECTION ( 'NONE',  ( -0.000000000000000000, 1.000000000000000000, -0.000000000000000000 ) ) ;
#4750 = EDGE_LOOP ( 'NONE', ( #908, #3232, #3130, #1880 ) ) ;
#4751 = LINE ( 'NONE', #2114, #2647 ) ;
#4752 = VECTOR ( 'NONE', #3292, 1000.000000000000000 ) ;
#4753 = DIRECTION ( 'NONE',  ( 0.000000000000000000, -1.000000000000000000, 0.000000000000000000 ) ) ;
#4754 = VECTOR ( 'NONE', #1781, 1000.000000000000000 ) ;
#4755 = ORIENTED_EDGE ( 'NONE', *, *, #819, .T. ) ;
#4756 = ORIENTED_EDGE ( 'NONE', *, *, #1342, .T. ) ;
#4757 = DIRECTION ( 'NONE',  ( -0.000000000000000000, 1.000000000000000000, -0.000000000000000000 ) ) ;
#4758 = CYLINDRICAL_SURFACE ( 'NONE', #1693, 6.499999999999999112 ) ;
#4759 = ORIENTED_EDGE ( 'NONE', *, *, #4709, .T. ) ;
#4760 = DIRECTION ( 'NONE',  ( 0.000000000000000000, -0.000000000000000000, -1.000000000000000000 ) ) ;
#4761 = EDGE_CURVE ( 'NONE', #4265, #3091, #1909, .T. ) ;
#4762 = CIRCLE ( 'NONE', #1904, 6.499999999999999112 ) ;
#4763 = AXIS2_PLACEMENT_3D ( 'NONE', #1218, #3706, #441 ) ;
#4764 = ORIENTED_EDGE ( 'NONE', *, *, #4709, .F. ) ;
#4765 = DIRECTION ( 'NONE',  ( 0.000000000000000000, 0.000000000000000000, -1.000000000000000000 ) ) ;
#4766 = LINE ( 'NONE', #4390, #865 ) ;
#4767 = VECTOR ( 'NONE', #4064, 1000.000000000000000 ) ;
#4768 = CARTESIAN_POINT ( 'NONE',  ( 46.77808110350505899, 15.00000000000000000, 22.91227904007969585 ) ) ;
#4769 = EDGE_LOOP ( 'NONE', ( #2625, #4402, #183, #2161, #708, #509 ) ) ;
#4770 = CYLINDRICAL_SURFACE ( 'NONE', #2893, 1.000000000000002665 ) ;
#4771 = AXIS2_PLACEMENT_3D ( 'NONE', #1509, #4216, #17 ) ;
#4772 = DIRECTION ( 'NONE',  ( -2.973811673103095791E-15, 0.000000000000000000, -1.000000000000000000 ) ) ;
#4773 = CARTESIAN_POINT ( 'NONE',  ( -42.00000000000000711, 15.00000000000000355, 2.499999999999998668 ) ) ;
#4774 = VERTEX_POINT ( 'NONE', #2016 ) ;
#4775 = CARTESIAN_POINT ( 'NONE',  ( 44.50000000000001421, 39.04163056034264656, 20.49999999999999645 ) ) ;
#4776 = CARTESIAN_POINT ( 'NONE',  ( 42.60537019190391561, 4.200000000000000178, -10.32343179820049883 ) ) ;
#4777 = ORIENTED_EDGE ( 'NONE', *, *, #2669, .T. ) ;
#4778 = VERTEX_POINT ( 'NONE', #2805 ) ;
#4779 = CARTESIAN_POINT ( 'NONE',  ( 19.30000000000000426, -5.833809621030940917, 30.00000000000001066 ) ) ;
#4780 = DIRECTION ( 'NONE',  ( 5.204170427930421283E-15, 0.000000000000000000, -1.000000000000000000 ) ) ;
#4781 = ORIENTED_EDGE ( 'NONE', *, *, #182, .T. ) ;
#4782 = DIRECTION ( 'NONE',  ( -1.000000000000000000, 0.000000000000000000, 0.000000000000000000 ) ) ;
#4783 = ADVANCED_FACE ( 'NONE', ( #4325 ), #922, .T. ) ;
#4784 = ORIENTED_EDGE ( 'NONE', *, *, #3171, .F. ) ;
#4785 = CIRCLE ( 'NONE', #185, 0.9999999999999991118 ) ;
#4786 = LINE ( 'NONE', #2542, #4754 ) ;
#4787 = VECTOR ( 'NONE', #4187, 1000.000000000000000 ) ;
#4788 = LINE ( 'NONE', #3643, #4106 ) ;
#4789 = DIRECTION ( 'NONE',  ( 0.000000000000000000, 0.000000000000000000, -1.000000000000000000 ) ) ;
#4790 = ORIENTED_EDGE ( 'NONE', *, *, #3821, .T. ) ;
#4791 = VECTOR ( 'NONE', #1102, 1000.000000000000000 ) ;
#4792 = CIRCLE ( 'NONE', #2169, 2.500000000000002220 ) ;
#4793 = DIRECTION ( 'NONE',  ( -8.760942863221888787E-16, 0.000000000000000000, 1.000000000000000000 ) ) ;
#4794 = CARTESIAN_POINT ( 'NONE',  ( -5.999999999999999112, 11.50000000000000000, 11.00000000000000355 ) ) ;
#4795 = DIRECTION ( 'NONE',  ( 0.000000000000000000, 0.000000000000000000, -1.000000000000000000 ) ) ;
#4796 = ORIENTED_EDGE ( 'NONE', *, *, #2984, .T. ) ;
#4797 = CARTESIAN_POINT ( 'NONE',  ( 0.000000000000000000, 17.00000000000000000, -4.999999999999998224 ) ) ;
#4798 = ADVANCED_FACE ( 'NONE', ( #3105 ), #1990, .T. ) ;
#4799 = EDGE_CURVE ( 'NONE', #3532, #3545, #3128, .T. ) ;
#4800 = AXIS2_PLACEMENT_3D ( 'NONE', #3653, #1393, #1318 ) ;
#4801 = EDGE_CURVE ( 'NONE', #3856, #327, #3488, .T. ) ;
#4802 = CARTESIAN_POINT ( 'NONE',  ( -4.299999999999999822, 20.00000000000000000, 18.70000000000000284 ) ) ;
#4803 = ORIENTED_EDGE ( 'NONE', *, *, #4612, .F. ) ;
#4804 = VERTEX_POINT ( 'NONE', #1641 ) ;
#4805 = AXIS2_PLACEMENT_3D ( 'NONE', #1892, #2731, #1493 ) ;
#4806 = CARTESIAN_POINT ( 'NONE',  ( -44.50000000000001421, 11.00000000000000000, 23.50000000000001421 ) ) ;
#4807 = CARTESIAN_POINT ( 'NONE',  ( -44.50000000000001421, 15.00000000000000000, -34.50000000000000000 ) ) ;
#4808 = EDGE_LOOP ( 'NONE', ( #1463, #3624, #1517, #1920 ) ) ;
#4809 = DIRECTION ( 'NONE',  ( -0.000000000000000000, 1.000000000000000000, -0.000000000000000000 ) ) ;
#4810 = ORIENTED_EDGE ( 'NONE', *, *, #429, .F. ) ;
#4811 = DIRECTION ( 'NONE',  ( 0.000000000000000000, 0.000000000000000000, 1.000000000000000000 ) ) ;
#4812 = DIRECTION ( 'NONE',  ( 0.000000000000000000, -1.000000000000000000, 0.000000000000000000 ) ) ;
#4813 = LINE ( 'NONE', #3993, #4018 ) ;
#4814 = ORIENTED_EDGE ( 'NONE', *, *, #2216, .F. ) ;
#4815 = DIRECTION ( 'NONE',  ( 0.000000000000000000, 0.000000000000000000, -1.000000000000000000 ) ) ;
#4816 = FACE_OUTER_BOUND ( 'NONE', #4907, .T. ) ;
#4817 = DIRECTION ( 'NONE',  ( 0.000000000000000000, 0.000000000000000000, -1.000000000000000000 ) ) ;
#4818 = ORIENTED_EDGE ( 'NONE', *, *, #4010, .T. ) ;
#4819 = DIRECTION ( 'NONE',  ( -0.000000000000000000, 1.000000000000000000, -0.000000000000000000 ) ) ;
#4820 = ADVANCED_FACE ( 'NONE', ( #1141, #2660 ), #1873, .T. ) ;
#4821 = EDGE_LOOP ( 'NONE', ( #3214, #190, #4581, #1204 ) ) ;
#4822 = DIRECTION ( 'NONE',  ( 0.000000000000000000, -0.000000000000000000, -1.000000000000000000 ) ) ;
#4823 = VERTEX_POINT ( 'NONE', #824 ) ;
#4824 = ORIENTED_EDGE ( 'NONE', *, *, #1901, .F. ) ;
#4825 = FACE_BOUND ( 'NONE', #3836, .T. ) ;
#4826 = VECTOR ( 'NONE', #2971, 1000.000000000000000 ) ;
#4827 = VECTOR ( 'NONE', #4833, 1000.000000000000000 ) ;
#4828 = LINE ( 'NONE', #933, #4551 ) ;
#4829 = EDGE_LOOP ( 'NONE', ( #3378, #1976, #353, #3240, #2460, #1091, #1308, #1052, #4154, #1970, #2391, #4659, #1646, #2883, #1048, #1611, #1665 ) ) ;
#4830 = PLANE ( 'NONE',  #4041 ) ;
#4831 = CIRCLE ( 'NONE', #308, 0.9999999999999991118 ) ;
#4832 = VERTEX_POINT ( 'NONE', #4529 ) ;
#4833 = DIRECTION ( 'NONE',  ( -0.000000000000000000, 1.000000000000000000, -0.000000000000000000 ) ) ;
#4834 = ADVANCED_FACE ( 'NONE', ( #1539 ), #3057, .T. ) ;
#4835 = EDGE_CURVE ( 'NONE', #2836, #1996, #1192, .T. ) ;
#4836 = CARTESIAN_POINT ( 'NONE',  ( 38.41227904007969585, 0.000000000000000000, 31.27808110350507320 ) ) ;
#4837 = CARTESIAN_POINT ( 'NONE',  ( 44.50000000000001421, -2.499999999999999112, 29.00000000000000711 ) ) ;
#4838 = ORIENTED_EDGE ( 'NONE', *, *, #2198, .T. ) ;
#4839 = VECTOR ( 'NONE', #281, 1000.000000000000000 ) ;
#4840 = CARTESIAN_POINT ( 'NONE',  ( -42.00000000000001421, 1.799999999999999600, -26.50000000000001066 ) ) ;
#4841 = CARTESIAN_POINT ( 'NONE',  ( -42.00000000000000711, 15.00000000000000000, 30.00000000000001066 ) ) ;
#4842 = VECTOR ( 'NONE', #322, 1000.000000000000000 ) ;
#4843 = CARTESIAN_POINT ( 'NONE',  ( 45.50000000000001421, 15.00000000000000000, 3.091507183936761827 ) ) ;
#4844 = CARTESIAN_POINT ( 'NONE',  ( -44.50000000000001421, 0.000000000000000000, -24.40000000000001279 ) ) ;
#4845 = ORIENTED_EDGE ( 'NONE', *, *, #4801, .T. ) ;
#4846 = VECTOR ( 'NONE', #2237, 1000.000000000000000 ) ;
#4847 = FACE_OUTER_BOUND ( 'NONE', #129, .T. ) ;
#4848 = EDGE_CURVE ( 'NONE', #1075, #3731, #2680, .T. ) ;
#4849 = ORIENTED_EDGE ( 'NONE', *, *, #806, .T. ) ;
#4850 = DIRECTION ( 'NONE',  ( 0.000000000000000000, 0.000000000000000000, 1.000000000000000000 ) ) ;
#4851 = ORIENTED_EDGE ( 'NONE', *, *, #3110, .T. ) ;
#4852 = DIRECTION ( 'NONE',  ( 1.000000000000000000, 0.000000000000000000, 0.000000000000000000 ) ) ;
#4853 = CARTESIAN_POINT ( 'NONE',  ( 44.50000000000001421, -2.499999999999999112, -29.00000000000000711 ) ) ;
#4854 = VERTEX_POINT ( 'NONE', #3424 ) ;
#4855 = ORIENTED_EDGE ( 'NONE', *, *, #4879, .T. ) ;
#4856 = DIRECTION ( 'NONE',  ( -0.000000000000000000, 1.000000000000000000, -0.000000000000000000 ) ) ;
#4857 = DIRECTION ( 'NONE',  ( 0.000000000000000000, -1.000000000000000000, 0.000000000000000000 ) ) ;
#4858 = EDGE_CURVE ( 'NONE', #4227, #899, #45, .T. ) ;
#4859 = EDGE_CURVE ( 'NONE', #1109, #3951, #4901, .T. ) ;
#4860 = ORIENTED_EDGE ( 'NONE', *, *, #1086, .T. ) ;
#4861 = FACE_OUTER_BOUND ( 'NONE', #3459, .T. ) ;
#4862 = ADVANCED_FACE ( 'NONE', ( #2289 ), #3822, .T. ) ;
#4863 = LINE ( 'NONE', #1525, #4826 ) ;
#4864 = FACE_OUTER_BOUND ( 'NONE', #1068, .T. ) ;
#4865 = ORIENTED_EDGE ( 'NONE', *, *, #3348, .T. ) ;
#4866 = LINE ( 'NONE', #4840, #2876 ) ;
#4867 = EDGE_CURVE ( 'NONE', #3772, #1213, #1119, .T. ) ;
#4868 = VECTOR ( 'NONE', #3480, 1000.000000000000000 ) ;
#4869 = CARTESIAN_POINT ( 'NONE',  ( -44.50000000000001421, -2.499999999999999112, -29.00000000000000711 ) ) ;
#4870 = CARTESIAN_POINT ( 'NONE',  ( -45.50000000000001421, 11.00000000000000000, -2.500000000000000000 ) ) ;
#4871 = CARTESIAN_POINT ( 'NONE',  ( 42.00000000000001421, -2.499999999999999112, -25.13865308473844351 ) ) ;
#4872 = ORIENTED_EDGE ( 'NONE', *, *, #3312, .F. ) ;
#4873 = VECTOR ( 'NONE', #1575, 1000.000000000000000 ) ;
#4874 = VECTOR ( 'NONE', #751, 1000.000000000000000 ) ;
#4875 = DIRECTION ( 'NONE',  ( -0.000000000000000000, 1.000000000000000000, -0.000000000000000000 ) ) ;
#4876 = ORIENTED_EDGE ( 'NONE', *, *, #4858, .F. ) ;
#4877 = DIRECTION ( 'NONE',  ( 0.000000000000000000, 0.000000000000000000, 1.000000000000000000 ) ) ;
#4878 = ORIENTED_EDGE ( 'NONE', *, *, #747, .F. ) ;
#4879 = EDGE_CURVE ( 'NONE', #679, #3514, #160, .T. ) ;
#4880 = LINE ( 'NONE', #2990, #1530 ) ;
#4881 = VERTEX_POINT ( 'NONE', #3846 ) ;
#4882 = CARTESIAN_POINT ( 'NONE',  ( 18.59150718393674495, 15.00000000000000000, 30.00000000000001066 ) ) ;
#4883 = CIRCLE ( 'NONE', #2738, 1.000000000000002665 ) ;
#4884 = ORIENTED_EDGE ( 'NONE', *, *, #1445, .F. ) ;
#4885 = DIRECTION ( 'NONE',  ( -0.000000000000000000, 1.000000000000000000, -0.000000000000000000 ) ) ;
#4886 = VECTOR ( 'NONE', #3867, 1000.000000000000000 ) ;
#4887 = ORIENTED_EDGE ( 'NONE', *, *, #1035, .F. ) ;
#4888 = DIRECTION ( 'NONE',  ( 0.000000000000000000, 0.000000000000000000, 1.000000000000000000 ) ) ;
#4889 = DIRECTION ( 'NONE',  ( 0.000000000000000000, -1.000000000000000000, 0.000000000000000000 ) ) ;
#4890 = EDGE_CURVE ( 'NONE', #3631, #1023, #4552, .T. ) ;
#4891 = PLANE ( 'NONE',  #2012 ) ;
#4892 = CARTESIAN_POINT ( 'NONE',  ( -15.19999999999999396, 0.000000000000000000, -26.50000000000000711 ) ) ;
#4893 = VECTOR ( 'NONE', #1388, 1000.000000000000000 ) ;
#4894 = CARTESIAN_POINT ( 'NONE',  ( 45.54555525137367766, 6.000000000000000000, 5.000000000000000000 ) ) ;
#4895 = DIRECTION ( 'NONE',  ( -1.000000000000000000, -0.000000000000000000, -0.000000000000000000 ) ) ;
#4896 = EDGE_LOOP ( 'NONE', ( #4704, #683 ) ) ;
#4897 = CIRCLE ( 'NONE', #220, 5.000000000000000000 ) ;
#4898 = CYLINDRICAL_SURFACE ( 'NONE', #3329, 4.599999999999996092 ) ;
#4899 = EDGE_CURVE ( 'NONE', #2028, #1789, #4206, .T. ) ;
#4900 = DIRECTION ( 'NONE',  ( -0.000000000000000000, -1.000000000000000000, -0.000000000000000000 ) ) ;
#4901 = LINE ( 'NONE', #3447, #2933 ) ;
#4902 = VERTEX_POINT ( 'NONE', #3473 ) ;
#4903 = ADVANCED_FACE ( 'NONE', ( #1469 ), #2987, .T. ) ;
#4904 = DIRECTION ( 'NONE',  ( 0.000000000000000000, -1.000000000000000000, 0.000000000000000000 ) ) ;
#4905 = VERTEX_POINT ( 'NONE', #4121 ) ;
#4906 = DIRECTION ( 'NONE',  ( 0.000000000000000000, 1.000000000000000000, 0.000000000000000000 ) ) ;
#4907 = EDGE_LOOP ( 'NONE', ( #4661, #4865, #3111, #3236, #345, #2342, #270 ) ) ;
#4908 = ADVANCED_FACE ( 'NONE', ( #3748 ), #1494, .T. ) ;
#4909 = VECTOR ( 'NONE', #4159, 1000.000000000000000 ) ;
#4910 = DIRECTION ( 'NONE',  ( 0.000000000000000000, -1.000000000000000000, 0.000000000000000000 ) ) ;
#4911 = ORIENTED_EDGE ( 'NONE', *, *, #1891, .F. ) ;
#4912 = CARTESIAN_POINT ( 'NONE',  ( -44.50000000000001421, 11.00000000000000000, -34.50000000000000000 ) ) ;
#4913 = VECTOR ( 'NONE', #664, 1000.000000000000000 ) ;
#4914 = VECTOR ( 'NONE', #1551, 1000.000000000000000 ) ;
#4915 = CARTESIAN_POINT ( 'NONE',  ( -42.40385698414537785, 4.200000000000000178, 10.33115200650950349 ) ) ;
#4916 = ORIENTED_EDGE ( 'NONE', *, *, #1143, .F. ) ;
#4917 = CARTESIAN_POINT ( 'NONE',  ( 44.50000000000001421, 11.00000000000000000, -29.00000000000000711 ) ) ;
#4918 = FACE_OUTER_BOUND ( 'NONE', #4808, .T. ) ;
#4919 = DIRECTION ( 'NONE',  ( 0.000000000000000000, -1.000000000000000000, 0.000000000000000000 ) ) ;
#4920 = VECTOR ( 'NONE', #2411, 1000.000000000000000 ) ;
#4921 = DIRECTION ( 'NONE',  ( -0.000000000000000000, 1.000000000000000000, -0.000000000000000000 ) ) ;
#4922 = ORIENTED_EDGE ( 'NONE', *, *, #3339, .F. ) ;
#4923 = CARTESIAN_POINT ( 'NONE',  ( 44.50000000000001421, 11.00000000000000000, 34.50000000000000000 ) ) ;
ENDSEC;
END-ISO-10303-21;
