ISO-10303-21;
HEADER;
FILE_DESCRIPTION (( 'STEP AP214' ),
    '1' );
FILE_NAME ('SkiSafe CamelBack 02 - BASE.STEP',
    '2026-06-02T15:38:34',
    ( '' ),
    ( '' ),
    'SwSTEP 2.0',
    'SolidWorks 2026',
    '' );
FILE_SCHEMA (( 'AUTOMOTIVE_DESIGN' ));
ENDSEC;

DATA;
#1 = DIRECTION ( 'NONE',  ( 0.000000000000000000, 1.000000000000000000, 0.000000000000000000 ) ) ;
#2 = CARTESIAN_POINT ( 'NONE',  ( 29.99999999999999645, 13.74999999999999822, 34.99999999999999289 ) ) ;
#3 = DIRECTION ( 'NONE',  ( 0.000000000000000000, -1.000000000000000000, 0.000000000000000000 ) ) ;
#4 = DIRECTION ( 'NONE',  ( -0.000000000000000000, -1.000000000000000000, -0.000000000000000000 ) ) ;
#5 = DIRECTION ( 'NONE',  ( 1.000000000000000000, 0.000000000000000000, 0.000000000000000000 ) ) ;
#6 = CARTESIAN_POINT ( 'NONE',  ( -30.00000000000000711, 0.000000000000000000, 35.00000000000000000 ) ) ;
#7 = FACE_BOUND ( 'NONE', #643, .T. ) ;
#8 = ORIENTED_EDGE ( 'NONE', *, *, #669, .T. ) ;
#9 = EDGE_CURVE ( 'NONE', #353, #963, #932, .T. ) ;
#10 = ORIENTED_EDGE ( 'NONE', *, *, #1254, .F. ) ;
#11 = ORIENTED_EDGE ( 'NONE', *, *, #1649, .F. ) ;
#12 = AXIS2_PLACEMENT_3D ( 'NONE', #2, #1023, #210 ) ;
#13 = AXIS2_PLACEMENT_3D ( 'NONE', #2393, #2446, #271 ) ;
#14 = DIRECTION ( 'NONE',  ( 0.000000000000000000, 0.000000000000000000, -1.000000000000000000 ) ) ;
#15 = FACE_OUTER_BOUND ( 'NONE', #2146, .T. ) ;
#16 = CARTESIAN_POINT ( 'NONE',  ( 29.99999999999999645, 12.75000000000000000, 34.99999999999999289 ) ) ;
#17 = DIRECTION ( 'NONE',  ( 0.000000000000000000, 0.000000000000000000, -1.000000000000000000 ) ) ;
#18 = AXIS2_PLACEMENT_3D ( 'NONE', #539, #1133, #182 ) ;
#19 = DIRECTION ( 'NONE',  ( -1.000000000000000000, 0.000000000000000000, 1.982541115402065110E-16 ) ) ;
#20 = FACE_OUTER_BOUND ( 'NONE', #154, .T. ) ;
#21 = DIRECTION ( 'NONE',  ( 0.000000000000000000, 0.000000000000000000, 1.000000000000000000 ) ) ;
#22 = ORIENTED_EDGE ( 'NONE', *, *, #2317, .T. ) ;
#23 = EDGE_CURVE ( 'NONE', #1983, #719, #973, .T. ) ;
#24 = ORIENTED_EDGE ( 'NONE', *, *, #279, .T. ) ;
#25 = ORIENTED_EDGE ( 'NONE', *, *, #827, .F. ) ;
#26 = EDGE_CURVE ( 'NONE', #832, #1164, #2139, .T. ) ;
#27 = FACE_OUTER_BOUND ( 'NONE', #1371, .T. ) ;
#28 = DIRECTION ( 'NONE',  ( -1.000000000000000000, 0.000000000000000000, -0.000000000000000000 ) ) ;
#29 = LINE ( 'NONE', #671, #615 ) ;
#30 = CARTESIAN_POINT ( 'NONE',  ( -30.00000000000000355, 12.75000000000000000, -40.00000000000000711 ) ) ;
#31 = CARTESIAN_POINT ( 'NONE',  ( -30.00000000000000355, 13.74999999999999822, -35.00000000000000711 ) ) ;
#32 = EDGE_CURVE ( 'NONE', #559, #808, #648, .T. ) ;
#33 = PRESENTATION_STYLE_ASSIGNMENT (( #1810 ) ) ;
#34 = CARTESIAN_POINT ( 'NONE',  ( 29.99999999999999645, 21.50000000000000000, -35.00000000000000711 ) ) ;
#35 = DIRECTION ( 'NONE',  ( 0.000000000000000000, 0.000000000000000000, 1.000000000000000000 ) ) ;
#36 = ORIENTED_EDGE ( 'NONE', *, *, #1189, .T. ) ;
#37 = AXIS2_PLACEMENT_3D ( 'NONE', #2164, #3, #2001 ) ;
#38 = CIRCLE ( 'NONE', #2440, 1.000000000000000888 ) ;
#39 = ORIENTED_EDGE ( 'NONE', *, *, #762, .T. ) ;
#40 = CIRCLE ( 'NONE', #1821, 5.500000000000000000 ) ;
#41 = VERTEX_POINT ( 'NONE', #388 ) ;
#42 = CARTESIAN_POINT ( 'NONE',  ( -3.469446951953614189E-15, 12.75000000000000000, -3.469446951953614189E-15 ) ) ;
#43 = CARTESIAN_POINT ( 'NONE',  ( -33.50000000000000000, 12.75000000000000000, 35.00000000000000000 ) ) ;
#44 = EDGE_CURVE ( 'NONE', #2545, #377, #1107, .T. ) ;
#45 = DIRECTION ( 'NONE',  ( -1.982541115402065110E-16, 0.000000000000000000, -1.000000000000000000 ) ) ;
#46 = CARTESIAN_POINT ( 'NONE',  ( -25.41742430504416106, 18.50000000000000000, -37.00000000000000000 ) ) ;
#47 = PLANE ( 'NONE',  #2144 ) ;
#48 = FACE_OUTER_BOUND ( 'NONE', #2383, .T. ) ;
#49 = CARTESIAN_POINT ( 'NONE',  ( 18.00000000000000355, 12.04999999999999183, 38.49999999999999289 ) ) ;
#50 = ORIENTED_EDGE ( 'NONE', *, *, #2563, .T. ) ;
#51 = ORIENTED_EDGE ( 'NONE', *, *, #1247, .T. ) ;
#52 = ADVANCED_FACE ( 'NONE', ( #1161, #950, #989, #557, #961 ), #2153, .T. ) ;
#53 = VERTEX_POINT ( 'NONE', #150 ) ;
#54 = CARTESIAN_POINT ( 'NONE',  ( -30.00000000000000711, 13.74999999999999822, 35.00000000000000000 ) ) ;
#55 = DIRECTION ( 'NONE',  ( -1.982541115402065110E-16, 0.000000000000000000, -1.000000000000000000 ) ) ;
#56 = DIRECTION ( 'NONE',  ( 0.000000000000000000, 1.000000000000000000, 0.000000000000000000 ) ) ;
#57 = AXIS2_PLACEMENT_3D ( 'NONE', #1039, #1836, #1181 ) ;
#58 = LINE ( 'NONE', #277, #892 ) ;
#59 = EDGE_CURVE ( 'NONE', #576, #1293, #2529, .T. ) ;
#60 = DIRECTION ( 'NONE',  ( 0.000000000000000000, 1.000000000000000000, 0.000000000000000000 ) ) ;
#61 = CIRCLE ( 'NONE', #1880, 4.999999999999997335 ) ;
#62 = CARTESIAN_POINT ( 'NONE',  ( -30.00000000000000711, 10.75000000000000000, 35.00000000000000000 ) ) ;
#63 = LINE ( 'NONE', #240, #276 ) ;
#64 = CARTESIAN_POINT ( 'NONE',  ( 29.99999999999999645, 10.75000000000000000, -35.00000000000000711 ) ) ;
#65 = EDGE_LOOP ( 'NONE', ( #1747, #1218, #1019, #1892 ) ) ;
#66 = AXIS2_PLACEMENT_3D ( 'NONE', #2550, #355, #2498 ) ;
#67 = ORIENTED_EDGE ( 'NONE', *, *, #2292, .T. ) ;
#68 = ORIENTED_EDGE ( 'NONE', *, *, #1055, .F. ) ;
#69 = EDGE_CURVE ( 'NONE', #2398, #1340, #2555, .T. ) ;
#70 = DIRECTION ( 'NONE',  ( -1.000000000000000000, 0.000000000000000000, 1.982541115402065110E-16 ) ) ;
#71 = DIRECTION ( 'NONE',  ( 0.000000000000000000, 0.000000000000000000, -1.000000000000000000 ) ) ;
#72 = CIRCLE ( 'NONE', #1310, 1.000000000000000888 ) ;
#73 = DIRECTION ( 'NONE',  ( -0.000000000000000000, -1.000000000000000000, -0.000000000000000000 ) ) ;
#74 = CARTESIAN_POINT ( 'NONE',  ( -25.00000000000000000, 12.04999999999999183, -20.00000000000000355 ) ) ;
#75 = CARTESIAN_POINT ( 'NONE',  ( 33.49999999999999289, 12.75000000000000000, -35.00000000000000711 ) ) ;
#76 = FACE_OUTER_BOUND ( 'NONE', #700, .T. ) ;
#77 = AXIS2_PLACEMENT_3D ( 'NONE', #1568, #2359, #604 ) ;
#78 = EDGE_CURVE ( 'NONE', #2397, #1006, #153, .T. ) ;
#79 = EDGE_LOOP ( 'NONE', ( #1255, #2521, #1931, #1477, #1116 ) ) ;
#80 = ORIENTED_EDGE ( 'NONE', *, *, #1040, .T. ) ;
#81 = VECTOR ( 'NONE', #2497, 1000.000000000000000 ) ;
#82 = DIRECTION ( 'NONE',  ( -0.000000000000000000, -1.000000000000000000, 0.000000000000000000 ) ) ;
#83 = AXIS2_PLACEMENT_3D ( 'NONE', #1275, #1043, #1057 ) ;
#84 = CIRCLE ( 'NONE', #1303, 4.999999999999990230 ) ;
#85 = EDGE_CURVE ( 'NONE', #1164, #1293, #534, .T. ) ;
#86 = CARTESIAN_POINT ( 'NONE',  ( -30.00000000000000355, 2.264718625761417137, -38.00000000000001421 ) ) ;
#87 = CARTESIAN_POINT ( 'NONE',  ( -25.00000000000000355, 18.50000000000000000, 37.00000000000000000 ) ) ;
#88 = DIRECTION ( 'NONE',  ( 0.000000000000000000, -1.000000000000000000, 0.000000000000000000 ) ) ;
#89 = CARTESIAN_POINT ( 'NONE',  ( -30.00000000000000355, 2.264718625761417137, -35.00000000000000711 ) ) ;
#90 = CARTESIAN_POINT ( 'NONE',  ( -33.50000000000000000, 12.75000000000000000, 35.00000000000000000 ) ) ;
#91 = VERTEX_POINT ( 'NONE', #2351 ) ;
#92 = VERTEX_POINT ( 'NONE', #1356 ) ;
#93 = ORIENTED_EDGE ( 'NONE', *, *, #69, .T. ) ;
#94 = CARTESIAN_POINT ( 'NONE',  ( 29.99999999999999645, 13.74999999999999822, -38.00000000000001421 ) ) ;
#95 = PLANE ( 'NONE',  #1273 ) ;
#96 = CYLINDRICAL_SURFACE ( 'NONE', #1449, 5.500000000000000000 ) ;
#97 = LINE ( 'NONE', #1875, #1322 ) ;
#98 = LINE ( 'NONE', #2466, #2337 ) ;
#99 = AXIS2_PLACEMENT_3D ( 'NONE', #572, #975, #1894 ) ;
#100 = EDGE_CURVE ( 'NONE', #897, #365, #571, .T. ) ;
#101 = VERTEX_POINT ( 'NONE', #1949 ) ;
#102 = EDGE_LOOP ( 'NONE', ( #2366, #1191, #558, #1046 ) ) ;
#103 = ORIENTED_EDGE ( 'NONE', *, *, #885, .F. ) ;
#104 = DIRECTION ( 'NONE',  ( 0.000000000000000000, 0.000000000000000000, -1.000000000000000000 ) ) ;
#105 = EDGE_CURVE ( 'NONE', #340, #2097, #2168, .T. ) ;
#106 = PLANE ( 'NONE',  #2307 ) ;
#107 = CARTESIAN_POINT ( 'NONE',  ( -25.00000000000000355, 18.50000000000000000, 37.00000000000000000 ) ) ;
#108 = ORIENTED_EDGE ( 'NONE', *, *, #979, .T. ) ;
#109 = AXIS2_PLACEMENT_3D ( 'NONE', #2257, #1854, #2445 ) ;
#110 = FACE_BOUND ( 'NONE', #1399, .T. ) ;
#111 = DIRECTION ( 'NONE',  ( 0.000000000000000000, 0.000000000000000000, -1.000000000000000000 ) ) ;
#112 = EDGE_CURVE ( 'NONE', #394, #976, #2313, .T. ) ;
#113 = VERTEX_POINT ( 'NONE', #174 ) ;
#114 = ORIENTED_EDGE ( 'NONE', *, *, #517, .T. ) ;
#115 = EDGE_LOOP ( 'NONE', ( #783, #1279, #1035, #103, #1669, #561, #1890, #1498 ) ) ;
#116 = CARTESIAN_POINT ( 'NONE',  ( -35.01000000000000512, 13.74999999999999822, 39.99999999999998579 ) ) ;
#117 = CIRCLE ( 'NONE', #2022, 1.000000000000000888 ) ;
#118 = DIRECTION ( 'NONE',  ( -0.000000000000000000, 1.000000000000000000, -0.000000000000000000 ) ) ;
#119 = VECTOR ( 'NONE', #2378, 1000.000000000000000 ) ;
#120 = CARTESIAN_POINT ( 'NONE',  ( 29.99999999999999645, 10.75000000000000000, 34.99999999999999289 ) ) ;
#121 = AXIS2_PLACEMENT_3D ( 'NONE', #636, #623, #1223 ) ;
#122 = EDGE_CURVE ( 'NONE', #1761, #667, #584, .T. ) ;
#123 = ORIENTED_EDGE ( 'NONE', *, *, #547, .T. ) ;
#124 = AXIS2_PLACEMENT_3D ( 'NONE', #1753, #2177, #359 ) ;
#125 = FACE_BOUND ( 'NONE', #1843, .T. ) ;
#126 = CARTESIAN_POINT ( 'NONE',  ( 29.99999999999999645, 10.75000000000000000, 38.49999999999998579 ) ) ;
#127 = ORIENTED_EDGE ( 'NONE', *, *, #2143, .T. ) ;
#128 = ORIENTED_EDGE ( 'NONE', *, *, #2156, .T. ) ;
#129 = ORIENTED_EDGE ( 'NONE', *, *, #2128, .T. ) ;
#130 = DIRECTION ( 'NONE',  ( 0.000000000000000000, -1.000000000000000000, 0.000000000000000000 ) ) ;
#131 = ORIENTED_EDGE ( 'NONE', *, *, #2270, .F. ) ;
#132 = DIRECTION ( 'NONE',  ( 1.000000000000000000, 0.000000000000000000, -2.312964634635743450E-16 ) ) ;
#133 = CARTESIAN_POINT ( 'NONE',  ( 34.99999999999999289, 21.50000000000000000, -40.00000000000000711 ) ) ;
#134 = ORIENTED_EDGE ( 'NONE', *, *, #1766, .T. ) ;
#135 = EDGE_CURVE ( 'NONE', #454, #588, #1976, .T. ) ;
#136 = DIRECTION ( 'NONE',  ( -0.000000000000000000, -1.000000000000000000, -0.000000000000000000 ) ) ;
#137 = CARTESIAN_POINT ( 'NONE',  ( 30.00000000000000000, 12.75000000000000000, -40.00000000000000711 ) ) ;
#138 = ORIENTED_EDGE ( 'NONE', *, *, #1777, .F. ) ;
#139 = ORIENTED_EDGE ( 'NONE', *, *, #2212, .T. ) ;
#140 = VECTOR ( 'NONE', #1494, 1000.000000000000000 ) ;
#141 = ORIENTED_EDGE ( 'NONE', *, *, #731, .T. ) ;
#142 = ORIENTED_EDGE ( 'NONE', *, *, #1867, .F. ) ;
#143 = ADVANCED_FACE ( 'NONE', ( #1139, #1730 ), #2519, .T. ) ;
#144 = DIRECTION ( 'NONE',  ( 0.000000000000000000, 0.000000000000000000, -1.000000000000000000 ) ) ;
#145 = LINE ( 'NONE', #343, #185 ) ;
#146 = EDGE_LOOP ( 'NONE', ( #1816, #1347, #151, #10 ) ) ;
#147 = CARTESIAN_POINT ( 'NONE',  ( -30.00000000000000355, 13.74999999999999822, -34.00000000000000711 ) ) ;
#148 = FACE_BOUND ( 'NONE', #907, .T. ) ;
#149 = VECTOR ( 'NONE', #854, 1000.000000000000000 ) ;
#150 = CARTESIAN_POINT ( 'NONE',  ( 29.99999999999999645, 13.74999999999999822, -32.00000000000000711 ) ) ;
#151 = ORIENTED_EDGE ( 'NONE', *, *, #1216, .F. ) ;
#152 = ORIENTED_EDGE ( 'NONE', *, *, #112, .F. ) ;
#153 = CIRCLE ( 'NONE', #2095, 3.499999999999996003 ) ;
#154 = EDGE_LOOP ( 'NONE', ( #880, #2021, #2508, #139, #2094, #1704, #1497, #1176 ) ) ;
#155 = CARTESIAN_POINT ( 'NONE',  ( 11.99999999999999645, 5.749999999999999112, 36.79999999999999005 ) ) ;
#156 = LINE ( 'NONE', #332, #1098 ) ;
#157 = VECTOR ( 'NONE', #2374, 1000.000000000000000 ) ;
#158 = ADVANCED_FACE ( 'NONE', ( #48 ), #639, .F. ) ;
#159 = VERTEX_POINT ( 'NONE', #418 ) ;
#160 = VECTOR ( 'NONE', #780, 1000.000000000000000 ) ;
#161 = CYLINDRICAL_SURFACE ( 'NONE', #2162, 3.000000000000002665 ) ;
#162 = CARTESIAN_POINT ( 'NONE',  ( -35.01000000000000512, 13.74999999999999822, 39.99999999999998579 ) ) ;
#163 = ORIENTED_EDGE ( 'NONE', *, *, #1874, .T. ) ;
#164 = ORIENTED_EDGE ( 'NONE', *, *, #424, .T. ) ;
#165 = CIRCLE ( 'NONE', #492, 3.000000000000002665 ) ;
#166 = EDGE_CURVE ( 'NONE', #2506, #1761, #2345, .T. ) ;
#167 = EDGE_LOOP ( 'NONE', ( #2240, #437, #2490, #1313, #1123, #868 ) ) ;
#168 = ORIENTED_EDGE ( 'NONE', *, *, #2536, .T. ) ;
#169 = CARTESIAN_POINT ( 'NONE',  ( 34.99999999999999289, 21.50000000000000000, 39.99999999999998579 ) ) ;
#170 = CARTESIAN_POINT ( 'NONE',  ( -25.00000000000000355, -29.77468383590426271, 37.00000000000000000 ) ) ;
#171 = CARTESIAN_POINT ( 'NONE',  ( 30.00000000000000000, 12.75000000000000000, 39.99999999999998579 ) ) ;
#172 = CARTESIAN_POINT ( 'NONE',  ( 29.99999999999999645, 12.75000000000000000, 38.49999999999998579 ) ) ;
#173 = ADVANCED_FACE ( 'NONE', ( #1397 ), #1241, .F. ) ;
#174 = CARTESIAN_POINT ( 'NONE',  ( -33.49999999999999289, 12.04999999999999183, -25.50000000000000355 ) ) ;
#175 = CARTESIAN_POINT ( 'NONE',  ( -30.00000000000000711, 21.50000000000000000, 35.00000000000000000 ) ) ;
#176 = EDGE_LOOP ( 'NONE', ( #1775, #1204, #393, #22 ) ) ;
#177 = CIRCLE ( 'NONE', #57, 5.000000000000000888 ) ;
#178 = ORIENTED_EDGE ( 'NONE', *, *, #657, .T. ) ;
#179 = AXIS2_PLACEMENT_3D ( 'NONE', #2422, #805, #35 ) ;
#180 = ORIENTED_EDGE ( 'NONE', *, *, #259, .T. ) ;
#181 = DIRECTION ( 'NONE',  ( -0.000000000000000000, 1.000000000000000000, -0.000000000000000000 ) ) ;
#182 = DIRECTION ( 'NONE',  ( 0.000000000000000000, 0.000000000000000000, -1.000000000000000000 ) ) ;
#183 = ADVANCED_FACE ( 'NONE', ( #1797 ), #2005, .T. ) ;
#184 = LINE ( 'NONE', #2190, #2312 ) ;
#185 = VECTOR ( 'NONE', #1330, 1000.000000000000000 ) ;
#186 = CARTESIAN_POINT ( 'NONE',  ( -30.00000000000000711, 0.000000000000000000, 36.00000000000000711 ) ) ;
#187 = CARTESIAN_POINT ( 'NONE',  ( -30.00000000000000355, 2.264718625761417137, -35.00000000000000711 ) ) ;
#188 = LINE ( 'NONE', #2363, #2025 ) ;
#189 = CARTESIAN_POINT ( 'NONE',  ( -32.00000000000000000, 10.75000000000000000, 40.00000000000000000 ) ) ;
#190 = PLANE ( 'NONE',  #1341 ) ;
#191 = ORIENTED_EDGE ( 'NONE', *, *, #581, .F. ) ;
#192 = EDGE_CURVE ( 'NONE', #1680, #436, #227, .T. ) ;
#193 = VECTOR ( 'NONE', #2016, 1000.000000000000000 ) ;
#194 = VERTEX_POINT ( 'NONE', #1613 ) ;
#195 = VERTEX_POINT ( 'NONE', #1252 ) ;
#196 = CARTESIAN_POINT ( 'NONE',  ( 33.49999999999999289, 12.75000000000000000, -35.00000000000000711 ) ) ;
#197 = FACE_OUTER_BOUND ( 'NONE', #2486, .T. ) ;
#198 = DIRECTION ( 'NONE',  ( -1.000000000000000000, 0.000000000000000000, 1.982541115402065110E-16 ) ) ;
#199 = ADVANCED_FACE ( 'NONE', ( #652 ), #1840, .F. ) ;
#200 = CARTESIAN_POINT ( 'NONE',  ( 29.99999999999999645, 21.50000000000000000, -35.00000000000000711 ) ) ;
#201 = VECTOR ( 'NONE', #1946, 1000.000000000000000 ) ;
#202 = CARTESIAN_POINT ( 'NONE',  ( 29.99999999999999645, 12.75000000000000000, 38.49999999999998579 ) ) ;
#203 = FACE_OUTER_BOUND ( 'NONE', #2293, .T. ) ;
#204 = AXIS2_PLACEMENT_3D ( 'NONE', #1656, #638, #2030 ) ;
#205 = ORIENTED_EDGE ( 'NONE', *, *, #1318, .T. ) ;
#206 = ORIENTED_EDGE ( 'NONE', *, *, #2065, .F. ) ;
#207 = EDGE_LOOP ( 'NONE', ( #677, #1509, #93, #242, #1337, #1813 ) ) ;
#208 = EDGE_CURVE ( 'NONE', #2503, #923, #1827, .T. ) ;
#209 = FACE_OUTER_BOUND ( 'NONE', #2197, .T. ) ;
#210 = DIRECTION ( 'NONE',  ( 0.000000000000000000, 0.000000000000000000, -1.000000000000000000 ) ) ;
#211 = CARTESIAN_POINT ( 'NONE',  ( 34.99999999999999289, 12.75000000000000000, 39.99999999999998579 ) ) ;
#212 = CARTESIAN_POINT ( 'NONE',  ( -33.49999999999999289, 12.75000000000000000, -35.00000000000000711 ) ) ;
#213 = ADVANCED_FACE ( 'NONE', ( #2209 ), #1031, .T. ) ;
#214 = CARTESIAN_POINT ( 'NONE',  ( 29.99999999999999645, 21.50000000000000000, -40.00000000000000711 ) ) ;
#215 = CARTESIAN_POINT ( 'NONE',  ( -30.00000000000000711, 21.50000000000000000, -40.00000000000000000 ) ) ;
#216 = LINE ( 'NONE', #1436, #1920 ) ;
#217 = ORIENTED_EDGE ( 'NONE', *, *, #411, .F. ) ;
#218 = ORIENTED_EDGE ( 'NONE', *, *, #1832, .T. ) ;
#219 = ORIENTED_EDGE ( 'NONE', *, *, #1040, .F. ) ;
#220 = AXIS2_PLACEMENT_3D ( 'NONE', #2202, #1404, #824 ) ;
#221 = DIRECTION ( 'NONE',  ( 0.000000000000000000, 0.000000000000000000, 1.000000000000000000 ) ) ;
#222 = CARTESIAN_POINT ( 'NONE',  ( -30.00000000000000355, 13.74999999999999822, -36.00000000000001421 ) ) ;
#223 = EDGE_CURVE ( 'NONE', #733, #394, #72, .T. ) ;
#224 = CARTESIAN_POINT ( 'NONE',  ( -35.01000000000000512, 13.74999999999999822, 39.99999999999998579 ) ) ;
#225 = CYLINDRICAL_SURFACE ( 'NONE', #1367, 4.999999999999997335 ) ;
#226 = SURFACE_STYLE_FILL_AREA ( #2004 ) ;
#227 = LINE ( 'NONE', #1992, #1814 ) ;
#228 = DIRECTION ( 'NONE',  ( 0.000000000000000000, 1.000000000000000000, 0.000000000000000000 ) ) ;
#229 = ORIENTED_EDGE ( 'NONE', *, *, #562, .T. ) ;
#230 = ORIENTED_EDGE ( 'NONE', *, *, #2080, .F. ) ;
#231 = EDGE_CURVE ( 'NONE', #2447, #1788, #2421, .T. ) ;
#232 = ORIENTED_EDGE ( 'NONE', *, *, #1080, .F. ) ;
#233 = CARTESIAN_POINT ( 'NONE',  ( 7.499999999999998224, -29.77468383590426271, 31.99999999999999289 ) ) ;
#234 = DIRECTION ( 'NONE',  ( 0.000000000000000000, -1.000000000000000000, 0.000000000000000000 ) ) ;
#235 = DIRECTION ( 'NONE',  ( 0.000000000000000000, 0.000000000000000000, 1.000000000000000000 ) ) ;
#236 = DIRECTION ( 'NONE',  ( -1.000000000000000000, 0.000000000000000000, 1.982541115402065110E-16 ) ) ;
#237 = LINE ( 'NONE', #1781, #1277 ) ;
#238 = EDGE_CURVE ( 'NONE', #2106, #1505, #270, .T. ) ;
#239 = AXIS2_PLACEMENT_3D ( 'NONE', #1213, #1225, #2392 ) ;
#240 = CARTESIAN_POINT ( 'NONE',  ( 31.99999999999999289, 18.50000000000000000, 39.99999999999998579 ) ) ;
#241 = CARTESIAN_POINT ( 'NONE',  ( -23.50000000000000000, 16.75000000000000000, 39.99999999999999289 ) ) ;
#242 = ORIENTED_EDGE ( 'NONE', *, *, #2037, .T. ) ;
#243 = VECTOR ( 'NONE', #789, 1000.000000000000000 ) ;
#244 = CIRCLE ( 'NONE', #1075, 1.000000000000000888 ) ;
#245 = VERTEX_POINT ( 'NONE', #2223 ) ;
#246 = ORIENTED_EDGE ( 'NONE', *, *, #632, .F. ) ;
#247 = EDGE_CURVE ( 'NONE', #101, #1323, #2256, .T. ) ;
#248 = CARTESIAN_POINT ( 'NONE',  ( 31.99999999999999289, 0.000000000000000000, 30.41742430504414685 ) ) ;
#249 = CARTESIAN_POINT ( 'NONE',  ( -33.49999999999999289, 10.75000000000000000, -14.65584431364504603 ) ) ;
#250 = CIRCLE ( 'NONE', #2355, 4.999999999999990230 ) ;
#251 = FACE_OUTER_BOUND ( 'NONE', #2055, .T. ) ;
#252 = DIRECTION ( 'NONE',  ( -0.000000000000000000, 1.000000000000000000, -0.000000000000000000 ) ) ;
#253 = APPLICATION_CONTEXT ( 'automotive_design' ) ;
#254 = PLANE ( 'NONE',  #204 ) ;
#255 = CARTESIAN_POINT ( 'NONE',  ( -35.00000000000000000, 12.04999999999999183, -20.00000000000000355 ) ) ;
#256 = CARTESIAN_POINT ( 'NONE',  ( 25.41742430504415395, 18.50000000000000000, 36.99999999999998579 ) ) ;
#257 = ORIENTED_EDGE ( 'NONE', *, *, #2176, .T. ) ;
#258 = EDGE_CURVE ( 'NONE', #2116, #2458, #63, .T. ) ;
#259 = EDGE_CURVE ( 'NONE', #390, #101, #1059, .T. ) ;
#260 = ORIENTED_EDGE ( 'NONE', *, *, #524, .T. ) ;
#261 = ORIENTED_EDGE ( 'NONE', *, *, #1013, .F. ) ;
#262 = CARTESIAN_POINT ( 'NONE',  ( -25.00000000000000000, 12.75000000000000000, -14.54472732120566292 ) ) ;
#263 = CARTESIAN_POINT ( 'NONE',  ( -30.00000000000000355, 10.75000000000000000, -36.00000000000001421 ) ) ;
#264 = CIRCLE ( 'NONE', #2283, 4.999999999999997335 ) ;
#265 = CARTESIAN_POINT ( 'NONE',  ( 29.99999999999999645, 13.74999999999999822, 33.99999999999998579 ) ) ;
#266 = DIRECTION ( 'NONE',  ( -0.000000000000000000, -1.000000000000000000, -0.000000000000000000 ) ) ;
#267 = EDGE_CURVE ( 'NONE', #1680, #353, #1201, .T. ) ;
#268 = CIRCLE ( 'NONE', #2082, 4.999999999999997335 ) ;
#269 = CARTESIAN_POINT ( 'NONE',  ( -30.00000000000000711, 21.50000000000000000, 32.00000000000000000 ) ) ;
#270 = LINE ( 'NONE', #432, #193 ) ;
#271 = DIRECTION ( 'NONE',  ( 0.000000000000000000, -0.000000000000000000, 1.000000000000000000 ) ) ;
#272 = ORIENTED_EDGE ( 'NONE', *, *, #1644, .F. ) ;
#273 = ADVANCED_FACE ( 'NONE', ( #20 ), #610, .T. ) ;
#274 = EDGE_LOOP ( 'NONE', ( #1550, #472, #129, #368, #2185, #893 ) ) ;
#275 = DIRECTION ( 'NONE',  ( -0.000000000000000000, 1.000000000000000000, -0.000000000000000000 ) ) ;
#276 = VECTOR ( 'NONE', #842, 1000.000000000000000 ) ;
#277 = CARTESIAN_POINT ( 'NONE',  ( -30.00000000000000355, 2.264718625761417137, -32.00000000000000711 ) ) ;
#278 = DIRECTION ( 'NONE',  ( -1.000000000000000000, -0.000000000000000000, -0.000000000000000000 ) ) ;
#279 = EDGE_CURVE ( 'NONE', #2491, #2447, #1084, .T. ) ;
#280 = CARTESIAN_POINT ( 'NONE',  ( -23.50000000000000000, 10.75000000000000000, 38.50000000000000000 ) ) ;
#281 = DIRECTION ( 'NONE',  ( -1.000000000000000000, 0.000000000000000000, 0.000000000000000000 ) ) ;
#282 = VERTEX_POINT ( 'NONE', #1472 ) ;
#283 = ORIENTED_EDGE ( 'NONE', *, *, #2118, .F. ) ;
#284 = VECTOR ( 'NONE', #354, 1000.000000000000000 ) ;
#285 = PLANE ( 'NONE',  #1954 ) ;
#286 = COLOUR_RGB ( '',0.7921568627450980005, 0.8196078431372548767, 0.9333333333333333481 ) ;
#287 = EDGE_CURVE ( 'NONE', #688, #2088, #98, .T. ) ;
#288 = DIRECTION ( 'NONE',  ( 0.000000000000000000, 1.000000000000000000, 0.000000000000000000 ) ) ;
#289 = CARTESIAN_POINT ( 'NONE',  ( 11.99999999999999645, 10.75000000000000000, 38.50000000000000000 ) ) ;
#290 = ORIENTED_EDGE ( 'NONE', *, *, #1918, .F. ) ;
#291 = EDGE_LOOP ( 'NONE', ( #2145, #1996 ) ) ;
#292 = ORIENTED_EDGE ( 'NONE', *, *, #349, .F. ) ;
#293 = CARTESIAN_POINT ( 'NONE',  ( 29.99999999999999645, 2.264718625761417137, -38.00000000000001421 ) ) ;
#294 = CARTESIAN_POINT ( 'NONE',  ( -28.00000000000000355, 10.75000000000000000, 31.99999999999999289 ) ) ;
#295 = DIRECTION ( 'NONE',  ( 0.000000000000000000, 0.000000000000000000, -1.000000000000000000 ) ) ;
#296 = EDGE_CURVE ( 'NONE', #1787, #859, #494, .T. ) ;
#297 = ORIENTED_EDGE ( 'NONE', *, *, #1766, .F. ) ;
#298 = LINE ( 'NONE', #75, #692 ) ;
#299 = LINE ( 'NONE', #126, #392 ) ;
#300 = CIRCLE ( 'NONE', #1630, 4.999999999999997335 ) ;
#301 = EDGE_LOOP ( 'NONE', ( #352, #2215 ) ) ;
#302 = ORIENTED_EDGE ( 'NONE', *, *, #614, .F. ) ;
#303 = EDGE_CURVE ( 'NONE', #796, #498, #299, .T. ) ;
#304 = ORIENTED_EDGE ( 'NONE', *, *, #876, .T. ) ;
#305 = LINE ( 'NONE', #293, #1135 ) ;
#306 = LINE ( 'NONE', #319, #2471 ) ;
#307 = CARTESIAN_POINT ( 'NONE',  ( -28.00000000000000355, 18.50000000000000000, 31.99999999999999289 ) ) ;
#308 = ORIENTED_EDGE ( 'NONE', *, *, #1710, .T. ) ;
#309 = VECTOR ( 'NONE', #1276, 1000.000000000000000 ) ;
#310 = DIRECTION ( 'NONE',  ( 0.000000000000000000, 0.000000000000000000, -1.000000000000000000 ) ) ;
#311 = DIRECTION ( 'NONE',  ( -1.982541115402065110E-16, 0.000000000000000000, -1.000000000000000000 ) ) ;
#312 = EDGE_CURVE ( 'NONE', #53, #559, #1317, .T. ) ;
#313 = ORIENTED_EDGE ( 'NONE', *, *, #267, .T. ) ;
#314 = ORIENTED_EDGE ( 'NONE', *, *, #2333, .F. ) ;
#315 = ORIENTED_EDGE ( 'NONE', *, *, #1163, .F. ) ;
#316 = DIRECTION ( 'NONE',  ( 0.000000000000000000, -0.000000000000000000, -1.000000000000000000 ) ) ;
#317 = ORIENTED_EDGE ( 'NONE', *, *, #1373, .F. ) ;
#318 = VECTOR ( 'NONE', #1922, 1000.000000000000000 ) ;
#319 = CARTESIAN_POINT ( 'NONE',  ( 29.99999999999999645, 10.75000000000000000, 38.49999999999998579 ) ) ;
#320 = CIRCLE ( 'NONE', #1776, 3.499999999999996003 ) ;
#321 = CARTESIAN_POINT ( 'NONE',  ( -30.00000000000000711, 10.75000000000000000, 36.00000000000000711 ) ) ;
#322 = VERTEX_POINT ( 'NONE', #324 ) ;
#323 = LINE ( 'NONE', #2514, #1296 ) ;
#324 = CARTESIAN_POINT ( 'NONE',  ( 31.99999999999999289, 10.75000000000000000, -30.41742430504417527 ) ) ;
#325 = ORIENTED_EDGE ( 'NONE', *, *, #704, .F. ) ;
#326 = VERTEX_POINT ( 'NONE', #2295 ) ;
#327 = EDGE_CURVE ( 'NONE', #1800, #2101, #2464, .T. ) ;
#328 = VERTEX_POINT ( 'NONE', #1678 ) ;
#329 = CARTESIAN_POINT ( 'NONE',  ( -25.00000000000000355, 10.75000000000000000, 37.00000000000000000 ) ) ;
#330 = ORIENTED_EDGE ( 'NONE', *, *, #1247, .F. ) ;
#331 = LINE ( 'NONE', #538, #318 ) ;
#332 = CARTESIAN_POINT ( 'NONE',  ( 34.99999999999999289, 12.75000000000000000, 39.99999999999998579 ) ) ;
#333 = ORIENTED_EDGE ( 'NONE', *, *, #1927, .T. ) ;
#334 = DIRECTION ( 'NONE',  ( -0.000000000000000000, 1.000000000000000000, -0.000000000000000000 ) ) ;
#335 = CARTESIAN_POINT ( 'NONE',  ( 22.95075751779462081, 12.75000000000000000, 38.49999999999999289 ) ) ;
#336 = DIRECTION ( 'NONE',  ( 1.000000000000000000, 0.000000000000000000, 0.000000000000000000 ) ) ;
#337 = ORIENTED_EDGE ( 'NONE', *, *, #1860, .F. ) ;
#338 = ORIENTED_EDGE ( 'NONE', *, *, #1649, .T. ) ;
#339 = EDGE_CURVE ( 'NONE', #897, #1006, #1096, .T. ) ;
#340 = VERTEX_POINT ( 'NONE', #1485 ) ;
#341 = AXIS2_PLACEMENT_3D ( 'NONE', #1082, #88, #2474 ) ;
#342 = CARTESIAN_POINT ( 'NONE',  ( -32.00000000000000000, 0.000000000000000000, 30.41742430504416106 ) ) ;
#343 = CARTESIAN_POINT ( 'NONE',  ( 29.99999999999999645, 12.75000000000000000, 38.49999999999998579 ) ) ;
#344 = ORIENTED_EDGE ( 'NONE', *, *, #2226, .F. ) ;
#345 = DIRECTION ( 'NONE',  ( -1.000000000000000000, 0.000000000000000000, 0.000000000000000000 ) ) ;
#346 = DIRECTION ( 'NONE',  ( 1.000000000000000000, 0.000000000000000000, 0.000000000000000000 ) ) ;
#347 = LINE ( 'NONE', #751, #1645 ) ;
#348 = AXIS2_PLACEMENT_3D ( 'NONE', #133, #913, #2510 ) ;
#349 = EDGE_CURVE ( 'NONE', #1994, #1815, #1552, .T. ) ;
#350 = DIRECTION ( 'NONE',  ( -0.000000000000000000, 1.000000000000000000, -0.000000000000000000 ) ) ;
#351 = EDGE_LOOP ( 'NONE', ( #1126, #164, #2130, #1346 ) ) ;
#352 = ORIENTED_EDGE ( 'NONE', *, *, #32, .F. ) ;
#353 = VERTEX_POINT ( 'NONE', #1702 ) ;
#354 = DIRECTION ( 'NONE',  ( -1.982541115402065110E-16, 0.000000000000000000, -1.000000000000000000 ) ) ;
#355 = DIRECTION ( 'NONE',  ( 0.000000000000000000, -1.000000000000000000, 0.000000000000000000 ) ) ;
#356 = EDGE_CURVE ( 'NONE', #326, #1917, #2247, .T. ) ;
#357 = AXIS2_PLACEMENT_3D ( 'NONE', #1457, #873, #2244 ) ;
#358 = ADVANCED_FACE ( 'NONE', ( #711 ), #1265, .F. ) ;
#359 = DIRECTION ( 'NONE',  ( 0.000000000000000000, 0.000000000000000000, -1.000000000000000000 ) ) ;
#360 = CIRCLE ( 'NONE', #1820, 1.000000000000000888 ) ;
#361 = FACE_OUTER_BOUND ( 'NONE', #924, .T. ) ;
#362 = PLANE ( 'NONE',  #363 ) ;
#363 = AXIS2_PLACEMENT_3D ( 'NONE', #172, #1555, #569 ) ;
#364 = DIRECTION ( 'NONE',  ( 0.000000000000000000, -0.000000000000000000, 1.000000000000000000 ) ) ;
#365 = VERTEX_POINT ( 'NONE', #1495 ) ;
#366 = ORIENTED_EDGE ( 'NONE', *, *, #2080, .T. ) ;
#367 = EDGE_CURVE ( 'NONE', #2241, #412, #532, .T. ) ;
#368 = ORIENTED_EDGE ( 'NONE', *, *, #517, .F. ) ;
#369 = CARTESIAN_POINT ( 'NONE',  ( -30.00000000000000355, 0.000000000000000000, -35.00000000000000711 ) ) ;
#370 = DIRECTION ( 'NONE',  ( 0.000000000000000000, -1.000000000000000000, 0.000000000000000000 ) ) ;
#371 = CARTESIAN_POINT ( 'NONE',  ( 7.500000000000003553, 12.75000000000000000, 38.49999999999999289 ) ) ;
#372 = CARTESIAN_POINT ( 'NONE',  ( 11.99999999999999645, 10.75000000000000000, 36.99999999999999289 ) ) ;
#373 = CYLINDRICAL_SURFACE ( 'NONE', #2258, 4.999999999999993783 ) ;
#374 = EDGE_CURVE ( 'NONE', #1815, #2320, #644, .T. ) ;
#375 = DIRECTION ( 'NONE',  ( -1.982541115402065110E-16, 0.000000000000000000, -1.000000000000000000 ) ) ;
#376 = DIRECTION ( 'NONE',  ( -1.000000000000000000, 0.000000000000000000, 0.000000000000000000 ) ) ;
#377 = VERTEX_POINT ( 'NONE', #335 ) ;
#378 = AXIS2_PLACEMENT_3D ( 'NONE', #2070, #1648, #660 ) ;
#379 = ORIENTED_EDGE ( 'NONE', *, *, #2150, .F. ) ;
#380 = AXIS2_PLACEMENT_3D ( 'NONE', #2090, #334, #1530 ) ;
#381 = ORIENTED_EDGE ( 'NONE', *, *, #697, .T. ) ;
#382 = ADVANCED_FACE ( 'NONE', ( #1914 ), #554, .F. ) ;
#383 = DIRECTION ( 'NONE',  ( 0.000000000000000000, -1.000000000000000000, 0.000000000000000000 ) ) ;
#384 = DIRECTION ( 'NONE',  ( -9.912705577010325549E-17, 0.000000000000000000, 1.000000000000000000 ) ) ;
#385 = FACE_OUTER_BOUND ( 'NONE', #207, .T. ) ;
#386 = DIRECTION ( 'NONE',  ( -0.000000000000000000, -1.000000000000000000, -0.000000000000000000 ) ) ;
#387 = LINE ( 'NONE', #202, #816 ) ;
#388 = CARTESIAN_POINT ( 'NONE',  ( -30.00000000000000355, 13.74999999999999822, -32.00000000000000711 ) ) ;
#389 = FACE_OUTER_BOUND ( 'NONE', #1227, .T. ) ;
#390 = VERTEX_POINT ( 'NONE', #740 ) ;
#391 = APPLICATION_CONTEXT ( 'automotive_design' ) ;
#392 = VECTOR ( 'NONE', #2282, 1000.000000000000000 ) ;
#393 = ORIENTED_EDGE ( 'NONE', *, *, #1927, .F. ) ;
#394 = VERTEX_POINT ( 'NONE', #1947 ) ;
#395 = DIRECTION ( 'NONE',  ( 0.000000000000000000, 0.000000000000000000, -1.000000000000000000 ) ) ;
#396 = DIRECTION ( 'NONE',  ( -0.000000000000000000, 1.000000000000000000, -0.000000000000000000 ) ) ;
#397 = ADVANCED_FACE ( 'NONE', ( #1570 ), #373, .T. ) ;
#398 = DIRECTION ( 'NONE',  ( 0.000000000000000000, 0.000000000000000000, 1.000000000000000000 ) ) ;
#399 = DIRECTION ( 'NONE',  ( 0.000000000000000000, 0.000000000000000000, -1.000000000000000000 ) ) ;
#400 = CARTESIAN_POINT ( 'NONE',  ( -33.49999999999999289, 12.04999999999999183, -20.00000000000000355 ) ) ;
#401 = ADVANCED_FACE ( 'NONE', ( #1518, #148 ), #931, .F. ) ;
#402 = AXIS2_PLACEMENT_3D ( 'NONE', #369, #1362, #1778 ) ;
#403 = CARTESIAN_POINT ( 'NONE',  ( 29.99999999999999645, 10.75000000000000000, -35.00000000000000711 ) ) ;
#404 = CARTESIAN_POINT ( 'NONE',  ( -35.00000000000000000, 12.75000000000000000, 40.00000000000000000 ) ) ;
#405 = FACE_OUTER_BOUND ( 'NONE', #1288, .T. ) ;
#406 = AXIS2_PLACEMENT_3D ( 'NONE', #1156, #1376, #221 ) ;
#407 = ORIENTED_EDGE ( 'NONE', *, *, #1198, .T. ) ;
#408 = AXIS2_PLACEMENT_3D ( 'NONE', #1392, #1805, #620 ) ;
#409 = VECTOR ( 'NONE', #4, 1000.000000000000000 ) ;
#410 = EDGE_LOOP ( 'NONE', ( #1586, #1516, #229, #1951 ) ) ;
#411 = EDGE_CURVE ( 'NONE', #2116, #1305, #2341, .T. ) ;
#412 = VERTEX_POINT ( 'NONE', #2309 ) ;
#413 = CARTESIAN_POINT ( 'NONE',  ( 11.99999999999999645, 18.50000000000000000, 31.99999999999999289 ) ) ;
#414 = CARTESIAN_POINT ( 'NONE',  ( 29.99999999999999645, 2.264718625761417137, -35.00000000000000711 ) ) ;
#415 = PLANE ( 'NONE',  #2264 ) ;
#416 = CYLINDRICAL_SURFACE ( 'NONE', #2142, 4.999999999999997335 ) ;
#417 = LINE ( 'NONE', #791, #689 ) ;
#418 = CARTESIAN_POINT ( 'NONE',  ( -30.00000000000000355, 21.50000000000000000, -38.00000000000001421 ) ) ;
#419 = CARTESIAN_POINT ( 'NONE',  ( 11.99999999999999645, 18.50000000000000000, 36.99999999999999289 ) ) ;
#420 = ORIENTED_EDGE ( 'NONE', *, *, #1687, .F. ) ;
#421 = ORIENTED_EDGE ( 'NONE', *, *, #1874, .F. ) ;
#422 = ORIENTED_EDGE ( 'NONE', *, *, #443, .T. ) ;
#423 = VECTOR ( 'NONE', #2036, 1000.000000000000000 ) ;
#424 = EDGE_CURVE ( 'NONE', #195, #1401, #347, .T. ) ;
#425 = AXIS2_PLACEMENT_3D ( 'NONE', #175, #1324, #2542 ) ;
#426 = CARTESIAN_POINT ( 'NONE',  ( 11.99999999999999645, 5.749999999999999112, 31.99999999999999289 ) ) ;
#427 = FACE_OUTER_BOUND ( 'NONE', #2083, .T. ) ;
#428 =( LENGTH_UNIT ( ) NAMED_UNIT ( * ) SI_UNIT ( .MILLI., .METRE. ) );
#429 = CARTESIAN_POINT ( 'NONE',  ( -28.00000000000000355, -29.77468383590426271, 31.99999999999999289 ) ) ;
#430 = LINE ( 'NONE', #1990, #2267 ) ;
#431 = CARTESIAN_POINT ( 'NONE',  ( 29.99999999999999645, 12.75000000000000000, 38.49999999999998579 ) ) ;
#432 = CARTESIAN_POINT ( 'NONE',  ( 13.00000000000000533, 12.04999999999999183, 29.99999999999999289 ) ) ;
#433 = CARTESIAN_POINT ( 'NONE',  ( -30.00000000000000355, 10.75000000000000000, -34.00000000000000711 ) ) ;
#434 = ORIENTED_EDGE ( 'NONE', *, *, #1895, .T. ) ;
#435 = ADVANCED_FACE ( 'NONE', ( #1169 ), #1333, .T. ) ;
#436 = VERTEX_POINT ( 'NONE', #137 ) ;
#437 = ORIENTED_EDGE ( 'NONE', *, *, #259, .F. ) ;
#438 = CARTESIAN_POINT ( 'NONE',  ( 29.99999999999999645, 0.000000000000000000, 34.99999999999999289 ) ) ;
#439 = DIRECTION ( 'NONE',  ( 0.000000000000000000, 0.000000000000000000, -1.000000000000000000 ) ) ;
#440 = AXIS2_PLACEMENT_3D ( 'NONE', #766, #1961, #1546 ) ;
#441 = CARTESIAN_POINT ( 'NONE',  ( -33.49999999999999289, 10.75000000000000000, -35.00000000000000711 ) ) ;
#442 = CARTESIAN_POINT ( 'NONE',  ( 22.95075751779462081, 12.75000000000000000, 39.99999999999999289 ) ) ;
#443 = EDGE_CURVE ( 'NONE', #1429, #1535, #1755, .T. ) ;
#444 = CARTESIAN_POINT ( 'NONE',  ( -23.50000000000000355, 18.50000000000000000, 34.99999999999999289 ) ) ;
#445 = EDGE_CURVE ( 'NONE', #2225, #1788, #2515, .T. ) ;
#446 = DIRECTION ( 'NONE',  ( 0.000000000000000000, -1.000000000000000000, 0.000000000000000000 ) ) ;
#447 = DIRECTION ( 'NONE',  ( 0.000000000000000000, 0.000000000000000000, 1.000000000000000000 ) ) ;
#448 = CYLINDRICAL_SURFACE ( 'NONE', #2042, 3.000000000000002665 ) ;
#449 = ORIENTED_EDGE ( 'NONE', *, *, #1029, .F. ) ;
#450 = VECTOR ( 'NONE', #997, 1000.000000000000000 ) ;
#451 = AXIS2_PLACEMENT_3D ( 'NONE', #438, #2229, #811 ) ;
#452 = ORIENTED_EDGE ( 'NONE', *, *, #1852, .F. ) ;
#453 = AXIS2_PLACEMENT_3D ( 'NONE', #1042, #595, #17 ) ;
#454 = VERTEX_POINT ( 'NONE', #2322 ) ;
#455 = VECTOR ( 'NONE', #1662, 1000.000000000000000 ) ;
#456 = EDGE_CURVE ( 'NONE', #328, #528, #1066, .T. ) ;
#457 = CARTESIAN_POINT ( 'NONE',  ( 22.82804308182932829, 10.75000000000000000, 29.99999999999999289 ) ) ;
#458 = CARTESIAN_POINT ( 'NONE',  ( 11.99999999999999645, 10.75000000000000000, 36.79999999999999005 ) ) ;
#459 = DIRECTION ( 'NONE',  ( 0.000000000000000000, 0.000000000000000000, 1.000000000000000000 ) ) ;
#460 = EDGE_CURVE ( 'NONE', #860, #528, #1344, .T. ) ;
#461 = CARTESIAN_POINT ( 'NONE',  ( -30.00000000000000355, 10.75000000000000000, 38.50000000000000000 ) ) ;
#462 = DIRECTION ( 'NONE',  ( 0.000000000000000000, 1.000000000000000000, 0.000000000000000000 ) ) ;
#463 = DIRECTION ( 'NONE',  ( -0.000000000000000000, -1.000000000000000000, -0.000000000000000000 ) ) ;
#464 = VERTEX_POINT ( 'NONE', #2540 ) ;
#465 = ORIENTED_EDGE ( 'NONE', *, *, #100, .T. ) ;
#466 = LINE ( 'NONE', #1478, #1795 ) ;
#467 = EDGE_CURVE ( 'NONE', #245, #340, #1269, .T. ) ;
#468 = AXIS2_PLACEMENT_3D ( 'NONE', #1202, #1060, #21 ) ;
#469 = CARTESIAN_POINT ( 'NONE',  ( 7.500000000000000000, 16.75000000000000000, 36.99999999999999289 ) ) ;
#470 = DIRECTION ( 'NONE',  ( 0.000000000000000000, 0.000000000000000000, -1.000000000000000000 ) ) ;
#471 = ADVANCED_FACE ( 'NONE', ( #1354 ), #362, .T. ) ;
#472 = ORIENTED_EDGE ( 'NONE', *, *, #664, .T. ) ;
#473 = ORIENTED_EDGE ( 'NONE', *, *, #2360, .F. ) ;
#474 = LINE ( 'NONE', #262, #544 ) ;
#475 = AXIS2_PLACEMENT_3D ( 'NONE', #255, #2408, #1640 ) ;
#476 = FACE_OUTER_BOUND ( 'NONE', #2369, .T. ) ;
#477 = ADVANCED_FACE ( 'NONE', ( #1959 ), #777, .F. ) ;
#478 = LINE ( 'NONE', #2087, #618 ) ;
#479 = CARTESIAN_POINT ( 'NONE',  ( -33.50000000000000000, 12.75000000000000000, 35.00000000000000000 ) ) ;
#480 = ADVANCED_FACE ( 'NONE', ( #1184 ), #1825, .F. ) ;
#481 = DIRECTION ( 'NONE',  ( -0.000000000000000000, -1.000000000000000000, -0.000000000000000000 ) ) ;
#482 = ORIENTED_EDGE ( 'NONE', *, *, #788, .T. ) ;
#483 = VECTOR ( 'NONE', #1222, 1000.000000000000000 ) ;
#484 = ORIENTED_EDGE ( 'NONE', *, *, #657, .F. ) ;
#485 = VECTOR ( 'NONE', #383, 1000.000000000000000 ) ;
#486 = ORIENTED_EDGE ( 'NONE', *, *, #2226, .T. ) ;
#487 = EDGE_CURVE ( 'NONE', #690, #2506, #607, .T. ) ;
#488 = CARTESIAN_POINT ( 'NONE',  ( -30.00000000000000355, 13.74999999999999822, -35.00000000000000711 ) ) ;
#489 = DIRECTION ( 'NONE',  ( -0.000000000000000000, 1.000000000000000000, -0.000000000000000000 ) ) ;
#490 = CARTESIAN_POINT ( 'NONE',  ( 29.99999999999999289, 10.75000000000000000, -38.50000000000000000 ) ) ;
#491 = ORIENTED_EDGE ( 'NONE', *, *, #919, .T. ) ;
#492 = AXIS2_PLACEMENT_3D ( 'NONE', #695, #663, #2061 ) ;
#493 = PLANE ( 'NONE',  #1654 ) ;
#494 = LINE ( 'NONE', #1876, #764 ) ;
#495 = ADVANCED_FACE ( 'NONE', ( #1808 ), #416, .F. ) ;
#496 = VERTEX_POINT ( 'NONE', #2028 ) ;
#497 = VERTEX_POINT ( 'NONE', #1211 ) ;
#498 = VERTEX_POINT ( 'NONE', #2206 ) ;
#499 = DIRECTION ( 'NONE',  ( -0.000000000000000000, 1.000000000000000000, -0.000000000000000000 ) ) ;
#500 = CARTESIAN_POINT ( 'NONE',  ( -30.00000000000000355, 12.75000000000000000, 38.50000000000000000 ) ) ;
#501 = LINE ( 'NONE', #307, #1263 ) ;
#502 = ORIENTED_EDGE ( 'NONE', *, *, #1565, .F. ) ;
#503 = AXIS2_PLACEMENT_3D ( 'NONE', #847, #1883, #2048 ) ;
#504 = FACE_BOUND ( 'NONE', #2045, .T. ) ;
#505 = DIRECTION ( 'NONE',  ( -1.000000000000000000, 0.000000000000000000, 1.982541115402065110E-16 ) ) ;
#506 = CIRCLE ( 'NONE', #2287, 2.999999999999995559 ) ;
#507 = ORIENTED_EDGE ( 'NONE', *, *, #2176, .F. ) ;
#508 = EDGE_CURVE ( 'NONE', #1772, #2106, #2562, .T. ) ;
#509 = ORIENTED_EDGE ( 'NONE', *, *, #581, .T. ) ;
#510 = ORIENTED_EDGE ( 'NONE', *, *, #1710, .F. ) ;
#511 = DIRECTION ( 'NONE',  ( 0.000000000000000000, -1.000000000000000000, 0.000000000000000000 ) ) ;
#512 = VERTEX_POINT ( 'NONE', #998 ) ;
#513 = CARTESIAN_POINT ( 'NONE',  ( -30.00000000000001066, 12.75000000000000000, -38.50000000000000711 ) ) ;
#514 = DIRECTION ( 'NONE',  ( -0.000000000000000000, 1.000000000000000000, -0.000000000000000000 ) ) ;
#515 = ORIENTED_EDGE ( 'NONE', *, *, #2292, .F. ) ;
#516 = DIRECTION ( 'NONE',  ( 1.000000000000000000, 0.000000000000000000, -2.238352872228138170E-16 ) ) ;
#517 = EDGE_CURVE ( 'NONE', #194, #951, #237, .T. ) ;
#518 = ORIENTED_EDGE ( 'NONE', *, *, #705, .T. ) ;
#519 = VERTEX_POINT ( 'NONE', #1974 ) ;
#520 = ORIENTED_EDGE ( 'NONE', *, *, #327, .T. ) ;
#521 = FACE_OUTER_BOUND ( 'NONE', #935, .T. ) ;
#522 = ORIENTED_EDGE ( 'NONE', *, *, #2112, .T. ) ;
#523 = VECTOR ( 'NONE', #1514, 1000.000000000000000 ) ;
#524 = EDGE_CURVE ( 'NONE', #1675, #1786, #1446, .T. ) ;
#525 = CARTESIAN_POINT ( 'NONE',  ( 8.999999999999998224, 5.749999999999999112, 36.79999999999999005 ) ) ;
#526 = AXIS2_PLACEMENT_3D ( 'NONE', #1207, #966, #395 ) ;
#527 = LINE ( 'NONE', #2123, #882 ) ;
#528 = VERTEX_POINT ( 'NONE', #46 ) ;
#529 = VECTOR ( 'NONE', #1806, 1000.000000000000000 ) ;
#530 = AXIS2_PLACEMENT_3D ( 'NONE', #2014, #986, #650 ) ;
#531 = DIRECTION ( 'NONE',  ( -0.000000000000000000, 1.000000000000000000, -0.000000000000000000 ) ) ;
#532 = LINE ( 'NONE', #1138, #1763 ) ;
#533 = EDGE_CURVE ( 'NONE', #41, #2475, #575, .T. ) ;
#534 = LINE ( 'NONE', #1174, #2548 ) ;
#535 = ORIENTED_EDGE ( 'NONE', *, *, #1474, .T. ) ;
#536 = ORIENTED_EDGE ( 'NONE', *, *, #1122, .F. ) ;
#537 = ORIENTED_EDGE ( 'NONE', *, *, #2412, .T. ) ;
#538 = CARTESIAN_POINT ( 'NONE',  ( 23.00000000000000000, 12.04999999999999183, 29.99999999999999289 ) ) ;
#539 = CARTESIAN_POINT ( 'NONE',  ( -30.00000000000000355, 10.75000000000000000, -35.00000000000000711 ) ) ;
#540 = EDGE_CURVE ( 'NONE', #412, #496, #2232, .T. ) ;
#541 = ORIENTED_EDGE ( 'NONE', *, *, #460, .F. ) ;
#542 = PLANE ( 'NONE',  #2373 ) ;
#543 = DIRECTION ( 'NONE',  ( 0.000000000000000000, 0.000000000000000000, 1.000000000000000000 ) ) ;
#544 = VECTOR ( 'NONE', #2459, 1000.000000000000000 ) ;
#545 = CARTESIAN_POINT ( 'NONE',  ( -25.00000000000000355, -29.77468383590426271, 37.00000000000000000 ) ) ;
#546 = EDGE_LOOP ( 'NONE', ( #1464, #68 ) ) ;
#547 = EDGE_CURVE ( 'NONE', #888, #688, #430, .T. ) ;
#548 = ORIENTED_EDGE ( 'NONE', *, *, #135, .T. ) ;
#549 = ORIENTED_EDGE ( 'NONE', *, *, #1519, .F. ) ;
#550 = DIRECTION ( 'NONE',  ( -1.000000000000000000, -0.000000000000000000, -0.000000000000000000 ) ) ;
#551 = DIRECTION ( 'NONE',  ( 0.000000000000000000, 0.000000000000000000, 1.000000000000000000 ) ) ;
#552 = ORIENTED_EDGE ( 'NONE', *, *, #2270, .T. ) ;
#553 = CARTESIAN_POINT ( 'NONE',  ( 11.99999999999999645, 5.749999999999999112, 36.79999999999999005 ) ) ;
#554 = PLANE ( 'NONE',  #2174 ) ;
#555 = VECTOR ( 'NONE', #2111, 1000.000000000000000 ) ;
#556 = EDGE_CURVE ( 'NONE', #113, #2316, #40, .T. ) ;
#557 = FACE_BOUND ( 'NONE', #1909, .T. ) ;
#558 = ORIENTED_EDGE ( 'NONE', *, *, #1111, .F. ) ;
#559 = VERTEX_POINT ( 'NONE', #1581 ) ;
#560 = AXIS2_PLACEMENT_3D ( 'NONE', #829, #1597, #2041 ) ;
#561 = ORIENTED_EDGE ( 'NONE', *, *, #1065, .F. ) ;
#562 = EDGE_CURVE ( 'NONE', #1965, #2225, #2417, .T. ) ;
#563 = LINE ( 'NONE', #2358, #1194 ) ;
#564 = CARTESIAN_POINT ( 'NONE',  ( 8.999999999999998224, 10.74999999999998579, 37.00000000000000000 ) ) ;
#565 = CIRCLE ( 'NONE', #1604, 4.999999999999997335 ) ;
#566 = DIRECTION ( 'NONE',  ( -0.000000000000000000, 1.000000000000000000, -0.000000000000000000 ) ) ;
#567 = AXIS2_PLACEMENT_3D ( 'NONE', #1395, #1583, #5 ) ;
#568 = PLANE ( 'NONE',  #37 ) ;
#569 = DIRECTION ( 'NONE',  ( 1.000000000000000000, 0.000000000000000000, -2.312964634635743450E-16 ) ) ;
#570 = DIRECTION ( 'NONE',  ( 0.000000000000000000, 1.000000000000000000, 0.000000000000000000 ) ) ;
#571 = LINE ( 'NONE', #1939, #1600 ) ;
#572 = CARTESIAN_POINT ( 'NONE',  ( -30.00000000000000711, 10.75000000000000000, 35.00000000000000000 ) ) ;
#573 = ORIENTED_EDGE ( 'NONE', *, *, #1438, .F. ) ;
#574 = ADVANCED_FACE ( 'NONE', ( #801 ), #2405, .T. ) ;
#575 = CIRCLE ( 'NONE', #1284, 3.000000000000002665 ) ;
#576 = VERTEX_POINT ( 'NONE', #1838 ) ;
#577 = ORIENTED_EDGE ( 'NONE', *, *, #23, .F. ) ;
#578 = LINE ( 'NONE', #2371, #654 ) ;
#579 = FACE_OUTER_BOUND ( 'NONE', #1440, .T. ) ;
#580 = DIRECTION ( 'NONE',  ( -0.000000000000000000, 1.000000000000000000, -0.000000000000000000 ) ) ;
#581 = EDGE_CURVE ( 'NONE', #1879, #113, #1115, .T. ) ;
#582 = CARTESIAN_POINT ( 'NONE',  ( -25.00000000000000355, 18.50000000000000000, 34.99999999999999289 ) ) ;
#583 = DIRECTION ( 'NONE',  ( -0.000000000000000000, 1.000000000000000000, -0.000000000000000000 ) ) ;
#584 = LINE ( 'NONE', #1186, #1441 ) ;
#585 = FACE_OUTER_BOUND ( 'NONE', #1857, .T. ) ;
#586 = ORIENTED_EDGE ( 'NONE', *, *, #208, .F. ) ;
#587 = EDGE_CURVE ( 'NONE', #464, #667, #2430, .T. ) ;
#588 = VERTEX_POINT ( 'NONE', #1794 ) ;
#589 = AXIS2_PLACEMENT_3D ( 'NONE', #2032, #1425, #1253 ) ;
#590 = VERTEX_POINT ( 'NONE', #2193 ) ;
#591 = CARTESIAN_POINT ( 'NONE',  ( -23.50000000000001066, 12.75000000000000000, 1.189524669241240249E-15 ) ) ;
#592 = CARTESIAN_POINT ( 'NONE',  ( -25.00000000000000355, -29.77468383590426271, 34.99999999999999289 ) ) ;
#593 = CARTESIAN_POINT ( 'NONE',  ( -25.00000000000000355, 10.74999999999998579, 34.99999999999999289 ) ) ;
#594 = CARTESIAN_POINT ( 'NONE',  ( 7.499999999999998224, 5.749999999999999112, 34.99999999999999289 ) ) ;
#595 = DIRECTION ( 'NONE',  ( -0.000000000000000000, -1.000000000000000000, -0.000000000000000000 ) ) ;
#596 = ADVANCED_FACE ( 'NONE', ( #2002 ), #225, .F. ) ;
#597 = CARTESIAN_POINT ( 'NONE',  ( 29.99999999999999645, 18.50000000000000000, -30.00000000000001776 ) ) ;
#598 = CARTESIAN_POINT ( 'NONE',  ( -30.00000000000000355, 0.000000000000000000, -36.00000000000001421 ) ) ;
#599 = DIRECTION ( 'NONE',  ( 0.000000000000000000, 1.000000000000000000, 0.000000000000000000 ) ) ;
#600 = ORIENTED_EDGE ( 'NONE', *, *, #1381, .T. ) ;
#601 = EDGE_LOOP ( 'NONE', ( #1721, #39, #928, #421 ) ) ;
#602 = ORIENTED_EDGE ( 'NONE', *, *, #820, .T. ) ;
#603 = CARTESIAN_POINT ( 'NONE',  ( 29.99999999999999645, 13.74999999999999822, 31.99999999999999289 ) ) ;
#604 = DIRECTION ( 'NONE',  ( 0.000000000000000000, 0.000000000000000000, -1.000000000000000000 ) ) ;
#605 = DIRECTION ( 'NONE',  ( 0.000000000000000000, 1.000000000000000000, 0.000000000000000000 ) ) ;
#606 = DIRECTION ( 'NONE',  ( 0.000000000000000000, 0.000000000000000000, -1.000000000000000000 ) ) ;
#607 = LINE ( 'NONE', #212, #409 ) ;
#608 = AXIS2_PLACEMENT_3D ( 'NONE', #1804, #2173, #14 ) ;
#609 = DIRECTION ( 'NONE',  ( 1.000000000000000000, 0.000000000000000000, -1.982541115402065110E-16 ) ) ;
#610 = PLANE ( 'NONE',  #1968 ) ;
#611 = DIRECTION ( 'NONE',  ( 0.000000000000000000, 0.000000000000000000, 1.000000000000000000 ) ) ;
#612 = VECTOR ( 'NONE', #1038, 1000.000000000000000 ) ;
#613 = ORIENTED_EDGE ( 'NONE', *, *, #1406, .F. ) ;
#614 = EDGE_CURVE ( 'NONE', #1401, #2007, #250, .T. ) ;
#615 = VECTOR ( 'NONE', #850, 1000.000000000000000 ) ;
#616 = EDGE_LOOP ( 'NONE', ( #1616, #2531, #1846, #2280 ) ) ;
#617 = ORIENTED_EDGE ( 'NONE', *, *, #1003, .F. ) ;
#618 = VECTOR ( 'NONE', #266, 1000.000000000000000 ) ;
#619 = LINE ( 'NONE', #2201, #1940 ) ;
#620 = DIRECTION ( 'NONE',  ( 0.000000000000000000, 0.000000000000000000, -1.000000000000000000 ) ) ;
#621 = CARTESIAN_POINT ( 'NONE',  ( 8.999999999999998224, 5.749999999999999112, 36.79999999999999005 ) ) ;
#622 = EDGE_CURVE ( 'NONE', #2092, #796, #1902, .T. ) ;
#623 = DIRECTION ( 'NONE',  ( -1.982541115402065110E-16, 0.000000000000000000, -1.000000000000000000 ) ) ;
#624 = CARTESIAN_POINT ( 'NONE',  ( 18.00000000000000355, 12.04999999999999183, 29.99999999999999289 ) ) ;
#625 = DIRECTION ( 'NONE',  ( -0.000000000000000000, 1.000000000000000000, -0.000000000000000000 ) ) ;
#626 = DIRECTION ( 'NONE',  ( 0.000000000000000000, 0.000000000000000000, -1.000000000000000000 ) ) ;
#627 = ORIENTED_EDGE ( 'NONE', *, *, #556, .T. ) ;
#628 = ORIENTED_EDGE ( 'NONE', *, *, #1172, .T. ) ;
#629 = ORIENTED_EDGE ( 'NONE', *, *, #547, .F. ) ;
#630 = EDGE_CURVE ( 'NONE', #1437, #1429, #1850, .T. ) ;
#631 = VECTOR ( 'NONE', #726, 1000.000000000000000 ) ;
#632 = EDGE_CURVE ( 'NONE', #1963, #2397, #478, .T. ) ;
#633 = CARTESIAN_POINT ( 'NONE',  ( 23.00000000000000000, 12.04999999999999183, 36.99999999999999289 ) ) ;
#634 = DIRECTION ( 'NONE',  ( 0.000000000000000000, 0.000000000000000000, 1.000000000000000000 ) ) ;
#635 = DIRECTION ( 'NONE',  ( -0.000000000000000000, 1.000000000000000000, -0.000000000000000000 ) ) ;
#636 = CARTESIAN_POINT ( 'NONE',  ( 18.00000000000000355, 12.04999999999999183, 36.99999999999999289 ) ) ;
#637 = CIRCLE ( 'NONE', #66, 3.499999999999996003 ) ;
#638 = DIRECTION ( 'NONE',  ( -0.000000000000000000, 0.000000000000000000, 1.000000000000000000 ) ) ;
#639 = CYLINDRICAL_SURFACE ( 'NONE', #1684, 1.000000000000000888 ) ;
#640 = CARTESIAN_POINT ( 'NONE',  ( -30.00000000000000711, 2.264718625761417137, 35.00000000000000000 ) ) ;
#641 = VERTEX_POINT ( 'NONE', #1686 ) ;
#642 = ORIENTED_EDGE ( 'NONE', *, *, #788, .F. ) ;
#643 = EDGE_LOOP ( 'NONE', ( #507, #1534 ) ) ;
#644 = CIRCLE ( 'NONE', #1855, 5.499999999999998224 ) ;
#645 = DIRECTION ( 'NONE',  ( 0.000000000000000000, 1.000000000000000000, 0.000000000000000000 ) ) ;
#646 = DIRECTION ( 'NONE',  ( 0.000000000000000000, 1.000000000000000000, 0.000000000000000000 ) ) ;
#647 = ADVANCED_FACE ( 'NONE', ( #2255 ), #96, .F. ) ;
#648 = CIRCLE ( 'NONE', #2507, 3.000000000000002665 ) ;
#649 = DIRECTION ( 'NONE',  ( 0.000000000000000000, 0.000000000000000000, -1.000000000000000000 ) ) ;
#650 = DIRECTION ( 'NONE',  ( 0.000000000000000000, 0.000000000000000000, 1.000000000000000000 ) ) ;
#651 = DIRECTION ( 'NONE',  ( -0.000000000000000000, 1.000000000000000000, -0.000000000000000000 ) ) ;
#652 = FACE_OUTER_BOUND ( 'NONE', #176, .T. ) ;
#653 = DIRECTION ( 'NONE',  ( 1.000000000000000000, 0.000000000000000000, 0.000000000000000000 ) ) ;
#654 = VECTOR ( 'NONE', #2343, 1000.000000000000000 ) ;
#655 = AXIS2_PLACEMENT_3D ( 'NONE', #196, #1220, #2011 ) ;
#656 = EDGE_LOOP ( 'NONE', ( #806, #1473, #978, #50 ) ) ;
#657 = EDGE_CURVE ( 'NONE', #2101, #282, #1674, .T. ) ;
#658 = ORIENTED_EDGE ( 'NONE', *, *, #2325, .T. ) ;
#659 = AXIS2_PLACEMENT_3D ( 'NONE', #1131, #2072, #1103 ) ;
#660 = DIRECTION ( 'NONE',  ( 1.000000000000000000, 0.000000000000000000, -2.312964634635743450E-16 ) ) ;
#661 = CARTESIAN_POINT ( 'NONE',  ( 33.49999999999999289, 10.75000000000000000, -35.00000000000000711 ) ) ;
#662 = FACE_OUTER_BOUND ( 'NONE', #351, .T. ) ;
#663 = DIRECTION ( 'NONE',  ( 0.000000000000000000, 1.000000000000000000, 0.000000000000000000 ) ) ;
#664 = EDGE_CURVE ( 'NONE', #832, #1529, #2266, .T. ) ;
#665 = FACE_OUTER_BOUND ( 'NONE', #65, .T. ) ;
#666 = CARTESIAN_POINT ( 'NONE',  ( -35.00000000000000000, 12.75000000000000000, -25.45527267879434419 ) ) ;
#667 = VERTEX_POINT ( 'NONE', #490 ) ;
#668 = ORIENTED_EDGE ( 'NONE', *, *, #1086, .T. ) ;
#669 = EDGE_CURVE ( 'NONE', #1787, #1563, #2462, .T. ) ;
#670 = FACE_OUTER_BOUND ( 'NONE', #601, .T. ) ;
#671 = CARTESIAN_POINT ( 'NONE',  ( 7.499999999999998224, 18.50000000000000000, 31.99999999999999289 ) ) ;
#672 = VECTOR ( 'NONE', #511, 1000.000000000000000 ) ;
#673 = DIRECTION ( 'NONE',  ( 1.000000000000000000, 0.000000000000000000, -9.912705577010325549E-17 ) ) ;
#674 = CARTESIAN_POINT ( 'NONE',  ( 8.999999999999998224, 5.749999999999999112, 36.79999999999999005 ) ) ;
#675 = EDGE_CURVE ( 'NONE', #1693, #2183, #1653, .T. ) ;
#676 = EDGE_LOOP ( 'NONE', ( #230, #906, #1601, #834 ) ) ;
#677 = ORIENTED_EDGE ( 'NONE', *, *, #2050, .T. ) ;
#678 = ORIENTED_EDGE ( 'NONE', *, *, #2104, .F. ) ;
#679 = DIRECTION ( 'NONE',  ( -0.000000000000000000, 1.000000000000000000, -0.000000000000000000 ) ) ;
#680 = VECTOR ( 'NONE', #1000, 1000.000000000000000 ) ;
#681 = DIRECTION ( 'NONE',  ( 1.000000000000000000, 0.000000000000000000, -1.982541115402065110E-16 ) ) ;
#682 = DIRECTION ( 'NONE',  ( 0.000000000000000000, 0.000000000000000000, -1.000000000000000000 ) ) ;
#683 = VERTEX_POINT ( 'NONE', #1272 ) ;
#684 = CARTESIAN_POINT ( 'NONE',  ( 29.99999999999999645, 12.75000000000000000, 38.49999999999998579 ) ) ;
#685 = AXIS2_PLACEMENT_3D ( 'NONE', #2195, #462, #1584 ) ;
#686 = EDGE_LOOP ( 'NONE', ( #678, #134, #515, #1388 ) ) ;
#687 = CIRCLE ( 'NONE', #1026, 5.000000000000000888 ) ;
#688 = VERTEX_POINT ( 'NONE', #1873 ) ;
#689 = VECTOR ( 'NONE', #1796, 1000.000000000000000 ) ;
#690 = VERTEX_POINT ( 'NONE', #2442 ) ;
#691 = CYLINDRICAL_SURFACE ( 'NONE', #2248, 2.999999999999995559 ) ;
#692 = VECTOR ( 'NONE', #2246, 1000.000000000000000 ) ;
#693 = CIRCLE ( 'NONE', #12, 1.000000000000000888 ) ;
#694 = DIRECTION ( 'NONE',  ( -0.000000000000000000, 0.000000000000000000, 1.000000000000000000 ) ) ;
#695 = CARTESIAN_POINT ( 'NONE',  ( -30.00000000000000711, 21.50000000000000000, 35.00000000000000000 ) ) ;
#696 = ORIENTED_EDGE ( 'NONE', *, *, #1097, .F. ) ;
#697 = EDGE_CURVE ( 'NONE', #714, #2336, #165, .T. ) ;
#698 = FACE_OUTER_BOUND ( 'NONE', #1981, .T. ) ;
#699 = DIRECTION ( 'NONE',  ( 0.000000000000000000, 0.000000000000000000, 1.000000000000000000 ) ) ;
#700 = EDGE_LOOP ( 'NONE', ( #2381, #2522, #1335, #1428 ) ) ;
#701 = ORIENTED_EDGE ( 'NONE', *, *, #2504, .T. ) ;
#702 = ORIENTED_EDGE ( 'NONE', *, *, #827, .T. ) ;
#703 = DIRECTION ( 'NONE',  ( 9.912705577010325549E-17, 0.000000000000000000, -1.000000000000000000 ) ) ;
#704 = EDGE_CURVE ( 'NONE', #390, #91, #1655, .T. ) ;
#705 = EDGE_CURVE ( 'NONE', #1966, #194, #887, .T. ) ;
#706 = CARTESIAN_POINT ( 'NONE',  ( 29.99999999999999645, 12.75000000000000000, 38.49999999999998579 ) ) ;
#707 = CARTESIAN_POINT ( 'NONE',  ( -25.00000000000000000, 10.75000000000000000, -25.34415568635495930 ) ) ;
#708 = ORIENTED_EDGE ( 'NONE', *, *, #948, .F. ) ;
#709 = VECTOR ( 'NONE', #82, 1000.000000000000000 ) ;
#710 = LINE ( 'NONE', #1506, #1709 ) ;
#711 = FACE_OUTER_BOUND ( 'NONE', #819, .T. ) ;
#712 = AXIS2_PLACEMENT_3D ( 'NONE', #2526, #930, #750 ) ;
#713 = VERTEX_POINT ( 'NONE', #1070 ) ;
#714 = VERTEX_POINT ( 'NONE', #2245 ) ;
#715 = EDGE_CURVE ( 'NONE', #2007, #322, #84, .T. ) ;
#716 = VECTOR ( 'NONE', #1312, 1000.000000000000000 ) ;
#717 = ORIENTED_EDGE ( 'NONE', *, *, #2298, .T. ) ;
#718 = CYLINDRICAL_SURFACE ( 'NONE', #1090, 4.999999999999997335 ) ;
#719 = VERTEX_POINT ( 'NONE', #107 ) ;
#720 = APPLICATION_PROTOCOL_DEFINITION ( 'draft international standard', 'automotive_design', 1998, #391 ) ;
#721 = CARTESIAN_POINT ( 'NONE',  ( -25.00000000000000000, 10.75000000000000000, -14.65584431364504603 ) ) ;
#722 = CARTESIAN_POINT ( 'NONE',  ( 34.99999999999999289, 12.75000000000000000, 39.99999999999998579 ) ) ;
#723 = ADVANCED_FACE ( 'NONE', ( #1262 ), #1863, .T. ) ;
#724 = ORIENTED_EDGE ( 'NONE', *, *, #2286, .T. ) ;
#725 = AXIS2_PLACEMENT_3D ( 'NONE', #1866, #2477, #699 ) ;
#726 = DIRECTION ( 'NONE',  ( -0.000000000000000000, 1.000000000000000000, -0.000000000000000000 ) ) ;
#727 = CARTESIAN_POINT ( 'NONE',  ( -30.00000000000000355, 18.50000000000000000, -35.00000000000000711 ) ) ;
#728 = DIRECTION ( 'NONE',  ( -1.000000000000000000, 0.000000000000000000, 1.982541115402065110E-16 ) ) ;
#729 = AXIS2_PLACEMENT_3D ( 'NONE', #996, #772, #634 ) ;
#730 = VERTEX_POINT ( 'NONE', #2279 ) ;
#731 = EDGE_CURVE ( 'NONE', #1118, #1965, #501, .T. ) ;
#732 = EDGE_LOOP ( 'NONE', ( #769, #422, #1560, #219 ) ) ;
#733 = VERTEX_POINT ( 'NONE', #900 ) ;
#734 = VECTOR ( 'NONE', #1955, 1000.000000000000000 ) ;
#735 = CARTESIAN_POINT ( 'NONE',  ( -30.00000000000000355, 13.74999999999999822, -35.00000000000000711 ) ) ;
#736 = CIRCLE ( 'NONE', #406, 3.000000000000002665 ) ;
#737 = CARTESIAN_POINT ( 'NONE',  ( 0.000000000000000000, 18.50000000000000000, 0.000000000000000000 ) ) ;
#738 = EDGE_LOOP ( 'NONE', ( #232, #1499, #452, #2463, #1256, #302, #2020, #1878, #1179, #2186, #2326, #338, #1921, #1830, #717, #1389, #2315, #1758 ) ) ;
#739 = FACE_OUTER_BOUND ( 'NONE', #1229, .T. ) ;
#740 = CARTESIAN_POINT ( 'NONE',  ( -35.00000000000000000, 12.75000000000000000, 35.00000000000000000 ) ) ;
#741 = EDGE_CURVE ( 'NONE', #2316, #1994, #1698, .T. ) ;
#742 = DIRECTION ( 'NONE',  ( 1.982541115402065110E-16, 0.000000000000000000, 1.000000000000000000 ) ) ;
#743 = ORIENTED_EDGE ( 'NONE', *, *, #1373, .T. ) ;
#744 = EDGE_LOOP ( 'NONE', ( #1309, #2557, #2500, #1588 ) ) ;
#745 = ORIENTED_EDGE ( 'NONE', *, *, #166, .F. ) ;
#746 = DIRECTION ( 'NONE',  ( 0.000000000000000000, 0.000000000000000000, 1.000000000000000000 ) ) ;
#747 = CARTESIAN_POINT ( 'NONE',  ( 7.499999999999998224, 5.749999999999999112, 31.99999999999999289 ) ) ;
#748 = ORIENTED_EDGE ( 'NONE', *, *, #675, .T. ) ;
#749 = ADVANCED_FACE ( 'NONE', ( #1250 ), #1945, .F. ) ;
#750 = DIRECTION ( 'NONE',  ( 0.000000000000000000, -0.000000000000000000, -1.000000000000000000 ) ) ;
#751 = CARTESIAN_POINT ( 'NONE',  ( 34.99999999999999289, 10.75000000000000000, -37.00000000000000711 ) ) ;
#752 = VECTOR ( 'NONE', #2024, 1000.000000000000000 ) ;
#753 = AXIS2_PLACEMENT_3D ( 'NONE', #1614, #2017, #2043 ) ;
#754 = DIRECTION ( 'NONE',  ( 0.000000000000000000, 0.000000000000000000, -1.000000000000000000 ) ) ;
#755 = ORIENTED_EDGE ( 'NONE', *, *, #979, .F. ) ;
#756 = EDGE_CURVE ( 'NONE', #497, #454, #2148, .T. ) ;
#757 = ORIENTED_EDGE ( 'NONE', *, *, #1021, .F. ) ;
#758 = ORIENTED_EDGE ( 'NONE', *, *, #524, .F. ) ;
#759 = DIRECTION ( 'NONE',  ( 0.000000000000000000, 1.000000000000000000, 0.000000000000000000 ) ) ;
#760 = DIRECTION ( 'NONE',  ( 0.000000000000000000, 0.000000000000000000, -1.000000000000000000 ) ) ;
#761 = DIRECTION ( 'NONE',  ( 0.000000000000000000, 0.000000000000000000, -1.000000000000000000 ) ) ;
#762 = EDGE_CURVE ( 'NONE', #1290, #1963, #145, .T. ) ;
#763 = CARTESIAN_POINT ( 'NONE',  ( -30.00000000000000711, 10.75000000000000000, 35.00000000000000000 ) ) ;
#764 = VECTOR ( 'NONE', #2077, 1000.000000000000000 ) ;
#765 =( NAMED_UNIT ( * ) PLANE_ANGLE_UNIT ( ) SI_UNIT ( $, .RADIAN. ) );
#766 = CARTESIAN_POINT ( 'NONE',  ( -30.00000000000000355, 21.50000000000000000, -35.00000000000000711 ) ) ;
#767 = CYLINDRICAL_SURFACE ( 'NONE', #2327, 1.000000000000000888 ) ;
#768 = ORIENTED_EDGE ( 'NONE', *, *, #69, .F. ) ;
#769 = ORIENTED_EDGE ( 'NONE', *, *, #1438, .T. ) ;
#770 = ORIENTED_EDGE ( 'NONE', *, *, #374, .T. ) ;
#771 = DIRECTION ( 'NONE',  ( 0.000000000000000000, 0.000000000000000000, -1.000000000000000000 ) ) ;
#772 = DIRECTION ( 'NONE',  ( -1.000000000000000000, -0.000000000000000000, -0.000000000000000000 ) ) ;
#773 = AXIS2_PLACEMENT_3D ( 'NONE', #1120, #2099, #1910 ) ;
#774 = AXIS2_PLACEMENT_3D ( 'NONE', #982, #2134, #771 ) ;
#775 = VECTOR ( 'NONE', #1298, 1000.000000000000000 ) ;
#776 = CARTESIAN_POINT ( 'NONE',  ( 33.49999999999999289, 12.75000000000000000, 34.99999999999999289 ) ) ;
#777 = CYLINDRICAL_SURFACE ( 'NONE', #1244, 3.000000000000002665 ) ;
#778 = VECTOR ( 'NONE', #651, 1000.000000000000000 ) ;
#779 = EDGE_CURVE ( 'NONE', #1869, #683, #926, .T. ) ;
#780 = DIRECTION ( 'NONE',  ( 0.000000000000000000, 1.000000000000000000, 0.000000000000000000 ) ) ;
#781 = DIRECTION ( 'NONE',  ( 0.000000000000000000, -1.000000000000000000, 0.000000000000000000 ) ) ;
#782 = DIRECTION ( 'NONE',  ( 1.000000000000000000, 0.000000000000000000, 0.000000000000000000 ) ) ;
#783 = ORIENTED_EDGE ( 'NONE', *, *, #1097, .T. ) ;
#784 = ORIENTED_EDGE ( 'NONE', *, *, #2008, .F. ) ;
#785 = ORIENTED_EDGE ( 'NONE', *, *, #2156, .F. ) ;
#786 = CARTESIAN_POINT ( 'NONE',  ( -23.50000000000000355, 4.750000000000001776, 37.00000000000000000 ) ) ;
#787 = CARTESIAN_POINT ( 'NONE',  ( 8.999999999999998224, 18.50000000000000000, 34.99999999999999289 ) ) ;
#788 = EDGE_CURVE ( 'NONE', #1426, #2503, #921, .T. ) ;
#789 = DIRECTION ( 'NONE',  ( 9.912705577010325549E-17, 0.000000000000000000, -1.000000000000000000 ) ) ;
#790 = DIRECTION ( 'NONE',  ( 0.000000000000000000, 0.000000000000000000, 1.000000000000000000 ) ) ;
#791 = CARTESIAN_POINT ( 'NONE',  ( -35.00000000000000000, 21.50000000000000000, 35.00000000000000000 ) ) ;
#792 = DIRECTION ( 'NONE',  ( 0.000000000000000000, -1.000000000000000000, 0.000000000000000000 ) ) ;
#793 = LINE ( 'NONE', #329, #960 ) ;
#794 = VERTEX_POINT ( 'NONE', #967 ) ;
#795 = VECTOR ( 'NONE', #2006, 1000.000000000000000 ) ;
#796 = VERTEX_POINT ( 'NONE', #1911 ) ;
#797 = ORIENTED_EDGE ( 'NONE', *, *, #258, .F. ) ;
#798 = CARTESIAN_POINT ( 'NONE',  ( -32.00000000000000000, 10.75000000000000000, -14.65584431364504603 ) ) ;
#799 = CARTESIAN_POINT ( 'NONE',  ( 29.99999999999999645, 0.000000000000000000, 34.99999999999999289 ) ) ;
#800 = PLANE ( 'NONE',  #1073 ) ;
#801 = FACE_OUTER_BOUND ( 'NONE', #1231, .T. ) ;
#802 = EDGE_CURVE ( 'NONE', #794, #1036, #156, .T. ) ;
#803 = CARTESIAN_POINT ( 'NONE',  ( -30.00000000000000711, 2.264718625761417137, 32.00000000000000000 ) ) ;
#804 = DIRECTION ( 'NONE',  ( 0.000000000000000000, 0.000000000000000000, -1.000000000000000000 ) ) ;
#805 = DIRECTION ( 'NONE',  ( 0.000000000000000000, 1.000000000000000000, 0.000000000000000000 ) ) ;
#806 = ORIENTED_EDGE ( 'NONE', *, *, #508, .T. ) ;
#807 = AXIS2_PLACEMENT_3D ( 'NONE', #162, #2151, #2347 ) ;
#808 = VERTEX_POINT ( 'NONE', #1764 ) ;
#809 = ORIENTED_EDGE ( 'NONE', *, *, #2384, .F. ) ;
#810 = ADVANCED_FACE ( 'NONE', ( #2304 ), #1539, .F. ) ;
#811 = DIRECTION ( 'NONE',  ( 0.000000000000000000, 0.000000000000000000, 1.000000000000000000 ) ) ;
#812 = FACE_OUTER_BOUND ( 'NONE', #1114, .T. ) ;
#813 = LINE ( 'NONE', #2388, #201 ) ;
#814 = VECTOR ( 'NONE', #580, 1000.000000000000000 ) ;
#815 = DIRECTION ( 'NONE',  ( -0.000000000000000000, -0.000000000000000000, 1.000000000000000000 ) ) ;
#816 = VECTOR ( 'NONE', #1185, 1000.000000000000000 ) ;
#817 = DIRECTION ( 'NONE',  ( 0.000000000000000000, -0.000000000000000000, -1.000000000000000000 ) ) ;
#818 = CARTESIAN_POINT ( 'NONE',  ( 29.99999999999999645, 21.50000000000000000, 34.99999999999999289 ) ) ;
#819 = EDGE_LOOP ( 'NONE', ( #1658, #965, #1142, #381 ) ) ;
#820 = EDGE_CURVE ( 'NONE', #1034, #53, #1801, .T. ) ;
#821 = EDGE_LOOP ( 'NONE', ( #2493, #1203, #1577, #1858 ) ) ;
#822 = ORIENTED_EDGE ( 'NONE', *, *, #1687, .T. ) ;
#823 = PLANE ( 'NONE',  #895 ) ;
#824 = DIRECTION ( 'NONE',  ( 0.000000000000000000, 0.000000000000000000, 1.000000000000000000 ) ) ;
#825 = CARTESIAN_POINT ( 'NONE',  ( 29.99999999999999645, 10.75000000000000000, 34.99999999999999289 ) ) ;
#826 = DIRECTION ( 'NONE',  ( 0.000000000000000000, 0.000000000000000000, -1.000000000000000000 ) ) ;
#827 = EDGE_CURVE ( 'NONE', #1963, #897, #637, .T. ) ;
#828 = CARTESIAN_POINT ( 'NONE',  ( 11.99999999999999645, 5.749999999999999112, 36.79999999999999005 ) ) ;
#829 = CARTESIAN_POINT ( 'NONE',  ( 11.99999999999999645, 5.749999999999999112, 36.79999999999999005 ) ) ;
#830 = CARTESIAN_POINT ( 'NONE',  ( 8.999999999999998224, 10.75000000000000000, 37.00000000000000000 ) ) ;
#831 = ORIENTED_EDGE ( 'NONE', *, *, #1918, .T. ) ;
#832 = VERTEX_POINT ( 'NONE', #564 ) ;
#833 = EDGE_CURVE ( 'NONE', #1815, #113, #942, .T. ) ;
#834 = ORIENTED_EDGE ( 'NONE', *, *, #948, .T. ) ;
#835 = VECTOR ( 'NONE', #376, 1000.000000000000000 ) ;
#836 = DIRECTION ( 'NONE',  ( 0.000000000000000000, 0.000000000000000000, -1.000000000000000000 ) ) ;
#837 = CARTESIAN_POINT ( 'NONE',  ( 29.99999999999999645, 13.74999999999999822, 34.99999999999999289 ) ) ;
#838 = DIRECTION ( 'NONE',  ( -0.000000000000000000, 1.000000000000000000, -0.000000000000000000 ) ) ;
#839 = DIRECTION ( 'NONE',  ( -0.000000000000000000, -0.000000000000000000, 1.000000000000000000 ) ) ;
#840 = ADVANCED_FACE ( 'NONE', ( #1738 ), #2100, .T. ) ;
#841 = DIRECTION ( 'NONE',  ( 0.000000000000000000, -1.000000000000000000, 0.000000000000000000 ) ) ;
#842 = DIRECTION ( 'NONE',  ( 0.000000000000000000, 0.000000000000000000, -1.000000000000000000 ) ) ;
#843 = DIRECTION ( 'NONE',  ( 2.312964634635743450E-16, -0.000000000000000000, 1.000000000000000000 ) ) ;
#844 = ORIENTED_EDGE ( 'NONE', *, *, #2118, .T. ) ;
#845 = VERTEX_POINT ( 'NONE', #321 ) ;
#846 = AXIS2_PLACEMENT_3D ( 'NONE', #1716, #959, #947 ) ;
#847 = CARTESIAN_POINT ( 'NONE',  ( -30.00000000000000355, 18.50000000000000000, -35.00000000000000711 ) ) ;
#848 = PRODUCT_DEFINITION ( 'UNKNOWN', '', #2559, #1633 ) ;
#849 = VECTOR ( 'NONE', #1385, 1000.000000000000000 ) ;
#850 = DIRECTION ( 'NONE',  ( 1.000000000000000000, 0.000000000000000000, 0.000000000000000000 ) ) ;
#851 = CARTESIAN_POINT ( 'NONE',  ( 34.99999999999999289, 10.75000000000000000, 36.99999999999998579 ) ) ;
#852 = DIRECTION ( 'NONE',  ( 0.000000000000000000, 0.000000000000000000, 1.000000000000000000 ) ) ;
#853 = CARTESIAN_POINT ( 'NONE',  ( -23.50000000000000355, 10.74999999999998579, 31.99999999999999289 ) ) ;
#854 = DIRECTION ( 'NONE',  ( -0.000000000000000000, 1.000000000000000000, -0.000000000000000000 ) ) ;
#855 = DIRECTION ( 'NONE',  ( -0.000000000000000000, 1.000000000000000000, -0.000000000000000000 ) ) ;
#856 = VECTOR ( 'NONE', #1444, 1000.000000000000000 ) ;
#857 = EDGE_CURVE ( 'NONE', #1290, #2398, #1750, .T. ) ;
#858 = AXIS2_PLACEMENT_3D ( 'NONE', #89, #2271, #2465 ) ;
#859 = VERTEX_POINT ( 'NONE', #2524 ) ;
#860 = VERTEX_POINT ( 'NONE', #1933 ) ;
#861 = EDGE_CURVE ( 'NONE', #1675, #2183, #1121, .T. ) ;
#862 = AXIS2_PLACEMENT_3D ( 'NONE', #969, #2537, #398 ) ;
#863 = CARTESIAN_POINT ( 'NONE',  ( -30.00000000000000711, 13.74999999999999822, 35.00000000000000000 ) ) ;
#864 = CARTESIAN_POINT ( 'NONE',  ( -30.00000000000001066, 10.75000000000000000, -38.50000000000000711 ) ) ;
#865 = DIRECTION ( 'NONE',  ( 0.000000000000000000, -1.000000000000000000, 0.000000000000000000 ) ) ;
#866 = ADVANCED_FACE ( 'NONE', ( #1350 ), #1724, .F. ) ;
#867 = LINE ( 'NONE', #828, #941 ) ;
#868 = ORIENTED_EDGE ( 'NONE', *, *, #1508, .F. ) ;
#869 = EDGE_LOOP ( 'NONE', ( #1617, #1929, #1510, #724, #1077 ) ) ;
#870 = ORIENTED_EDGE ( 'NONE', *, *, #1328, .T. ) ;
#871 = DIRECTION ( 'NONE',  ( -1.000000000000000000, 0.000000000000000000, 0.000000000000000000 ) ) ;
#872 = VECTOR ( 'NONE', #1175, 1000.000000000000000 ) ;
#873 = DIRECTION ( 'NONE',  ( -1.982541115402065110E-16, 0.000000000000000000, -1.000000000000000000 ) ) ;
#874 = DIRECTION ( 'NONE',  ( 0.000000000000000000, 0.000000000000000000, -1.000000000000000000 ) ) ;
#875 = ORIENTED_EDGE ( 'NONE', *, *, #861, .T. ) ;
#876 = EDGE_CURVE ( 'NONE', #1437, #91, #2344, .T. ) ;
#877 =( NAMED_UNIT ( * ) SI_UNIT ( $, .STERADIAN. ) SOLID_ANGLE_UNIT ( ) );
#878 = CARTESIAN_POINT ( 'NONE',  ( 34.99999999999999289, 21.50000000000000000, 36.99999999999998579 ) ) ;
#879 = ORIENTED_EDGE ( 'NONE', *, *, #2317, .F. ) ;
#880 = ORIENTED_EDGE ( 'NONE', *, *, #2037, .F. ) ;
#881 = ORIENTED_EDGE ( 'NONE', *, *, #339, .T. ) ;
#882 = VECTOR ( 'NONE', #1528, 1000.000000000000000 ) ;
#883 = CARTESIAN_POINT ( 'NONE',  ( 0.000000000000000000, 5.749999999999999112, 0.000000000000000000 ) ) ;
#884 = VECTOR ( 'NONE', #1811, 1000.000000000000000 ) ;
#885 = EDGE_CURVE ( 'NONE', #2033, #1305, #527, .T. ) ;
#886 = DIRECTION ( 'NONE',  ( 2.312964634635743450E-16, -0.000000000000000000, 1.000000000000000000 ) ) ;
#887 = LINE ( 'NONE', #674, #1196 ) ;
#888 = VERTEX_POINT ( 'NONE', #747 ) ;
#889 = CLOSED_SHELL ( 'NONE', ( #1299, #480, #987, #477, #495, #596, #1158, #909, #1489, #2368, #2192, #173, #397, #183, #1048, #143, #749, #273, #2200, #1496, #1348, #1467, #1809, #1665, #1587, #471, #2091, #968, #1206, #866, #2098, #213, #840, #723, #927, #2015, #934, #2428, #1239, #1831, #435, #52, #1476, #954, #158, #1267, #2166, #1292, #1935, #574, #1948, #904, #2125, #1759, #2349, #647, #2277, #810, #1743, #1970, #894, #1964, #382, #2419, #2339, #1802, #1549, #2311, #401, #1540, #1725, #1011, #1182, #358, #1700, #1845, #199, #1151 ) ) ;
#890 = DIRECTION ( 'NONE',  ( 2.312964634635743450E-16, -0.000000000000000000, 1.000000000000000000 ) ) ;
#891 = ORIENTED_EDGE ( 'NONE', *, *, #715, .T. ) ;
#892 = VECTOR ( 'NONE', #838, 1000.000000000000000 ) ;
#893 = ORIENTED_EDGE ( 'NONE', *, *, #1556, .T. ) ;
#894 = ADVANCED_FACE ( 'NONE', ( #2330 ), #1999, .F. ) ;
#895 = AXIS2_PLACEMENT_3D ( 'NONE', #42, #1619, #1442 ) ;
#896 = AXIS2_PLACEMENT_3D ( 'NONE', #200, #60, #1593 ) ;
#897 = VERTEX_POINT ( 'NONE', #43 ) ;
#898 = DIRECTION ( 'NONE',  ( 0.000000000000000000, -1.000000000000000000, 0.000000000000000000 ) ) ;
#899 = FACE_OUTER_BOUND ( 'NONE', #1726, .T. ) ;
#900 = CARTESIAN_POINT ( 'NONE',  ( 29.99999999999999645, 10.75000000000000000, -34.00000000000000711 ) ) ;
#901 = ORIENTED_EDGE ( 'NONE', *, *, #1198, .F. ) ;
#902 = AXIS2_PLACEMENT_3D ( 'NONE', #120, #865, #874 ) ;
#903 = CYLINDRICAL_SURFACE ( 'NONE', #1752, 4.999999999999997335 ) ;
#904 = ADVANCED_FACE ( 'NONE', ( #579 ), #1008, .T. ) ;
#905 = CARTESIAN_POINT ( 'NONE',  ( 29.99999999999999645, 2.264718625761417137, -32.00000000000000711 ) ) ;
#906 = ORIENTED_EDGE ( 'NONE', *, *, #2546, .T. ) ;
#907 = EDGE_LOOP ( 'NONE', ( #142, #1522 ) ) ;
#908 = ORIENTED_EDGE ( 'NONE', *, *, #2449, .F. ) ;
#909 = ADVANCED_FACE ( 'NONE', ( #197 ), #2189, .F. ) ;
#910 = CARTESIAN_POINT ( 'NONE',  ( -25.00000000000000000, 12.04999999999999183, -20.00000000000000355 ) ) ;
#911 = ORIENTED_EDGE ( 'NONE', *, *, #105, .T. ) ;
#912 = DIRECTION ( 'NONE',  ( 1.000000000000000000, 0.000000000000000000, 0.000000000000000000 ) ) ;
#913 = DIRECTION ( 'NONE',  ( 9.912705577010325549E-17, -0.000000000000000000, 1.000000000000000000 ) ) ;
#914 = ORIENTED_EDGE ( 'NONE', *, *, #467, .F. ) ;
#915 = CIRCLE ( 'NONE', #1382, 1.000000000000000888 ) ;
#916 = LINE ( 'NONE', #1715, #631 ) ;
#917 = DIRECTION ( 'NONE',  ( 0.000000000000000000, 1.000000000000000000, 0.000000000000000000 ) ) ;
#918 = CIRCLE ( 'NONE', #2207, 1.000000000000000888 ) ;
#919 = EDGE_CURVE ( 'NONE', #512, #2273, #2435, .T. ) ;
#920 = EDGE_LOOP ( 'NONE', ( #1720, #2158, #2199, #1576 ) ) ;
#921 = CIRCLE ( 'NONE', #18, 1.000000000000000888 ) ;
#922 = ORIENTED_EDGE ( 'NONE', *, *, #2056, .T. ) ;
#923 = VERTEX_POINT ( 'NONE', #222 ) ;
#924 = EDGE_LOOP ( 'NONE', ( #1671, #1076, #2457, #502, #1243, #315, #283, #473, #1145, #1941, #1512, #1834, #297, #1699, #617, #260 ) ) ;
#925 = CARTESIAN_POINT ( 'NONE',  ( 13.04924248220538274, 12.75000000000000000, 38.49999999999999289 ) ) ;
#926 = LINE ( 'NONE', #1956, #2377 ) ;
#927 = ADVANCED_FACE ( 'NONE', ( #1208 ), #1988, .T. ) ;
#928 = ORIENTED_EDGE ( 'NONE', *, *, #632, .T. ) ;
#929 = DIRECTION ( 'NONE',  ( 0.000000000000000000, 0.000000000000000000, -1.000000000000000000 ) ) ;
#930 = DIRECTION ( 'NONE',  ( 0.000000000000000000, -1.000000000000000000, 0.000000000000000000 ) ) ;
#931 = PLANE ( 'NONE',  #807 ) ;
#932 = CIRCLE ( 'NONE', #440, 5.000000000000000888 ) ;
#933 = DIRECTION ( 'NONE',  ( 0.000000000000000000, 0.000000000000000000, -1.000000000000000000 ) ) ;
#934 = ADVANCED_FACE ( 'NONE', ( #812 ), #1377, .T. ) ;
#935 = EDGE_LOOP ( 'NONE', ( #2284, #491 ) ) ;
#936 = AXIS2_PLACEMENT_3D ( 'NONE', #2178, #1580, #1420 ) ;
#937 = VERTEX_POINT ( 'NONE', #983 ) ;
#938 = ORIENTED_EDGE ( 'NONE', *, *, #1364, .T. ) ;
#939 = AXIS2_PLACEMENT_3D ( 'NONE', #429, #1837, #2205 ) ;
#940 = DIRECTION ( 'NONE',  ( -1.000000000000000000, 0.000000000000000000, 0.000000000000000000 ) ) ;
#941 = VECTOR ( 'NONE', #1083, 1000.000000000000000 ) ;
#942 = LINE ( 'NONE', #2291, #716 ) ;
#943 = VERTEX_POINT ( 'NONE', #1419 ) ;
#944 = AXIS2_PLACEMENT_3D ( 'NONE', #1636, #2203, #71 ) ;
#945 = LINE ( 'NONE', #1972, #2269 ) ;
#946 = CARTESIAN_POINT ( 'NONE',  ( 29.99999999999999645, 13.74999999999999822, -34.00000000000000711 ) ) ;
#947 = DIRECTION ( 'NONE',  ( 0.000000000000000000, 0.000000000000000000, 1.000000000000000000 ) ) ;
#948 = EDGE_CURVE ( 'NONE', #683, #1739, #693, .T. ) ;
#949 = VECTOR ( 'NONE', #459, 1000.000000000000000 ) ;
#950 = FACE_BOUND ( 'NONE', #2009, .T. ) ;
#951 = VERTEX_POINT ( 'NONE', #787 ) ;
#952 = ORIENTED_EDGE ( 'NONE', *, *, #456, .T. ) ;
#953 = VERTEX_POINT ( 'NONE', #2012 ) ;
#954 = ADVANCED_FACE ( 'NONE', ( #1579 ), #2175, .F. ) ;
#955 = CARTESIAN_POINT ( 'NONE',  ( 29.99999999999999645, 21.50000000000000000, 34.99999999999999289 ) ) ;
#956 = DIRECTION ( 'NONE',  ( 0.000000000000000000, -1.000000000000000000, 0.000000000000000000 ) ) ;
#957 = DIRECTION ( 'NONE',  ( 0.000000000000000000, 0.000000000000000000, -1.000000000000000000 ) ) ;
#958 = DIRECTION ( 'NONE',  ( -0.000000000000000000, 1.000000000000000000, -0.000000000000000000 ) ) ;
#959 = DIRECTION ( 'NONE',  ( 0.000000000000000000, 1.000000000000000000, 0.000000000000000000 ) ) ;
#960 = VECTOR ( 'NONE', #1706, 1000.000000000000000 ) ;
#961 = FACE_OUTER_BOUND ( 'NONE', #1205, .T. ) ;
#962 = DIRECTION ( 'NONE',  ( -1.000000000000000000, 0.000000000000000000, -9.912705577010325549E-17 ) ) ;
#963 = VERTEX_POINT ( 'NONE', #1193 ) ;
#964 = ORIENTED_EDGE ( 'NONE', *, *, #2460, .T. ) ;
#965 = ORIENTED_EDGE ( 'NONE', *, *, #1136, .F. ) ;
#966 = DIRECTION ( 'NONE',  ( 1.000000000000000000, -0.000000000000000000, 0.000000000000000000 ) ) ;
#967 = CARTESIAN_POINT ( 'NONE',  ( 34.99999999999999289, 12.75000000000000000, -35.00000000000000711 ) ) ;
#968 = ADVANCED_FACE ( 'NONE', ( #15 ), #1591, .T. ) ;
#969 = CARTESIAN_POINT ( 'NONE',  ( -33.49999999999999289, 12.04999999999999183, -20.00000000000000355 ) ) ;
#970 = CARTESIAN_POINT ( 'NONE',  ( -32.00000000000000000, 12.04999999999999183, -20.00000000000000355 ) ) ;
#971 = DIRECTION ( 'NONE',  ( 0.000000000000000000, 0.000000000000000000, -1.000000000000000000 ) ) ;
#972 = CARTESIAN_POINT ( 'NONE',  ( 29.99999999999999645, 2.264718625761417137, 37.99999999999998579 ) ) ;
#973 = LINE ( 'NONE', #545, #2342 ) ;
#974 = ADVANCED_BREP_SHAPE_REPRESENTATION ( 'SkiSafe CamelBack 02 - BASE', ( #2306, #659 ), #1987 ) ;
#975 = DIRECTION ( 'NONE',  ( 0.000000000000000000, -1.000000000000000000, 0.000000000000000000 ) ) ;
#976 = VERTEX_POINT ( 'NONE', #2386 ) ;
#977 = VECTOR ( 'NONE', #933, 1000.000000000000000 ) ;
#978 = ORIENTED_EDGE ( 'NONE', *, *, #1447, .T. ) ;
#979 = EDGE_CURVE ( 'NONE', #2296, #2458, #1643, .T. ) ;
#980 = ORIENTED_EDGE ( 'NONE', *, *, #820, .F. ) ;
#981 = PRODUCT ( 'SkiSafe CamelBack 02 - BASE', 'SkiSafe CamelBack 02 - BASE', '', ( #2085 ) ) ;
#982 = CARTESIAN_POINT ( 'NONE',  ( -30.00000000000000355, 12.75000000000000000, -35.00000000000000711 ) ) ;
#983 = CARTESIAN_POINT ( 'NONE',  ( -30.00000000000000711, 10.75000000000000000, 34.00000000000000000 ) ) ;
#984 = PRESENTATION_LAYER_ASSIGNMENT (  '', '', ( #2103 ) ) ;
#985 = DIRECTION ( 'NONE',  ( 1.982541115402065110E-16, 0.000000000000000000, 1.000000000000000000 ) ) ;
#986 = DIRECTION ( 'NONE',  ( -0.000000000000000000, 1.000000000000000000, -0.000000000000000000 ) ) ;
#987 = ADVANCED_FACE ( 'NONE', ( #427 ), #1620, .F. ) ;
#988 = CARTESIAN_POINT ( 'NONE',  ( 34.99999999999999289, 18.50000000000000000, 36.99999999999998579 ) ) ;
#989 = FACE_BOUND ( 'NONE', #301, .T. ) ;
#990 = CARTESIAN_POINT ( 'NONE',  ( -30.00000000000000355, 10.75000000000000000, -35.00000000000000711 ) ) ;
#991 = EDGE_LOOP ( 'NONE', ( #1912, #629, #1093, #168 ) ) ;
#992 = ORIENTED_EDGE ( 'NONE', *, *, #533, .T. ) ;
#993 = ORIENTED_EDGE ( 'NONE', *, *, #1860, .T. ) ;
#994 = EDGE_CURVE ( 'NONE', #1300, #1305, #1431, .T. ) ;
#995 = PLANE ( 'NONE',  #526 ) ;
#996 = CARTESIAN_POINT ( 'NONE',  ( -25.00000000000000000, 12.04999999999999183, -20.00000000000000355 ) ) ;
#997 = DIRECTION ( 'NONE',  ( -1.000000000000000000, 0.000000000000000000, 1.982541115402065110E-16 ) ) ;
#998 = CARTESIAN_POINT ( 'NONE',  ( -30.00000000000000711, 13.74999999999999822, 32.00000000000000000 ) ) ;
#999 = LINE ( 'NONE', #431, #2517 ) ;
#1000 = DIRECTION ( 'NONE',  ( -0.000000000000000000, 1.000000000000000000, -0.000000000000000000 ) ) ;
#1001 = DIRECTION ( 'NONE',  ( 0.000000000000000000, 0.000000000000000000, 1.000000000000000000 ) ) ;
#1002 = VERTEX_POINT ( 'NONE', #249 ) ;
#1003 = EDGE_CURVE ( 'NONE', #1675, #1036, #177, .T. ) ;
#1004 = VECTOR ( 'NONE', #1079, 1000.000000000000000 ) ;
#1005 = ORIENTED_EDGE ( 'NONE', *, *, #1122, .T. ) ;
#1006 = VERTEX_POINT ( 'NONE', #1969 ) ;
#1007 = LINE ( 'NONE', #2534, #2473 ) ;
#1008 = CYLINDRICAL_SURFACE ( 'NONE', #1108, 3.499999999999996003 ) ;
#1009 = CARTESIAN_POINT ( 'NONE',  ( -30.00000000000000711, 18.50000000000000000, 35.00000000000000000 ) ) ;
#1010 = DIRECTION ( 'NONE',  ( 0.000000000000000000, -1.000000000000000000, 0.000000000000000000 ) ) ;
#1011 = ADVANCED_FACE ( 'NONE', ( #2275 ), #691, .F. ) ;
#1012 = CARTESIAN_POINT ( 'NONE',  ( 18.00000000000000355, 12.04999999999999183, 29.99999999999999289 ) ) ;
#1013 = EDGE_CURVE ( 'NONE', #2340, #1965, #1871, .T. ) ;
#1014 = SURFACE_SIDE_STYLE ('',( #226 ) ) ;
#1015 = DIRECTION ( 'NONE',  ( 0.000000000000000000, 0.000000000000000000, -1.000000000000000000 ) ) ;
#1016 = CARTESIAN_POINT ( 'NONE',  ( -23.50000000000000355, 10.75000000000000000, 37.00000000000000000 ) ) ;
#1017 = ORIENTED_EDGE ( 'NONE', *, *, #2260, .T. ) ;
#1018 = ORIENTED_EDGE ( 'NONE', *, *, #2449, .T. ) ;
#1019 = ORIENTED_EDGE ( 'NONE', *, *, #2528, .T. ) ;
#1020 = AXIS2_PLACEMENT_3D ( 'NONE', #6, #1423, #447 ) ;
#1021 = EDGE_CURVE ( 'NONE', #2101, #1800, #1257, .T. ) ;
#1022 = CARTESIAN_POINT ( 'NONE',  ( 11.99999999999999645, 21.50000000000000000, 36.99999999999999289 ) ) ;
#1023 = DIRECTION ( 'NONE',  ( -0.000000000000000000, 1.000000000000000000, -0.000000000000000000 ) ) ;
#1024 = DIRECTION ( 'NONE',  ( -0.000000000000000000, 1.000000000000000000, -0.000000000000000000 ) ) ;
#1025 = FACE_OUTER_BOUND ( 'NONE', #1907, .T. ) ;
#1026 = AXIS2_PLACEMENT_3D ( 'NONE', #825, #635, #1432 ) ;
#1027 = DIRECTION ( 'NONE',  ( 0.000000000000000000, 0.000000000000000000, 1.000000000000000000 ) ) ;
#1028 = VECTOR ( 'NONE', #1835, 1000.000000000000000 ) ;
#1029 = EDGE_CURVE ( 'NONE', #937, #1190, #2439, .T. ) ;
#1030 =( LENGTH_UNIT ( ) NAMED_UNIT ( * ) SI_UNIT ( .MILLI., .METRE. ) );
#1031 = CYLINDRICAL_SURFACE ( 'NONE', #1889, 4.999999999999997335 ) ;
#1032 = DIRECTION ( 'NONE',  ( 0.000000000000000000, 0.000000000000000000, -1.000000000000000000 ) ) ;
#1033 = VECTOR ( 'NONE', #1024, 1000.000000000000000 ) ;
#1034 = VERTEX_POINT ( 'NONE', #94 ) ;
#1035 = ORIENTED_EDGE ( 'NONE', *, *, #994, .T. ) ;
#1036 = VERTEX_POINT ( 'NONE', #1859 ) ;
#1037 = VECTOR ( 'NONE', #386, 1000.000000000000000 ) ;
#1038 = DIRECTION ( 'NONE',  ( -0.000000000000000000, -1.000000000000000000, -0.000000000000000000 ) ) ;
#1039 = CARTESIAN_POINT ( 'NONE',  ( 29.99999999999999645, 12.75000000000000000, 34.99999999999999289 ) ) ;
#1040 = EDGE_CURVE ( 'NONE', #713, #1844, #1248, .T. ) ;
#1041 = LINE ( 'NONE', #851, #483 ) ;
#1042 = CARTESIAN_POINT ( 'NONE',  ( -30.00000000000000711, 12.75000000000000000, 35.00000000000000000 ) ) ;
#1043 = DIRECTION ( 'NONE',  ( -0.000000000000000000, 1.000000000000000000, -0.000000000000000000 ) ) ;
#1044 = DIRECTION ( 'NONE',  ( 0.000000000000000000, -1.000000000000000000, 0.000000000000000000 ) ) ;
#1045 = CARTESIAN_POINT ( 'NONE',  ( -20.00000000000000000, 16.75000000000000355, 39.99999999999999289 ) ) ;
#1046 = ORIENTED_EDGE ( 'NONE', *, *, #2488, .T. ) ;
#1047 = ORIENTED_EDGE ( 'NONE', *, *, #1679, .F. ) ;
#1048 = ADVANCED_FACE ( 'NONE', ( #670 ), #1490, .T. ) ;
#1049 = ORIENTED_EDGE ( 'NONE', *, *, #2128, .F. ) ;
#1050 = CIRCLE ( 'NONE', #2078, 4.999999999999993783 ) ;
#1051 = VECTOR ( 'NONE', #2239, 1000.000000000000000 ) ;
#1052 = CARTESIAN_POINT ( 'NONE',  ( 7.500000000000001776, 16.75000000000000000, 46.99999999999999289 ) ) ;
#1053 = LINE ( 'NONE', #86, #1033 ) ;
#1054 = FACE_OUTER_BOUND ( 'NONE', #1085, .T. ) ;
#1055 = EDGE_CURVE ( 'NONE', #2336, #714, #1170, .T. ) ;
#1056 = VECTOR ( 'NONE', #2235, 1000.000000000000000 ) ;
#1057 = DIRECTION ( 'NONE',  ( 0.000000000000000000, 0.000000000000000000, 1.000000000000000000 ) ) ;
#1058 = EDGE_CURVE ( 'NONE', #1034, #808, #305, .T. ) ;
#1059 = LINE ( 'NONE', #404, #884 ) ;
#1060 = DIRECTION ( 'NONE',  ( 0.000000000000000000, 1.000000000000000000, 0.000000000000000000 ) ) ;
#1061 = EDGE_LOOP ( 'NONE', ( #520, #2520 ) ) ;
#1062 = AXIS2_PLACEMENT_3D ( 'NONE', #592, #439, #28 ) ;
#1063 = EDGE_LOOP ( 'NONE', ( #1682, #2079, #1150, #1618 ) ) ;
#1064 = VECTOR ( 'NONE', #1451, 1000.000000000000000 ) ;
#1065 = EDGE_CURVE ( 'NONE', #2171, #730, #1627, .T. ) ;
#1066 = CIRCLE ( 'NONE', #2387, 4.999999999999997335 ) ;
#1067 = DIRECTION ( 'NONE',  ( 0.000000000000000000, 0.000000000000000000, -1.000000000000000000 ) ) ;
#1068 = DIRECTION ( 'NONE',  ( 0.000000000000000000, 0.000000000000000000, -1.000000000000000000 ) ) ;
#1069 = CARTESIAN_POINT ( 'NONE',  ( 29.99999999999999645, 12.75000000000000000, -35.00000000000000711 ) ) ;
#1070 = CARTESIAN_POINT ( 'NONE',  ( 7.500000000000000000, 16.75000000000000000, 39.99999999999999289 ) ) ;
#1071 = CARTESIAN_POINT ( 'NONE',  ( 29.99999999999999645, 10.75000000000000000, 34.99999999999999289 ) ) ;
#1072 = CARTESIAN_POINT ( 'NONE',  ( -32.00000000000000000, 18.50000000000000000, 40.00000000000000000 ) ) ;
#1073 = AXIS2_PLACEMENT_3D ( 'NONE', #224, #1010, #1807 ) ;
#1074 = EDGE_CURVE ( 'NONE', #860, #2296, #1050, .T. ) ;
#1075 = AXIS2_PLACEMENT_3D ( 'NONE', #54, #1430, #836 ) ;
#1076 = ORIENTED_EDGE ( 'NONE', *, *, #2286, .F. ) ;
#1077 = ORIENTED_EDGE ( 'NONE', *, *, #44, .F. ) ;
#1078 = ORIENTED_EDGE ( 'NONE', *, *, #100, .F. ) ;
#1079 = DIRECTION ( 'NONE',  ( -0.000000000000000000, 1.000000000000000000, -0.000000000000000000 ) ) ;
#1080 = EDGE_CURVE ( 'NONE', #730, #498, #2057, .T. ) ;
#1081 = CARTESIAN_POINT ( 'NONE',  ( -25.00000000000000355, 18.50000000000000000, 34.99999999999999289 ) ) ;
#1082 = CARTESIAN_POINT ( 'NONE',  ( 29.99999999999999645, 21.50000000000000000, 34.99999999999999289 ) ) ;
#1083 = DIRECTION ( 'NONE',  ( -0.000000000000000000, 1.000000000000000000, -0.000000000000000000 ) ) ;
#1084 = LINE ( 'NONE', #1302, #1513 ) ;
#1085 = EDGE_LOOP ( 'NONE', ( #2285, #2299, #573, #2109, #1599, #2268, #758, #875, #1694, #1870 ) ) ;
#1086 = EDGE_CURVE ( 'NONE', #365, #101, #474, .T. ) ;
#1087 = ORIENTED_EDGE ( 'NONE', *, *, #1355, .F. ) ;
#1088 = EDGE_LOOP ( 'NONE', ( #2530, #2155, #2324, #206 ) ) ;
#1089 = DIRECTION ( 'NONE',  ( 0.000000000000000000, 0.000000000000000000, 1.000000000000000000 ) ) ;
#1090 = AXIS2_PLACEMENT_3D ( 'NONE', #1908, #599, #1785 ) ;
#1091 = FACE_OUTER_BOUND ( 'NONE', #274, .T. ) ;
#1092 = CARTESIAN_POINT ( 'NONE',  ( 29.99999999999999645, 10.75000000000000000, -35.00000000000000711 ) ) ;
#1093 = ORIENTED_EDGE ( 'NONE', *, *, #2150, .T. ) ;
#1094 = EDGE_CURVE ( 'NONE', #963, #1916, #1847, .T. ) ;
#1095 = CARTESIAN_POINT ( 'NONE',  ( 13.00000000000000533, 12.04999999999999183, 38.49999999999999289 ) ) ;
#1096 = LINE ( 'NONE', #90, #1641 ) ;
#1097 = EDGE_CURVE ( 'NONE', #1772, #1563, #466, .T. ) ;
#1098 = VECTOR ( 'NONE', #551, 1000.000000000000000 ) ;
#1099 = ORIENTED_EDGE ( 'NONE', *, *, #2544, .F. ) ;
#1100 = ORIENTED_EDGE ( 'NONE', *, *, #2250, .F. ) ;
#1101 = ORIENTED_EDGE ( 'NONE', *, *, #367, .T. ) ;
#1102 = DIRECTION ( 'NONE',  ( 0.000000000000000000, 0.000000000000000000, 1.000000000000000000 ) ) ;
#1103 = DIRECTION ( 'NONE',  ( 1.000000000000000000, 0.000000000000000000, 0.000000000000000000 ) ) ;
#1104 = DIRECTION ( 'NONE',  ( -1.000000000000000000, 0.000000000000000000, 2.312964634635742957E-16 ) ) ;
#1105 = DIRECTION ( 'NONE',  ( 1.000000000000000000, 0.000000000000000000, 0.000000000000000000 ) ) ;
#1106 = ORIENTED_EDGE ( 'NONE', *, *, #2453, .T. ) ;
#1107 = CIRCLE ( 'NONE', #1400, 4.999999999999997335 ) ;
#1108 = AXIS2_PLACEMENT_3D ( 'NONE', #1606, #1221, #1779 ) ;
#1109 = DIRECTION ( 'NONE',  ( 0.000000000000000000, 0.000000000000000000, 1.000000000000000000 ) ) ;
#1110 = DIRECTION ( 'NONE',  ( -0.000000000000000000, 1.000000000000000000, -0.000000000000000000 ) ) ;
#1111 = EDGE_CURVE ( 'NONE', #326, #328, #2159, .T. ) ;
#1112 = ORIENTED_EDGE ( 'NONE', *, *, #1867, .T. ) ;
#1113 = AXIS2_PLACEMENT_3D ( 'NONE', #970, #1393, #606 ) ;
#1114 = EDGE_LOOP ( 'NONE', ( #292, #600, #2198, #1331, #1886, #911, #1486, #1463 ) ) ;
#1115 = CIRCLE ( 'NONE', #1615, 5.500000000000000000 ) ;
#1116 = ORIENTED_EDGE ( 'NONE', *, *, #1519, .T. ) ;
#1117 = DIRECTION ( 'NONE',  ( -0.000000000000000000, 1.000000000000000000, -0.000000000000000000 ) ) ;
#1118 = VERTEX_POINT ( 'NONE', #2263 ) ;
#1119 = VECTOR ( 'NONE', #605, 1000.000000000000000 ) ;
#1120 = CARTESIAN_POINT ( 'NONE',  ( -33.50000000000000000, 12.75000000000000000, 35.00000000000000000 ) ) ;
#1121 = LINE ( 'NONE', #1553, #2052 ) ;
#1122 = EDGE_CURVE ( 'NONE', #1488, #923, #915, .T. ) ;
#1123 = ORIENTED_EDGE ( 'NONE', *, *, #1094, .T. ) ;
#1124 = DIRECTION ( 'NONE',  ( 0.000000000000000000, 1.000000000000000000, 0.000000000000000000 ) ) ;
#1125 = DIRECTION ( 'NONE',  ( -1.000000000000000000, 0.000000000000000000, 9.912705577010325549E-17 ) ) ;
#1126 = ORIENTED_EDGE ( 'NONE', *, *, #2242, .F. ) ;
#1127 = ORIENTED_EDGE ( 'NONE', *, *, #2481, .T. ) ;
#1128 = ORIENTED_EDGE ( 'NONE', *, *, #779, .F. ) ;
#1129 = PLANE ( 'NONE',  #1670 ) ;
#1130 = ORIENTED_EDGE ( 'NONE', *, *, #1086, .F. ) ;
#1131 = CARTESIAN_POINT ( 'NONE',  ( 0.000000000000000000, 0.000000000000000000, 0.000000000000000000 ) ) ;
#1132 = DIRECTION ( 'NONE',  ( 1.000000000000000000, 0.000000000000000000, 0.000000000000000000 ) ) ;
#1133 = DIRECTION ( 'NONE',  ( 0.000000000000000000, -1.000000000000000000, 0.000000000000000000 ) ) ;
#1134 = ORIENTED_EDGE ( 'NONE', *, *, #1074, .F. ) ;
#1135 = VECTOR ( 'NONE', #1443, 1000.000000000000000 ) ;
#1136 = EDGE_CURVE ( 'NONE', #2273, #512, #2489, .T. ) ;
#1137 = DIRECTION ( 'NONE',  ( 0.000000000000000000, -1.000000000000000000, 0.000000000000000000 ) ) ;
#1138 = CARTESIAN_POINT ( 'NONE',  ( 34.99999999999999289, 21.50000000000000000, 39.99999999999998579 ) ) ;
#1139 = FACE_OUTER_BOUND ( 'NONE', #1280, .T. ) ;
#1140 = EDGE_LOOP ( 'NONE', ( #1525, #304, #325, #180, #1130, #1078, #25, #1943 ) ) ;
#1141 = ORIENTED_EDGE ( 'NONE', *, *, #756, .T. ) ;
#1142 = ORIENTED_EDGE ( 'NONE', *, *, #1532, .T. ) ;
#1143 = DIRECTION ( 'NONE',  ( 0.000000000000000000, 0.000000000000000000, -1.000000000000000000 ) ) ;
#1144 = DIRECTION ( 'NONE',  ( -0.000000000000000000, 1.000000000000000000, -0.000000000000000000 ) ) ;
#1145 = ORIENTED_EDGE ( 'NONE', *, *, #1285, .F. ) ;
#1146 = DIRECTION ( 'NONE',  ( -1.000000000000000000, 0.000000000000000000, 2.312964634635742957E-16 ) ) ;
#1147 = DIRECTION ( 'NONE',  ( 0.000000000000000000, 0.000000000000000000, -1.000000000000000000 ) ) ;
#1148 = VECTOR ( 'NONE', #2137, 1000.000000000000000 ) ;
#1149 = CARTESIAN_POINT ( 'NONE',  ( 29.99999999999999645, 10.75000000000000000, 38.49999999999998579 ) ) ;
#1150 = ORIENTED_EDGE ( 'NONE', *, *, #367, .F. ) ;
#1151 = ADVANCED_FACE ( 'NONE', ( #1270 ), #285, .T. ) ;
#1152 = CIRCLE ( 'NONE', #357, 4.999999999999997335 ) ;
#1153 = ORIENTED_EDGE ( 'NONE', *, *, #1336, .F. ) ;
#1154 = ORIENTED_EDGE ( 'NONE', *, *, #339, .F. ) ;
#1155 = CIRCLE ( 'NONE', #1278, 1.000000000000000888 ) ;
#1156 = CARTESIAN_POINT ( 'NONE',  ( -30.00000000000000355, 21.50000000000000000, -35.00000000000000711 ) ) ;
#1157 = CARTESIAN_POINT ( 'NONE',  ( -30.00000000000000711, 21.50000000000000000, 35.00000000000000000 ) ) ;
#1158 = ADVANCED_FACE ( 'NONE', ( #2470 ), #1962, .F. ) ;
#1159 = LINE ( 'NONE', #2149, #1899 ) ;
#1160 = CARTESIAN_POINT ( 'NONE',  ( 34.99999999999999289, 18.50000000000000000, -37.00000000000000711 ) ) ;
#1161 = FACE_BOUND ( 'NONE', #546, .T. ) ;
#1162 = ORIENTED_EDGE ( 'NONE', *, *, #614, .T. ) ;
#1163 = EDGE_CURVE ( 'NONE', #92, #464, #1308, .T. ) ;
#1164 = VERTEX_POINT ( 'NONE', #1585 ) ;
#1165 = ORIENTED_EDGE ( 'NONE', *, *, #1751, .F. ) ;
#1166 = CARTESIAN_POINT ( 'NONE',  ( 34.99999999999999289, 21.50000000000000000, 34.99999999999999289 ) ) ;
#1167 = DIRECTION ( 'NONE',  ( -0.000000000000000000, 1.000000000000000000, -0.000000000000000000 ) ) ;
#1168 = DIRECTION ( 'NONE',  ( 0.000000000000000000, 0.000000000000000000, 1.000000000000000000 ) ) ;
#1169 = FACE_OUTER_BOUND ( 'NONE', #2067, .T. ) ;
#1170 = CIRCLE ( 'NONE', #1841, 3.000000000000002665 ) ;
#1171 = VECTOR ( 'NONE', #310, 1000.000000000000000 ) ;
#1172 = EDGE_CURVE ( 'NONE', #194, #497, #2301, .T. ) ;
#1173 = CARTESIAN_POINT ( 'NONE',  ( -25.41742430504416106, 0.000000000000000000, -37.00000000000000000 ) ) ;
#1174 = CARTESIAN_POINT ( 'NONE',  ( 7.500000000000000000, 10.75000000000000000, 39.99999999999997868 ) ) ;
#1175 = DIRECTION ( 'NONE',  ( 1.000000000000000000, 0.000000000000000000, 0.000000000000000000 ) ) ;
#1176 = ORIENTED_EDGE ( 'NONE', *, *, #1504, .F. ) ;
#1177 = ORIENTED_EDGE ( 'NONE', *, *, #669, .F. ) ;
#1178 = AXIS2_PLACEMENT_3D ( 'NONE', #170, #2319, #1515 ) ;
#1179 = ORIENTED_EDGE ( 'NONE', *, *, #1230, .F. ) ;
#1180 = CARTESIAN_POINT ( 'NONE',  ( 34.99999999999999289, 21.50000000000000000, -35.00000000000000711 ) ) ;
#1181 = DIRECTION ( 'NONE',  ( 0.000000000000000000, 0.000000000000000000, -1.000000000000000000 ) ) ;
#1182 = ADVANCED_FACE ( 'NONE', ( #521, #7 ), #190, .F. ) ;
#1183 = CARTESIAN_POINT ( 'NONE',  ( -30.00000000000000711, 21.50000000000000000, 40.00000000000000000 ) ) ;
#1184 = FACE_OUTER_BOUND ( 'NONE', #2081, .T. ) ;
#1185 = DIRECTION ( 'NONE',  ( -1.000000000000000000, 0.000000000000000000, 2.312964634635742957E-16 ) ) ;
#1186 = CARTESIAN_POINT ( 'NONE',  ( -30.00000000000001066, 10.75000000000000000, -38.50000000000000711 ) ) ;
#1187 = CARTESIAN_POINT ( 'NONE',  ( -30.00000000000000711, 13.74999999999999822, 34.00000000000000000 ) ) ;
#1188 = ORIENTED_EDGE ( 'NONE', *, *, #1189, .F. ) ;
#1189 = EDGE_CURVE ( 'NONE', #1006, #1002, #1370, .T. ) ;
#1190 = VERTEX_POINT ( 'NONE', #1187 ) ;
#1191 = ORIENTED_EDGE ( 'NONE', *, *, #2250, .T. ) ;
#1192 = LINE ( 'NONE', #786, #734 ) ;
#1193 = CARTESIAN_POINT ( 'NONE',  ( -35.00000000000000000, 21.50000000000000000, -35.00000000000000711 ) ) ;
#1194 = VECTOR ( 'NONE', #1, 1000.000000000000000 ) ;
#1195 = CARTESIAN_POINT ( 'NONE',  ( -30.00000000000000355, 13.74999999999999822, -35.00000000000000711 ) ) ;
#1196 = VECTOR ( 'NONE', #470, 1000.000000000000000 ) ;
#1197 = LINE ( 'NONE', #211, #450 ) ;
#1198 = EDGE_CURVE ( 'NONE', #2447, #1983, #793, .T. ) ;
#1199 = DIRECTION ( 'NONE',  ( -0.000000000000000000, -0.000000000000000000, 1.000000000000000000 ) ) ;
#1200 = DIRECTION ( 'NONE',  ( 0.000000000000000000, -1.000000000000000000, 0.000000000000000000 ) ) ;
#1201 = LINE ( 'NONE', #215, #680 ) ;
#1202 = CARTESIAN_POINT ( 'NONE',  ( 29.99999999999999645, 21.50000000000000000, 34.99999999999999289 ) ) ;
#1203 = ORIENTED_EDGE ( 'NONE', *, *, #1667, .T. ) ;
#1204 = ORIENTED_EDGE ( 'NONE', *, *, #1556, .F. ) ;
#1205 = EDGE_LOOP ( 'NONE', ( #870, #2331, #748, #2511, #1101, #2251, #2034, #1705 ) ) ;
#1206 = ADVANCED_FACE ( 'NONE', ( #203 ), #1129, .T. ) ;
#1207 = CARTESIAN_POINT ( 'NONE',  ( -35.00000000000000000, 21.50000000000000000, 40.00000000000000000 ) ) ;
#1208 = FACE_OUTER_BOUND ( 'NONE', #1415, .T. ) ;
#1209 = DIRECTION ( 'NONE',  ( -0.000000000000000000, 1.000000000000000000, -0.000000000000000000 ) ) ;
#1210 = LINE ( 'NONE', #186, #814 ) ;
#1211 = CARTESIAN_POINT ( 'NONE',  ( 7.499999999999998224, 5.749999999999999112, 34.99999999999999289 ) ) ;
#1212 = LINE ( 'NONE', #1783, #160 ) ;
#1213 = CARTESIAN_POINT ( 'NONE',  ( -30.00000000000000355, 10.75000000000000000, -35.00000000000000711 ) ) ;
#1214 = DIRECTION ( 'NONE',  ( 0.000000000000000000, -1.000000000000000000, 0.000000000000000000 ) ) ;
#1215 = VERTEX_POINT ( 'NONE', #2154 ) ;
#1216 = EDGE_CURVE ( 'NONE', #1693, #91, #2289, .T. ) ;
#1217 = AXIS2_PLACEMENT_3D ( 'NONE', #2556, #962, #1398 ) ;
#1218 = ORIENTED_EDGE ( 'NONE', *, *, #112, .T. ) ;
#1219 = VERTEX_POINT ( 'NONE', #2108 ) ;
#1220 = DIRECTION ( 'NONE',  ( 1.000000000000000000, 0.000000000000000000, 0.000000000000000000 ) ) ;
#1221 = DIRECTION ( 'NONE',  ( -0.000000000000000000, -1.000000000000000000, -0.000000000000000000 ) ) ;
#1222 = DIRECTION ( 'NONE',  ( -1.000000000000000000, 0.000000000000000000, 1.982541115402065110E-16 ) ) ;
#1223 = DIRECTION ( 'NONE',  ( -1.000000000000000000, 0.000000000000000000, 0.000000000000000000 ) ) ;
#1224 = DIRECTION ( 'NONE',  ( 0.000000000000000000, 0.000000000000000000, -1.000000000000000000 ) ) ;
#1225 = DIRECTION ( 'NONE',  ( 0.000000000000000000, -1.000000000000000000, 0.000000000000000000 ) ) ;
#1226 = LINE ( 'NONE', #1045, #1051 ) ;
#1227 = EDGE_LOOP ( 'NONE', ( #586, #658, #964, #1005 ) ) ;
#1228 = AXIS2_PLACEMENT_3D ( 'NONE', #2362, #917, #543 ) ;
#1229 = EDGE_LOOP ( 'NONE', ( #992, #1018 ) ) ;
#1230 = EDGE_CURVE ( 'NONE', #1215, #2328, #264, .T. ) ;
#1231 = EDGE_LOOP ( 'NONE', ( #1660, #246, #702, #881 ) ) ;
#1232 = VECTOR ( 'NONE', #728, 1000.000000000000000 ) ;
#1233 = LINE ( 'NONE', #1022, #1407 ) ;
#1234 = CARTESIAN_POINT ( 'NONE',  ( 34.99999999999999289, 18.50000000000000000, 36.99999999999998579 ) ) ;
#1235 = DIRECTION ( 'NONE',  ( -1.000000000000000000, 0.000000000000000000, -0.000000000000000000 ) ) ;
#1236 = VECTOR ( 'NONE', #1479, 1000.000000000000000 ) ;
#1237 = DIRECTION ( 'NONE',  ( -0.000000000000000000, 1.000000000000000000, -0.000000000000000000 ) ) ;
#1238 = VECTOR ( 'NONE', #570, 1000.000000000000000 ) ;
#1239 = ADVANCED_FACE ( 'NONE', ( #405 ), #718, .T. ) ;
#1240 = FACE_OUTER_BOUND ( 'NONE', #920, .T. ) ;
#1241 = CYLINDRICAL_SURFACE ( 'NONE', #1020, 1.000000000000000888 ) ;
#1242 = DIRECTION ( 'NONE',  ( -0.000000000000000000, -0.000000000000000000, 1.000000000000000000 ) ) ;
#1243 = ORIENTED_EDGE ( 'NONE', *, *, #2056, .F. ) ;
#1244 = AXIS2_PLACEMENT_3D ( 'NONE', #187, #1380, #1027 ) ;
#1245 = ORIENTED_EDGE ( 'NONE', *, *, #44, .T. ) ;
#1246 = ORIENTED_EDGE ( 'NONE', *, *, #1318, .F. ) ;
#1247 = EDGE_CURVE ( 'NONE', #2297, #365, #1424, .T. ) ;
#1248 = LINE ( 'NONE', #1052, #2204 ) ;
#1249 = CARTESIAN_POINT ( 'NONE',  ( 29.99999999999999645, 13.74999999999999822, 37.99999999999998579 ) ) ;
#1250 = FACE_OUTER_BOUND ( 'NONE', #1357, .T. ) ;
#1251 = DIRECTION ( 'NONE',  ( 0.000000000000000000, 0.000000000000000000, -1.000000000000000000 ) ) ;
#1252 = CARTESIAN_POINT ( 'NONE',  ( -25.41742430504416106, 10.75000000000000000, -37.00000000000000000 ) ) ;
#1253 = DIRECTION ( 'NONE',  ( 0.000000000000000000, 0.000000000000000000, -1.000000000000000000 ) ) ;
#1254 = EDGE_CURVE ( 'NONE', #519, #1693, #2003, .T. ) ;
#1255 = ORIENTED_EDGE ( 'NONE', *, *, #2453, .F. ) ;
#1256 = ORIENTED_EDGE ( 'NONE', *, *, #715, .F. ) ;
#1257 = CIRCLE ( 'NONE', #1542, 2.999999999999995559 ) ;
#1258 = CIRCLE ( 'NONE', #589, 1.000000000000000888 ) ;
#1259 = DIRECTION ( 'NONE',  ( 0.000000000000000000, 0.000000000000000000, 1.000000000000000000 ) ) ;
#1260 = CARTESIAN_POINT ( 'NONE',  ( 23.00000000000000000, 12.04999999999999183, 38.49999999999999289 ) ) ;
#1261 = DIRECTION ( 'NONE',  ( -2.081668171172169697E-15, 0.000000000000000000, -1.000000000000000000 ) ) ;
#1262 = FACE_OUTER_BOUND ( 'NONE', #1088, .T. ) ;
#1263 = VECTOR ( 'NONE', #1105, 1000.000000000000000 ) ;
#1264 = CARTESIAN_POINT ( 'NONE',  ( 7.499999999999998224, -29.77468383590426271, 34.99999999999999289 ) ) ;
#1265 = CYLINDRICAL_SURFACE ( 'NONE', #725, 3.000000000000002665 ) ;
#1266 = ORIENTED_EDGE ( 'NONE', *, *, #231, .F. ) ;
#1267 = ADVANCED_FACE ( 'NONE', ( #389 ), #767, .F. ) ;
#1268 = EDGE_LOOP ( 'NONE', ( #1803, #337, #1930, #2533 ) ) ;
#1269 = CIRCLE ( 'NONE', #1722, 5.000000000000000888 ) ;
#1270 = FACE_OUTER_BOUND ( 'NONE', #2505, .T. ) ;
#1271 = CARTESIAN_POINT ( 'NONE',  ( 7.500000000000001776, 4.749999999999997335, 46.99999999999999289 ) ) ;
#1272 = CARTESIAN_POINT ( 'NONE',  ( 29.99999999999999645, 13.74999999999999822, 35.99999999999999289 ) ) ;
#1273 = AXIS2_PLACEMENT_3D ( 'NONE', #2451, #2416, #673 ) ;
#1274 = EDGE_CURVE ( 'NONE', #937, #845, #1707, .T. ) ;
#1275 = CARTESIAN_POINT ( 'NONE',  ( 29.99999999999999645, 0.000000000000000000, -35.00000000000000711 ) ) ;
#1276 = DIRECTION ( 'NONE',  ( -0.000000000000000000, 0.000000000000000000, 1.000000000000000000 ) ) ;
#1277 = VECTOR ( 'NONE', #252, 1000.000000000000000 ) ;
#1278 = AXIS2_PLACEMENT_3D ( 'NONE', #1071, #446, #1460 ) ;
#1279 = ORIENTED_EDGE ( 'NONE', *, *, #2133, .T. ) ;
#1280 = EDGE_LOOP ( 'NONE', ( #768, #163, #1732, #36, #2259, #2448, #914, #2227, #2075, #24, #407, #314 ) ) ;
#1281 = CIRCLE ( 'NONE', #1410, 1.000000000000000888 ) ;
#1282 = ORIENTED_EDGE ( 'NONE', *, *, #756, .F. ) ;
#1283 = DIRECTION ( 'NONE',  ( 0.000000000000000000, -1.000000000000000000, 0.000000000000000000 ) ) ;
#1284 = AXIS2_PLACEMENT_3D ( 'NONE', #31, #1237, #826 ) ;
#1285 = EDGE_CURVE ( 'NONE', #1323, #1879, #1771, .T. ) ;
#1286 = CARTESIAN_POINT ( 'NONE',  ( -35.00000000000000000, 12.75000000000000000, -35.00000000000000711 ) ) ;
#1287 = CARTESIAN_POINT ( 'NONE',  ( 29.99999999999999645, 10.75000000000000000, -35.00000000000000711 ) ) ;
#1288 = EDGE_LOOP ( 'NONE', ( #127, #2261, #1487, #217 ) ) ;
#1289 = LINE ( 'NONE', #479, #2399 ) ;
#1290 = VERTEX_POINT ( 'NONE', #1573 ) ;
#1291 = ORIENTED_EDGE ( 'NONE', *, *, #192, .F. ) ;
#1292 = ADVANCED_FACE ( 'NONE', ( #585 ), #1386, .T. ) ;
#1293 = VERTEX_POINT ( 'NONE', #2409 ) ;
#1294 = DIRECTION ( 'NONE',  ( -0.000000000000000000, 1.000000000000000000, -0.000000000000000000 ) ) ;
#1295 = VECTOR ( 'NONE', #1856, 1000.000000000000000 ) ;
#1296 = VECTOR ( 'NONE', #136, 1000.000000000000000 ) ;
#1297 = CARTESIAN_POINT ( 'NONE',  ( 29.99999999999999645, 13.74999999999999822, -35.00000000000000711 ) ) ;
#1298 = DIRECTION ( 'NONE',  ( -0.000000000000000000, 1.000000000000000000, -0.000000000000000000 ) ) ;
#1299 = ADVANCED_FACE ( 'NONE', ( #76 ), #448, .F. ) ;
#1300 = VERTEX_POINT ( 'NONE', #419 ) ;
#1301 = FACE_OUTER_BOUND ( 'NONE', #738, .T. ) ;
#1302 = CARTESIAN_POINT ( 'NONE',  ( -25.00000000000000355, 10.75000000000000000, 34.99999999999999289 ) ) ;
#1303 = AXIS2_PLACEMENT_3D ( 'NONE', #1092, #1885, #682 ) ;
#1304 = EDGE_LOOP ( 'NONE', ( #2132, #366, #1703, #1128 ) ) ;
#1305 = VERTEX_POINT ( 'NONE', #256 ) ;
#1306 = EDGE_CURVE ( 'NONE', #832, #859, #1798, .T. ) ;
#1307 = ORIENTED_EDGE ( 'NONE', *, *, #562, .F. ) ;
#1308 = LINE ( 'NONE', #1511, #872 ) ;
#1309 = ORIENTED_EDGE ( 'NONE', *, *, #1058, .F. ) ;
#1310 = AXIS2_PLACEMENT_3D ( 'NONE', #1412, #1626, #1015 ) ;
#1311 = PLANE ( 'NONE',  #773 ) ;
#1312 = DIRECTION ( 'NONE',  ( -1.000000000000000000, -0.000000000000000000, -0.000000000000000000 ) ) ;
#1313 = ORIENTED_EDGE ( 'NONE', *, *, #1328, .F. ) ;
#1314 = VECTOR ( 'NONE', #350, 1000.000000000000000 ) ;
#1315 = DIRECTION ( 'NONE',  ( 1.000000000000000000, 0.000000000000000000, 0.000000000000000000 ) ) ;
#1316 = DIRECTION ( 'NONE',  ( -0.000000000000000000, 1.000000000000000000, -0.000000000000000000 ) ) ;
#1317 = LINE ( 'NONE', #905, #149 ) ;
#1318 = EDGE_CURVE ( 'NONE', #943, #282, #2370, .T. ) ;
#1319 = EDGE_LOOP ( 'NONE', ( #2354, #1631, #922, #537 ) ) ;
#1320 = CIRCLE ( 'NONE', #1405, 3.499999999999996003 ) ;
#1321 = EDGE_LOOP ( 'NONE', ( #908, #1713, #1325, #1165 ) ) ;
#1322 = VECTOR ( 'NONE', #1853, 1000.000000000000000 ) ;
#1323 = VERTEX_POINT ( 'NONE', #666 ) ;
#1324 = DIRECTION ( 'NONE',  ( 0.000000000000000000, 1.000000000000000000, 0.000000000000000000 ) ) ;
#1325 = ORIENTED_EDGE ( 'NONE', *, *, #2071, .T. ) ;
#1326 = AXIS2_PLACEMENT_3D ( 'NONE', #1009, #56, #235 ) ;
#1327 = AXIS2_PLACEMENT_3D ( 'NONE', #2217, #234, #2372 ) ;
#1328 = EDGE_CURVE ( 'NONE', #963, #519, #216, .T. ) ;
#1329 = LINE ( 'NONE', #2523, #1689 ) ;
#1330 = DIRECTION ( 'NONE',  ( -1.000000000000000000, 0.000000000000000000, 2.312964634635742957E-16 ) ) ;
#1331 = ORIENTED_EDGE ( 'NONE', *, *, #356, .T. ) ;
#1332 = DIRECTION ( 'NONE',  ( 0.000000000000000000, 0.000000000000000000, 1.000000000000000000 ) ) ;
#1333 = CYLINDRICAL_SURFACE ( 'NONE', #846, 4.999999999999993783 ) ;
#1334 = CARTESIAN_POINT ( 'NONE',  ( 29.99999999999999645, 0.000000000000000000, -36.00000000000001421 ) ) ;
#1335 = ORIENTED_EDGE ( 'NONE', *, *, #1055, .T. ) ;
#1336 = EDGE_CURVE ( 'NONE', #1118, #245, #2433, .T. ) ;
#1337 = ORIENTED_EDGE ( 'NONE', *, *, #443, .F. ) ;
#1338 = LINE ( 'NONE', #342, #1773 ) ;
#1339 = DIRECTION ( 'NONE',  ( 0.000000000000000000, 1.000000000000000000, 0.000000000000000000 ) ) ;
#1340 = VERTEX_POINT ( 'NONE', #1016 ) ;
#1341 = AXIS2_PLACEMENT_3D ( 'NONE', #116, #898, #1757 ) ;
#1342 = CARTESIAN_POINT ( 'NONE',  ( 31.99999999999999289, 21.50000000000000000, 39.99999999999998579 ) ) ;
#1343 = FACE_OUTER_BOUND ( 'NONE', #616, .T. ) ;
#1344 = LINE ( 'NONE', #1160, #1396 ) ;
#1345 = DIRECTION ( 'NONE',  ( -1.982541115402065110E-16, 0.000000000000000000, -1.000000000000000000 ) ) ;
#1346 = ORIENTED_EDGE ( 'NONE', *, *, #460, .T. ) ;
#1347 = ORIENTED_EDGE ( 'NONE', *, *, #704, .T. ) ;
#1348 = ADVANCED_FACE ( 'NONE', ( #1993 ), #1812, .F. ) ;
#1349 = LINE ( 'NONE', #1180, #2187 ) ;
#1350 = FACE_OUTER_BOUND ( 'NONE', #1402, .T. ) ;
#1351 = ORIENTED_EDGE ( 'NONE', *, *, #1390, .T. ) ;
#1352 = LINE ( 'NONE', #1740, #1567 ) ;
#1353 = LINE ( 'NONE', #2321, #1171 ) ;
#1354 = FACE_OUTER_BOUND ( 'NONE', #79, .T. ) ;
#1355 = EDGE_CURVE ( 'NONE', #1219, #159, #2418, .T. ) ;
#1356 = CARTESIAN_POINT ( 'NONE',  ( -30.00000000000001066, 12.75000000000000000, -38.50000000000000711 ) ) ;
#1357 = EDGE_LOOP ( 'NONE', ( #131, #2170, #1760, #1708, #1049, #1905, #138, #2423, #1307, #2272, #701, #2424, #2119, #952, #541, #1891, #108, #797, #2560, #2436 ) ) ;
#1358 = CIRCLE ( 'NONE', #1113, 5.499999999999998224 ) ;
#1359 = ORIENTED_EDGE ( 'NONE', *, *, #2071, .F. ) ;
#1360 = ORIENTED_EDGE ( 'NONE', *, *, #1623, .T. ) ;
#1361 = VECTOR ( 'NONE', #550, 1000.000000000000000 ) ;
#1362 = DIRECTION ( 'NONE',  ( 0.000000000000000000, 1.000000000000000000, 0.000000000000000000 ) ) ;
#1363 = DIRECTION ( 'NONE',  ( 0.000000000000000000, 0.000000000000000000, -1.000000000000000000 ) ) ;
#1364 = EDGE_CURVE ( 'NONE', #1680, #1916, #300, .T. ) ;
#1365 = DIRECTION ( 'NONE',  ( 0.000000000000000000, -1.000000000000000000, 0.000000000000000000 ) ) ;
#1366 = DIRECTION ( 'NONE',  ( 0.000000000000000000, 0.000000000000000000, -1.000000000000000000 ) ) ;
#1367 = AXIS2_PLACEMENT_3D ( 'NONE', #1012, #815, #1611 ) ;
#1368 = LINE ( 'NONE', #1173, #1238 ) ;
#1369 = DIRECTION ( 'NONE',  ( 1.000000000000000000, 0.000000000000000000, 0.000000000000000000 ) ) ;
#1370 = LINE ( 'NONE', #2482, #1877 ) ;
#1371 = EDGE_LOOP ( 'NONE', ( #290, #549, #2141, #2010 ) ) ;
#1372 = ORIENTED_EDGE ( 'NONE', *, *, #247, .T. ) ;
#1373 = EDGE_CURVE ( 'NONE', #282, #943, #506, .T. ) ;
#1374 = ORIENTED_EDGE ( 'NONE', *, *, #556, .F. ) ;
#1375 = UNCERTAINTY_MEASURE_WITH_UNIT (LENGTH_MEASURE( 1.000000000000000082E-05 ), #1030, 'distance_accuracy_value', 'NONE');
#1376 = DIRECTION ( 'NONE',  ( 0.000000000000000000, 1.000000000000000000, 0.000000000000000000 ) ) ;
#1377 = PLANE ( 'NONE',  #408 ) ;
#1378 = CARTESIAN_POINT ( 'NONE',  ( 31.99999999999999289, 18.50000000000000000, -30.41742430504417527 ) ) ;
#1379 = LINE ( 'NONE', #1408, #243 ) ;
#1380 = DIRECTION ( 'NONE',  ( -0.000000000000000000, 1.000000000000000000, -0.000000000000000000 ) ) ;
#1381 = EDGE_CURVE ( 'NONE', #1994, #1215, #1642, .T. ) ;
#1382 = AXIS2_PLACEMENT_3D ( 'NONE', #488, #275, #1067 ) ;
#1383 = CIRCLE ( 'NONE', #1502, 4.999999999999997335 ) ;
#1384 = DIRECTION ( 'NONE',  ( 1.000000000000000000, 0.000000000000000000, 0.000000000000000000 ) ) ;
#1385 = DIRECTION ( 'NONE',  ( -1.000000000000000000, 0.000000000000000000, 2.312964634635742957E-16 ) ) ;
#1386 = CYLINDRICAL_SURFACE ( 'NONE', #1582, 3.499999999999996003 ) ;
#1387 = ORIENTED_EDGE ( 'NONE', *, *, #487, .F. ) ;
#1388 = ORIENTED_EDGE ( 'NONE', *, *, #540, .F. ) ;
#1389 = ORIENTED_EDGE ( 'NONE', *, *, #2544, .T. ) ;
#1390 = EDGE_CURVE ( 'NONE', #808, #559, #2044, .T. ) ;
#1391 = FACE_OUTER_BOUND ( 'NONE', #167, .T. ) ;
#1392 = CARTESIAN_POINT ( 'NONE',  ( -32.00000000000000000, 21.50000000000000000, 40.00000000000000000 ) ) ;
#1393 = DIRECTION ( 'NONE',  ( 1.000000000000000000, -0.000000000000000000, 0.000000000000000000 ) ) ;
#1394 = DIRECTION ( 'NONE',  ( -1.000000000000000000, 0.000000000000000000, -9.912705577010325549E-17 ) ) ;
#1395 = CARTESIAN_POINT ( 'NONE',  ( 18.00000000000000355, 12.04999999999999183, 39.99999999999999289 ) ) ;
#1396 = VECTOR ( 'NONE', #1125, 1000.000000000000000 ) ;
#1397 = FACE_OUTER_BOUND ( 'NONE', #1924, .T. ) ;
#1398 = DIRECTION ( 'NONE',  ( 0.000000000000000000, 0.000000000000000000, 1.000000000000000000 ) ) ;
#1399 = EDGE_LOOP ( 'NONE', ( #2314, #613 ) ) ;
#1400 = AXIS2_PLACEMENT_3D ( 'NONE', #2541, #1520, #1369 ) ;
#1401 = VERTEX_POINT ( 'NONE', #2196 ) ;
#1402 = EDGE_LOOP ( 'NONE', ( #1291, #313, #784, #67 ) ) ;
#1403 = LINE ( 'NONE', #591, #284 ) ;
#1404 = DIRECTION ( 'NONE',  ( 0.000000000000000000, 1.000000000000000000, 0.000000000000000000 ) ) ;
#1405 = AXIS2_PLACEMENT_3D ( 'NONE', #16, #1989, #761 ) ;
#1406 = EDGE_CURVE ( 'NONE', #394, #733, #918, .T. ) ;
#1407 = VECTOR ( 'NONE', #645, 1000.000000000000000 ) ;
#1408 = CARTESIAN_POINT ( 'NONE',  ( -33.50000000000000000, 10.75000000000000000, 35.00000000000000000 ) ) ;
#1409 = DIRECTION ( 'NONE',  ( 0.000000000000000000, 0.000000000000000000, 1.000000000000000000 ) ) ;
#1410 = AXIS2_PLACEMENT_3D ( 'NONE', #1848, #2026, #1068 ) ;
#1411 = CYLINDRICAL_SURFACE ( 'NONE', #1448, 4.999999999999997335 ) ;
#1412 = CARTESIAN_POINT ( 'NONE',  ( 29.99999999999999645, 10.75000000000000000, -35.00000000000000711 ) ) ;
#1413 = CARTESIAN_POINT ( 'NONE',  ( -32.00000000000000000, 10.75000000000000000, 40.00000000000000000 ) ) ;
#1414 = EDGE_LOOP ( 'NONE', ( #809, #1360, #434, #2069 ) ) ;
#1415 = EDGE_LOOP ( 'NONE', ( #1915, #938, #2525, #1439 ) ) ;
#1416 = EDGE_CURVE ( 'NONE', #1190, #2035, #1258, .T. ) ;
#1417 = ORIENTED_EDGE ( 'NONE', *, *, #1659, .T. ) ;
#1418 = LINE ( 'NONE', #233, #1733 ) ;
#1419 = CARTESIAN_POINT ( 'NONE',  ( 29.99999999999999645, 21.50000000000000000, 37.99999999999998579 ) ) ;
#1420 = DIRECTION ( 'NONE',  ( 1.000000000000000000, 0.000000000000000000, 0.000000000000000000 ) ) ;
#1421 = DIRECTION ( 'NONE',  ( 1.000000000000000000, 0.000000000000000000, 0.000000000000000000 ) ) ;
#1422 = FILL_AREA_STYLE_COLOUR ( '', #286 ) ;
#1423 = DIRECTION ( 'NONE',  ( -0.000000000000000000, 1.000000000000000000, -0.000000000000000000 ) ) ;
#1424 = CIRCLE ( 'NONE', #1217, 5.500000000000000000 ) ;
#1425 = DIRECTION ( 'NONE',  ( -0.000000000000000000, 1.000000000000000000, -0.000000000000000000 ) ) ;
#1426 = VERTEX_POINT ( 'NONE', #433 ) ;
#1427 = VECTOR ( 'NONE', #463, 1000.000000000000000 ) ;
#1428 = ORIENTED_EDGE ( 'NONE', *, *, #1532, .F. ) ;
#1429 = VERTEX_POINT ( 'NONE', #241 ) ;
#1430 = DIRECTION ( 'NONE',  ( -0.000000000000000000, 1.000000000000000000, -0.000000000000000000 ) ) ;
#1431 = LINE ( 'NONE', #1234, #752 ) ;
#1432 = DIRECTION ( 'NONE',  ( 0.000000000000000000, 0.000000000000000000, -1.000000000000000000 ) ) ;
#1433 = CARTESIAN_POINT ( 'NONE',  ( 18.00000000000000355, 12.04999999999999183, 29.99999999999999289 ) ) ;
#1434 = DIRECTION ( 'NONE',  ( 0.000000000000000000, 0.000000000000000000, -1.000000000000000000 ) ) ;
#1435 = DIRECTION ( 'NONE',  ( 0.000000000000000000, 0.000000000000000000, 1.000000000000000000 ) ) ;
#1436 = CARTESIAN_POINT ( 'NONE',  ( -35.00000000000000000, 21.50000000000000000, 40.00000000000000000 ) ) ;
#1437 = VERTEX_POINT ( 'NONE', #1828 ) ;
#1438 = EDGE_CURVE ( 'NONE', #713, #1429, #1226, .T. ) ;
#1439 = ORIENTED_EDGE ( 'NONE', *, *, #9, .F. ) ;
#1440 = EDGE_LOOP ( 'NONE', ( #2288, #420, #2495, #1017 ) ) ;
#1441 = VECTOR ( 'NONE', #336, 1000.000000000000000 ) ;
#1442 = DIRECTION ( 'NONE',  ( 0.000000000000000000, -0.000000000000000000, -1.000000000000000000 ) ) ;
#1443 = DIRECTION ( 'NONE',  ( -0.000000000000000000, 1.000000000000000000, -0.000000000000000000 ) ) ;
#1444 = DIRECTION ( 'NONE',  ( -0.000000000000000000, -0.000000000000000000, 1.000000000000000000 ) ) ;
#1445 = AXIS2_PLACEMENT_3D ( 'NONE', #1884, #1132, #144 ) ;
#1446 = LINE ( 'NONE', #1624, #1608 ) ;
#1447 = EDGE_CURVE ( 'NONE', #1505, #576, #1383, .T. ) ;
#1448 = AXIS2_PLACEMENT_3D ( 'NONE', #624, #2194, #1384 ) ;
#1449 = AXIS2_PLACEMENT_3D ( 'NONE', #74, #278, #852 ) ;
#1450 = CARTESIAN_POINT ( 'NONE',  ( -25.00000000000000000, 12.04999999999999183, -14.50000000000000355 ) ) ;
#1451 = DIRECTION ( 'NONE',  ( -0.000000000000000000, 1.000000000000000000, -0.000000000000000000 ) ) ;
#1452 = CARTESIAN_POINT ( 'NONE',  ( 25.41742430504416106, 0.000000000000000000, -37.00000000000000711 ) ) ;
#1453 = ORIENTED_EDGE ( 'NONE', *, *, #26, .F. ) ;
#1454 = ORIENTED_EDGE ( 'NONE', *, *, #1285, .T. ) ;
#1455 = EDGE_CURVE ( 'NONE', #860, #1401, #1462, .T. ) ;
#1456 = CARTESIAN_POINT ( 'NONE',  ( 18.00000000000000355, 12.04999999999999183, 36.99999999999999289 ) ) ;
#1457 = CARTESIAN_POINT ( 'NONE',  ( 18.00000000000000355, 12.04999999999999183, 36.99999999999999289 ) ) ;
#1458 = DIRECTION ( 'NONE',  ( -0.000000000000000000, 1.000000000000000000, -0.000000000000000000 ) ) ;
#1459 = EDGE_CURVE ( 'NONE', #2328, #195, #268, .T. ) ;
#1460 = DIRECTION ( 'NONE',  ( 0.000000000000000000, 0.000000000000000000, -1.000000000000000000 ) ) ;
#1461 = DIRECTION ( 'NONE',  ( 1.000000000000000000, -0.000000000000000000, 0.000000000000000000 ) ) ;
#1462 = LINE ( 'NONE', #1452, #1427 ) ;
#1463 = ORIENTED_EDGE ( 'NONE', *, *, #374, .F. ) ;
#1464 = ORIENTED_EDGE ( 'NONE', *, *, #697, .F. ) ;
#1465 = AXIS2_PLACEMENT_3D ( 'NONE', #910, #2380, #1696 ) ;
#1466 = DIRECTION ( 'NONE',  ( -0.000000000000000000, 1.000000000000000000, -0.000000000000000000 ) ) ;
#1467 = ADVANCED_FACE ( 'NONE', ( #1301, #504, #110, #125 ), #542, .T. ) ;
#1468 = CARTESIAN_POINT ( 'NONE',  ( 13.17195691817067882, 10.75000000000000000, 29.99999999999999289 ) ) ;
#1469 = DIRECTION ( 'NONE',  ( -0.000000000000000000, 1.000000000000000000, -0.000000000000000000 ) ) ;
#1470 = DIRECTION ( 'NONE',  ( -0.000000000000000000, 1.000000000000000000, -0.000000000000000000 ) ) ;
#1471 = DIRECTION ( 'NONE',  ( 0.000000000000000000, 0.000000000000000000, -1.000000000000000000 ) ) ;
#1472 = CARTESIAN_POINT ( 'NONE',  ( 29.99999999999999645, 21.50000000000000000, 31.99999999999999289 ) ) ;
#1473 = ORIENTED_EDGE ( 'NONE', *, *, #238, .T. ) ;
#1474 = EDGE_CURVE ( 'NONE', #498, #2545, #61, .T. ) ;
#1475 = ORIENTED_EDGE ( 'NONE', *, *, #2460, .F. ) ;
#1476 = ADVANCED_FACE ( 'NONE', ( #1690 ), #1900, .F. ) ;
#1477 = ORIENTED_EDGE ( 'NONE', *, *, #1659, .F. ) ;
#1478 = CARTESIAN_POINT ( 'NONE',  ( 34.99999999999999289, 10.75000000000000000, 36.99999999999998579 ) ) ;
#1479 = DIRECTION ( 'NONE',  ( -1.000000000000000000, -0.000000000000000000, -0.000000000000000000 ) ) ;
#1480 = CARTESIAN_POINT ( 'NONE',  ( -30.00000000000000711, 12.75000000000000000, 35.00000000000000000 ) ) ;
#1481 = ORIENTED_EDGE ( 'NONE', *, *, #1274, .T. ) ;
#1482 = AXIS2_PLACEMENT_3D ( 'NONE', #1824, #1651, #236 ) ;
#1483 = CARTESIAN_POINT ( 'NONE',  ( -30.00000000000000355, 10.75000000000000000, -30.00000000000001421 ) ) ;
#1484 = EDGE_CURVE ( 'NONE', #1904, #1882, #1353, .T. ) ;
#1485 = CARTESIAN_POINT ( 'NONE',  ( -32.00000000000000000, 10.75000000000000000, 30.41742430504416106 ) ) ;
#1486 = ORIENTED_EDGE ( 'NONE', *, *, #1623, .F. ) ;
#1487 = ORIENTED_EDGE ( 'NONE', *, *, #885, .T. ) ;
#1488 = VERTEX_POINT ( 'NONE', #147 ) ;
#1489 = ADVANCED_FACE ( 'NONE', ( #698 ), #1936, .F. ) ;
#1490 = PLANE ( 'NONE',  #378 ) ;
#1491 = CARTESIAN_POINT ( 'NONE',  ( -25.00000000000000355, 10.74999999999998579, 37.00000000000000000 ) ) ;
#1492 = DIRECTION ( 'NONE',  ( -0.000000000000000000, 1.000000000000000000, -0.000000000000000000 ) ) ;
#1493 = ORIENTED_EDGE ( 'NONE', *, *, #1172, .F. ) ;
#1494 = DIRECTION ( 'NONE',  ( 0.000000000000000000, 0.000000000000000000, -1.000000000000000000 ) ) ;
#1495 = CARTESIAN_POINT ( 'NONE',  ( -33.49999999999999289, 12.75000000000000000, -14.54472732120566292 ) ) ;
#1496 = ADVANCED_FACE ( 'NONE', ( #1343 ), #903, .T. ) ;
#1497 = ORIENTED_EDGE ( 'NONE', *, *, #1526, .F. ) ;
#1498 = ORIENTED_EDGE ( 'NONE', *, *, #508, .F. ) ;
#1499 = ORIENTED_EDGE ( 'NONE', *, *, #1782, .F. ) ;
#1500 = CARTESIAN_POINT ( 'NONE',  ( -35.01000000000000512, 10.75000000000000000, 39.99999999999998579 ) ) ;
#1501 = VECTOR ( 'NONE', #1294, 1000.000000000000000 ) ;
#1502 = AXIS2_PLACEMENT_3D ( 'NONE', #49, #843, #653 ) ;
#1503 = CARTESIAN_POINT ( 'NONE',  ( -23.49999999999999645, 12.75000000000000000, 38.50000000000000000 ) ) ;
#1504 = EDGE_CURVE ( 'NONE', #1535, #1844, #710, .T. ) ;
#1505 = VERTEX_POINT ( 'NONE', #1095 ) ;
#1506 = CARTESIAN_POINT ( 'NONE',  ( -23.50000000000000355, 16.75000000000000000, 37.00000000000000000 ) ) ;
#1507 = VERTEX_POINT ( 'NONE', #553 ) ;
#1508 = EDGE_CURVE ( 'NONE', #1323, #1916, #1544, .T. ) ;
#1509 = ORIENTED_EDGE ( 'NONE', *, *, #857, .T. ) ;
#1510 = ORIENTED_EDGE ( 'NONE', *, *, #2260, .F. ) ;
#1511 = CARTESIAN_POINT ( 'NONE',  ( -30.00000000000001066, 12.75000000000000000, -38.50000000000000711 ) ) ;
#1512 = ORIENTED_EDGE ( 'NONE', *, *, #1364, .F. ) ;
#1513 = VECTOR ( 'NONE', #281, 1000.000000000000000 ) ;
#1514 = DIRECTION ( 'NONE',  ( 1.982541115402065110E-16, 0.000000000000000000, 1.000000000000000000 ) ) ;
#1515 = DIRECTION ( 'NONE',  ( -0.000000000000000000, 0.000000000000000000, 1.000000000000000000 ) ) ;
#1516 = ORIENTED_EDGE ( 'NONE', *, *, #1013, .T. ) ;
#1517 = CARTESIAN_POINT ( 'NONE',  ( 18.00000000000000355, 12.04999999999999183, 38.49999999999999289 ) ) ;
#1518 = FACE_OUTER_BOUND ( 'NONE', #1746, .T. ) ;
#1519 = EDGE_CURVE ( 'NONE', #1882, #590, #2102, .T. ) ;
#1520 = DIRECTION ( 'NONE',  ( 2.312964634635743450E-16, -0.000000000000000000, 1.000000000000000000 ) ) ;
#1521 = VECTOR ( 'NONE', #940, 1000.000000000000000 ) ;
#1522 = ORIENTED_EDGE ( 'NONE', *, *, #2528, .F. ) ;
#1523 = VECTOR ( 'NONE', #583, 1000.000000000000000 ) ;
#1524 = EDGE_LOOP ( 'NONE', ( #901, #2054, #1833, #577 ) ) ;
#1525 = ORIENTED_EDGE ( 'NONE', *, *, #2050, .F. ) ;
#1526 = EDGE_CURVE ( 'NONE', #1844, #1164, #323, .T. ) ;
#1527 = DIRECTION ( 'NONE',  ( 0.000000000000000000, 0.000000000000000000, -1.000000000000000000 ) ) ;
#1528 = DIRECTION ( 'NONE',  ( 0.000000000000000000, 1.000000000000000000, 0.000000000000000000 ) ) ;
#1529 = VERTEX_POINT ( 'NONE', #2501 ) ;
#1530 = DIRECTION ( 'NONE',  ( 0.000000000000000000, 0.000000000000000000, 1.000000000000000000 ) ) ;
#1531 = DIRECTION ( 'NONE',  ( 0.000000000000000000, 1.000000000000000000, 0.000000000000000000 ) ) ;
#1532 = EDGE_CURVE ( 'NONE', #2273, #714, #916, .T. ) ;
#1533 = DIRECTION ( 'NONE',  ( 0.000000000000000000, 1.000000000000000000, 0.000000000000000000 ) ) ;
#1534 = ORIENTED_EDGE ( 'NONE', *, *, #1416, .F. ) ;
#1535 = VERTEX_POINT ( 'NONE', #2136 ) ;
#1536 = ORIENTED_EDGE ( 'NONE', *, *, #1734, .T. ) ;
#1537 = VECTOR ( 'NONE', #782, 1000.000000000000000 ) ;
#1538 = LINE ( 'NONE', #2329, #1361 ) ;
#1539 = PLANE ( 'NONE',  #1178 ) ;
#1540 = ADVANCED_FACE ( 'NONE', ( #1887 ), #161, .F. ) ;
#1541 = ORIENTED_EDGE ( 'NONE', *, *, #208, .T. ) ;
#1542 = AXIS2_PLACEMENT_3D ( 'NONE', #837, #679, #2450 ) ;
#1543 = DIRECTION ( 'NONE',  ( -0.000000000000000000, -1.000000000000000000, -0.000000000000000000 ) ) ;
#1544 = LINE ( 'NONE', #2126, #140 ) ;
#1545 = DIRECTION ( 'NONE',  ( 0.000000000000000000, 1.000000000000000000, 0.000000000000000000 ) ) ;
#1546 = DIRECTION ( 'NONE',  ( 0.000000000000000000, 0.000000000000000000, 1.000000000000000000 ) ) ;
#1547 = VERTEX_POINT ( 'NONE', #946 ) ;
#1548 = ORIENTED_EDGE ( 'NONE', *, *, #59, .T. ) ;
#1549 = ADVANCED_FACE ( 'NONE', ( #739, #1741 ), #1925, .F. ) ;
#1550 = ORIENTED_EDGE ( 'NONE', *, *, #1306, .F. ) ;
#1551 = CARTESIAN_POINT ( 'NONE',  ( 29.99999999999999645, 10.75000000000000000, -30.00000000000001776 ) ) ;
#1552 = CIRCLE ( 'NONE', #1594, 5.499999999999998224 ) ;
#1553 = CARTESIAN_POINT ( 'NONE',  ( 29.99999999999999645, 21.50000000000000000, 39.99999999999998579 ) ) ;
#1554 = FACE_OUTER_BOUND ( 'NONE', #1140, .T. ) ;
#1555 = DIRECTION ( 'NONE',  ( 2.312964634635743450E-16, -0.000000000000000000, 1.000000000000000000 ) ) ;
#1556 = EDGE_CURVE ( 'NONE', #1966, #859, #2281, .T. ) ;
#1557 = CARTESIAN_POINT ( 'NONE',  ( -23.50000000000000000, 10.75000000000000000, 39.99999999999998579 ) ) ;
#1558 = CARTESIAN_POINT ( 'NONE',  ( -30.00000000000000355, 0.000000000000000000, -35.00000000000000711 ) ) ;
#1559 = AXIS2_PLACEMENT_3D ( 'NONE', #2161, #2401, #384 ) ;
#1560 = ORIENTED_EDGE ( 'NONE', *, *, #1504, .T. ) ;
#1561 = AXIS2_PLACEMENT_3D ( 'NONE', #735, #489, #1527 ) ;
#1562 = ORIENTED_EDGE ( 'NONE', *, *, #327, .F. ) ;
#1563 = VERTEX_POINT ( 'NONE', #372 ) ;
#1564 = CIRCLE ( 'NONE', #774, 3.499999999999996003 ) ;
#1565 = EDGE_CURVE ( 'NONE', #641, #2367, #1765, .T. ) ;
#1566 = FACE_OUTER_BOUND ( 'NONE', #1774, .T. ) ;
#1567 = VECTOR ( 'NONE', #1543, 1000.000000000000000 ) ;
#1568 = CARTESIAN_POINT ( 'NONE',  ( -30.00000000000000711, 13.74999999999999822, 35.00000000000000000 ) ) ;
#1569 = DIRECTION ( 'NONE',  ( 0.000000000000000000, 0.000000000000000000, 1.000000000000000000 ) ) ;
#1570 = FACE_OUTER_BOUND ( 'NONE', #2338, .T. ) ;
#1571 = LINE ( 'NONE', #972, #2353 ) ;
#1572 = DIRECTION ( 'NONE',  ( 9.912705577010325549E-17, 0.000000000000000000, -1.000000000000000000 ) ) ;
#1573 = CARTESIAN_POINT ( 'NONE',  ( -23.49999999999999645, 12.75000000000000000, 38.50000000000000000 ) ) ;
#1574 = ORIENTED_EDGE ( 'NONE', *, *, #2325, .F. ) ;
#1575 = EDGE_CURVE ( 'NONE', #2340, #2491, #813, .T. ) ;
#1576 = ORIENTED_EDGE ( 'NONE', *, *, #1355, .T. ) ;
#1577 = ORIENTED_EDGE ( 'NONE', *, *, #2143, .F. ) ;
#1578 = DIRECTION ( 'NONE',  ( 0.000000000000000000, 1.000000000000000000, 0.000000000000000000 ) ) ;
#1579 = FACE_OUTER_BOUND ( 'NONE', #676, .T. ) ;
#1580 = DIRECTION ( 'NONE',  ( 2.312964634635743450E-16, -0.000000000000000000, 1.000000000000000000 ) ) ;
#1581 = CARTESIAN_POINT ( 'NONE',  ( 29.99999999999999645, 21.50000000000000000, -32.00000000000000711 ) ) ;
#1582 = AXIS2_PLACEMENT_3D ( 'NONE', #2169, #1977, #626 ) ;
#1583 = DIRECTION ( 'NONE',  ( 0.000000000000000000, 0.000000000000000000, 1.000000000000000000 ) ) ;
#1584 = DIRECTION ( 'NONE',  ( 0.000000000000000000, 0.000000000000000000, 1.000000000000000000 ) ) ;
#1585 = CARTESIAN_POINT ( 'NONE',  ( 7.500000000000000000, 10.75000000000000000, 36.99999999999999289 ) ) ;
#1586 = ORIENTED_EDGE ( 'NONE', *, *, #1575, .F. ) ;
#1587 = ADVANCED_FACE ( 'NONE', ( #361 ), #2361, .T. ) ;
#1588 = ORIENTED_EDGE ( 'NONE', *, *, #32, .T. ) ;
#1589 = EDGE_LOOP ( 'NONE', ( #379, #510, #1141, #548 ) ) ;
#1590 = FACE_OUTER_BOUND ( 'NONE', #1063, .T. ) ;
#1591 = PLANE ( 'NONE',  #1559 ) ;
#1592 = DIRECTION ( 'NONE',  ( 0.000000000000000000, -1.000000000000000000, 0.000000000000000000 ) ) ;
#1593 = DIRECTION ( 'NONE',  ( 0.000000000000000000, 0.000000000000000000, 1.000000000000000000 ) ) ;
#1594 = AXIS2_PLACEMENT_3D ( 'NONE', #1888, #1461, #111 ) ;
#1595 = EDGE_CURVE ( 'NONE', #2367, #2410, #1320, .T. ) ;
#1596 = CARTESIAN_POINT ( 'NONE',  ( -23.50000000000000355, 18.50000000000000000, 34.99999999999999289 ) ) ;
#1597 = DIRECTION ( 'NONE',  ( -0.000000000000000000, 0.000000000000000000, -1.000000000000000000 ) ) ;
#1598 = CARTESIAN_POINT ( 'NONE',  ( -30.00000000000000355, 12.75000000000000000, -35.00000000000000711 ) ) ;
#1599 = ORIENTED_EDGE ( 'NONE', *, *, #1719, .F. ) ;
#1600 = VECTOR ( 'NONE', #1572, 1000.000000000000000 ) ;
#1601 = ORIENTED_EDGE ( 'NONE', *, *, #779, .T. ) ;
#1602 = ORIENTED_EDGE ( 'NONE', *, *, #456, .F. ) ;
#1603 = UNCERTAINTY_MEASURE_WITH_UNIT (LENGTH_MEASURE( 1.000000000000000082E-05 ), #428, 'distance_accuracy_value', 'NONE');
#1604 = AXIS2_PLACEMENT_3D ( 'NONE', #1069, #1861, #1261 ) ;
#1605 = FACE_OUTER_BOUND ( 'NONE', #115, .T. ) ;
#1606 = CARTESIAN_POINT ( 'NONE',  ( 29.99999999999999645, 12.75000000000000000, 34.99999999999999289 ) ) ;
#1607 = VECTOR ( 'NONE', #1865, 1000.000000000000000 ) ;
#1608 = VECTOR ( 'NONE', #2375, 1000.000000000000000 ) ;
#1609 = CARTESIAN_POINT ( 'NONE',  ( -23.50000000000000355, 10.74999999999998579, 34.99999999999999289 ) ) ;
#1610 = LINE ( 'NONE', #2429, #2228 ) ;
#1611 = DIRECTION ( 'NONE',  ( 1.000000000000000000, 0.000000000000000000, 0.000000000000000000 ) ) ;
#1612 = LINE ( 'NONE', #214, #119 ) ;
#1613 = CARTESIAN_POINT ( 'NONE',  ( 8.999999999999998224, 5.749999999999999112, 34.99999999999999289 ) ) ;
#1614 = CARTESIAN_POINT ( 'NONE',  ( 29.99999999999999645, 21.50000000000000000, -35.00000000000000711 ) ) ;
#1615 = AXIS2_PLACEMENT_3D ( 'NONE', #1638, #1394, #1409 ) ;
#1616 = ORIENTED_EDGE ( 'NONE', *, *, #2504, .F. ) ;
#1617 = ORIENTED_EDGE ( 'NONE', *, *, #1474, .F. ) ;
#1618 = ORIENTED_EDGE ( 'NONE', *, *, #2089, .T. ) ;
#1619 = DIRECTION ( 'NONE',  ( 0.000000000000000000, -1.000000000000000000, 0.000000000000000000 ) ) ;
#1620 = CYLINDRICAL_SURFACE ( 'NONE', #2120, 3.000000000000002665 ) ;
#1621 =( NAMED_UNIT ( * ) PLANE_ANGLE_UNIT ( ) SI_UNIT ( $, .RADIAN. ) );
#1622 = LINE ( 'NONE', #87, #856 ) ;
#1623 = EDGE_CURVE ( 'NONE', #2320, #2097, #1358, .T. ) ;
#1624 = CARTESIAN_POINT ( 'NONE',  ( 34.99999999999999289, 12.75000000000000000, 39.99999999999998579 ) ) ;
#1625 = CARTESIAN_POINT ( 'NONE',  ( -30.00000000000001066, 12.75000000000000000, -38.50000000000000711 ) ) ;
#1626 = DIRECTION ( 'NONE',  ( 0.000000000000000000, -1.000000000000000000, 0.000000000000000000 ) ) ;
#1627 = CIRCLE ( 'NONE', #2455, 4.999999999999997335 ) ;
#1628 = DIRECTION ( 'NONE',  ( -0.000000000000000000, 1.000000000000000000, -0.000000000000000000 ) ) ;
#1629 = ORIENTED_EDGE ( 'NONE', *, *, #2360, .T. ) ;
#1630 = AXIS2_PLACEMENT_3D ( 'NONE', #1598, #855, #1657 ) ;
#1631 = ORIENTED_EDGE ( 'NONE', *, *, #587, .F. ) ;
#1632 = ORIENTED_EDGE ( 'NONE', *, *, #85, .T. ) ;
#1633 = PRODUCT_DEFINITION_CONTEXT ( 'detailed design', #391, 'design' ) ;
#1634 = CARTESIAN_POINT ( 'NONE',  ( 29.99999999999999645, 21.50000000000000000, 39.99999999999998579 ) ) ;
#1635 = CARTESIAN_POINT ( 'NONE',  ( 29.99999999999999645, 2.264718625761417137, 34.99999999999999289 ) ) ;
#1636 = CARTESIAN_POINT ( 'NONE',  ( 29.99999999999999645, 10.75000000000000000, 34.99999999999999289 ) ) ;
#1637 = CARTESIAN_POINT ( 'NONE',  ( 29.99999999999999645, 12.75000000000000000, -35.00000000000000711 ) ) ;
#1638 = CARTESIAN_POINT ( 'NONE',  ( -33.49999999999999289, 12.04999999999999183, -20.00000000000000355 ) ) ;
#1639 = CARTESIAN_POINT ( 'NONE',  ( 33.49999999999999289, 12.75000000000000000, 34.99999999999999289 ) ) ;
#1640 = DIRECTION ( 'NONE',  ( 0.000000000000000000, 0.000000000000000000, 1.000000000000000000 ) ) ;
#1641 = VECTOR ( 'NONE', #481, 1000.000000000000000 ) ;
#1642 = LINE ( 'NONE', #1413, #2492 ) ;
#1643 = CIRCLE ( 'NONE', #220, 4.999999999999993783 ) ;
#1644 = EDGE_CURVE ( 'NONE', #845, #2035, #1210, .T. ) ;
#1645 = VECTOR ( 'NONE', #1729, 1000.000000000000000 ) ;
#1646 = ORIENTED_EDGE ( 'NONE', *, *, #2242, .T. ) ;
#1647 = ORIENTED_EDGE ( 'NONE', *, *, #1306, .T. ) ;
#1648 = DIRECTION ( 'NONE',  ( 2.312964634635743450E-16, -0.000000000000000000, 1.000000000000000000 ) ) ;
#1649 = EDGE_CURVE ( 'NONE', #2316, #2506, #1379, .T. ) ;
#1650 = LINE ( 'NONE', #1468, #455 ) ;
#1651 = DIRECTION ( 'NONE',  ( -1.982541115402065110E-16, 0.000000000000000000, -1.000000000000000000 ) ) ;
#1652 = AXIS2_PLACEMENT_3D ( 'NONE', #1754, #1365, #2539 ) ;
#1653 = LINE ( 'NONE', #2074, #2403 ) ;
#1654 = AXIS2_PLACEMENT_3D ( 'NONE', #1625, #1251, #2222 ) ;
#1655 = CIRCLE ( 'NONE', #1985, 5.000000000000000888 ) ;
#1656 = CARTESIAN_POINT ( 'NONE',  ( 7.499999999999998224, -29.77468383590426271, 31.99999999999999289 ) ) ;
#1657 = DIRECTION ( 'NONE',  ( 0.000000000000000000, 0.000000000000000000, -1.000000000000000000 ) ) ;
#1658 = ORIENTED_EDGE ( 'NONE', *, *, #2276, .F. ) ;
#1659 = EDGE_CURVE ( 'NONE', #1882, #1505, #1817, .T. ) ;
#1660 = ORIENTED_EDGE ( 'NONE', *, *, #78, .F. ) ;
#1661 = CARTESIAN_POINT ( 'NONE',  ( -23.50000000000000355, -29.77468383590426271, 31.99999999999999289 ) ) ;
#1662 = DIRECTION ( 'NONE',  ( 0.000000000000000000, 0.000000000000000000, -1.000000000000000000 ) ) ;
#1663 = PLANE ( 'NONE',  #2348 ) ;
#1664 = CARTESIAN_POINT ( 'NONE',  ( 29.99999999999999645, 2.264718625761417137, 31.99999999999999289 ) ) ;
#1665 = ADVANCED_FACE ( 'NONE', ( #1554 ), #568, .T. ) ;
#1666 = FACE_OUTER_BOUND ( 'NONE', #991, .T. ) ;
#1667 = EDGE_CURVE ( 'NONE', #322, #1745, #1159, .T. ) ;
#1668 = EDGE_LOOP ( 'NONE', ( #2211, #2213, #2478, #535 ) ) ;
#1669 = ORIENTED_EDGE ( 'NONE', *, *, #1782, .T. ) ;
#1670 = AXIS2_PLACEMENT_3D ( 'NONE', #1500, #130, #316 ) ;
#1671 = ORIENTED_EDGE ( 'NONE', *, *, #2481, .F. ) ;
#1672 = CARTESIAN_POINT ( 'NONE',  ( -35.00000000000000000, 21.50000000000000000, -35.00000000000000711 ) ) ;
#1673 = DIRECTION ( 'NONE',  ( 0.000000000000000000, 0.000000000000000000, -1.000000000000000000 ) ) ;
#1674 = LINE ( 'NONE', #1664, #775 ) ;
#1675 = VERTEX_POINT ( 'NONE', #171 ) ;
#1676 = DIRECTION ( 'NONE',  ( 0.000000000000000000, 0.000000000000000000, 1.000000000000000000 ) ) ;
#1677 = FACE_OUTER_BOUND ( 'NONE', #1268, .T. ) ;
#1678 = CARTESIAN_POINT ( 'NONE',  ( -30.00000000000000355, 18.50000000000000000, -30.00000000000001421 ) ) ;
#1679 = EDGE_CURVE ( 'NONE', #713, #2411, #2191, .T. ) ;
#1680 = VERTEX_POINT ( 'NONE', #30 ) ;
#1681 = ORIENTED_EDGE ( 'NONE', *, *, #1791, .T. ) ;
#1682 = ORIENTED_EDGE ( 'NONE', *, *, #802, .F. ) ;
#1683 = DIRECTION ( 'NONE',  ( 0.000000000000000000, -0.000000000000000000, -1.000000000000000000 ) ) ;
#1684 = AXIS2_PLACEMENT_3D ( 'NONE', #2379, #2031, #1435 ) ;
#1685 = LINE ( 'NONE', #2290, #523 ) ;
#1686 = CARTESIAN_POINT ( 'NONE',  ( 33.49999999999999289, 12.75000000000000000, -35.00000000000000711 ) ) ;
#1687 = EDGE_CURVE ( 'NONE', #2367, #2092, #1958, .T. ) ;
#1688 = ORIENTED_EDGE ( 'NONE', *, *, #1565, .T. ) ;
#1689 = VECTOR ( 'NONE', #118, 1000.000000000000000 ) ;
#1690 = FACE_OUTER_BOUND ( 'NONE', #1934, .T. ) ;
#1691 = AXIS2_PLACEMENT_3D ( 'NONE', #1975, #375, #19 ) ;
#1692 = CIRCLE ( 'NONE', #944, 1.000000000000000888 ) ;
#1693 = VERTEX_POINT ( 'NONE', #1183 ) ;
#1694 = ORIENTED_EDGE ( 'NONE', *, *, #675, .F. ) ;
#1695 = ORIENTED_EDGE ( 'NONE', *, *, #2219, .T. ) ;
#1696 = DIRECTION ( 'NONE',  ( 0.000000000000000000, 0.000000000000000000, 1.000000000000000000 ) ) ;
#1697 = FACE_OUTER_BOUND ( 'NONE', #869, .T. ) ;
#1698 = LINE ( 'NONE', #707, #1056 ) ;
#1699 = ORIENTED_EDGE ( 'NONE', *, *, #802, .T. ) ;
#1700 = ADVANCED_FACE ( 'NONE', ( #385 ), #415, .F. ) ;
#1701 = CARTESIAN_POINT ( 'NONE',  ( -30.00000000000000711, 0.000000000000000000, 35.00000000000000000 ) ) ;
#1702 = CARTESIAN_POINT ( 'NONE',  ( -30.00000000000000711, 21.50000000000000000, -40.00000000000000000 ) ) ;
#1703 = ORIENTED_EDGE ( 'NONE', *, *, #2434, .T. ) ;
#1704 = ORIENTED_EDGE ( 'NONE', *, *, #26, .T. ) ;
#1705 = ORIENTED_EDGE ( 'NONE', *, *, #9, .T. ) ;
#1706 = DIRECTION ( 'NONE',  ( 0.000000000000000000, 0.000000000000000000, 1.000000000000000000 ) ) ;
#1707 = CIRCLE ( 'NONE', #99, 1.000000000000000888 ) ;
#1708 = ORIENTED_EDGE ( 'NONE', *, *, #2112, .F. ) ;
#1709 = VECTOR ( 'NONE', #516, 1000.000000000000000 ) ;
#1710 = EDGE_CURVE ( 'NONE', #497, #888, #1780, .T. ) ;
#1711 = CARTESIAN_POINT ( 'NONE',  ( -23.50000000000000355, 18.50000000000000000, 31.99999999999999289 ) ) ;
#1712 = DIRECTION ( 'NONE',  ( 0.000000000000000000, -0.000000000000000000, 1.000000000000000000 ) ) ;
#1713 = ORIENTED_EDGE ( 'NONE', *, *, #2516, .T. ) ;
#1714 = AXIS2_PLACEMENT_3D ( 'NONE', #799, #396, #1790 ) ;
#1715 = CARTESIAN_POINT ( 'NONE',  ( -30.00000000000000711, 2.264718625761417137, 38.00000000000000711 ) ) ;
#1716 = CARTESIAN_POINT ( 'NONE',  ( 29.99999999999999645, 0.000000000000000000, -35.00000000000000711 ) ) ;
#1717 = EDGE_LOOP ( 'NONE', ( #536, #2437 ) ) ;
#1718 = ORIENTED_EDGE ( 'NONE', *, *, #1406, .T. ) ;
#1719 = EDGE_CURVE ( 'NONE', #1904, #2411, #1197, .T. ) ;
#1720 = ORIENTED_EDGE ( 'NONE', *, *, #2516, .F. ) ;
#1721 = ORIENTED_EDGE ( 'NONE', *, *, #857, .F. ) ;
#1722 = AXIS2_PLACEMENT_3D ( 'NONE', #763, #2127, #1147 ) ;
#1723 = PLANE ( 'NONE',  #1445 ) ;
#1724 = PLANE ( 'NONE',  #348 ) ;
#1725 = ADVANCED_FACE ( 'NONE', ( #2404, #1793 ), #800, .F. ) ;
#1726 = EDGE_LOOP ( 'NONE', ( #2093, #1188, #1154, #465, #330 ) ) ;
#1727 = FACE_OUTER_BOUND ( 'NONE', #821, .T. ) ;
#1728 = CARTESIAN_POINT ( 'NONE',  ( -35.01000000000000512, 10.75000000000000000, 39.99999999999998579 ) ) ;
#1729 = DIRECTION ( 'NONE',  ( 1.000000000000000000, 0.000000000000000000, -9.912705577010325549E-17 ) ) ;
#1730 = FACE_BOUND ( 'NONE', #291, .T. ) ;
#1731 = CIRCLE ( 'NONE', #608, 3.499999999999996003 ) ;
#1732 = ORIENTED_EDGE ( 'NONE', *, *, #78, .T. ) ;
#1733 = VECTOR ( 'NONE', #2216, 1000.000000000000000 ) ;
#1734 = EDGE_CURVE ( 'NONE', #322, #2458, #1610, .T. ) ;
#1735 = ORIENTED_EDGE ( 'NONE', *, *, #2546, .F. ) ;
#1736 = AXIS2_PLACEMENT_3D ( 'NONE', #1195, #566, #957 ) ;
#1737 = CARTESIAN_POINT ( 'NONE',  ( 33.49999999999999289, 10.75000000000000000, -35.00000000000000711 ) ) ;
#1738 = FACE_OUTER_BOUND ( 'NONE', #146, .T. ) ;
#1739 = VERTEX_POINT ( 'NONE', #265 ) ;
#1740 = CARTESIAN_POINT ( 'NONE',  ( -32.00000000000000000, 0.000000000000000000, -30.41742430504417172 ) ) ;
#1741 = FACE_BOUND ( 'NONE', #1717, .T. ) ;
#1742 = DIRECTION ( 'NONE',  ( 0.000000000000000000, 0.000000000000000000, -1.000000000000000000 ) ) ;
#1743 = ADVANCED_FACE ( 'NONE', ( #251 ), #2049, .F. ) ;
#1744 = DIRECTION ( 'NONE',  ( 0.000000000000000000, 1.000000000000000000, 0.000000000000000000 ) ) ;
#1745 = VERTEX_POINT ( 'NONE', #1872 ) ;
#1746 = EDGE_LOOP ( 'NONE', ( #1681, #602 ) ) ;
#1747 = ORIENTED_EDGE ( 'NONE', *, *, #223, .T. ) ;
#1748 = AXIS2_PLACEMENT_3D ( 'NONE', #863, #1466, #104 ) ;
#1749 = CARTESIAN_POINT ( 'NONE',  ( 25.41742430504415395, 10.75000000000000000, 36.99999999999998579 ) ) ;
#1750 = LINE ( 'NONE', #1503, #2218 ) ;
#1751 = EDGE_CURVE ( 'NONE', #41, #1219, #58, .T. ) ;
#1752 = AXIS2_PLACEMENT_3D ( 'NONE', #1701, #1124, #2487 ) ;
#1753 = CARTESIAN_POINT ( 'NONE',  ( 29.99999999999999645, 13.74999999999999822, 34.99999999999999289 ) ) ;
#1754 = CARTESIAN_POINT ( 'NONE',  ( -3.469446951953614189E-15, 12.75000000000000000, -3.469446951953614189E-15 ) ) ;
#1755 = LINE ( 'NONE', #2502, #1148 ) ;
#1756 = DIRECTION ( 'NONE',  ( 0.000000000000000000, 0.000000000000000000, 1.000000000000000000 ) ) ;
#1757 = DIRECTION ( 'NONE',  ( 0.000000000000000000, -0.000000000000000000, -1.000000000000000000 ) ) ;
#1758 = ORIENTED_EDGE ( 'NONE', *, *, #303, .T. ) ;
#1759 = ADVANCED_FACE ( 'NONE', ( #1849 ), #2234, .T. ) ;
#1760 = ORIENTED_EDGE ( 'NONE', *, *, #135, .F. ) ;
#1761 = VERTEX_POINT ( 'NONE', #864 ) ;
#1762 = CARTESIAN_POINT ( 'NONE',  ( 33.49999999999999289, 10.75000000000000000, 34.99999999999999289 ) ) ;
#1763 = VECTOR ( 'NONE', #971, 1000.000000000000000 ) ;
#1764 = CARTESIAN_POINT ( 'NONE',  ( 29.99999999999999645, 21.50000000000000000, -38.00000000000001421 ) ) ;
#1765 = LINE ( 'NONE', #2346, #2438 ) ;
#1766 = EDGE_CURVE ( 'NONE', #794, #436, #565, .T. ) ;
#1767 = CARTESIAN_POINT ( 'NONE',  ( -32.00000000000000000, 12.04999999999999183, -20.00000000000000355 ) ) ;
#1768 = VECTOR ( 'NONE', #2364, 1000.000000000000000 ) ;
#1769 = DIRECTION ( 'NONE',  ( -0.000000000000000000, -0.000000000000000000, 1.000000000000000000 ) ) ;
#1770 = CARTESIAN_POINT ( 'NONE',  ( 29.99999999999999645, 21.50000000000000000, -35.00000000000000711 ) ) ;
#1771 = LINE ( 'NONE', #2365, #1537 ) ;
#1772 = VERTEX_POINT ( 'NONE', #2027 ) ;
#1773 = VECTOR ( 'NONE', #759, 1000.000000000000000 ) ;
#1774 = EDGE_LOOP ( 'NONE', ( #1099, #1950, #1688, #822 ) ) ;
#1775 = ORIENTED_EDGE ( 'NONE', *, *, #296, .T. ) ;
#1776 = AXIS2_PLACEMENT_3D ( 'NONE', #403, #1200, #1224 ) ;
#1777 = EDGE_CURVE ( 'NONE', #1788, #719, #1622, .T. ) ;
#1778 = DIRECTION ( 'NONE',  ( 0.000000000000000000, 0.000000000000000000, 1.000000000000000000 ) ) ;
#1779 = DIRECTION ( 'NONE',  ( 0.000000000000000000, 0.000000000000000000, -1.000000000000000000 ) ) ;
#1780 = LINE ( 'NONE', #594, #2184 ) ;
#1781 = CARTESIAN_POINT ( 'NONE',  ( 8.999999999999998224, -29.77468383590426271, 34.99999999999999289 ) ) ;
#1782 = EDGE_CURVE ( 'NONE', #2033, #730, #1041, .T. ) ;
#1783 = CARTESIAN_POINT ( 'NONE',  ( -30.00000000000000355, 0.000000000000000000, -30.00000000000001421 ) ) ;
#1784 = CARTESIAN_POINT ( 'NONE',  ( 7.499999999999998224, 18.50000000000000000, 34.99999999999999289 ) ) ;
#1785 = DIRECTION ( 'NONE',  ( 0.000000000000000000, 0.000000000000000000, 1.000000000000000000 ) ) ;
#1786 = VERTEX_POINT ( 'NONE', #442 ) ;
#1787 = VERTEX_POINT ( 'NONE', #458 ) ;
#1788 = VERTEX_POINT ( 'NONE', #1081 ) ;
#1789 = CYLINDRICAL_SURFACE ( 'NONE', #402, 4.999999999999997335 ) ;
#1790 = DIRECTION ( 'NONE',  ( 0.000000000000000000, 0.000000000000000000, 1.000000000000000000 ) ) ;
#1791 = EDGE_CURVE ( 'NONE', #53, #1034, #2553, .T. ) ;
#1792 = LINE ( 'NONE', #371, #1119 ) ;
#1793 = FACE_BOUND ( 'NONE', #2305, .T. ) ;
#1794 = CARTESIAN_POINT ( 'NONE',  ( 7.499999999999998224, 18.50000000000000000, 31.99999999999999289 ) ) ;
#1795 = VECTOR ( 'NONE', #70, 1000.000000000000000 ) ;
#1796 = DIRECTION ( 'NONE',  ( 0.000000000000000000, 1.000000000000000000, -0.000000000000000000 ) ) ;
#1797 = FACE_OUTER_BOUND ( 'NONE', #102, .T. ) ;
#1798 = LINE ( 'NONE', #830, #1295 ) ;
#1799 = ORIENTED_EDGE ( 'NONE', *, *, #287, .T. ) ;
#1800 = VERTEX_POINT ( 'NONE', #1249 ) ;
#1801 = CIRCLE ( 'NONE', #2538, 3.000000000000002665 ) ;
#1802 = ADVANCED_FACE ( 'NONE', ( #1025 ), #1663, .F. ) ;
#1803 = ORIENTED_EDGE ( 'NONE', *, *, #122, .F. ) ;
#1804 = CARTESIAN_POINT ( 'NONE',  ( 29.99999999999999645, 12.75000000000000000, -35.00000000000000711 ) ) ;
#1805 = DIRECTION ( 'NONE',  ( 1.000000000000000000, -0.000000000000000000, 0.000000000000000000 ) ) ;
#1806 = DIRECTION ( 'NONE',  ( 0.000000000000000000, 0.000000000000000000, 1.000000000000000000 ) ) ;
#1807 = DIRECTION ( 'NONE',  ( 0.000000000000000000, -0.000000000000000000, -1.000000000000000000 ) ) ;
#1808 = FACE_OUTER_BOUND ( 'NONE', #656, .T. ) ;
#1809 = ADVANCED_FACE ( 'NONE', ( #1054 ), #2461, .F. ) ;
#1810 = SURFACE_STYLE_USAGE ( .BOTH. , #1014 ) ;
#1811 = DIRECTION ( 'NONE',  ( 0.000000000000000000, 0.000000000000000000, -1.000000000000000000 ) ) ;
#1812 = PLANE ( 'NONE',  #13 ) ;
#1813 = ORIENTED_EDGE ( 'NONE', *, *, #630, .F. ) ;
#1814 = VECTOR ( 'NONE', #2432, 1000.000000000000000 ) ;
#1815 = VERTEX_POINT ( 'NONE', #2441 ) ;
#1816 = ORIENTED_EDGE ( 'NONE', *, *, #2236, .F. ) ;
#1817 = CIRCLE ( 'NONE', #936, 4.999999999999997335 ) ;
#1818 = LINE ( 'NONE', #426, #1028 ) ;
#1819 = DIRECTION ( 'NONE',  ( -0.000000000000000000, 1.000000000000000000, -0.000000000000000000 ) ) ;
#1820 = AXIS2_PLACEMENT_3D ( 'NONE', #62, #841, #1471 ) ;
#1821 = AXIS2_PLACEMENT_3D ( 'NONE', #400, #2221, #790 ) ;
#1822 =( NAMED_UNIT ( * ) SI_UNIT ( $, .STERADIAN. ) SOLID_ANGLE_UNIT ( ) );
#1823 = AXIS2_PLACEMENT_3D ( 'NONE', #1342, #345, #1676 ) ;
#1824 = CARTESIAN_POINT ( 'NONE',  ( 34.99999999999999289, 21.50000000000000000, 39.99999999999998579 ) ) ;
#1825 = CYLINDRICAL_SURFACE ( 'NONE', #530, 2.999999999999995559 ) ;
#1826 = FACE_OUTER_BOUND ( 'NONE', #1589, .T. ) ;
#1827 = LINE ( 'NONE', #598, #2019 ) ;
#1828 = CARTESIAN_POINT ( 'NONE',  ( -23.50000000000000355, 12.75000000000000000, 40.00000000000000000 ) ) ;
#1829 = VECTOR ( 'NONE', #839, 1000.000000000000000 ) ;
#1830 = ORIENTED_EDGE ( 'NONE', *, *, #122, .T. ) ;
#1831 = ADVANCED_FACE ( 'NONE', ( #662 ), #95, .T. ) ;
#1832 = EDGE_CURVE ( 'NONE', #2106, #2171, #1152, .T. ) ;
#1833 = ORIENTED_EDGE ( 'NONE', *, *, #1777, .T. ) ;
#1834 = ORIENTED_EDGE ( 'NONE', *, *, #192, .T. ) ;
#1835 = DIRECTION ( 'NONE',  ( 0.000000000000000000, 0.000000000000000000, 1.000000000000000000 ) ) ;
#1836 = DIRECTION ( 'NONE',  ( -0.000000000000000000, 1.000000000000000000, -0.000000000000000000 ) ) ;
#1837 = DIRECTION ( 'NONE',  ( -0.000000000000000000, 0.000000000000000000, 1.000000000000000000 ) ) ;
#1838 = CARTESIAN_POINT ( 'NONE',  ( 13.17195691817067882, 10.75000000000000000, 38.50000000000000000 ) ) ;
#1839 = LINE ( 'NONE', #1450, #1607 ) ;
#1840 = PLANE ( 'NONE',  #560 ) ;
#1841 = AXIS2_PLACEMENT_3D ( 'NONE', #2084, #646, #1102 ) ;
#1842 = DIRECTION ( 'NONE',  ( 0.000000000000000000, 0.000000000000000000, -1.000000000000000000 ) ) ;
#1843 = EDGE_LOOP ( 'NONE', ( #1995, #1735 ) ) ;
#1844 = VERTEX_POINT ( 'NONE', #469 ) ;
#1845 = ADVANCED_FACE ( 'NONE', ( #476 ), #2254, .F. ) ;
#1846 = ORIENTED_EDGE ( 'NONE', *, *, #467, .T. ) ;
#1847 = LINE ( 'NONE', #1672, #709 ) ;
#1848 = CARTESIAN_POINT ( 'NONE',  ( 29.99999999999999645, 13.74999999999999822, -35.00000000000000711 ) ) ;
#1849 = FACE_OUTER_BOUND ( 'NONE', #1319, .T. ) ;
#1850 = LINE ( 'NONE', #2051, #2558 ) ;
#1851 = AXIS2_PLACEMENT_3D ( 'NONE', #1157, #956, #1363 ) ;
#1852 = EDGE_CURVE ( 'NONE', #1745, #2033, #687, .T. ) ;
#1853 = DIRECTION ( 'NONE',  ( -1.000000000000000000, 0.000000000000000000, 1.982541115402065110E-16 ) ) ;
#1854 = DIRECTION ( 'NONE',  ( -0.000000000000000000, 1.000000000000000000, -0.000000000000000000 ) ) ;
#1855 = AXIS2_PLACEMENT_3D ( 'NONE', #1767, #2552, #1366 ) ;
#1856 = DIRECTION ( 'NONE',  ( 0.000000000000000000, 0.000000000000000000, -1.000000000000000000 ) ) ;
#1857 = EDGE_LOOP ( 'NONE', ( #745, #1387, #844, #993 ) ) ;
#1858 = ORIENTED_EDGE ( 'NONE', *, *, #258, .T. ) ;
#1859 = CARTESIAN_POINT ( 'NONE',  ( 34.99999999999999289, 12.75000000000000000, 34.99999999999999289 ) ) ;
#1860 = EDGE_CURVE ( 'NONE', #92, #1761, #2220, .T. ) ;
#1861 = DIRECTION ( 'NONE',  ( -0.000000000000000000, 1.000000000000000000, -0.000000000000000000 ) ) ;
#1862 = AXIS2_PLACEMENT_3D ( 'NONE', #1271, #681, #45 ) ;
#1863 = CYLINDRICAL_SURFACE ( 'NONE', #341, 5.000000000000000888 ) ;
#1864 = AXIS2_PLACEMENT_3D ( 'NONE', #169, #2160, #746 ) ;
#1865 = DIRECTION ( 'NONE',  ( -1.000000000000000000, -0.000000000000000000, -0.000000000000000000 ) ) ;
#1866 = CARTESIAN_POINT ( 'NONE',  ( -30.00000000000000711, 2.264718625761417137, 35.00000000000000000 ) ) ;
#1867 = EDGE_CURVE ( 'NONE', #1547, #976, #117, .T. ) ;
#1868 = ORIENTED_EDGE ( 'NONE', *, *, #2434, .F. ) ;
#1869 = VERTEX_POINT ( 'NONE', #2318 ) ;
#1870 = ORIENTED_EDGE ( 'NONE', *, *, #1216, .T. ) ;
#1871 = LINE ( 'NONE', #1661, #1004 ) ;
#1872 = CARTESIAN_POINT ( 'NONE',  ( 31.99999999999999289, 10.75000000000000000, 30.41742430504414685 ) ) ;
#1873 = CARTESIAN_POINT ( 'NONE',  ( 11.99999999999999645, 5.749999999999999112, 31.99999999999999289 ) ) ;
#1874 = EDGE_CURVE ( 'NONE', #2398, #2397, #306, .T. ) ;
#1875 = CARTESIAN_POINT ( 'NONE',  ( 34.99999999999999289, 10.75000000000000000, 36.99999999999998579 ) ) ;
#1876 = CARTESIAN_POINT ( 'NONE',  ( 11.99999999999999645, 10.75000000000000000, 36.79999999999999005 ) ) ;
#1877 = VECTOR ( 'NONE', #703, 1000.000000000000000 ) ;
#1878 = ORIENTED_EDGE ( 'NONE', *, *, #1459, .F. ) ;
#1879 = VERTEX_POINT ( 'NONE', #1896 ) ;
#1880 = AXIS2_PLACEMENT_3D ( 'NONE', #1517, #890, #346 ) ;
#1881 = EDGE_CURVE ( 'NONE', #733, #1547, #1329, .T. ) ;
#1882 = VERTEX_POINT ( 'NONE', #925 ) ;
#1883 = DIRECTION ( 'NONE',  ( 0.000000000000000000, 1.000000000000000000, 0.000000000000000000 ) ) ;
#1884 = CARTESIAN_POINT ( 'NONE',  ( 8.999999999999998224, -29.77468383590426271, 37.00000000000000000 ) ) ;
#1885 = DIRECTION ( 'NONE',  ( -0.000000000000000000, 1.000000000000000000, -0.000000000000000000 ) ) ;
#1886 = ORIENTED_EDGE ( 'NONE', *, *, #1997, .F. ) ;
#1887 = FACE_OUTER_BOUND ( 'NONE', #744, .T. ) ;
#1888 = CARTESIAN_POINT ( 'NONE',  ( -32.00000000000000000, 12.04999999999999183, -20.00000000000000355 ) ) ;
#1889 = AXIS2_PLACEMENT_3D ( 'NONE', #34, #1044, #804 ) ;
#1890 = ORIENTED_EDGE ( 'NONE', *, *, #1832, .F. ) ;
#1891 = ORIENTED_EDGE ( 'NONE', *, *, #1074, .T. ) ;
#1892 = ORIENTED_EDGE ( 'NONE', *, *, #1881, .F. ) ;
#1893 = AXIS2_PLACEMENT_3D ( 'NONE', #1928, #1744, #364 ) ;
#1894 = DIRECTION ( 'NONE',  ( 0.000000000000000000, 0.000000000000000000, -1.000000000000000000 ) ) ;
#1895 = EDGE_CURVE ( 'NONE', #2097, #1002, #2509, .T. ) ;
#1896 = CARTESIAN_POINT ( 'NONE',  ( -33.49999999999999289, 12.75000000000000000, -25.45527267879434419 ) ) ;
#1897 = DIRECTION ( 'NONE',  ( -6.938893903907242183E-16, 0.000000000000000000, -1.000000000000000000 ) ) ;
#1898 = ORIENTED_EDGE ( 'NONE', *, *, #1906, .T. ) ;
#1899 = VECTOR ( 'NONE', #1168, 1000.000000000000000 ) ;
#1900 = CYLINDRICAL_SURFACE ( 'NONE', #380, 1.000000000000000888 ) ;
#1901 = AXIS2_PLACEMENT_3D ( 'NONE', #955, #1578, #1986 ) ;
#1902 = CIRCLE ( 'NONE', #902, 3.499999999999996003 ) ;
#1903 = CIRCLE ( 'NONE', #124, 1.000000000000000888 ) ;
#1904 = VERTEX_POINT ( 'NONE', #2265 ) ;
#1905 = ORIENTED_EDGE ( 'NONE', *, *, #2212, .F. ) ;
#1906 = EDGE_CURVE ( 'NONE', #923, #1488, #1938, .T. ) ;
#1907 = EDGE_LOOP ( 'NONE', ( #2131, #1177, #879, #785, #1799, #552 ) ) ;
#1908 = CARTESIAN_POINT ( 'NONE',  ( 29.99999999999999645, 0.000000000000000000, 34.99999999999999289 ) ) ;
#1909 = EDGE_LOOP ( 'NONE', ( #1087, #1359 ) ) ;
#1910 = DIRECTION ( 'NONE',  ( -9.912705577010325549E-17, 0.000000000000000000, 1.000000000000000000 ) ) ;
#1911 = CARTESIAN_POINT ( 'NONE',  ( 29.99999999999999645, 10.75000000000000000, 38.49999999999998579 ) ) ;
#1912 = ORIENTED_EDGE ( 'NONE', *, *, #287, .F. ) ;
#1913 = DIRECTION ( 'NONE',  ( -0.000000000000000000, 1.000000000000000000, -0.000000000000000000 ) ) ;
#1914 = FACE_OUTER_BOUND ( 'NONE', #2105, .T. ) ;
#1915 = ORIENTED_EDGE ( 'NONE', *, *, #267, .F. ) ;
#1916 = VERTEX_POINT ( 'NONE', #1286 ) ;
#1917 = VERTEX_POINT ( 'NONE', #1932 ) ;
#1918 = EDGE_CURVE ( 'NONE', #590, #2411, #1685, .T. ) ;
#1919 = DIRECTION ( 'NONE',  ( 0.000000000000000000, 0.000000000000000000, -1.000000000000000000 ) ) ;
#1920 = VECTOR ( 'NONE', #1242, 1000.000000000000000 ) ;
#1921 = ORIENTED_EDGE ( 'NONE', *, *, #166, .T. ) ;
#1922 = DIRECTION ( 'NONE',  ( -0.000000000000000000, -0.000000000000000000, 1.000000000000000000 ) ) ;
#1923 = DIRECTION ( 'NONE',  ( -0.000000000000000000, 1.000000000000000000, -0.000000000000000000 ) ) ;
#1924 = EDGE_LOOP ( 'NONE', ( #2467, #2302, #2068, #272 ) ) ;
#1925 = PLANE ( 'NONE',  #712 ) ;
#1926 = CARTESIAN_POINT ( 'NONE',  ( 29.99999999999999645, 0.000000000000000000, -35.00000000000000711 ) ) ;
#1927 = EDGE_CURVE ( 'NONE', #1507, #1966, #2303, .T. ) ;
#1928 = CARTESIAN_POINT ( 'NONE',  ( 0.000000000000000000, 21.50000000000000000, 0.000000000000000000 ) ) ;
#1929 = ORIENTED_EDGE ( 'NONE', *, *, #303, .F. ) ;
#1930 = ORIENTED_EDGE ( 'NONE', *, *, #1163, .T. ) ;
#1931 = ORIENTED_EDGE ( 'NONE', *, *, #1447, .F. ) ;
#1932 = CARTESIAN_POINT ( 'NONE',  ( -32.00000000000000000, 18.50000000000000000, 30.41742430504416106 ) ) ;
#1933 = CARTESIAN_POINT ( 'NONE',  ( 25.41742430504416106, 18.50000000000000000, -37.00000000000000711 ) ) ;
#1934 = EDGE_LOOP ( 'NONE', ( #449, #1481, #2224, #257 ) ) ;
#1935 = ADVANCED_FACE ( 'NONE', ( #899 ), #1311, .T. ) ;
#1936 = CYLINDRICAL_SURFACE ( 'NONE', #1957, 1.000000000000000888 ) ;
#1937 = CARTESIAN_POINT ( 'NONE',  ( 7.499999999999998224, -29.77468383590426271, 34.99999999999999289 ) ) ;
#1938 = CIRCLE ( 'NONE', #1561, 1.000000000000000888 ) ;
#1939 = CARTESIAN_POINT ( 'NONE',  ( -33.50000000000000000, 12.75000000000000000, 35.00000000000000000 ) ) ;
#1940 = VECTOR ( 'NONE', #2414, 1000.000000000000000 ) ;
#1941 = ORIENTED_EDGE ( 'NONE', *, *, #1508, .T. ) ;
#1942 = ORIENTED_EDGE ( 'NONE', *, *, #487, .T. ) ;
#1943 = ORIENTED_EDGE ( 'NONE', *, *, #762, .F. ) ;
#1944 = LINE ( 'NONE', #1166, #485 ) ;
#1945 = PLANE ( 'NONE',  #2047 ) ;
#1946 = DIRECTION ( 'NONE',  ( 0.000000000000000000, 0.000000000000000000, 1.000000000000000000 ) ) ;
#1947 = CARTESIAN_POINT ( 'NONE',  ( 29.99999999999999645, 10.75000000000000000, -36.00000000000001421 ) ) ;
#1948 = ADVANCED_FACE ( 'NONE', ( #1697 ), #2484, .T. ) ;
#1949 = CARTESIAN_POINT ( 'NONE',  ( -35.00000000000000000, 12.75000000000000000, -14.54472732120566292 ) ) ;
#1950 = ORIENTED_EDGE ( 'NONE', *, *, #2412, .F. ) ;
#1951 = ORIENTED_EDGE ( 'NONE', *, *, #2406, .F. ) ;
#1952 = VERTEX_POINT ( 'NONE', #1737 ) ;
#1953 = EDGE_CURVE ( 'NONE', #245, #2340, #2073, .T. ) ;
#1954 = AXIS2_PLACEMENT_3D ( 'NONE', #883, #1283, #1683 ) ;
#1955 = DIRECTION ( 'NONE',  ( 0.000000000000000000, 1.000000000000000000, 0.000000000000000000 ) ) ;
#1956 = CARTESIAN_POINT ( 'NONE',  ( 29.99999999999999645, 0.000000000000000000, 35.99999999999999289 ) ) ;
#1957 = AXIS2_PLACEMENT_3D ( 'NONE', #2476, #1316, #1109 ) ;
#1958 = LINE ( 'NONE', #776, #157 ) ;
#1959 = FACE_OUTER_BOUND ( 'NONE', #1321, .T. ) ;
#1960 = PLANE ( 'NONE',  #1691 ) ;
#1961 = DIRECTION ( 'NONE',  ( 0.000000000000000000, 1.000000000000000000, 0.000000000000000000 ) ) ;
#1962 = CYLINDRICAL_SURFACE ( 'NONE', #1465, 5.500000000000000000 ) ;
#1963 = VERTEX_POINT ( 'NONE', #500 ) ;
#1964 = ADVANCED_FACE ( 'NONE', ( #1091 ), #1723, .F. ) ;
#1965 = VERTEX_POINT ( 'NONE', #1711 ) ;
#1966 = VERTEX_POINT ( 'NONE', #525 ) ;
#1967 = PLANE ( 'NONE',  #655 ) ;
#1968 = AXIS2_PLACEMENT_3D ( 'NONE', #878, #311, #505 ) ;
#1969 = CARTESIAN_POINT ( 'NONE',  ( -33.50000000000000000, 10.75000000000000000, 35.00000000000000000 ) ) ;
#1970 = ADVANCED_FACE ( 'NONE', ( #2110 ), #106, .F. ) ;
#1971 = VECTOR ( 'NONE', #2334, 1000.000000000000000 ) ;
#1972 = CARTESIAN_POINT ( 'NONE',  ( 22.95075751779462081, 12.75000000000000000, 29.99999999999999289 ) ) ;
#1973 = CARTESIAN_POINT ( 'NONE',  ( -23.50000000000000000, 4.750000000000001776, 47.00000000000000000 ) ) ;
#1974 = CARTESIAN_POINT ( 'NONE',  ( -35.00000000000000000, 21.50000000000000000, 35.00000000000000000 ) ) ;
#1975 = CARTESIAN_POINT ( 'NONE',  ( 34.99999999999999289, 21.50000000000000000, 36.99999999999998579 ) ) ;
#1976 = LINE ( 'NONE', #1784, #977 ) ;
#1977 = DIRECTION ( 'NONE',  ( -0.000000000000000000, -1.000000000000000000, -0.000000000000000000 ) ) ;
#1978 = PRODUCT_DEFINITION_SHAPE ( 'NONE', 'NONE',  #848 ) ;
#1979 = ORIENTED_EDGE ( 'NONE', *, *, #296, .F. ) ;
#1980 = VECTOR ( 'NONE', #912, 1000.000000000000000 ) ;
#1981 = EDGE_LOOP ( 'NONE', ( #482, #1541, #1898, #1475 ) ) ;
#1982 = EDGE_CURVE ( 'NONE', #2171, #2545, #331, .T. ) ;
#1983 = VERTEX_POINT ( 'NONE', #1491 ) ;
#1984 = MECHANICAL_DESIGN_GEOMETRIC_PRESENTATION_REPRESENTATION (  '', ( #2103 ), #2062 ) ;
#1985 = AXIS2_PLACEMENT_3D ( 'NONE', #1480, #1492, #295 ) ;
#1986 = DIRECTION ( 'NONE',  ( 0.000000000000000000, 0.000000000000000000, 1.000000000000000000 ) ) ;
#1987 =( GEOMETRIC_REPRESENTATION_CONTEXT ( 3 ) GLOBAL_UNCERTAINTY_ASSIGNED_CONTEXT ( ( #1603 ) ) GLOBAL_UNIT_ASSIGNED_CONTEXT ( ( #428, #1621, #1822 ) ) REPRESENTATION_CONTEXT ( 'NONE', 'WORKASPACE' ) );
#1988 = CYLINDRICAL_SURFACE ( 'NONE', #1327, 4.999999999999997335 ) ;
#1989 = DIRECTION ( 'NONE',  ( 0.000000000000000000, -1.000000000000000000, 0.000000000000000000 ) ) ;
#1990 = CARTESIAN_POINT ( 'NONE',  ( 7.499999999999998224, 5.749999999999999112, 31.99999999999999289 ) ) ;
#1991 = CYLINDRICAL_SURFACE ( 'NONE', #858, 3.000000000000002665 ) ;
#1992 = CARTESIAN_POINT ( 'NONE',  ( 34.99999999999999289, 12.75000000000000000, -40.00000000000000711 ) ) ;
#1993 = FACE_OUTER_BOUND ( 'NONE', #732, .T. ) ;
#1994 = VERTEX_POINT ( 'NONE', #2278 ) ;
#1995 = ORIENTED_EDGE ( 'NONE', *, *, #2376, .F. ) ;
#1996 = ORIENTED_EDGE ( 'NONE', *, *, #1274, .F. ) ;
#1997 = EDGE_CURVE ( 'NONE', #340, #1917, #1338, .T. ) ;
#1998 = CARTESIAN_POINT ( 'NONE',  ( 13.00000000000000533, 12.04999999999999183, 36.99999999999999289 ) ) ;
#1999 = PLANE ( 'NONE',  #1062 ) ;
#2000 = DIRECTION ( 'NONE',  ( -0.000000000000000000, -0.000000000000000000, 1.000000000000000000 ) ) ;
#2001 = DIRECTION ( 'NONE',  ( 0.000000000000000000, -0.000000000000000000, -1.000000000000000000 ) ) ;
#2002 = FACE_OUTER_BOUND ( 'NONE', #2274, .T. ) ;
#2003 = CIRCLE ( 'NONE', #425, 4.999999999999997335 ) ;
#2004 = FILL_AREA_STYLE ('',( #1422 ) ) ;
#2005 = CYLINDRICAL_SURFACE ( 'NONE', #685, 4.999999999999997335 ) ;
#2006 = DIRECTION ( 'NONE',  ( -0.000000000000000000, -1.000000000000000000, -0.000000000000000000 ) ) ;
#2007 = VERTEX_POINT ( 'NONE', #1551 ) ;
#2008 = EDGE_CURVE ( 'NONE', #496, #353, #578, .T. ) ;
#2009 = EDGE_LOOP ( 'NONE', ( #1246, #317 ) ) ;
#2010 = ORIENTED_EDGE ( 'NONE', *, *, #1719, .T. ) ;
#2011 = DIRECTION ( 'NONE',  ( 0.000000000000000000, 0.000000000000000000, -1.000000000000000000 ) ) ;
#2012 = CARTESIAN_POINT ( 'NONE',  ( 29.99999999999999645, 10.75000000000000000, 33.99999999999998579 ) ) ;
#2013 = CARTESIAN_POINT ( 'NONE',  ( 29.99999999999999645, 13.74999999999999822, -35.00000000000000711 ) ) ;
#2014 = CARTESIAN_POINT ( 'NONE',  ( 29.99999999999999645, 2.264718625761417137, 34.99999999999999289 ) ) ;
#2015 = ADVANCED_FACE ( 'NONE', ( #209 ), #1789, .T. ) ;
#2016 = DIRECTION ( 'NONE',  ( -0.000000000000000000, -0.000000000000000000, 1.000000000000000000 ) ) ;
#2017 = DIRECTION ( 'NONE',  ( 0.000000000000000000, 1.000000000000000000, 0.000000000000000000 ) ) ;
#2018 = ORIENTED_EDGE ( 'NONE', *, *, #741, .T. ) ;
#2019 = VECTOR ( 'NONE', #625, 1000.000000000000000 ) ;
#2020 = ORIENTED_EDGE ( 'NONE', *, *, #424, .F. ) ;
#2021 = ORIENTED_EDGE ( 'NONE', *, *, #2333, .T. ) ;
#2022 = AXIS2_PLACEMENT_3D ( 'NONE', #1297, #2086, #1143 ) ;
#2023 = LINE ( 'NONE', #248, #612 ) ;
#2024 = DIRECTION ( 'NONE',  ( 1.000000000000000000, 0.000000000000000000, -1.982541115402065110E-16 ) ) ;
#2025 = VECTOR ( 'NONE', #1769, 1000.000000000000000 ) ;
#2026 = DIRECTION ( 'NONE',  ( -0.000000000000000000, 1.000000000000000000, -0.000000000000000000 ) ) ;
#2027 = CARTESIAN_POINT ( 'NONE',  ( 13.17195691817067882, 10.75000000000000000, 36.99999999999999289 ) ) ;
#2028 = CARTESIAN_POINT ( 'NONE',  ( 29.99999999999999645, 21.50000000000000000, -40.00000000000000711 ) ) ;
#2029 = EDGE_CURVE ( 'NONE', #2007, #2296, #563, .T. ) ;
#2030 = DIRECTION ( 'NONE',  ( 1.000000000000000000, 0.000000000000000000, 0.000000000000000000 ) ) ;
#2031 = DIRECTION ( 'NONE',  ( -0.000000000000000000, 1.000000000000000000, -0.000000000000000000 ) ) ;
#2032 = CARTESIAN_POINT ( 'NONE',  ( -30.00000000000000711, 13.74999999999999822, 35.00000000000000000 ) ) ;
#2033 = VERTEX_POINT ( 'NONE', #1749 ) ;
#2034 = ORIENTED_EDGE ( 'NONE', *, *, #2008, .T. ) ;
#2035 = VERTEX_POINT ( 'NONE', #2147 ) ;
#2036 = DIRECTION ( 'NONE',  ( -0.000000000000000000, -0.000000000000000000, 1.000000000000000000 ) ) ;
#2037 = EDGE_CURVE ( 'NONE', #1340, #1535, #1192, .T. ) ;
#2038 = DIRECTION ( 'NONE',  ( -0.000000000000000000, 0.000000000000000000, 1.000000000000000000 ) ) ;
#2039 = DIRECTION ( 'NONE',  ( 0.000000000000000000, 1.000000000000000000, 0.000000000000000000 ) ) ;
#2040 = CARTESIAN_POINT ( 'NONE',  ( -30.00000000000000355, 10.75000000000000000, -35.00000000000000711 ) ) ;
#2041 = DIRECTION ( 'NONE',  ( -1.000000000000000000, 0.000000000000000000, 0.000000000000000000 ) ) ;
#2042 = AXIS2_PLACEMENT_3D ( 'NONE', #640, #1628, #1001 ) ;
#2043 = DIRECTION ( 'NONE',  ( 0.000000000000000000, 0.000000000000000000, 1.000000000000000000 ) ) ;
#2044 = CIRCLE ( 'NONE', #753, 3.000000000000002665 ) ;
#2045 = EDGE_LOOP ( 'NONE', ( #642, #1574 ) ) ;
#2046 = ORIENTED_EDGE ( 'NONE', *, *, #2563, .F. ) ;
#2047 = AXIS2_PLACEMENT_3D ( 'NONE', #737, #1339, #1712 ) ;
#2048 = DIRECTION ( 'NONE',  ( 0.000000000000000000, 0.000000000000000000, 1.000000000000000000 ) ) ;
#2049 = PLANE ( 'NONE',  #939 ) ;
#2050 = EDGE_CURVE ( 'NONE', #1437, #1290, #1403, .T. ) ;
#2051 = CARTESIAN_POINT ( 'NONE',  ( -23.50000000000000000, 21.50000000000000000, 40.00000000000000000 ) ) ;
#2052 = VECTOR ( 'NONE', #1923, 1000.000000000000000 ) ;
#2053 = CARTESIAN_POINT ( 'NONE',  ( -32.00000000000000000, 12.04999999999999183, -14.50000000000000355 ) ) ;
#2054 = ORIENTED_EDGE ( 'NONE', *, *, #231, .T. ) ;
#2055 = EDGE_LOOP ( 'NONE', ( #1153, #141, #261, #2121 ) ) ;
#2056 = EDGE_CURVE ( 'NONE', #464, #641, #1731, .T. ) ;
#2057 = LINE ( 'NONE', #457, #423 ) ;
#2058 = AXIS2_PLACEMENT_3D ( 'NONE', #1637, #73, #649 ) ;
#2059 = CARTESIAN_POINT ( 'NONE',  ( 11.99999999999999645, -29.77468383590426271, 38.50000000000000000 ) ) ;
#2060 = VECTOR ( 'NONE', #1592, 1000.000000000000000 ) ;
#2061 = DIRECTION ( 'NONE',  ( 0.000000000000000000, 0.000000000000000000, 1.000000000000000000 ) ) ;
#2062 =( GEOMETRIC_REPRESENTATION_CONTEXT ( 3 ) GLOBAL_UNCERTAINTY_ASSIGNED_CONTEXT ( ( #1375 ) ) GLOBAL_UNIT_ASSIGNED_CONTEXT ( ( #1030, #765, #877 ) ) REPRESENTATION_CONTEXT ( 'NONE', 'WORKASPACE' ) );
#2063 = CARTESIAN_POINT ( 'NONE',  ( -23.50000000000000355, -29.77468383590426271, 34.99999999999999289 ) ) ;
#2064 = CIRCLE ( 'NONE', #1326, 4.999999999999997335 ) ;
#2065 = EDGE_CURVE ( 'NONE', #2183, #2241, #2140, .T. ) ;
#2066 = VECTOR ( 'NONE', #1458, 1000.000000000000000 ) ;
#2067 = EDGE_LOOP ( 'NONE', ( #2107, #891, #1536, #755 ) ) ;
#2068 = ORIENTED_EDGE ( 'NONE', *, *, #1416, .T. ) ;
#2069 = ORIENTED_EDGE ( 'NONE', *, *, #2443, .T. ) ;
#2070 = CARTESIAN_POINT ( 'NONE',  ( 29.99999999999999645, 12.75000000000000000, 38.49999999999998579 ) ) ;
#2071 = EDGE_CURVE ( 'NONE', #159, #1219, #736, .T. ) ;
#2072 = DIRECTION ( 'NONE',  ( 0.000000000000000000, 0.000000000000000000, 1.000000000000000000 ) ) ;
#2073 = LINE ( 'NONE', #294, #1980 ) ;
#2074 = CARTESIAN_POINT ( 'NONE',  ( 34.99999999999999289, 21.50000000000000000, 39.99999999999998579 ) ) ;
#2075 = ORIENTED_EDGE ( 'NONE', *, *, #1575, .T. ) ;
#2076 = DIRECTION ( 'NONE',  ( 0.000000000000000000, -1.000000000000000000, 0.000000000000000000 ) ) ;
#2077 = DIRECTION ( 'NONE',  ( -1.000000000000000000, 0.000000000000000000, 0.000000000000000000 ) ) ;
#2078 = AXIS2_PLACEMENT_3D ( 'NONE', #2243, #2230, #1089 ) ;
#2079 = ORIENTED_EDGE ( 'NONE', *, *, #2104, .T. ) ;
#2080 = EDGE_CURVE ( 'NONE', #953, #1739, #1007, .T. ) ;
#2081 = EDGE_LOOP ( 'NONE', ( #757, #178, #743, #344 ) ) ;
#2082 = AXIS2_PLACEMENT_3D ( 'NONE', #2249, #1913, #2294 ) ;
#2083 = EDGE_LOOP ( 'NONE', ( #980, #2469, #1351, #2252 ) ) ;
#2084 = CARTESIAN_POINT ( 'NONE',  ( -30.00000000000000711, 21.50000000000000000, 35.00000000000000000 ) ) ;
#2085 = PRODUCT_CONTEXT ( 'NONE', #253, 'mechanical' ) ;
#2086 = DIRECTION ( 'NONE',  ( -0.000000000000000000, 1.000000000000000000, -0.000000000000000000 ) ) ;
#2087 = CARTESIAN_POINT ( 'NONE',  ( -30.00000000000000355, 12.75000000000000000, 38.50000000000000000 ) ) ;
#2088 = VERTEX_POINT ( 'NONE', #413 ) ;
#2089 = EDGE_CURVE ( 'NONE', #2241, #1036, #1944, .T. ) ;
#2090 = CARTESIAN_POINT ( 'NONE',  ( -30.00000000000000711, 0.000000000000000000, 35.00000000000000000 ) ) ;
#2091 = ADVANCED_FACE ( 'NONE', ( #1391 ), #995, .F. ) ;
#2092 = VERTEX_POINT ( 'NONE', #1762 ) ;
#2093 = ORIENTED_EDGE ( 'NONE', *, *, #2443, .F. ) ;
#2094 = ORIENTED_EDGE ( 'NONE', *, *, #664, .F. ) ;
#2095 = AXIS2_PLACEMENT_3D ( 'NONE', #2129, #781, #754 ) ;
#2096 = CARTESIAN_POINT ( 'NONE',  ( 8.999999999999998224, 5.749999999999999112, 34.99999999999999289 ) ) ;
#2097 = VERTEX_POINT ( 'NONE', #798 ) ;
#2098 = ADVANCED_FACE ( 'NONE', ( #1590 ), #2385, .F. ) ;
#2099 = DIRECTION ( 'NONE',  ( -1.000000000000000000, 0.000000000000000000, -9.912705577010325549E-17 ) ) ;
#2100 = CYLINDRICAL_SURFACE ( 'NONE', #1851, 5.000000000000000888 ) ;
#2101 = VERTEX_POINT ( 'NONE', #603 ) ;
#2102 = LINE ( 'NONE', #2332, #2532 ) ;
#2103 = STYLED_ITEM ( 'NONE', ( #33 ), #2306 ) ;
#2104 = EDGE_CURVE ( 'NONE', #794, #412, #1349, .T. ) ;
#2105 = EDGE_LOOP ( 'NONE', ( #1282, #1493, #114, #522 ) ) ;
#2106 = VERTEX_POINT ( 'NONE', #1998 ) ;
#2107 = ORIENTED_EDGE ( 'NONE', *, *, #2029, .F. ) ;
#2108 = CARTESIAN_POINT ( 'NONE',  ( -30.00000000000000355, 21.50000000000000000, -32.00000000000000711 ) ) ;
#2109 = ORIENTED_EDGE ( 'NONE', *, *, #1679, .T. ) ;
#2110 = FACE_OUTER_BOUND ( 'NONE', #410, .T. ) ;
#2111 = DIRECTION ( 'NONE',  ( -1.000000000000000000, 0.000000000000000000, 1.982541115402065110E-16 ) ) ;
#2112 = EDGE_CURVE ( 'NONE', #951, #454, #1538, .T. ) ;
#2113 = ORIENTED_EDGE ( 'NONE', *, *, #2384, .T. ) ;
#2114 = DIRECTION ( 'NONE',  ( 0.000000000000000000, -0.000000000000000000, -1.000000000000000000 ) ) ;
#2115 = DIRECTION ( 'NONE',  ( 0.000000000000000000, 0.000000000000000000, 1.000000000000000000 ) ) ;
#2116 = VERTEX_POINT ( 'NONE', #2549 ) ;
#2117 = ORIENTED_EDGE ( 'NONE', *, *, #1982, .T. ) ;
#2118 = EDGE_CURVE ( 'NONE', #690, #92, #1564, .T. ) ;
#2119 = ORIENTED_EDGE ( 'NONE', *, *, #1111, .T. ) ;
#2120 = AXIS2_PLACEMENT_3D ( 'NONE', #414, #1819, #2415 ) ;
#2121 = ORIENTED_EDGE ( 'NONE', *, *, #1953, .F. ) ;
#2122 = CARTESIAN_POINT ( 'NONE',  ( -23.50000000000000355, -29.77468383590426271, 34.99999999999999289 ) ) ;
#2123 = CARTESIAN_POINT ( 'NONE',  ( 25.41742430504415395, 0.000000000000000000, 36.99999999999998579 ) ) ;
#2124 = ORIENTED_EDGE ( 'NONE', *, *, #1881, .T. ) ;
#2125 = ADVANCED_FACE ( 'NONE', ( #1566 ), #1967, .T. ) ;
#2126 = CARTESIAN_POINT ( 'NONE',  ( -35.00000000000000000, 12.75000000000000000, 40.00000000000000000 ) ) ;
#2127 = DIRECTION ( 'NONE',  ( -0.000000000000000000, 1.000000000000000000, -0.000000000000000000 ) ) ;
#2128 = EDGE_CURVE ( 'NONE', #1529, #951, #619, .T. ) ;
#2129 = CARTESIAN_POINT ( 'NONE',  ( -30.00000000000000711, 10.75000000000000000, 35.00000000000000000 ) ) ;
#2130 = ORIENTED_EDGE ( 'NONE', *, *, #1455, .F. ) ;
#2131 = ORIENTED_EDGE ( 'NONE', *, *, #2133, .F. ) ;
#2132 = ORIENTED_EDGE ( 'NONE', *, *, #2376, .T. ) ;
#2133 = EDGE_CURVE ( 'NONE', #1563, #1300, #1233, .T. ) ;
#2134 = DIRECTION ( 'NONE',  ( 0.000000000000000000, -1.000000000000000000, 0.000000000000000000 ) ) ;
#2135 = CARTESIAN_POINT ( 'NONE',  ( 7.499999999999998224, -29.77468383590426271, 34.99999999999999289 ) ) ;
#2136 = CARTESIAN_POINT ( 'NONE',  ( -23.50000000000000355, 16.75000000000000000, 37.00000000000000000 ) ) ;
#2137 = DIRECTION ( 'NONE',  ( -1.982541115402065110E-16, -0.000000000000000000, -1.000000000000000000 ) ) ;
#2138 = VECTOR ( 'NONE', #958, 1000.000000000000000 ) ;
#2139 = LINE ( 'NONE', #2323, #1232 ) ;
#2140 = CIRCLE ( 'NONE', #1901, 4.999999999999997335 ) ;
#2141 = ORIENTED_EDGE ( 'NONE', *, *, #1484, .F. ) ;
#2142 = AXIS2_PLACEMENT_3D ( 'NONE', #1433, #1199, #1421 ) ;
#2143 = EDGE_CURVE ( 'NONE', #2116, #1745, #2023, .T. ) ;
#2144 = AXIS2_PLACEMENT_3D ( 'NONE', #1264, #1315, #929 ) ;
#2145 = ORIENTED_EDGE ( 'NONE', *, *, #2396, .F. ) ;
#2146 = EDGE_LOOP ( 'NONE', ( #191, #1629, #1942, #11, #1374 ) ) ;
#2147 = CARTESIAN_POINT ( 'NONE',  ( -30.00000000000000711, 13.74999999999999822, 36.00000000000000711 ) ) ;
#2148 = LINE ( 'NONE', #2135, #2214 ) ;
#2149 = CARTESIAN_POINT ( 'NONE',  ( 31.99999999999999289, 10.75000000000000000, 39.99999999999998579 ) ) ;
#2150 = EDGE_CURVE ( 'NONE', #888, #588, #1418, .T. ) ;
#2151 = DIRECTION ( 'NONE',  ( 0.000000000000000000, -1.000000000000000000, 0.000000000000000000 ) ) ;
#2152 = FACE_OUTER_BOUND ( 'NONE', #1668, .T. ) ;
#2153 = PLANE ( 'NONE',  #1893 ) ;
#2154 = CARTESIAN_POINT ( 'NONE',  ( -32.00000000000000000, 10.75000000000000000, -30.41742430504417172 ) ) ;
#2155 = ORIENTED_EDGE ( 'NONE', *, *, #1003, .T. ) ;
#2156 = EDGE_CURVE ( 'NONE', #688, #1507, #1818, .T. ) ;
#2157 = ORIENTED_EDGE ( 'NONE', *, *, #833, .F. ) ;
#2158 = ORIENTED_EDGE ( 'NONE', *, *, #533, .F. ) ;
#2159 = CIRCLE ( 'NONE', #503, 4.999999999999997335 ) ;
#2160 = DIRECTION ( 'NONE',  ( -1.000000000000000000, 0.000000000000000000, 0.000000000000000000 ) ) ;
#2161 = CARTESIAN_POINT ( 'NONE',  ( -33.50000000000000000, 12.75000000000000000, 35.00000000000000000 ) ) ;
#2162 = AXIS2_PLACEMENT_3D ( 'NONE', #2308, #531, #1332 ) ;
#2163 = CARTESIAN_POINT ( 'NONE',  ( -30.00000000000000355, 13.74999999999999822, -38.00000000000001421 ) ) ;
#2164 = CARTESIAN_POINT ( 'NONE',  ( -3.469446951953614189E-15, 12.75000000000000000, -3.469446951953614189E-15 ) ) ;
#2165 = DIRECTION ( 'NONE',  ( -1.000000000000000000, 0.000000000000000000, -0.000000000000000000 ) ) ;
#2166 = ADVANCED_FACE ( 'NONE', ( #27 ), #823, .T. ) ;
#2167 = LINE ( 'NONE', #988, #2310 ) ;
#2168 = LINE ( 'NONE', #189, #1768 ) ;
#2169 = CARTESIAN_POINT ( 'NONE',  ( -30.00000000000000355, 12.75000000000000000, -35.00000000000000711 ) ) ;
#2170 = ORIENTED_EDGE ( 'NONE', *, *, #2536, .F. ) ;
#2171 = VERTEX_POINT ( 'NONE', #633 ) ;
#2172 = ORIENTED_EDGE ( 'NONE', *, *, #238, .F. ) ;
#2173 = DIRECTION ( 'NONE',  ( 0.000000000000000000, -1.000000000000000000, 0.000000000000000000 ) ) ;
#2174 = AXIS2_PLACEMENT_3D ( 'NONE', #1937, #1742, #2165 ) ;
#2175 = CYLINDRICAL_SURFACE ( 'NONE', #1714, 1.000000000000000888 ) ;
#2176 = EDGE_CURVE ( 'NONE', #2035, #1190, #244, .T. ) ;
#2177 = DIRECTION ( 'NONE',  ( -0.000000000000000000, 1.000000000000000000, -0.000000000000000000 ) ) ;
#2178 = CARTESIAN_POINT ( 'NONE',  ( 18.00000000000000355, 12.04999999999999183, 38.49999999999999289 ) ) ;
#2179 = CARTESIAN_POINT ( 'NONE',  ( 29.99999999999999289, 12.75000000000000000, -38.50000000000000711 ) ) ;
#2180 = CARTESIAN_POINT ( 'NONE',  ( -33.49999999999999289, 12.04999999999999183, -14.50000000000000355 ) ) ;
#2181 = CARTESIAN_POINT ( 'NONE',  ( -25.00000000000000355, -29.77468383590426271, 34.99999999999999289 ) ) ;
#2182 = DIRECTION ( 'NONE',  ( 0.000000000000000000, 0.000000000000000000, 1.000000000000000000 ) ) ;
#2183 = VERTEX_POINT ( 'NONE', #1634 ) ;
#2184 = VECTOR ( 'NONE', #399, 1000.000000000000000 ) ;
#2185 = ORIENTED_EDGE ( 'NONE', *, *, #705, .F. ) ;
#2186 = ORIENTED_EDGE ( 'NONE', *, *, #1381, .F. ) ;
#2187 = VECTOR ( 'NONE', #2188, 1000.000000000000000 ) ;
#2188 = DIRECTION ( 'NONE',  ( -0.000000000000000000, 1.000000000000000000, -0.000000000000000000 ) ) ;
#2189 = CYLINDRICAL_SURFACE ( 'NONE', #729, 5.500000000000000000 ) ;
#2190 = CARTESIAN_POINT ( 'NONE',  ( -30.00000000000000355, 0.000000000000000000, -34.00000000000000711 ) ) ;
#2191 = LINE ( 'NONE', #2551, #2060 ) ;
#2192 = ADVANCED_FACE ( 'NONE', ( #2400 ), #2426, .F. ) ;
#2193 = CARTESIAN_POINT ( 'NONE',  ( 7.500000000000000000, 12.75000000000000000, 38.49999999999999289 ) ) ;
#2194 = DIRECTION ( 'NONE',  ( -0.000000000000000000, -0.000000000000000000, 1.000000000000000000 ) ) ;
#2195 = CARTESIAN_POINT ( 'NONE',  ( -30.00000000000000355, 0.000000000000000000, -35.00000000000000711 ) ) ;
#2196 = CARTESIAN_POINT ( 'NONE',  ( 25.41742430504416106, 10.75000000000000000, -37.00000000000000711 ) ) ;
#2197 = EDGE_LOOP ( 'NONE', ( #1100, #2425, #1646, #1602 ) ) ;
#2198 = ORIENTED_EDGE ( 'NONE', *, *, #2488, .F. ) ;
#2199 = ORIENTED_EDGE ( 'NONE', *, *, #1751, .T. ) ;
#2200 = ADVANCED_FACE ( 'NONE', ( #1605 ), #1960, .T. ) ;
#2201 = CARTESIAN_POINT ( 'NONE',  ( 8.999999999999998224, 18.50000000000000000, 37.00000000000000000 ) ) ;
#2202 = CARTESIAN_POINT ( 'NONE',  ( 29.99999999999999645, 18.50000000000000000, -35.00000000000000711 ) ) ;
#2203 = DIRECTION ( 'NONE',  ( 0.000000000000000000, -1.000000000000000000, 0.000000000000000000 ) ) ;
#2204 = VECTOR ( 'NONE', #2253, 1000.000000000000000 ) ;
#2205 = DIRECTION ( 'NONE',  ( 1.000000000000000000, 0.000000000000000000, 0.000000000000000000 ) ) ;
#2206 = CARTESIAN_POINT ( 'NONE',  ( 22.82804308182932829, 10.75000000000000000, 38.49999999999999289 ) ) ;
#2207 = AXIS2_PLACEMENT_3D ( 'NONE', #64, #1214, #1842 ) ;
#2208 = DIRECTION ( 'NONE',  ( -0.000000000000000000, -1.000000000000000000, -0.000000000000000000 ) ) ;
#2209 = FACE_OUTER_BOUND ( 'NONE', #686, .T. ) ;
#2210 = CARTESIAN_POINT ( 'NONE',  ( -26.00000000000001776, 0.000000000000000000, 31.99999999999999289 ) ) ;
#2211 = ORIENTED_EDGE ( 'NONE', *, *, #1982, .F. ) ;
#2212 = EDGE_CURVE ( 'NONE', #719, #1529, #2167, .T. ) ;
#2213 = ORIENTED_EDGE ( 'NONE', *, *, #1065, .T. ) ;
#2214 = VECTOR ( 'NONE', #1167, 1000.000000000000000 ) ;
#2215 = ORIENTED_EDGE ( 'NONE', *, *, #1390, .F. ) ;
#2216 = DIRECTION ( 'NONE',  ( -0.000000000000000000, 1.000000000000000000, -0.000000000000000000 ) ) ;
#2217 = CARTESIAN_POINT ( 'NONE',  ( -30.00000000000000355, 21.50000000000000000, -35.00000000000000711 ) ) ;
#2218 = VECTOR ( 'NONE', #370, 1000.000000000000000 ) ;
#2219 = EDGE_CURVE ( 'NONE', #1786, #1904, #2231, .T. ) ;
#2220 = LINE ( 'NONE', #513, #81 ) ;
#2221 = DIRECTION ( 'NONE',  ( -1.000000000000000000, 0.000000000000000000, -9.912705577010325549E-17 ) ) ;
#2222 = DIRECTION ( 'NONE',  ( -1.000000000000000000, 0.000000000000000000, -0.000000000000000000 ) ) ;
#2223 = CARTESIAN_POINT ( 'NONE',  ( -26.00000000000001421, 10.75000000000000000, 31.99999999999999289 ) ) ;
#2224 = ORIENTED_EDGE ( 'NONE', *, *, #1644, .T. ) ;
#2225 = VERTEX_POINT ( 'NONE', #1596 ) ;
#2226 = EDGE_CURVE ( 'NONE', #1800, #943, #1571, .T. ) ;
#2227 = ORIENTED_EDGE ( 'NONE', *, *, #1953, .T. ) ;
#2228 = VECTOR ( 'NONE', #288, 1000.000000000000000 ) ;
#2229 = DIRECTION ( 'NONE',  ( -0.000000000000000000, 1.000000000000000000, -0.000000000000000000 ) ) ;
#2230 = DIRECTION ( 'NONE',  ( 0.000000000000000000, 1.000000000000000000, 0.000000000000000000 ) ) ;
#2231 = CIRCLE ( 'NONE', #567, 4.999999999999997335 ) ;
#2232 = CIRCLE ( 'NONE', #896, 5.000000000000000888 ) ;
#2233 = CIRCLE ( 'NONE', #862, 5.500000000000000000 ) ;
#2234 = CYLINDRICAL_SURFACE ( 'NONE', #2058, 3.499999999999996003 ) ;
#2235 = DIRECTION ( 'NONE',  ( 1.000000000000000000, 0.000000000000000000, 0.000000000000000000 ) ) ;
#2236 = EDGE_CURVE ( 'NONE', #390, #519, #417, .T. ) ;
#2237 = CARTESIAN_POINT ( 'NONE',  ( 7.500000000000000000, 12.75000000000000000, 39.99999999999999289 ) ) ;
#2238 = CARTESIAN_POINT ( 'NONE',  ( -35.01000000000000512, 10.75000000000000000, 39.99999999999998579 ) ) ;
#2239 = DIRECTION ( 'NONE',  ( -1.000000000000000000, -0.000000000000000000, -0.000000000000000000 ) ) ;
#2240 = ORIENTED_EDGE ( 'NONE', *, *, #247, .F. ) ;
#2241 = VERTEX_POINT ( 'NONE', #2391 ) ;
#2242 = EDGE_CURVE ( 'NONE', #195, #528, #1368, .T. ) ;
#2243 = CARTESIAN_POINT ( 'NONE',  ( 29.99999999999999645, 18.50000000000000000, -35.00000000000000711 ) ) ;
#2244 = DIRECTION ( 'NONE',  ( -1.000000000000000000, 0.000000000000000000, 0.000000000000000000 ) ) ;
#2245 = CARTESIAN_POINT ( 'NONE',  ( -30.00000000000000711, 21.50000000000000000, 38.00000000000000711 ) ) ;
#2246 = DIRECTION ( 'NONE',  ( -0.000000000000000000, -1.000000000000000000, -0.000000000000000000 ) ) ;
#2247 = LINE ( 'NONE', #1072, #309 ) ;
#2248 = AXIS2_PLACEMENT_3D ( 'NONE', #1635, #499, #1259 ) ;
#2249 = CARTESIAN_POINT ( 'NONE',  ( -30.00000000000000355, 10.75000000000000000, -35.00000000000000711 ) ) ;
#2250 = EDGE_CURVE ( 'NONE', #2328, #328, #1212, .T. ) ;
#2251 = ORIENTED_EDGE ( 'NONE', *, *, #540, .T. ) ;
#2252 = ORIENTED_EDGE ( 'NONE', *, *, #312, .F. ) ;
#2253 = DIRECTION ( 'NONE',  ( -1.982541115402065110E-16, -0.000000000000000000, -1.000000000000000000 ) ) ;
#2254 = PLANE ( 'NONE',  #1862 ) ;
#2255 = FACE_OUTER_BOUND ( 'NONE', #1414, .T. ) ;
#2256 = CIRCLE ( 'NONE', #475, 5.500000000000000000 ) ;
#2257 = CARTESIAN_POINT ( 'NONE',  ( 29.99999999999999645, 13.74999999999999822, 34.99999999999999289 ) ) ;
#2258 = AXIS2_PLACEMENT_3D ( 'NONE', #1926, #1545, #2527 ) ;
#2259 = ORIENTED_EDGE ( 'NONE', *, *, #1895, .F. ) ;
#2260 = EDGE_CURVE ( 'NONE', #2410, #796, #999, .T. ) ;
#2261 = ORIENTED_EDGE ( 'NONE', *, *, #1852, .T. ) ;
#2262 = ORIENTED_EDGE ( 'NONE', *, *, #2029, .T. ) ;
#2263 = CARTESIAN_POINT ( 'NONE',  ( -26.00000000000001421, 18.50000000000000000, 31.99999999999999289 ) ) ;
#2264 = AXIS2_PLACEMENT_3D ( 'NONE', #1973, #198, #985 ) ;
#2265 = CARTESIAN_POINT ( 'NONE',  ( 13.04924248220538274, 12.75000000000000000, 39.99999999999999289 ) ) ;
#2266 = LINE ( 'NONE', #2452, #2066 ) ;
#2267 = VECTOR ( 'NONE', #2389, 1000.000000000000000 ) ;
#2268 = ORIENTED_EDGE ( 'NONE', *, *, #2219, .F. ) ;
#2269 = VECTOR ( 'NONE', #2000, 1000.000000000000000 ) ;
#2270 = EDGE_CURVE ( 'NONE', #2088, #1300, #188, .T. ) ;
#2271 = DIRECTION ( 'NONE',  ( -0.000000000000000000, 1.000000000000000000, -0.000000000000000000 ) ) ;
#2272 = ORIENTED_EDGE ( 'NONE', *, *, #731, .F. ) ;
#2273 = VERTEX_POINT ( 'NONE', #2554 ) ;
#2274 = EDGE_LOOP ( 'NONE', ( #2172, #218, #2117, #1245, #1127, #1695, #2468, #1417 ) ) ;
#2275 = FACE_OUTER_BOUND ( 'NONE', #2479, .T. ) ;
#2276 = EDGE_CURVE ( 'NONE', #512, #2336, #2407, .T. ) ;
#2277 = ADVANCED_FACE ( 'NONE', ( #2152 ), #1411, .F. ) ;
#2278 = CARTESIAN_POINT ( 'NONE',  ( -32.00000000000000000, 10.75000000000000000, -25.34415568635495930 ) ) ;
#2279 = CARTESIAN_POINT ( 'NONE',  ( 22.82804308182932829, 10.75000000000000000, 36.99999999999999289 ) ) ;
#2280 = ORIENTED_EDGE ( 'NONE', *, *, #1997, .T. ) ;
#2281 = LINE ( 'NONE', #621, #2138 ) ;
#2282 = DIRECTION ( 'NONE',  ( -1.000000000000000000, 0.000000000000000000, 2.312964634635742957E-16 ) ) ;
#2283 = AXIS2_PLACEMENT_3D ( 'NONE', #990, #1117, #1919 ) ;
#2284 = ORIENTED_EDGE ( 'NONE', *, *, #1136, .T. ) ;
#2285 = ORIENTED_EDGE ( 'NONE', *, *, #876, .F. ) ;
#2286 = EDGE_CURVE ( 'NONE', #2410, #377, #387, .T. ) ;
#2287 = AXIS2_PLACEMENT_3D ( 'NONE', #818, #228, #611 ) ;
#2288 = ORIENTED_EDGE ( 'NONE', *, *, #622, .F. ) ;
#2289 = LINE ( 'NONE', #2494, #672 ) ;
#2290 = CARTESIAN_POINT ( 'NONE',  ( 7.499999999999992006, 12.75000000000000000, -4.956352788505162676E-15 ) ) ;
#2291 = CARTESIAN_POINT ( 'NONE',  ( -25.00000000000000000, 12.04999999999999183, -25.50000000000000355 ) ) ;
#2292 = EDGE_CURVE ( 'NONE', #496, #436, #1612, .T. ) ;
#2293 = EDGE_LOOP ( 'NONE', ( #1979, #8, #696, #2046, #1548, #2547, #1453, #1647 ) ) ;
#2294 = DIRECTION ( 'NONE',  ( 0.000000000000000000, 0.000000000000000000, -1.000000000000000000 ) ) ;
#2295 = CARTESIAN_POINT ( 'NONE',  ( -32.00000000000000000, 18.50000000000000000, -30.41742430504417172 ) ) ;
#2296 = VERTEX_POINT ( 'NONE', #597 ) ;
#2297 = VERTEX_POINT ( 'NONE', #2180 ) ;
#2298 = EDGE_CURVE ( 'NONE', #667, #1952, #320, .T. ) ;
#2299 = ORIENTED_EDGE ( 'NONE', *, *, #630, .T. ) ;
#2300 = AXIS2_PLACEMENT_3D ( 'NONE', #2238, #792, #817 ) ;
#2301 = LINE ( 'NONE', #2096, #835 ) ;
#2302 = ORIENTED_EDGE ( 'NONE', *, *, #1029, .T. ) ;
#2303 = LINE ( 'NONE', #155, #1521 ) ;
#2304 = FACE_OUTER_BOUND ( 'NONE', #1524, .T. ) ;
#2305 = EDGE_LOOP ( 'NONE', ( #708, #1868 ) ) ;
#2306 = MANIFOLD_SOLID_BREP ( 'Boss-Extrude5', #889 ) ;
#2307 = AXIS2_PLACEMENT_3D ( 'NONE', #2122, #2472, #694 ) ;
#2308 = CARTESIAN_POINT ( 'NONE',  ( 29.99999999999999645, 2.264718625761417137, -35.00000000000000711 ) ) ;
#2309 = CARTESIAN_POINT ( 'NONE',  ( 34.99999999999999289, 21.50000000000000000, -35.00000000000000711 ) ) ;
#2310 = VECTOR ( 'NONE', #609, 1000.000000000000000 ) ;
#2311 = ADVANCED_FACE ( 'NONE', ( #1240 ), #1991, .F. ) ;
#2312 = VECTOR ( 'NONE', #1209, 1000.000000000000000 ) ;
#2313 = LINE ( 'NONE', #1334, #1314 ) ;
#2314 = ORIENTED_EDGE ( 'NONE', *, *, #223, .F. ) ;
#2315 = ORIENTED_EDGE ( 'NONE', *, *, #622, .T. ) ;
#2316 = VERTEX_POINT ( 'NONE', #2444 ) ;
#2317 = EDGE_CURVE ( 'NONE', #1507, #1787, #867, .T. ) ;
#2318 = CARTESIAN_POINT ( 'NONE',  ( 29.99999999999999645, 10.75000000000000000, 35.99999999999999289 ) ) ;
#2319 = DIRECTION ( 'NONE',  ( -1.000000000000000000, 0.000000000000000000, -0.000000000000000000 ) ) ;
#2320 = VERTEX_POINT ( 'NONE', #2053 ) ;
#2321 = CARTESIAN_POINT ( 'NONE',  ( 13.04924248220538274, 12.75000000000000000, 29.99999999999999289 ) ) ;
#2322 = CARTESIAN_POINT ( 'NONE',  ( 7.499999999999998224, 18.50000000000000000, 34.99999999999999289 ) ) ;
#2323 = CARTESIAN_POINT ( 'NONE',  ( 34.99999999999999289, 10.75000000000000000, 36.99999999999998579 ) ) ;
#2324 = ORIENTED_EDGE ( 'NONE', *, *, #2089, .F. ) ;
#2325 = EDGE_CURVE ( 'NONE', #2503, #1426, #38, .T. ) ;
#2326 = ORIENTED_EDGE ( 'NONE', *, *, #741, .F. ) ;
#2327 = AXIS2_PLACEMENT_3D ( 'NONE', #1558, #2352, #2182 ) ;
#2328 = VERTEX_POINT ( 'NONE', #1483 ) ;
#2329 = CARTESIAN_POINT ( 'NONE',  ( 7.499999999999998224, 18.50000000000000000, 34.99999999999999289 ) ) ;
#2330 = FACE_OUTER_BOUND ( 'NONE', #2382, .T. ) ;
#2331 = ORIENTED_EDGE ( 'NONE', *, *, #1254, .T. ) ;
#2332 = CARTESIAN_POINT ( 'NONE',  ( 29.99999999999999645, 12.75000000000000000, 38.49999999999998579 ) ) ;
#2333 = EDGE_CURVE ( 'NONE', #1340, #1983, #97, .T. ) ;
#2334 = DIRECTION ( 'NONE',  ( -1.000000000000000000, -0.000000000000000000, -0.000000000000000000 ) ) ;
#2335 = DIRECTION ( 'NONE',  ( -0.000000000000000000, 1.000000000000000000, -0.000000000000000000 ) ) ;
#2336 = VERTEX_POINT ( 'NONE', #269 ) ;
#2337 = VECTOR ( 'NONE', #1110, 1000.000000000000000 ) ;
#2338 = EDGE_LOOP ( 'NONE', ( #1162, #2262, #1134, #2456 ) ) ;
#2339 = ADVANCED_FACE ( 'NONE', ( #1666 ), #254, .F. ) ;
#2340 = VERTEX_POINT ( 'NONE', #853 ) ;
#2341 = CIRCLE ( 'NONE', #1228, 4.999999999999997335 ) ;
#2342 = VECTOR ( 'NONE', #2335, 1000.000000000000000 ) ;
#2343 = DIRECTION ( 'NONE',  ( -1.000000000000000000, 0.000000000000000000, 9.912705577010325549E-17 ) ) ;
#2344 = LINE ( 'NONE', #722, #555 ) ;
#2345 = CIRCLE ( 'NONE', #239, 3.499999999999996003 ) ;
#2346 = CARTESIAN_POINT ( 'NONE',  ( 33.49999999999999289, 12.75000000000000000, -35.00000000000000711 ) ) ;
#2347 = DIRECTION ( 'NONE',  ( 0.000000000000000000, -0.000000000000000000, -1.000000000000000000 ) ) ;
#2348 = AXIS2_PLACEMENT_3D ( 'NONE', #2059, #1235, #2038 ) ;
#2349 = ADVANCED_FACE ( 'NONE', ( #1677 ), #493, .T. ) ;
#2350 = DIRECTION ( 'NONE',  ( -0.000000000000000000, 1.000000000000000000, -0.000000000000000000 ) ) ;
#2351 = CARTESIAN_POINT ( 'NONE',  ( -30.00000000000000711, 12.75000000000000000, 40.00000000000000000 ) ) ;
#2352 = DIRECTION ( 'NONE',  ( -0.000000000000000000, 1.000000000000000000, -0.000000000000000000 ) ) ;
#2353 = VECTOR ( 'NONE', #2350, 1000.000000000000000 ) ;
#2354 = ORIENTED_EDGE ( 'NONE', *, *, #2298, .F. ) ;
#2355 = AXIS2_PLACEMENT_3D ( 'NONE', #1287, #1470, #1897 ) ;
#2356 = ORIENTED_EDGE ( 'NONE', *, *, #2406, .T. ) ;
#2357 = ORIENTED_EDGE ( 'NONE', *, *, #1526, .T. ) ;
#2358 = CARTESIAN_POINT ( 'NONE',  ( 29.99999999999999645, 0.000000000000000000, -30.00000000000001776 ) ) ;
#2359 = DIRECTION ( 'NONE',  ( -0.000000000000000000, 1.000000000000000000, -0.000000000000000000 ) ) ;
#2360 = EDGE_CURVE ( 'NONE', #1879, #690, #1289, .T. ) ;
#2361 = PLANE ( 'NONE',  #1652 ) ;
#2362 = CARTESIAN_POINT ( 'NONE',  ( 29.99999999999999645, 18.50000000000000000, 34.99999999999999289 ) ) ;
#2363 = CARTESIAN_POINT ( 'NONE',  ( 11.99999999999999645, 18.50000000000000000, 38.50000000000000000 ) ) ;
#2364 = DIRECTION ( 'NONE',  ( 0.000000000000000000, 0.000000000000000000, -1.000000000000000000 ) ) ;
#2365 = CARTESIAN_POINT ( 'NONE',  ( -25.00000000000000000, 12.75000000000000000, -25.45527267879434419 ) ) ;
#2366 = ORIENTED_EDGE ( 'NONE', *, *, #1230, .T. ) ;
#2367 = VERTEX_POINT ( 'NONE', #1639 ) ;
#2368 = ADVANCED_FACE ( 'NONE', ( #665 ), #2454, .F. ) ;
#2369 = EDGE_LOOP ( 'NONE', ( #1632, #1106, #831, #1047, #80, #2357 ) ) ;
#2370 = CIRCLE ( 'NONE', #468, 2.999999999999995559 ) ;
#2371 = CARTESIAN_POINT ( 'NONE',  ( 34.99999999999999289, 21.50000000000000000, -40.00000000000000711 ) ) ;
#2372 = DIRECTION ( 'NONE',  ( 0.000000000000000000, 0.000000000000000000, -1.000000000000000000 ) ) ;
#2373 = AXIS2_PLACEMENT_3D ( 'NONE', #1728, #1137, #2114 ) ;
#2374 = DIRECTION ( 'NONE',  ( -0.000000000000000000, -1.000000000000000000, -0.000000000000000000 ) ) ;
#2375 = DIRECTION ( 'NONE',  ( -1.000000000000000000, 0.000000000000000000, 1.982541115402065110E-16 ) ) ;
#2376 = EDGE_CURVE ( 'NONE', #1869, #953, #1155, .T. ) ;
#2377 = VECTOR ( 'NONE', #1144, 1000.000000000000000 ) ;
#2378 = DIRECTION ( 'NONE',  ( 0.000000000000000000, -1.000000000000000000, 0.000000000000000000 ) ) ;
#2379 = CARTESIAN_POINT ( 'NONE',  ( 29.99999999999999645, 0.000000000000000000, -35.00000000000000711 ) ) ;
#2380 = DIRECTION ( 'NONE',  ( -1.000000000000000000, -0.000000000000000000, -0.000000000000000000 ) ) ;
#2381 = ORIENTED_EDGE ( 'NONE', *, *, #919, .F. ) ;
#2382 = EDGE_LOOP ( 'NONE', ( #2480, #2356, #2394, #1266 ) ) ;
#2383 = EDGE_LOOP ( 'NONE', ( #152, #1718, #2124, #1112 ) ) ;
#2384 = EDGE_CURVE ( 'NONE', #2320, #2297, #1839, .T. ) ;
#2385 = PLANE ( 'NONE',  #1864 ) ;
#2386 = CARTESIAN_POINT ( 'NONE',  ( 29.99999999999999645, 13.74999999999999822, -36.00000000000001421 ) ) ;
#2387 = AXIS2_PLACEMENT_3D ( 'NONE', #727, #1531, #2115 ) ;
#2388 = CARTESIAN_POINT ( 'NONE',  ( -23.50000000000000355, 10.75000000000000000, 34.99999999999999289 ) ) ;
#2389 = DIRECTION ( 'NONE',  ( 1.000000000000000000, 0.000000000000000000, 0.000000000000000000 ) ) ;
#2390 = VECTOR ( 'NONE', #1345, 1000.000000000000000 ) ;
#2391 = CARTESIAN_POINT ( 'NONE',  ( 34.99999999999999289, 21.50000000000000000, 34.99999999999999289 ) ) ;
#2392 = DIRECTION ( 'NONE',  ( 0.000000000000000000, 0.000000000000000000, -1.000000000000000000 ) ) ;
#2393 = CARTESIAN_POINT ( 'NONE',  ( -20.00000000000000000, 16.75000000000000355, 29.99999999999999289 ) ) ;
#2394 = ORIENTED_EDGE ( 'NONE', *, *, #445, .T. ) ;
#2395 = AXIS2_PLACEMENT_3D ( 'NONE', #2013, #1469, #1673 ) ;
#2396 = EDGE_CURVE ( 'NONE', #845, #937, #360, .T. ) ;
#2397 = VERTEX_POINT ( 'NONE', #461 ) ;
#2398 = VERTEX_POINT ( 'NONE', #280 ) ;
#2399 = VECTOR ( 'NONE', #2420, 1000.000000000000000 ) ;
#2400 = FACE_OUTER_BOUND ( 'NONE', #1304, .T. ) ;
#2401 = DIRECTION ( 'NONE',  ( -1.000000000000000000, 0.000000000000000000, -9.912705577010325549E-17 ) ) ;
#2402 = LINE ( 'NONE', #661, #529 ) ;
#2403 = VECTOR ( 'NONE', #2485, 1000.000000000000000 ) ;
#2404 = FACE_OUTER_BOUND ( 'NONE', #1061, .T. ) ;
#2405 = CYLINDRICAL_SURFACE ( 'NONE', #453, 3.499999999999996003 ) ;
#2406 = EDGE_CURVE ( 'NONE', #2491, #2225, #2431, .T. ) ;
#2407 = LINE ( 'NONE', #803, #1523 ) ;
#2408 = DIRECTION ( 'NONE',  ( -1.000000000000000000, 0.000000000000000000, 0.000000000000000000 ) ) ;
#2409 = CARTESIAN_POINT ( 'NONE',  ( 7.500000000000003553, 10.75000000000000000, 38.49999999999999289 ) ) ;
#2410 = VERTEX_POINT ( 'NONE', #684 ) ;
#2411 = VERTEX_POINT ( 'NONE', #2237 ) ;
#2412 = EDGE_CURVE ( 'NONE', #641, #1952, #298, .T. ) ;
#2413 = ORIENTED_EDGE ( 'NONE', *, *, #833, .T. ) ;
#2414 = DIRECTION ( 'NONE',  ( 0.000000000000000000, 0.000000000000000000, -1.000000000000000000 ) ) ;
#2415 = DIRECTION ( 'NONE',  ( 0.000000000000000000, 0.000000000000000000, 1.000000000000000000 ) ) ;
#2416 = DIRECTION ( 'NONE',  ( 9.912705577010325549E-17, -0.000000000000000000, 1.000000000000000000 ) ) ;
#2417 = LINE ( 'NONE', #444, #1829 ) ;
#2418 = CIRCLE ( 'NONE', #179, 3.000000000000002665 ) ;
#2419 = ADVANCED_FACE ( 'NONE', ( #1826 ), #47, .F. ) ;
#2420 = DIRECTION ( 'NONE',  ( 9.912705577010325549E-17, 0.000000000000000000, -1.000000000000000000 ) ) ;
#2421 = LINE ( 'NONE', #2181, #1064 ) ;
#2422 = CARTESIAN_POINT ( 'NONE',  ( -30.00000000000000355, 21.50000000000000000, -35.00000000000000711 ) ) ;
#2423 = ORIENTED_EDGE ( 'NONE', *, *, #445, .F. ) ;
#2424 = ORIENTED_EDGE ( 'NONE', *, *, #356, .F. ) ;
#2425 = ORIENTED_EDGE ( 'NONE', *, *, #1459, .T. ) ;
#2426 = CYLINDRICAL_SURFACE ( 'NONE', #451, 1.000000000000000888 ) ;
#2427 = CARTESIAN_POINT ( 'NONE',  ( -30.00000000000000711, 0.000000000000000000, 34.00000000000000000 ) ) ;
#2428 = ADVANCED_FACE ( 'NONE', ( #1727 ), #2512, .T. ) ;
#2429 = CARTESIAN_POINT ( 'NONE',  ( 31.99999999999999289, 0.000000000000000000, -30.41742430504417527 ) ) ;
#2430 = LINE ( 'NONE', #2179, #1037 ) ;
#2431 = LINE ( 'NONE', #2063, #778 ) ;
#2432 = DIRECTION ( 'NONE',  ( 1.000000000000000000, 0.000000000000000000, -9.912705577010325549E-17 ) ) ;
#2433 = LINE ( 'NONE', #2210, #795 ) ;
#2434 = EDGE_CURVE ( 'NONE', #1739, #683, #1903, .T. ) ;
#2435 = CIRCLE ( 'NONE', #77, 3.000000000000002665 ) ;
#2436 = ORIENTED_EDGE ( 'NONE', *, *, #994, .F. ) ;
#2437 = ORIENTED_EDGE ( 'NONE', *, *, #1906, .F. ) ;
#2438 = VECTOR ( 'NONE', #1569, 1000.000000000000000 ) ;
#2439 = LINE ( 'NONE', #2427, #1501 ) ;
#2440 = AXIS2_PLACEMENT_3D ( 'NONE', #2040, #2076, #1434 ) ;
#2441 = CARTESIAN_POINT ( 'NONE',  ( -32.00000000000000000, 12.04999999999999183, -25.50000000000000355 ) ) ;
#2442 = CARTESIAN_POINT ( 'NONE',  ( -33.49999999999999289, 12.75000000000000000, -35.00000000000000711 ) ) ;
#2443 = EDGE_CURVE ( 'NONE', #1002, #2297, #2233, .T. ) ;
#2444 = CARTESIAN_POINT ( 'NONE',  ( -33.50000000000000000, 10.75000000000000000, -25.34415568635495930 ) ) ;
#2445 = DIRECTION ( 'NONE',  ( 0.000000000000000000, 0.000000000000000000, -1.000000000000000000 ) ) ;
#2446 = DIRECTION ( 'NONE',  ( -0.000000000000000000, 1.000000000000000000, 0.000000000000000000 ) ) ;
#2447 = VERTEX_POINT ( 'NONE', #593 ) ;
#2448 = ORIENTED_EDGE ( 'NONE', *, *, #105, .F. ) ;
#2449 = EDGE_CURVE ( 'NONE', #2475, #41, #2518, .T. ) ;
#2450 = DIRECTION ( 'NONE',  ( 0.000000000000000000, 0.000000000000000000, -1.000000000000000000 ) ) ;
#2451 = CARTESIAN_POINT ( 'NONE',  ( 34.99999999999999289, 21.50000000000000000, -37.00000000000000711 ) ) ;
#2452 = CARTESIAN_POINT ( 'NONE',  ( 8.999999999999998224, -29.77468383590426271, 37.00000000000000000 ) ) ;
#2453 = EDGE_CURVE ( 'NONE', #1293, #590, #1792, .T. ) ;
#2454 = CYLINDRICAL_SURFACE ( 'NONE', #83, 1.000000000000000888 ) ;
#2455 = AXIS2_PLACEMENT_3D ( 'NONE', #1456, #55, #871 ) ;
#2456 = ORIENTED_EDGE ( 'NONE', *, *, #1455, .T. ) ;
#2457 = ORIENTED_EDGE ( 'NONE', *, *, #1595, .F. ) ;
#2458 = VERTEX_POINT ( 'NONE', #1378 ) ;
#2459 = DIRECTION ( 'NONE',  ( -1.000000000000000000, -0.000000000000000000, -0.000000000000000000 ) ) ;
#2460 = EDGE_CURVE ( 'NONE', #1426, #1488, #184, .T. ) ;
#2461 = PLANE ( 'NONE',  #1482 ) ;
#2462 = LINE ( 'NONE', #289, #949 ) ;
#2463 = ORIENTED_EDGE ( 'NONE', *, *, #1667, .F. ) ;
#2464 = CIRCLE ( 'NONE', #109, 2.999999999999995559 ) ;
#2465 = DIRECTION ( 'NONE',  ( 0.000000000000000000, 0.000000000000000000, 1.000000000000000000 ) ) ;
#2466 = CARTESIAN_POINT ( 'NONE',  ( 11.99999999999999645, -29.77468383590426271, 31.99999999999999289 ) ) ;
#2467 = ORIENTED_EDGE ( 'NONE', *, *, #2396, .T. ) ;
#2468 = ORIENTED_EDGE ( 'NONE', *, *, #1484, .T. ) ;
#2469 = ORIENTED_EDGE ( 'NONE', *, *, #1058, .T. ) ;
#2470 = FACE_OUTER_BOUND ( 'NONE', #2543, .T. ) ;
#2471 = VECTOR ( 'NONE', #1104, 1000.000000000000000 ) ;
#2472 = DIRECTION ( 'NONE',  ( -1.000000000000000000, 0.000000000000000000, -0.000000000000000000 ) ) ;
#2473 = VECTOR ( 'NONE', #181, 1000.000000000000000 ) ;
#2474 = DIRECTION ( 'NONE',  ( 0.000000000000000000, 0.000000000000000000, -1.000000000000000000 ) ) ;
#2475 = VERTEX_POINT ( 'NONE', #2163 ) ;
#2476 = CARTESIAN_POINT ( 'NONE',  ( -30.00000000000000355, 0.000000000000000000, -35.00000000000000711 ) ) ;
#2477 = DIRECTION ( 'NONE',  ( -0.000000000000000000, 1.000000000000000000, -0.000000000000000000 ) ) ;
#2478 = ORIENTED_EDGE ( 'NONE', *, *, #1080, .T. ) ;
#2479 = EDGE_LOOP ( 'NONE', ( #484, #1562, #486, #205 ) ) ;
#2480 = ORIENTED_EDGE ( 'NONE', *, *, #279, .F. ) ;
#2481 = EDGE_CURVE ( 'NONE', #377, #1786, #945, .T. ) ;
#2482 = CARTESIAN_POINT ( 'NONE',  ( -33.50000000000000000, 10.75000000000000000, 35.00000000000000000 ) ) ;
#2483 = APPLICATION_PROTOCOL_DEFINITION ( 'draft international standard', 'automotive_design', 1998, #253 ) ;
#2484 = PLANE ( 'NONE',  #2513 ) ;
#2485 = DIRECTION ( 'NONE',  ( 1.000000000000000000, -0.000000000000000000, -1.982541115402065110E-16 ) ) ;
#2486 = EDGE_LOOP ( 'NONE', ( #2157, #770, #2113, #51, #668, #1372, #1454, #509 ) ) ;
#2487 = DIRECTION ( 'NONE',  ( 0.000000000000000000, 0.000000000000000000, 1.000000000000000000 ) ) ;
#2488 = EDGE_CURVE ( 'NONE', #326, #1215, #1352, .T. ) ;
#2489 = CIRCLE ( 'NONE', #1748, 3.000000000000002665 ) ;
#2490 = ORIENTED_EDGE ( 'NONE', *, *, #2236, .T. ) ;
#2491 = VERTEX_POINT ( 'NONE', #1609 ) ;
#2492 = VECTOR ( 'NONE', #1032, 1000.000000000000000 ) ;
#2493 = ORIENTED_EDGE ( 'NONE', *, *, #1734, .F. ) ;
#2494 = CARTESIAN_POINT ( 'NONE',  ( -30.00000000000000711, 21.50000000000000000, 40.00000000000000000 ) ) ;
#2495 = ORIENTED_EDGE ( 'NONE', *, *, #1595, .T. ) ;
#2496 = SHAPE_DEFINITION_REPRESENTATION ( #1978, #974 ) ;
#2497 = DIRECTION ( 'NONE',  ( -0.000000000000000000, -1.000000000000000000, -0.000000000000000000 ) ) ;
#2498 = DIRECTION ( 'NONE',  ( 0.000000000000000000, 0.000000000000000000, -1.000000000000000000 ) ) ;
#2499 = PRODUCT_RELATED_PRODUCT_CATEGORY ( 'part', '', ( #981 ) ) ;
#2500 = ORIENTED_EDGE ( 'NONE', *, *, #312, .T. ) ;
#2501 = CARTESIAN_POINT ( 'NONE',  ( 8.999999999999998224, 18.50000000000000000, 36.99999999999999289 ) ) ;
#2502 = CARTESIAN_POINT ( 'NONE',  ( -23.50000000000000000, 16.75000000000000000, 47.00000000000000000 ) ) ;
#2503 = VERTEX_POINT ( 'NONE', #263 ) ;
#2504 = EDGE_CURVE ( 'NONE', #1118, #1917, #2064, .T. ) ;
#2505 = EDGE_LOOP ( 'NONE', ( #128, #333, #518, #628, #308, #123 ) ) ;
#2506 = VERTEX_POINT ( 'NONE', #441 ) ;
#2507 = AXIS2_PLACEMENT_3D ( 'NONE', #1770, #1533, #1756 ) ;
#2508 = ORIENTED_EDGE ( 'NONE', *, *, #23, .T. ) ;
#2509 = LINE ( 'NONE', #721, #1236 ) ;
#2510 = DIRECTION ( 'NONE',  ( 1.000000000000000000, 0.000000000000000000, -9.912705577010325549E-17 ) ) ;
#2511 = ORIENTED_EDGE ( 'NONE', *, *, #2065, .T. ) ;
#2512 = PLANE ( 'NONE',  #1823 ) ;
#2513 = AXIS2_PLACEMENT_3D ( 'NONE', #706, #886, #132 ) ;
#2514 = CARTESIAN_POINT ( 'NONE',  ( 7.500000000000000000, 4.749999999999997335, 36.99999999999999289 ) ) ;
#2515 = LINE ( 'NONE', #582, #1971 ) ;
#2516 = EDGE_CURVE ( 'NONE', #2475, #159, #1053, .T. ) ;
#2517 = VECTOR ( 'NONE', #2208, 1000.000000000000000 ) ;
#2518 = CIRCLE ( 'NONE', #1736, 3.000000000000002665 ) ;
#2519 = PLANE ( 'NONE',  #2300 ) ;
#2520 = ORIENTED_EDGE ( 'NONE', *, *, #1021, .T. ) ;
#2521 = ORIENTED_EDGE ( 'NONE', *, *, #59, .F. ) ;
#2522 = ORIENTED_EDGE ( 'NONE', *, *, #2276, .T. ) ;
#2523 = CARTESIAN_POINT ( 'NONE',  ( 29.99999999999999645, 0.000000000000000000, -34.00000000000000711 ) ) ;
#2524 = CARTESIAN_POINT ( 'NONE',  ( 8.999999999999998224, 10.75000000000000000, 36.79999999999999005 ) ) ;
#2525 = ORIENTED_EDGE ( 'NONE', *, *, #1094, .F. ) ;
#2526 = CARTESIAN_POINT ( 'NONE',  ( -35.01000000000000512, 13.74999999999999822, 39.99999999999998579 ) ) ;
#2527 = DIRECTION ( 'NONE',  ( 0.000000000000000000, 0.000000000000000000, 1.000000000000000000 ) ) ;
#2528 = EDGE_CURVE ( 'NONE', #976, #1547, #1281, .T. ) ;
#2529 = LINE ( 'NONE', #1149, #849 ) ;
#2530 = ORIENTED_EDGE ( 'NONE', *, *, #861, .F. ) ;
#2531 = ORIENTED_EDGE ( 'NONE', *, *, #1336, .T. ) ;
#2532 = VECTOR ( 'NONE', #1146, 1000.000000000000000 ) ;
#2533 = ORIENTED_EDGE ( 'NONE', *, *, #587, .T. ) ;
#2534 = CARTESIAN_POINT ( 'NONE',  ( 29.99999999999999645, 0.000000000000000000, 33.99999999999998579 ) ) ;
#2535 = CARTESIAN_POINT ( 'NONE',  ( 29.99999999999999645, 13.74999999999999822, -35.00000000000000711 ) ) ;
#2536 = EDGE_CURVE ( 'NONE', #588, #2088, #29, .T. ) ;
#2537 = DIRECTION ( 'NONE',  ( -1.000000000000000000, 0.000000000000000000, -9.912705577010325549E-17 ) ) ;
#2538 = AXIS2_PLACEMENT_3D ( 'NONE', #2535, #514, #760 ) ;
#2539 = DIRECTION ( 'NONE',  ( 0.000000000000000000, -0.000000000000000000, -1.000000000000000000 ) ) ;
#2540 = CARTESIAN_POINT ( 'NONE',  ( 29.99999999999999289, 12.75000000000000000, -38.50000000000000711 ) ) ;
#2541 = CARTESIAN_POINT ( 'NONE',  ( 18.00000000000000355, 12.04999999999999183, 38.49999999999999289 ) ) ;
#2542 = DIRECTION ( 'NONE',  ( 0.000000000000000000, 0.000000000000000000, 1.000000000000000000 ) ) ;
#2543 = EDGE_LOOP ( 'NONE', ( #2561, #2413, #627, #2018 ) ) ;
#2544 = EDGE_CURVE ( 'NONE', #1952, #2092, #2402, .T. ) ;
#2545 = VERTEX_POINT ( 'NONE', #1260 ) ;
#2546 = EDGE_CURVE ( 'NONE', #953, #1869, #1692, .T. ) ;
#2547 = ORIENTED_EDGE ( 'NONE', *, *, #85, .F. ) ;
#2548 = VECTOR ( 'NONE', #742, 1000.000000000000000 ) ;
#2549 = CARTESIAN_POINT ( 'NONE',  ( 31.99999999999999289, 18.50000000000000000, 30.41742430504414685 ) ) ;
#2550 = CARTESIAN_POINT ( 'NONE',  ( -30.00000000000000711, 12.75000000000000000, 35.00000000000000000 ) ) ;
#2551 = CARTESIAN_POINT ( 'NONE',  ( 7.500000000000000000, 21.50000000000000000, 39.99999999999999289 ) ) ;
#2552 = DIRECTION ( 'NONE',  ( 1.000000000000000000, -0.000000000000000000, 0.000000000000000000 ) ) ;
#2553 = CIRCLE ( 'NONE', #2395, 3.000000000000002665 ) ;
#2554 = CARTESIAN_POINT ( 'NONE',  ( -30.00000000000000711, 13.74999999999999822, 38.00000000000000711 ) ) ;
#2555 = LINE ( 'NONE', #1557, #2390 ) ;
#2556 = CARTESIAN_POINT ( 'NONE',  ( -33.49999999999999289, 12.04999999999999183, -20.00000000000000355 ) ) ;
#2557 = ORIENTED_EDGE ( 'NONE', *, *, #1791, .F. ) ;
#2558 = VECTOR ( 'NONE', #2039, 1000.000000000000000 ) ;
#2559 = PRODUCT_DEFINITION_FORMATION_WITH_SPECIFIED_SOURCE ( 'ANY', '', #981, .NOT_KNOWN. ) ;
#2560 = ORIENTED_EDGE ( 'NONE', *, *, #411, .T. ) ;
#2561 = ORIENTED_EDGE ( 'NONE', *, *, #349, .T. ) ;
#2562 = CIRCLE ( 'NONE', #121, 4.999999999999997335 ) ;
#2563 = EDGE_CURVE ( 'NONE', #576, #1772, #1650, .T. ) ;
ENDSEC;
END-ISO-10303-21;
