ISO-10303-21;
HEADER;
FILE_DESCRIPTION (( 'STEP AP214' ),
    '1' );
FILE_NAME ('SkiSafe CamelBack 02 - TOP.STEP',
    '2026-06-02T15:36:30',
    ( '' ),
    ( '' ),
    'SwSTEP 2.0',
    'SolidWorks 2026',
    '' );
FILE_SCHEMA (( 'AUTOMOTIVE_DESIGN' ));
ENDSEC;

DATA;
#1 = DIRECTION ( 'NONE',  ( 0.000000000000000000, 1.000000000000000000, 0.000000000000000000 ) ) ;
#2 = VERTEX_POINT ( 'NONE', #1114 ) ;
#3 = AXIS2_PLACEMENT_3D ( 'NONE', #503, #1698, #643 ) ;
#4 = CARTESIAN_POINT ( 'NONE',  ( 31.99999999999999289, 0.000000000000000000, 30.41742430504414685 ) ) ;
#5 = LINE ( 'NONE', #1713, #712 ) ;
#6 = ORIENTED_EDGE ( 'NONE', *, *, #289, .F. ) ;
#7 = DIRECTION ( 'NONE',  ( 1.000000000000000000, -0.000000000000000000, 9.912705577010326782E-17 ) ) ;
#8 = DIRECTION ( 'NONE',  ( 0.000000000000000000, -1.000000000000000000, 0.000000000000000000 ) ) ;
#9 = ADVANCED_FACE ( 'NONE', ( #959 ), #814, .F. ) ;
#10 = ORIENTED_EDGE ( 'NONE', *, *, #478, .F. ) ;
#11 = CARTESIAN_POINT ( 'NONE',  ( 29.99999999999999645, 10.75000000000000000, 38.69999999999998153 ) ) ;
#12 = ORIENTED_EDGE ( 'NONE', *, *, #293, .F. ) ;
#13 = AXIS2_PLACEMENT_3D ( 'NONE', #601, #849, #1353 ) ;
#14 = LINE ( 'NONE', #742, #257 ) ;
#15 = VECTOR ( 'NONE', #1454, 1000.000000000000000 ) ;
#16 = ORIENTED_EDGE ( 'NONE', *, *, #367, .T. ) ;
#17 = CARTESIAN_POINT ( 'NONE',  ( -30.00000000000000711, 0.000000000000000000, 35.00000000000000000 ) ) ;
#18 = CARTESIAN_POINT ( 'NONE',  ( -32.00000000000000000, 10.75000000000000000, -25.34415568635495930 ) ) ;
#19 = ORIENTED_EDGE ( 'NONE', *, *, #969, .T. ) ;
#20 = EDGE_CURVE ( 'NONE', #688, #1263, #1082, .T. ) ;
#21 = CARTESIAN_POINT ( 'NONE',  ( 7.500000000000000000, 21.50000000000000000, 39.99999999999999289 ) ) ;
#22 = ORIENTED_EDGE ( 'NONE', *, *, #1121, .F. ) ;
#23 = UNCERTAINTY_MEASURE_WITH_UNIT (LENGTH_MEASURE( 1.000000000000000082E-05 ), #512, 'distance_accuracy_value', 'NONE');
#24 = DIRECTION ( 'NONE',  ( 0.000000000000000000, 0.000000000000000000, -1.000000000000000000 ) ) ;
#25 = CARTESIAN_POINT ( 'NONE',  ( 0.000000000000000000, 0.000000000000000000, 0.000000000000000000 ) ) ;
#26 = EDGE_CURVE ( 'NONE', #2, #885, #1399, .T. ) ;
#27 = ORIENTED_EDGE ( 'NONE', *, *, #1235, .F. ) ;
#28 = LINE ( 'NONE', #590, #1604 ) ;
#29 = DIRECTION ( 'NONE',  ( -1.000000000000000000, 0.000000000000000000, 0.000000000000000000 ) ) ;
#30 = ORIENTED_EDGE ( 'NONE', *, *, #988, .F. ) ;
#31 = DIRECTION ( 'NONE',  ( 1.000000000000000000, 0.000000000000000000, 0.000000000000000000 ) ) ;
#32 = VERTEX_POINT ( 'NONE', #655 ) ;
#33 = CIRCLE ( 'NONE', #1159, 4.999999999999997335 ) ;
#34 = EDGE_CURVE ( 'NONE', #688, #1009, #1510, .T. ) ;
#35 = FACE_OUTER_BOUND ( 'NONE', #244, .T. ) ;
#36 = AXIS2_PLACEMENT_3D ( 'NONE', #707, #269, #944 ) ;
#37 = ORIENTED_EDGE ( 'NONE', *, *, #1075, .F. ) ;
#38 = CARTESIAN_POINT ( 'NONE',  ( -30.00000000000000355, 10.75000000000000000, 38.69999999999999574 ) ) ;
#39 = CARTESIAN_POINT ( 'NONE',  ( 29.99999999999999645, 10.75000000000000000, -35.00000000000000711 ) ) ;
#40 = EDGE_CURVE ( 'NONE', #435, #1209, #235, .T. ) ;
#41 = ORIENTED_EDGE ( 'NONE', *, *, #1202, .T. ) ;
#42 = CARTESIAN_POINT ( 'NONE',  ( 34.99999999999999289, 10.75000000000000000, 36.99999999999998579 ) ) ;
#43 = ORIENTED_EDGE ( 'NONE', *, *, #86, .T. ) ;
#44 = UNCERTAINTY_MEASURE_WITH_UNIT (LENGTH_MEASURE( 1.000000000000000082E-05 ), #1288, 'distance_accuracy_value', 'NONE');
#45 = DIRECTION ( 'NONE',  ( -0.000000000000000000, -1.000000000000000000, -0.000000000000000000 ) ) ;
#46 = EDGE_CURVE ( 'NONE', #851, #191, #1816, .T. ) ;
#47 = VERTEX_POINT ( 'NONE', #261 ) ;
#48 = CARTESIAN_POINT ( 'NONE',  ( -23.50000000000000000, 4.750000000000001776, 47.00000000000000000 ) ) ;
#49 = VECTOR ( 'NONE', #1056, 1000.000000000000000 ) ;
#50 = DIRECTION ( 'NONE',  ( 0.000000000000000000, 0.000000000000000000, -1.000000000000000000 ) ) ;
#51 = FACE_BOUND ( 'NONE', #835, .T. ) ;
#52 = ORIENTED_EDGE ( 'NONE', *, *, #632, .F. ) ;
#53 = DIRECTION ( 'NONE',  ( 0.000000000000000000, -1.000000000000000000, 0.000000000000000000 ) ) ;
#54 = ORIENTED_EDGE ( 'NONE', *, *, #1549, .F. ) ;
#55 = CARTESIAN_POINT ( 'NONE',  ( 29.99999999999999645, 0.000000000000000000, 35.99999999999999289 ) ) ;
#56 = VECTOR ( 'NONE', #1256, 1000.000000000000000 ) ;
#57 = ORIENTED_EDGE ( 'NONE', *, *, #943, .T. ) ;
#58 = DIRECTION ( 'NONE',  ( -0.000000000000000000, 1.000000000000000000, -0.000000000000000000 ) ) ;
#59 = DIRECTION ( 'NONE',  ( -0.000000000000000000, 1.000000000000000000, -0.000000000000000000 ) ) ;
#60 = EDGE_CURVE ( 'NONE', #473, #402, #821, .T. ) ;
#61 = CARTESIAN_POINT ( 'NONE',  ( -25.00000000000000000, 10.75000000000000000, -25.34415568635495930 ) ) ;
#62 = EDGE_LOOP ( 'NONE', ( #201, #392, #30, #1038 ) ) ;
#63 = DIRECTION ( 'NONE',  ( 0.000000000000000000, 1.000000000000000000, 0.000000000000000000 ) ) ;
#64 = EDGE_LOOP ( 'NONE', ( #578, #1194, #1465, #1220, #1368, #1593, #524, #1612, #1840, #1299, #1807, #1462 ) ) ;
#65 = DIRECTION ( 'NONE',  ( -1.000000000000000000, 0.000000000000000000, 0.000000000000000000 ) ) ;
#66 = VECTOR ( 'NONE', #228, 1000.000000000000000 ) ;
#67 = AXIS2_PLACEMENT_3D ( 'NONE', #310, #8, #1016 ) ;
#68 = EDGE_LOOP ( 'NONE', ( #1649, #1844, #346, #593 ) ) ;
#69 = CARTESIAN_POINT ( 'NONE',  ( -30.00000000000000355, 10.75000000000000000, -30.00000000000001421 ) ) ;
#70 = PLANE ( 'NONE',  #1586 ) ;
#71 = CIRCLE ( 'NONE', #1820, 4.999999999999997335 ) ;
#72 = SURFACE_STYLE_USAGE ( .BOTH. , #338 ) ;
#73 = VECTOR ( 'NONE', #1726, 1000.000000000000000 ) ;
#74 = EDGE_CURVE ( 'NONE', #1813, #1305, #1360, .T. ) ;
#75 = DIRECTION ( 'NONE',  ( -1.000000000000000000, 0.000000000000000000, 1.982541115402065110E-16 ) ) ;
#76 = ORIENTED_EDGE ( 'NONE', *, *, #993, .T. ) ;
#77 = DIRECTION ( 'NONE',  ( 0.000000000000000000, 1.000000000000000000, 0.000000000000000000 ) ) ;
#78 = ORIENTED_EDGE ( 'NONE', *, *, #330, .T. ) ;
#79 = CARTESIAN_POINT ( 'NONE',  ( -33.69999999999999574, 10.75000000000000000, -25.34415568635495930 ) ) ;
#80 = LINE ( 'NONE', #470, #1101 ) ;
#81 = AXIS2_PLACEMENT_3D ( 'NONE', #403, #830, #525 ) ;
#82 = PLANE ( 'NONE',  #1803 ) ;
#83 = VECTOR ( 'NONE', #939, 1000.000000000000000 ) ;
#84 = DIRECTION ( 'NONE',  ( 1.000000000000000000, 0.000000000000000000, 0.000000000000000000 ) ) ;
#85 = ORIENTED_EDGE ( 'NONE', *, *, #1532, .T. ) ;
#86 = EDGE_CURVE ( 'NONE', #1515, #1070, #1192, .T. ) ;
#87 = DIRECTION ( 'NONE',  ( 0.000000000000000000, 0.000000000000000000, -1.000000000000000000 ) ) ;
#88 = ORIENTED_EDGE ( 'NONE', *, *, #1356, .F. ) ;
#89 = DIRECTION ( 'NONE',  ( 0.000000000000000000, 0.000000000000000000, -1.000000000000000000 ) ) ;
#90 = CARTESIAN_POINT ( 'NONE',  ( -30.00000000000000355, 0.000000000000000000, -35.00000000000000711 ) ) ;
#91 = CARTESIAN_POINT ( 'NONE',  ( 33.69999999999999574, 12.54999999999999183, 34.99999999999999289 ) ) ;
#92 = CARTESIAN_POINT ( 'NONE',  ( -25.00000000000000000, 12.54999999999999893, -14.52277442494834325 ) ) ;
#93 = ORIENTED_EDGE ( 'NONE', *, *, #1169, .F. ) ;
#94 = LINE ( 'NONE', #370, #1227 ) ;
#95 = ADVANCED_FACE ( 'NONE', ( #766, #51, #1206, #1639 ), #219, .F. ) ;
#96 = MANIFOLD_SOLID_BREP ( 'Cut-Extrude6[2]', #1777 ) ;
#97 = DIRECTION ( 'NONE',  ( 0.000000000000000000, 1.000000000000000000, 0.000000000000000000 ) ) ;
#98 = CARTESIAN_POINT ( 'NONE',  ( -30.00000000000000711, 0.000000000000000000, 40.00000000000000000 ) ) ;
#99 = CARTESIAN_POINT ( 'NONE',  ( -30.00000000000000711, 0.000000000000000000, 34.00000000000000000 ) ) ;
#100 = CARTESIAN_POINT ( 'NONE',  ( 29.99999999999999645, 0.000000000000000000, -35.00000000000000711 ) ) ;
#101 = CARTESIAN_POINT ( 'NONE',  ( -35.00000000000000000, 0.000000000000000000, 35.00000000000000000 ) ) ;
#102 = VERTEX_POINT ( 'NONE', #91 ) ;
#103 = DIRECTION ( 'NONE',  ( 0.000000000000000000, -0.000000000000000000, -1.000000000000000000 ) ) ;
#104 = EDGE_LOOP ( 'NONE', ( #1440, #1234, #881, #1705, #85, #462, #771, #728 ) ) ;
#105 = ORIENTED_EDGE ( 'NONE', *, *, #86, .F. ) ;
#106 = DIRECTION ( 'NONE',  ( 0.000000000000000000, -1.000000000000000000, 0.000000000000000000 ) ) ;
#107 = CARTESIAN_POINT ( 'NONE',  ( -25.00000000000000000, 12.54999999999999893, -25.47722557505166563 ) ) ;
#108 = VECTOR ( 'NONE', #1230, 1000.000000000000000 ) ;
#109 = VECTOR ( 'NONE', #97, 1000.000000000000000 ) ;
#110 = AXIS2_PLACEMENT_3D ( 'NONE', #1808, #653, #937 ) ;
#111 = ORIENTED_EDGE ( 'NONE', *, *, #138, .F. ) ;
#112 = ADVANCED_FACE ( 'NONE', ( #1618 ), #82, .T. ) ;
#113 = FACE_OUTER_BOUND ( 'NONE', #1217, .T. ) ;
#114 = ORIENTED_EDGE ( 'NONE', *, *, #1383, .F. ) ;
#115 = LINE ( 'NONE', #1260, #873 ) ;
#116 = CARTESIAN_POINT ( 'NONE',  ( 33.69999999999999574, 12.54999999999999183, -35.00000000000000711 ) ) ;
#117 = DIRECTION ( 'NONE',  ( 0.000000000000000000, 0.000000000000000000, 1.000000000000000000 ) ) ;
#118 = EDGE_CURVE ( 'NONE', #379, #1451, #1183, .T. ) ;
#119 = AXIS2_PLACEMENT_3D ( 'NONE', #1541, #125, #117 ) ;
#120 = ORIENTED_EDGE ( 'NONE', *, *, #786, .T. ) ;
#121 = CARTESIAN_POINT ( 'NONE',  ( -32.00000000000000000, 3.000000000000000000, -30.41742430504417172 ) ) ;
#122 = VERTEX_POINT ( 'NONE', #1767 ) ;
#123 = VERTEX_POINT ( 'NONE', #1654 ) ;
#124 = LINE ( 'NONE', #1108, #1277 ) ;
#125 = DIRECTION ( 'NONE',  ( -1.000000000000000000, 0.000000000000000000, 0.000000000000000000 ) ) ;
#126 = VECTOR ( 'NONE', #1374, 1000.000000000000000 ) ;
#127 = ADVANCED_FACE ( 'NONE', ( #483 ), #374, .F. ) ;
#128 = ORIENTED_EDGE ( 'NONE', *, *, #1356, .T. ) ;
#129 = AXIS2_PLACEMENT_3D ( 'NONE', #1104, #1675, #671 ) ;
#130 = CARTESIAN_POINT ( 'NONE',  ( 22.82804308182932829, 10.75000000000000000, 38.69999999999999574 ) ) ;
#131 = DIRECTION ( 'NONE',  ( 0.000000000000000000, 1.000000000000000000, 0.000000000000000000 ) ) ;
#132 = DIRECTION ( 'NONE',  ( 0.000000000000000000, -0.000000000000000000, -1.000000000000000000 ) ) ;
#133 = CARTESIAN_POINT ( 'NONE',  ( -23.50000000000001066, 12.54999999999999893, 1.189524669241240249E-15 ) ) ;
#134 = CIRCLE ( 'NONE', #1170, 5.000000000000000888 ) ;
#135 = ORIENTED_EDGE ( 'NONE', *, *, #1598, .T. ) ;
#136 = CYLINDRICAL_SURFACE ( 'NONE', #366, 4.999999999999997335 ) ;
#137 = VERTEX_POINT ( 'NONE', #1513 ) ;
#138 = EDGE_CURVE ( 'NONE', #341, #1349, #1630, .T. ) ;
#139 = FACE_OUTER_BOUND ( 'NONE', #853, .T. ) ;
#140 = EDGE_LOOP ( 'NONE', ( #569, #128, #1273, #499, #586, #1759, #1714, #487 ) ) ;
#141 = DIRECTION ( 'NONE',  ( 0.000000000000000000, 0.000000000000000000, 1.000000000000000000 ) ) ;
#142 = PLANE ( 'NONE',  #810 ) ;
#143 = EDGE_CURVE ( 'NONE', #2, #868, #452, .T. ) ;
#144 = EDGE_LOOP ( 'NONE', ( #332, #918, #890, #272 ) ) ;
#145 = ORIENTED_EDGE ( 'NONE', *, *, #1477, .T. ) ;
#146 = DIRECTION ( 'NONE',  ( 0.000000000000000000, 0.000000000000000000, -1.000000000000000000 ) ) ;
#147 = EDGE_CURVE ( 'NONE', #600, #888, #134, .T. ) ;
#148 = ORIENTED_EDGE ( 'NONE', *, *, #367, .F. ) ;
#149 = CARTESIAN_POINT ( 'NONE',  ( -30.00000000000000355, 12.54999999999999183, 38.69999999999999574 ) ) ;
#150 = DIRECTION ( 'NONE',  ( -1.000000000000000000, 0.000000000000000000, 0.000000000000000000 ) ) ;
#151 = ORIENTED_EDGE ( 'NONE', *, *, #924, .T. ) ;
#152 = CIRCLE ( 'NONE', #391, 4.999999999999997335 ) ;
#153 = EDGE_CURVE ( 'NONE', #1028, #885, #886, .T. ) ;
#154 = DIRECTION ( 'NONE',  ( -1.000000000000000000, 0.000000000000000000, 0.000000000000000000 ) ) ;
#155 = ORIENTED_EDGE ( 'NONE', *, *, #855, .T. ) ;
#156 = VECTOR ( 'NONE', #1224, 1000.000000000000000 ) ;
#157 = VECTOR ( 'NONE', #602, 1000.000000000000000 ) ;
#158 = CYLINDRICAL_SURFACE ( 'NONE', #730, 5.000000000000000888 ) ;
#159 = ADVANCED_FACE ( 'NONE', ( #1662 ), #256, .F. ) ;
#160 = ORIENTED_EDGE ( 'NONE', *, *, #988, .T. ) ;
#161 = CARTESIAN_POINT ( 'NONE',  ( -30.00000000000000355, 0.000000000000000000, -35.00000000000000711 ) ) ;
#162 = CARTESIAN_POINT ( 'NONE',  ( 33.69999999999999574, 119.0514581273465069, 34.99999999999999289 ) ) ;
#163 = ORIENTED_EDGE ( 'NONE', *, *, #713, .T. ) ;
#164 = ORIENTED_EDGE ( 'NONE', *, *, #762, .T. ) ;
#165 = VECTOR ( 'NONE', #169, 1000.000000000000000 ) ;
#166 = DIRECTION ( 'NONE',  ( -0.000000000000000000, -1.000000000000000000, -0.000000000000000000 ) ) ;
#167 = VECTOR ( 'NONE', #1212, 1000.000000000000000 ) ;
#168 = VERTEX_POINT ( 'NONE', #1531 ) ;
#169 = DIRECTION ( 'NONE',  ( 1.000000000000000000, 0.000000000000000000, -2.312964634635742957E-16 ) ) ;
#170 = DIRECTION ( 'NONE',  ( 0.000000000000000000, 0.000000000000000000, -1.000000000000000000 ) ) ;
#171 = EDGE_CURVE ( 'NONE', #900, #1819, #265, .T. ) ;
#172 = ORIENTED_EDGE ( 'NONE', *, *, #171, .T. ) ;
#173 = CARTESIAN_POINT ( 'NONE',  ( 29.99999999999999289, 10.75000000000000000, -38.70000000000000284 ) ) ;
#174 = ORIENTED_EDGE ( 'NONE', *, *, #1024, .T. ) ;
#175 = CARTESIAN_POINT ( 'NONE',  ( -33.70000000000000284, 10.75000000000000000, 35.00000000000000000 ) ) ;
#176 = CARTESIAN_POINT ( 'NONE',  ( 7.500000000000000000, 4.749999999999997335, 36.99999999999999289 ) ) ;
#177 = ADVANCED_FACE ( 'NONE', ( #1670 ), #1394, .T. ) ;
#178 = ORIENTED_EDGE ( 'NONE', *, *, #1228, .F. ) ;
#179 = DIRECTION ( 'NONE',  ( 0.000000000000000000, -0.000000000000000000, -1.000000000000000000 ) ) ;
#180 = DIRECTION ( 'NONE',  ( -1.000000000000000000, 0.000000000000000000, 1.982541115402065110E-16 ) ) ;
#181 = ORIENTED_EDGE ( 'NONE', *, *, #1012, .F. ) ;
#182 = EDGE_CURVE ( 'NONE', #1754, #1469, #953, .T. ) ;
#183 = CARTESIAN_POINT ( 'NONE',  ( 25.41742430504415395, 3.000000000000000000, 36.99999999999998579 ) ) ;
#184 = ORIENTED_EDGE ( 'NONE', *, *, #205, .F. ) ;
#185 = CIRCLE ( 'NONE', #1579, 4.999999999999997335 ) ;
#186 = FACE_OUTER_BOUND ( 'NONE', #741, .T. ) ;
#187 = VECTOR ( 'NONE', #401, 1000.000000000000000 ) ;
#188 = ORIENTED_EDGE ( 'NONE', *, *, #1303, .T. ) ;
#189 = CARTESIAN_POINT ( 'NONE',  ( 29.99999999999999645, 12.54999999999999183, 39.99999999999998579 ) ) ;
#190 = FACE_OUTER_BOUND ( 'NONE', #468, .T. ) ;
#191 = VERTEX_POINT ( 'NONE', #825 ) ;
#192 = CARTESIAN_POINT ( 'NONE',  ( -30.00000000000000355, 12.54999999999999183, 38.69999999999999574 ) ) ;
#193 = ORIENTED_EDGE ( 'NONE', *, *, #1621, .T. ) ;
#194 = CARTESIAN_POINT ( 'NONE',  ( 34.99999999999999289, 0.000000000000000000, -35.00000000000000711 ) ) ;
#195 = EDGE_CURVE ( 'NONE', #694, #877, #248, .T. ) ;
#196 = AXIS2_PLACEMENT_3D ( 'NONE', #252, #508, #1092 ) ;
#197 = VECTOR ( 'NONE', #333, 1000.000000000000000 ) ;
#198 = ORIENTED_EDGE ( 'NONE', *, *, #607, .F. ) ;
#199 = DIRECTION ( 'NONE',  ( 0.000000000000000000, -0.000000000000000000, -1.000000000000000000 ) ) ;
#200 = CARTESIAN_POINT ( 'NONE',  ( 29.99999999999999289, 10.75000000000000000, -38.70000000000000284 ) ) ;
#201 = ORIENTED_EDGE ( 'NONE', *, *, #264, .T. ) ;
#202 = CARTESIAN_POINT ( 'NONE',  ( 29.99999999999999645, 21.50000000000000000, -35.00000000000000711 ) ) ;
#203 = EDGE_LOOP ( 'NONE', ( #1498, #151, #1040, #948, #395, #1739, #844, #386 ) ) ;
#204 = CARTESIAN_POINT ( 'NONE',  ( 25.41742430504416106, 10.75000000000000000, -37.00000000000000711 ) ) ;
#205 = EDGE_CURVE ( 'NONE', #1632, #856, #1680, .T. ) ;
#206 = ORIENTED_EDGE ( 'NONE', *, *, #394, .T. ) ;
#207 = CARTESIAN_POINT ( 'NONE',  ( -30.00000000000000355, 12.54999999999999183, -35.00000000000000711 ) ) ;
#208 = CYLINDRICAL_SURFACE ( 'NONE', #1045, 3.699999999999994849 ) ;
#209 = DIRECTION ( 'NONE',  ( 0.000000000000000000, 0.000000000000000000, -1.000000000000000000 ) ) ;
#210 = LINE ( 'NONE', #454, #304 ) ;
#211 = ORIENTED_EDGE ( 'NONE', *, *, #1460, .F. ) ;
#212 = EDGE_CURVE ( 'NONE', #769, #168, #824, .T. ) ;
#213 = LINE ( 'NONE', #1318, #1237 ) ;
#214 = VECTOR ( 'NONE', #247, 1000.000000000000000 ) ;
#215 = ORIENTED_EDGE ( 'NONE', *, *, #1628, .F. ) ;
#216 = DIRECTION ( 'NONE',  ( -1.000000000000000000, 0.000000000000000000, 1.982541115402065110E-16 ) ) ;
#217 = CARTESIAN_POINT ( 'NONE',  ( 34.99999999999999289, 21.50000000000000000, 39.99999999999998579 ) ) ;
#218 = AXIS2_PLACEMENT_3D ( 'NONE', #1080, #378, #1650 ) ;
#219 = PLANE ( 'NONE',  #637 ) ;
#220 = VECTOR ( 'NONE', #414, 1000.000000000000000 ) ;
#221 = ADVANCED_FACE ( 'NONE', ( #1574 ), #1172, .F. ) ;
#222 = CARTESIAN_POINT ( 'NONE',  ( -33.69999999999999574, 119.0514581273465069, -35.00000000000000711 ) ) ;
#223 = ORIENTED_EDGE ( 'NONE', *, *, #884, .F. ) ;
#224 = CYLINDRICAL_SURFACE ( 'NONE', #1063, 4.999999999999997335 ) ;
#225 = VECTOR ( 'NONE', #349, 1000.000000000000000 ) ;
#226 = VERTEX_POINT ( 'NONE', #1290 ) ;
#227 = DIRECTION ( 'NONE',  ( 1.000000000000000000, -0.000000000000000000, 0.000000000000000000 ) ) ;
#228 = DIRECTION ( 'NONE',  ( -0.000000000000000000, -0.000000000000000000, 1.000000000000000000 ) ) ;
#229 = VECTOR ( 'NONE', #919, 1000.000000000000000 ) ;
#230 = VECTOR ( 'NONE', #1635, 1000.000000000000000 ) ;
#231 = EDGE_CURVE ( 'NONE', #1773, #559, #858, .T. ) ;
#232 = CARTESIAN_POINT ( 'NONE',  ( -30.00000000000000355, 10.75000000000000000, 38.69999999999999574 ) ) ;
#233 = ORIENTED_EDGE ( 'NONE', *, *, #1235, .T. ) ;
#234 = CARTESIAN_POINT ( 'NONE',  ( -3.469446951953614189E-15, 12.54999999999999893, -3.469446951953614189E-15 ) ) ;
#235 = LINE ( 'NONE', #799, #667 ) ;
#236 = FACE_OUTER_BOUND ( 'NONE', #1424, .T. ) ;
#237 = DIRECTION ( 'NONE',  ( -2.312964634635742957E-16, 0.000000000000000000, -1.000000000000000000 ) ) ;
#238 = ADVANCED_FACE ( 'NONE', ( #1746 ), #1437, .T. ) ;
#239 = CARTESIAN_POINT ( 'NONE',  ( -30.00000000000000355, 0.000000000000000000, -35.00000000000000711 ) ) ;
#240 = LINE ( 'NONE', #1357, #1734 ) ;
#241 = EDGE_LOOP ( 'NONE', ( #603, #1563 ) ) ;
#242 = CARTESIAN_POINT ( 'NONE',  ( -30.00000000000000711, 0.000000000000000000, 34.00000000000000000 ) ) ;
#243 = EDGE_LOOP ( 'NONE', ( #1780, #1324, #198, #1336 ) ) ;
#244 = EDGE_LOOP ( 'NONE', ( #681, #1576, #1150, #1481 ) ) ;
#245 = CIRCLE ( 'NONE', #299, 1.000000000000000888 ) ;
#246 = DIRECTION ( 'NONE',  ( -1.000000000000000000, -0.000000000000000000, -0.000000000000000000 ) ) ;
#247 = DIRECTION ( 'NONE',  ( 1.000000000000000000, 0.000000000000000000, 0.000000000000000000 ) ) ;
#248 = LINE ( 'NONE', #676, #56 ) ;
#249 = AXIS2_PLACEMENT_3D ( 'NONE', #1506, #1272, #1548 ) ;
#250 = ORIENTED_EDGE ( 'NONE', *, *, #254, .T. ) ;
#251 = CARTESIAN_POINT ( 'NONE',  ( -32.00000000000000000, 10.75000000000000000, 40.00000000000000000 ) ) ;
#252 = CARTESIAN_POINT ( 'NONE',  ( -3.469446951953614189E-15, 12.54999999999999893, -3.469446951953614189E-15 ) ) ;
#253 = LINE ( 'NONE', #1529, #817 ) ;
#254 = EDGE_CURVE ( 'NONE', #805, #543, #536, .T. ) ;
#255 = CARTESIAN_POINT ( 'NONE',  ( 29.99999999999999645, 0.000000000000000000, -34.00000000000000711 ) ) ;
#256 = PLANE ( 'NONE',  #1721 ) ;
#257 = VECTOR ( 'NONE', #854, 1000.000000000000000 ) ;
#258 = AXIS2_PLACEMENT_3D ( 'NONE', #1762, #779, #1306 ) ;
#259 = VERTEX_POINT ( 'NONE', #725 ) ;
#260 = CARTESIAN_POINT ( 'NONE',  ( 29.99999999999999645, 10.75000000000000000, -35.00000000000000711 ) ) ;
#261 = CARTESIAN_POINT ( 'NONE',  ( -35.00000000000000000, 12.04999999999999183, -25.50000000000000355 ) ) ;
#262 = DIRECTION ( 'NONE',  ( 0.000000000000000000, 0.000000000000000000, -1.000000000000000000 ) ) ;
#263 = LINE ( 'NONE', #1392, #1344 ) ;
#264 = EDGE_CURVE ( 'NONE', #191, #521, #860, .T. ) ;
#265 = LINE ( 'NONE', #1264, #1487 ) ;
#266 = EDGE_CURVE ( 'NONE', #885, #1213, #1005, .T. ) ;
#267 = FACE_OUTER_BOUND ( 'NONE', #1276, .T. ) ;
#268 = DIRECTION ( 'NONE',  ( 0.000000000000000000, 0.000000000000000000, -1.000000000000000000 ) ) ;
#269 = DIRECTION ( 'NONE',  ( 0.000000000000000000, 1.000000000000000000, 0.000000000000000000 ) ) ;
#270 = AXIS2_PLACEMENT_3D ( 'NONE', #276, #666, #553 ) ;
#271 = EDGE_CURVE ( 'NONE', #379, #408, #557, .T. ) ;
#272 = ORIENTED_EDGE ( 'NONE', *, *, #46, .F. ) ;
#273 = VECTOR ( 'NONE', #1050, 1000.000000000000000 ) ;
#274 = EDGE_LOOP ( 'NONE', ( #1601, #37, #1297, #1590, #562 ) ) ;
#275 = CARTESIAN_POINT ( 'NONE',  ( -30.00000000000000355, 21.50000000000000000, -35.00000000000000711 ) ) ;
#276 = CARTESIAN_POINT ( 'NONE',  ( -30.00000000000000711, 10.75000000000000000, 35.00000000000000000 ) ) ;
#277 = VERTEX_POINT ( 'NONE', #706 ) ;
#278 = DIRECTION ( 'NONE',  ( 1.000000000000000000, -0.000000000000000000, 9.912705577010326782E-17 ) ) ;
#279 = CARTESIAN_POINT ( 'NONE',  ( -25.00000000000000000, 12.04999999999999183, -25.50000000000000355 ) ) ;
#280 = ORIENTED_EDGE ( 'NONE', *, *, #398, .T. ) ;
#281 = EDGE_CURVE ( 'NONE', #1186, #123, #1545, .T. ) ;
#282 = AXIS2_PLACEMENT_3D ( 'NONE', #1041, #899, #1473 ) ;
#283 = AXIS2_PLACEMENT_3D ( 'NONE', #48, #216, #609 ) ;
#284 = ORIENTED_EDGE ( 'NONE', *, *, #231, .T. ) ;
#285 = CARTESIAN_POINT ( 'NONE',  ( 34.99999999999999289, 2.999999999999999112, 36.99999999999998579 ) ) ;
#286 = ORIENTED_EDGE ( 'NONE', *, *, #34, .F. ) ;
#287 = DIRECTION ( 'NONE',  ( 0.000000000000000000, -1.000000000000000000, 0.000000000000000000 ) ) ;
#288 = CARTESIAN_POINT ( 'NONE',  ( -30.00000000000000711, 12.54999999999999183, -40.00000000000000000 ) ) ;
#289 = EDGE_CURVE ( 'NONE', #965, #1073, #1787, .T. ) ;
#290 = EDGE_LOOP ( 'NONE', ( #617, #1745, #215, #410, #1659, #778, #1155, #1620, #178, #1051 ) ) ;
#291 = DIRECTION ( 'NONE',  ( 0.000000000000000000, 0.000000000000000000, -1.000000000000000000 ) ) ;
#292 = ORIENTED_EDGE ( 'NONE', *, *, #1193, .T. ) ;
#293 = EDGE_CURVE ( 'NONE', #259, #1819, #1706, .T. ) ;
#294 = DIRECTION ( 'NONE',  ( 0.000000000000000000, 0.000000000000000000, 1.000000000000000000 ) ) ;
#295 = DIRECTION ( 'NONE',  ( 1.000000000000000000, 0.000000000000000000, 0.000000000000000000 ) ) ;
#296 = ORIENTED_EDGE ( 'NONE', *, *, #1449, .F. ) ;
#297 = DIRECTION ( 'NONE',  ( 0.000000000000000000, 0.000000000000000000, -1.000000000000000000 ) ) ;
#298 = CYLINDRICAL_SURFACE ( 'NONE', #1191, 1.000000000000000888 ) ;
#299 = AXIS2_PLACEMENT_3D ( 'NONE', #951, #1254, #1833 ) ;
#300 = ORIENTED_EDGE ( 'NONE', *, *, #1495, .F. ) ;
#301 = AXIS2_PLACEMENT_3D ( 'NONE', #162, #150, #1568 ) ;
#302 = AXIS2_PLACEMENT_3D ( 'NONE', #1457, #1736, #297 ) ;
#303 = ORIENTED_EDGE ( 'NONE', *, *, #1543, .T. ) ;
#304 = VECTOR ( 'NONE', #63, 1000.000000000000000 ) ;
#305 = CIRCLE ( 'NONE', #539, 5.499999999999998224 ) ;
#306 = FACE_OUTER_BOUND ( 'NONE', #496, .T. ) ;
#307 = EDGE_CURVE ( 'NONE', #1229, #1171, #997, .T. ) ;
#308 = ORIENTED_EDGE ( 'NONE', *, *, #1554, .T. ) ;
#309 = CARTESIAN_POINT ( 'NONE',  ( -33.69999999999999574, 12.04999999999999183, -20.00000000000000355 ) ) ;
#310 = CARTESIAN_POINT ( 'NONE',  ( 29.99999999999999645, 21.50000000000000000, 34.99999999999999289 ) ) ;
#311 = ORIENTED_EDGE ( 'NONE', *, *, #1621, .F. ) ;
#312 = DIRECTION ( 'NONE',  ( -0.000000000000000000, 1.000000000000000000, -0.000000000000000000 ) ) ;
#313 = ORIENTED_EDGE ( 'NONE', *, *, #1169, .T. ) ;
#314 = CIRCLE ( 'NONE', #576, 4.999999999999997335 ) ;
#315 = LINE ( 'NONE', #1580, #1778 ) ;
#316 = AXIS2_PLACEMENT_3D ( 'NONE', #1425, #838, #411 ) ;
#317 = VERTEX_POINT ( 'NONE', #1153 ) ;
#318 = DIRECTION ( 'NONE',  ( 0.000000000000000000, 1.000000000000000000, 0.000000000000000000 ) ) ;
#319 = LINE ( 'NONE', #1585, #1676 ) ;
#320 = EDGE_CURVE ( 'NONE', #1134, #430, #1496, .T. ) ;
#321 = ORIENTED_EDGE ( 'NONE', *, *, #955, .T. ) ;
#322 = DIRECTION ( 'NONE',  ( 0.000000000000000000, 1.000000000000000000, 0.000000000000000000 ) ) ;
#323 = ORIENTED_EDGE ( 'NONE', *, *, #774, .F. ) ;
#324 = EDGE_CURVE ( 'NONE', #1798, #1605, #28, .T. ) ;
#325 = LINE ( 'NONE', #761, #399 ) ;
#326 = ORIENTED_EDGE ( 'NONE', *, *, #846, .T. ) ;
#327 = DIRECTION ( 'NONE',  ( 0.000000000000000000, 0.000000000000000000, 1.000000000000000000 ) ) ;
#328 = PLANE ( 'NONE',  #1199 ) ;
#329 = VERTEX_POINT ( 'NONE', #1015 ) ;
#330 = EDGE_CURVE ( 'NONE', #662, #329, #406, .T. ) ;
#331 = CARTESIAN_POINT ( 'NONE',  ( -32.00000000000000000, 2.999999999999999112, 40.00000000000000000 ) ) ;
#332 = ORIENTED_EDGE ( 'NONE', *, *, #561, .F. ) ;
#333 = DIRECTION ( 'NONE',  ( -0.000000000000000000, -1.000000000000000000, 0.000000000000000000 ) ) ;
#334 = VECTOR ( 'NONE', #1216, 1000.000000000000000 ) ;
#335 = ORIENTED_EDGE ( 'NONE', *, *, #1483, .F. ) ;
#336 = DIRECTION ( 'NONE',  ( 0.000000000000000000, -1.000000000000000000, 0.000000000000000000 ) ) ;
#337 = CARTESIAN_POINT ( 'NONE',  ( -32.00000000000000000, 12.04999999999999183, -20.00000000000000355 ) ) ;
#338 = SURFACE_SIDE_STYLE ('',( #921 ) ) ;
#339 = EDGE_LOOP ( 'NONE', ( #1436, #1720, #181, #1749 ) ) ;
#340 = DIRECTION ( 'NONE',  ( -0.000000000000000000, -0.000000000000000000, 1.000000000000000000 ) ) ;
#341 = VERTEX_POINT ( 'NONE', #1584 ) ;
#342 = EDGE_CURVE ( 'NONE', #516, #1070, #1567, .T. ) ;
#343 = CARTESIAN_POINT ( 'NONE',  ( 34.99999999999999289, 10.75000000000000000, 36.99999999999998579 ) ) ;
#344 = AXIS2_PLACEMENT_3D ( 'NONE', #1189, #347, #891 ) ;
#345 = AXIS2_PLACEMENT_3D ( 'NONE', #260, #530, #1250 ) ;
#346 = ORIENTED_EDGE ( 'NONE', *, *, #266, .F. ) ;
#347 = DIRECTION ( 'NONE',  ( -0.000000000000000000, 1.000000000000000000, -0.000000000000000000 ) ) ;
#348 = CARTESIAN_POINT ( 'NONE',  ( -33.69999999999999574, 12.54999999999999183, -35.00000000000000711 ) ) ;
#349 = DIRECTION ( 'NONE',  ( 1.982541115402065110E-16, 0.000000000000000000, 1.000000000000000000 ) ) ;
#350 = ORIENTED_EDGE ( 'NONE', *, *, #266, .T. ) ;
#351 = LINE ( 'NONE', #42, #717 ) ;
#352 = EDGE_LOOP ( 'NONE', ( #1444, #1699, #1386, #52 ) ) ;
#353 = CARTESIAN_POINT ( 'NONE',  ( -33.69999999999999574, 12.04999999999999183, -20.00000000000000355 ) ) ;
#354 = ORIENTED_EDGE ( 'NONE', *, *, #20, .F. ) ;
#355 = PLANE ( 'NONE',  #1208 ) ;
#356 = ADVANCED_FACE ( 'NONE', ( #1161 ), #1594, .F. ) ;
#357 = DIRECTION ( 'NONE',  ( 1.000000000000000000, -0.000000000000000000, 0.000000000000000000 ) ) ;
#358 =( NAMED_UNIT ( * ) PLANE_ANGLE_UNIT ( ) SI_UNIT ( $, .RADIAN. ) );
#359 = DIRECTION ( 'NONE',  ( -1.982541115402065110E-16, 0.000000000000000000, -1.000000000000000000 ) ) ;
#360 = EDGE_LOOP ( 'NONE', ( #303, #88, #286, #840, #438, #296 ) ) ;
#361 = CARTESIAN_POINT ( 'NONE',  ( 7.500000000000000000, 10.75000000000000000, 36.99999999999999289 ) ) ;
#362 = CIRCLE ( 'NONE', #1731, 1.000000000000000888 ) ;
#363 = ORIENTED_EDGE ( 'NONE', *, *, #1643, .F. ) ;
#364 = CARTESIAN_POINT ( 'NONE',  ( 7.500000000000003553, 10.74999999999999645, 38.69999999999998863 ) ) ;
#365 = PLANE ( 'NONE',  #1047 ) ;
#366 = AXIS2_PLACEMENT_3D ( 'NONE', #700, #612, #31 ) ;
#367 = EDGE_CURVE ( 'NONE', #521, #317, #1446, .T. ) ;
#368 = LINE ( 'NONE', #133, #1738 ) ;
#369 = ORIENTED_EDGE ( 'NONE', *, *, #1821, .T. ) ;
#370 = CARTESIAN_POINT ( 'NONE',  ( -32.00000000000000000, 0.000000000000000000, 30.41742430504416106 ) ) ;
#371 = CARTESIAN_POINT ( 'NONE',  ( 34.99999999999999289, 0.000000000000000000, -40.00000000000000711 ) ) ;
#372 = DIRECTION ( 'NONE',  ( 0.000000000000000000, 0.000000000000000000, 1.000000000000000000 ) ) ;
#373 = DIRECTION ( 'NONE',  ( -1.000000000000000000, 0.000000000000000000, 0.000000000000000000 ) ) ;
#374 = CYLINDRICAL_SURFACE ( 'NONE', #1258, 5.500000000000000000 ) ;
#375 = ADVANCED_FACE ( 'NONE', ( #772 ), #1321, .F. ) ;
#376 = CARTESIAN_POINT ( 'NONE',  ( 7.500000000000001776, 4.749999999999997335, 46.99999999999999289 ) ) ;
#377 = ORIENTED_EDGE ( 'NONE', *, *, #1435, .F. ) ;
#378 = DIRECTION ( 'NONE',  ( 0.000000000000000000, 1.000000000000000000, 0.000000000000000000 ) ) ;
#379 = VERTEX_POINT ( 'NONE', #79 ) ;
#380 = CARTESIAN_POINT ( 'NONE',  ( -30.00000000000000355, 10.75000000000000000, -35.00000000000000711 ) ) ;
#381 = CARTESIAN_POINT ( 'NONE',  ( 29.99999999999999645, 0.000000000000000000, 39.99999999999998579 ) ) ;
#382 = DIRECTION ( 'NONE',  ( -0.000000000000000000, -1.000000000000000000, -0.000000000000000000 ) ) ;
#383 = ORIENTED_EDGE ( 'NONE', *, *, #1688, .F. ) ;
#384 = ADVANCED_FACE ( 'NONE', ( #1204 ), #481, .F. ) ;
#385 = CARTESIAN_POINT ( 'NONE',  ( 29.99999999999999645, 0.000000000000000000, 35.99999999999999289 ) ) ;
#386 = ORIENTED_EDGE ( 'NONE', *, *, #1201, .T. ) ;
#387 = DIRECTION ( 'NONE',  ( 1.000000000000000000, 0.000000000000000000, 0.000000000000000000 ) ) ;
#388 = LINE ( 'NONE', #1679, #532 ) ;
#389 = DIRECTION ( 'NONE',  ( 0.000000000000000000, -1.000000000000000000, 0.000000000000000000 ) ) ;
#390 = AXIS2_PLACEMENT_3D ( 'NONE', #1275, #1, #991 ) ;
#391 = AXIS2_PLACEMENT_3D ( 'NONE', #1222, #237, #1638 ) ;
#392 = ORIENTED_EDGE ( 'NONE', *, *, #657, .T. ) ;
#393 = CARTESIAN_POINT ( 'NONE',  ( 29.99999999999999645, 12.54999999999999183, 39.99999999999998579 ) ) ;
#394 = EDGE_CURVE ( 'NONE', #1403, #1203, #640, .T. ) ;
#395 = ORIENTED_EDGE ( 'NONE', *, *, #26, .F. ) ;
#396 = DIRECTION ( 'NONE',  ( 0.000000000000000000, -1.000000000000000000, 0.000000000000000000 ) ) ;
#397 = PLANE ( 'NONE',  #474 ) ;
#398 = EDGE_CURVE ( 'NONE', #1730, #516, #1755, .T. ) ;
#399 = VECTOR ( 'NONE', #1072, 1000.000000000000000 ) ;
#400 = ORIENTED_EDGE ( 'NONE', *, *, #1294, .T. ) ;
#401 = DIRECTION ( 'NONE',  ( 0.000000000000000000, 1.000000000000000000, -0.000000000000000000 ) ) ;
#402 = VERTEX_POINT ( 'NONE', #69 ) ;
#403 = CARTESIAN_POINT ( 'NONE',  ( -30.00000000000000711, 3.000000000000000000, 35.00000000000000000 ) ) ;
#404 = DIRECTION ( 'NONE',  ( -0.000000000000000000, 1.000000000000000000, -0.000000000000000000 ) ) ;
#405 = ADVANCED_FACE ( 'NONE', ( #901 ), #1475, .F. ) ;
#406 = CIRCLE ( 'NONE', #1333, 1.000000000000000888 ) ;
#407 = CARTESIAN_POINT ( 'NONE',  ( -30.00000000000000355, 119.0514581273465069, 38.69999999999999574 ) ) ;
#408 = VERTEX_POINT ( 'NONE', #1043 ) ;
#409 = DIRECTION ( 'NONE',  ( 0.000000000000000000, -1.000000000000000000, 0.000000000000000000 ) ) ;
#410 = ORIENTED_EDGE ( 'NONE', *, *, #1141, .F. ) ;
#411 = DIRECTION ( 'NONE',  ( 0.000000000000000000, 0.000000000000000000, 1.000000000000000000 ) ) ;
#412 = FACE_OUTER_BOUND ( 'NONE', #104, .T. ) ;
#413 = ORIENTED_EDGE ( 'NONE', *, *, #416, .T. ) ;
#414 = DIRECTION ( 'NONE',  ( -1.000000000000000000, 4.336808689942018969E-17, 1.982541115402065110E-16 ) ) ;
#415 = AXIS2_PLACEMENT_3D ( 'NONE', #1401, #526, #1826 ) ;
#416 = EDGE_CURVE ( 'NONE', #543, #1305, #500, .T. ) ;
#417 = ORIENTED_EDGE ( 'NONE', *, *, #863, .T. ) ;
#418 = AXIS2_PLACEMENT_3D ( 'NONE', #1166, #1176, #1779 ) ;
#419 = CARTESIAN_POINT ( 'NONE',  ( -33.69999999999999574, 10.75000000000000000, -35.00000000000000711 ) ) ;
#420 = ORIENTED_EDGE ( 'NONE', *, *, #1329, .T. ) ;
#421 = ADVANCED_FACE ( 'NONE', ( #794, #1616 ), #355, .F. ) ;
#422 = LINE ( 'NONE', #879, #15 ) ;
#423 = CYLINDRICAL_SURFACE ( 'NONE', #1522, 1.000000000000000888 ) ;
#424 = ORIENTED_EDGE ( 'NONE', *, *, #1536, .F. ) ;
#425 = DIRECTION ( 'NONE',  ( 0.000000000000000000, -1.000000000000000000, 0.000000000000000000 ) ) ;
#426 = CARTESIAN_POINT ( 'NONE',  ( -23.50000000000000000, 10.75000000000000000, 39.99999999999998579 ) ) ;
#427 = VERTEX_POINT ( 'NONE', #1774 ) ;
#428 = ORIENTED_EDGE ( 'NONE', *, *, #1812, .T. ) ;
#429 = CARTESIAN_POINT ( 'NONE',  ( -30.00000000000000711, 21.50000000000000000, 40.00000000000000000 ) ) ;
#430 = VERTEX_POINT ( 'NONE', #648 ) ;
#431 = DIRECTION ( 'NONE',  ( 0.000000000000000000, -0.000000000000000000, 1.000000000000000000 ) ) ;
#432 = DIRECTION ( 'NONE',  ( 1.000000000000000000, -0.000000000000000000, 9.912705577010326782E-17 ) ) ;
#433 = VERTEX_POINT ( 'NONE', #764 ) ;
#434 = CARTESIAN_POINT ( 'NONE',  ( -33.69999999999999574, 10.75000000000000000, -35.00000000000000711 ) ) ;
#435 = VERTEX_POINT ( 'NONE', #1764 ) ;
#436 = ADVANCED_FACE ( 'NONE', ( #1074 ), #1331, .F. ) ;
#437 = CARTESIAN_POINT ( 'NONE',  ( -35.00000000000000000, 12.54999999999999893, -25.47722557505166563 ) ) ;
#438 = ORIENTED_EDGE ( 'NONE', *, *, #1228, .T. ) ;
#439 = DIRECTION ( 'NONE',  ( -1.000000000000000000, 0.000000000000000000, 0.000000000000000000 ) ) ;
#440 = CARTESIAN_POINT ( 'NONE',  ( -33.69999999999999574, 12.54999999999999183, -35.00000000000000711 ) ) ;
#441 = CIRCLE ( 'NONE', #1223, 4.999999999999997335 ) ;
#442 = ORIENTED_EDGE ( 'NONE', *, *, #826, .T. ) ;
#443 = DIRECTION ( 'NONE',  ( 1.000000000000000000, -4.336808689942018969E-17, 0.000000000000000000 ) ) ;
#444 = VERTEX_POINT ( 'NONE', #364 ) ;
#445 = CIRCLE ( 'NONE', #987, 1.000000000000000888 ) ;
#446 = CIRCLE ( 'NONE', #963, 3.699999999999994849 ) ;
#447 = CYLINDRICAL_SURFACE ( 'NONE', #316, 4.999999999999997335 ) ;
#448 = EDGE_CURVE ( 'NONE', #464, #1002, #1341, .T. ) ;
#449 = VERTEX_POINT ( 'NONE', #618 ) ;
#450 = DIRECTION ( 'NONE',  ( 1.000000000000000000, 0.000000000000000000, -0.000000000000000000 ) ) ;
#451 = CARTESIAN_POINT ( 'NONE',  ( 34.99999999999999289, 21.50000000000000000, 36.99999999999998579 ) ) ;
#452 = CIRCLE ( 'NONE', #934, 5.000000000000000888 ) ;
#453 = ORIENTED_EDGE ( 'NONE', *, *, #1781, .F. ) ;
#454 = CARTESIAN_POINT ( 'NONE',  ( -23.50000000000000355, 4.750000000000001776, 37.00000000000000000 ) ) ;
#455 = ORIENTED_EDGE ( 'NONE', *, *, #791, .F. ) ;
#456 = DIRECTION ( 'NONE',  ( 1.000000000000000000, -0.000000000000000000, 9.912705577010326782E-17 ) ) ;
#457 = CIRCLE ( 'NONE', #1090, 5.499999999999998224 ) ;
#458 = EDGE_LOOP ( 'NONE', ( #1025, #1184, #363, #377 ) ) ;
#459 = CARTESIAN_POINT ( 'NONE',  ( -30.00000000000000711, 21.50000000000000000, -40.00000000000000000 ) ) ;
#460 = DIRECTION ( 'NONE',  ( 0.000000000000000000, 1.000000000000000000, 0.000000000000000000 ) ) ;
#461 = EDGE_CURVE ( 'NONE', #1249, #402, #1091, .T. ) ;
#462 = ORIENTED_EDGE ( 'NONE', *, *, #394, .F. ) ;
#463 = DIRECTION ( 'NONE',  ( 0.000000000000000000, -1.000000000000000000, 0.000000000000000000 ) ) ;
#464 = VERTEX_POINT ( 'NONE', #1485 ) ;
#465 = EDGE_CURVE ( 'NONE', #877, #1213, #1418, .T. ) ;
#466 = DIRECTION ( 'NONE',  ( 1.000000000000000000, 0.000000000000000000, 0.000000000000000000 ) ) ;
#467 = AXIS2_PLACEMENT_3D ( 'NONE', #1300, #7, #563 ) ;
#468 = EDGE_LOOP ( 'NONE', ( #549, #647, #923, #164 ) ) ;
#469 = CARTESIAN_POINT ( 'NONE',  ( 22.82804308182932829, 10.75000000000000000, 29.99999999999999289 ) ) ;
#470 = CARTESIAN_POINT ( 'NONE',  ( 31.99999999999999289, 0.000000000000000000, -30.41742430504417527 ) ) ;
#471 = CARTESIAN_POINT ( 'NONE',  ( -25.00000000000000000, 12.04999999999999183, -20.00000000000000355 ) ) ;
#472 = ADVANCED_FACE ( 'NONE', ( #1066 ), #1221, .T. ) ;
#473 = VERTEX_POINT ( 'NONE', #1607 ) ;
#474 = AXIS2_PLACEMENT_3D ( 'NONE', #1802, #1116, #1094 ) ;
#475 = CARTESIAN_POINT ( 'NONE',  ( -33.69999999999999574, 12.54999999999999183, -14.52277442494834325 ) ) ;
#476 = ORIENTED_EDGE ( 'NONE', *, *, #147, .F. ) ;
#477 = CYLINDRICAL_SURFACE ( 'NONE', #1210, 4.999999999999997335 ) ;
#478 = EDGE_CURVE ( 'NONE', #583, #1349, #1466, .T. ) ;
#479 = AXIS2_PLACEMENT_3D ( 'NONE', #222, #922, #1410 ) ;
#480 = ORIENTED_EDGE ( 'NONE', *, *, #498, .F. ) ;
#481 = PLANE ( 'NONE',  #1325 ) ;
#482 = FACE_OUTER_BOUND ( 'NONE', #64, .T. ) ;
#483 = FACE_OUTER_BOUND ( 'NONE', #1666, .T. ) ;
#484 = ORIENTED_EDGE ( 'NONE', *, *, #1781, .T. ) ;
#485 = EDGE_CURVE ( 'NONE', #226, #1285, #1829, .T. ) ;
#486 = LINE ( 'NONE', #1600, #1106 ) ;
#487 = ORIENTED_EDGE ( 'NONE', *, *, #552, .F. ) ;
#488 = LINE ( 'NONE', #1064, #1118 ) ;
#489 = AXIS2_PLACEMENT_3D ( 'NONE', #783, #1792, #1035 ) ;
#490 = COLOUR_RGB ( '',0.7921568627450980005, 0.8196078431372548767, 0.9333333333333333481 ) ;
#491 = AXIS2_PLACEMENT_3D ( 'NONE', #889, #907, #1782 ) ;
#492 = ORIENTED_EDGE ( 'NONE', *, *, #1062, .F. ) ;
#493 = DIRECTION ( 'NONE',  ( 0.000000000000000000, -1.000000000000000000, 0.000000000000000000 ) ) ;
#494 = DIRECTION ( 'NONE',  ( -1.000000000000000000, 0.000000000000000000, 0.000000000000000000 ) ) ;
#495 = LINE ( 'NONE', #1760, #511 ) ;
#496 = EDGE_LOOP ( 'NONE', ( #383, #413, #749, #589 ) ) ;
#497 = CARTESIAN_POINT ( 'NONE',  ( -35.00000000000000000, 12.54999999999999183, -35.00000000000000000 ) ) ;
#498 = EDGE_CURVE ( 'NONE', #856, #1419, #115, .T. ) ;
#499 = ORIENTED_EDGE ( 'NONE', *, *, #1831, .T. ) ;
#500 = LINE ( 'NONE', #910, #1029 ) ;
#501 = DIRECTION ( 'NONE',  ( 1.000000000000000000, 0.000000000000000000, -9.912705577010325549E-17 ) ) ;
#502 = FILL_AREA_STYLE_COLOUR ( '', #490 ) ;
#503 = CARTESIAN_POINT ( 'NONE',  ( -30.00000000000000355, 3.000000000000000000, -35.00000000000000711 ) ) ;
#504 = EDGE_LOOP ( 'NONE', ( #1644, #788, #10, #718 ) ) ;
#505 = DIRECTION ( 'NONE',  ( 0.000000000000000000, 1.000000000000000000, 0.000000000000000000 ) ) ;
#506 = VECTOR ( 'NONE', #693, 1000.000000000000000 ) ;
#507 = ADVANCED_FACE ( 'NONE', ( #1400 ), #1107, .F. ) ;
#508 = DIRECTION ( 'NONE',  ( 0.000000000000000000, -1.000000000000000000, 0.000000000000000000 ) ) ;
#509 = DIRECTION ( 'NONE',  ( 0.000000000000000000, 0.000000000000000000, -1.000000000000000000 ) ) ;
#510 = CARTESIAN_POINT ( 'NONE',  ( -33.69999999999999574, 12.04999999999999183, -20.00000000000000355 ) ) ;
#511 = VECTOR ( 'NONE', #904, 1000.000000000000000 ) ;
#512 =( LENGTH_UNIT ( ) NAMED_UNIT ( * ) SI_UNIT ( .MILLI., .METRE. ) );
#513 = CARTESIAN_POINT ( 'NONE',  ( -32.00000000000000000, 10.75000000000000000, -30.41742430504417172 ) ) ;
#514 = EDGE_LOOP ( 'NONE', ( #1751, #284, #93, #1048 ) ) ;
#515 = FACE_OUTER_BOUND ( 'NONE', #763, .T. ) ;
#516 = VERTEX_POINT ( 'NONE', #130 ) ;
#517 = CYLINDRICAL_SURFACE ( 'NONE', #1747, 3.699999999999994849 ) ;
#518 = DIRECTION ( 'NONE',  ( 0.000000000000000000, 1.000000000000000000, 0.000000000000000000 ) ) ;
#519 = VECTOR ( 'NONE', #680, 1000.000000000000000 ) ;
#520 = EDGE_CURVE ( 'NONE', #1561, #1242, #314, .T. ) ;
#521 = VERTEX_POINT ( 'NONE', #692 ) ;
#522 = FACE_OUTER_BOUND ( 'NONE', #504, .T. ) ;
#523 = ORIENTED_EDGE ( 'NONE', *, *, #26, .T. ) ;
#524 = ORIENTED_EDGE ( 'NONE', *, *, #1010, .T. ) ;
#525 = DIRECTION ( 'NONE',  ( 0.000000000000000000, 0.000000000000000000, 1.000000000000000000 ) ) ;
#526 = DIRECTION ( 'NONE',  ( -0.000000000000000000, 1.000000000000000000, -0.000000000000000000 ) ) ;
#527 = CARTESIAN_POINT ( 'NONE',  ( -3.469446951953614189E-15, 12.54999999999999893, -3.469446951953614189E-15 ) ) ;
#528 = ADVANCED_FACE ( 'NONE', ( #975 ), #1678, .F. ) ;
#529 = ORIENTED_EDGE ( 'NONE', *, *, #1831, .F. ) ;
#530 = DIRECTION ( 'NONE',  ( -0.000000000000000000, 1.000000000000000000, -0.000000000000000000 ) ) ;
#531 = EDGE_LOOP ( 'NONE', ( #1664, #135, #1763, #1839, #184, #1352, #1377, #1179, #1279, #1533, #1558, #605, #644, #566, #1251, #1578 ) ) ;
#532 = VECTOR ( 'NONE', #1231, 1000.000000000000000 ) ;
#533 = DIRECTION ( 'NONE',  ( 0.000000000000000000, 0.000000000000000000, -1.000000000000000000 ) ) ;
#534 = AXIS2_PLACEMENT_3D ( 'NONE', #1301, #29, #1596 ) ;
#535 = CARTESIAN_POINT ( 'NONE',  ( 29.99999999999999645, 0.000000000000000000, 33.99999999999998579 ) ) ;
#536 = CIRCLE ( 'NONE', #1313, 1.000000000000000888 ) ;
#537 = CARTESIAN_POINT ( 'NONE',  ( -30.00000000000000711, 10.75000000000000000, 35.00000000000000000 ) ) ;
#538 = CIRCLE ( 'NONE', #249, 3.699999999999994849 ) ;
#539 = AXIS2_PLACEMENT_3D ( 'NONE', #337, #357, #50 ) ;
#540 = ORIENTED_EDGE ( 'NONE', *, *, #774, .T. ) ;
#541 = DIRECTION ( 'NONE',  ( 0.000000000000000000, 0.000000000000000000, 1.000000000000000000 ) ) ;
#542 = ADVANCED_FACE ( 'NONE', ( #236 ), #961, .T. ) ;
#543 = VERTEX_POINT ( 'NONE', #682 ) ;
#544 = CARTESIAN_POINT ( 'NONE',  ( 13.02506281446690650, 12.54999999999999893, 29.99999999999999289 ) ) ;
#545 = DIRECTION ( 'NONE',  ( 0.000000000000000000, 0.000000000000000000, -1.000000000000000000 ) ) ;
#546 = CARTESIAN_POINT ( 'NONE',  ( 7.500000000000003553, 119.0514581273465069, 38.69999999999998863 ) ) ;
#547 = AXIS2_PLACEMENT_3D ( 'NONE', #800, #1382, #1652 ) ;
#548 = VECTOR ( 'NONE', #1683, 1000.000000000000000 ) ;
#549 = ORIENTED_EDGE ( 'NONE', *, *, #607, .T. ) ;
#550 = DIRECTION ( 'NONE',  ( -4.336808689942018969E-17, -1.000000000000000000, 0.000000000000000000 ) ) ;
#551 = CARTESIAN_POINT ( 'NONE',  ( -23.50000000000000000, 4.750000000000001776, 39.99999999999999289 ) ) ;
#552 = EDGE_CURVE ( 'NONE', #433, #1381, #1145, .T. ) ;
#553 = DIRECTION ( 'NONE',  ( 0.000000000000000000, 0.000000000000000000, -1.000000000000000000 ) ) ;
#554 = AXIS2_PLACEMENT_3D ( 'NONE', #17, #869, #1026 ) ;
#555 = ORIENTED_EDGE ( 'NONE', *, *, #307, .F. ) ;
#556 = DIRECTION ( 'NONE',  ( 0.000000000000000000, 1.000000000000000000, 0.000000000000000000 ) ) ;
#557 = CIRCLE ( 'NONE', #467, 5.499999999999998224 ) ;
#558 = ORIENTED_EDGE ( 'NONE', *, *, #1312, .F. ) ;
#559 = VERTEX_POINT ( 'NONE', #1817 ) ;
#560 = DIRECTION ( 'NONE',  ( 0.000000000000000000, -1.000000000000000000, 0.000000000000000000 ) ) ;
#561 = EDGE_CURVE ( 'NONE', #277, #851, #253, .T. ) ;
#562 = ORIENTED_EDGE ( 'NONE', *, *, #871, .F. ) ;
#563 = DIRECTION ( 'NONE',  ( 0.000000000000000000, 0.000000000000000000, -1.000000000000000000 ) ) ;
#564 = LINE ( 'NONE', #850, #157 ) ;
#565 = AXIS2_PLACEMENT_3D ( 'NONE', #25, #1307, #1455 ) ;
#566 = ORIENTED_EDGE ( 'NONE', *, *, #1581, .T. ) ;
#567 = CIRCLE ( 'NONE', #1647, 1.000000000000000888 ) ;
#568 = CARTESIAN_POINT ( 'NONE',  ( -35.00000000000000000, 12.04999999999999183, -20.00000000000000355 ) ) ;
#569 = ORIENTED_EDGE ( 'NONE', *, *, #1211, .F. ) ;
#570 = CARTESIAN_POINT ( 'NONE',  ( -30.00000000000000711, 10.75000000000000000, 36.00000000000000711 ) ) ;
#571 = EDGE_LOOP ( 'NONE', ( #529, #670, #1065, #1156 ) ) ;
#572 = CARTESIAN_POINT ( 'NONE',  ( 29.99999999999999645, 0.000000000000000000, 33.99999999999998579 ) ) ;
#573 = LINE ( 'NONE', #716, #687 ) ;
#574 = ADVANCED_FACE ( 'NONE', ( #267 ), #1519, .F. ) ;
#575 = ORIENTED_EDGE ( 'NONE', *, *, #60, .F. ) ;
#576 = AXIS2_PLACEMENT_3D ( 'NONE', #1667, #1511, #372 ) ;
#577 = AXIS2_PLACEMENT_3D ( 'NONE', #1142, #1022, #703 ) ;
#578 = ORIENTED_EDGE ( 'NONE', *, *, #584, .F. ) ;
#579 = LINE ( 'NONE', #1693, #1387 ) ;
#580 = VERTEX_POINT ( 'NONE', #98 ) ;
#581 = DIRECTION ( 'NONE',  ( 0.000000000000000000, 0.000000000000000000, 1.000000000000000000 ) ) ;
#582 = LINE ( 'NONE', #998, #1823 ) ;
#583 = VERTEX_POINT ( 'NONE', #968 ) ;
#584 = EDGE_CURVE ( 'NONE', #688, #259, #950, .T. ) ;
#585 = LINE ( 'NONE', #21, #750 ) ;
#586 = ORIENTED_EDGE ( 'NONE', *, *, #1428, .T. ) ;
#587 = DIRECTION ( 'NONE',  ( 0.000000000000000000, 0.000000000000000000, -1.000000000000000000 ) ) ;
#588 = APPLICATION_PROTOCOL_DEFINITION ( 'draft international standard', 'automotive_design', 1998, #878 ) ;
#589 = ORIENTED_EDGE ( 'NONE', *, *, #1505, .F. ) ;
#590 = CARTESIAN_POINT ( 'NONE',  ( -33.69999999999999574, 12.54999999999999183, -35.00000000000000711 ) ) ;
#591 = DIRECTION ( 'NONE',  ( 0.000000000000000000, 0.000000000000000000, -1.000000000000000000 ) ) ;
#592 = AXIS2_PLACEMENT_3D ( 'NONE', #831, #518, #1099 ) ;
#593 = ORIENTED_EDGE ( 'NONE', *, *, #153, .F. ) ;
#594 = CARTESIAN_POINT ( 'NONE',  ( 29.99999999999999645, 10.75000000000000000, 34.99999999999999289 ) ) ;
#595 = EDGE_LOOP ( 'NONE', ( #679, #354, #1021, #608 ) ) ;
#596 = PRODUCT_DEFINITION_CONTEXT ( 'detailed design', #878, 'design' ) ;
#597 = CIRCLE ( 'NONE', #1380, 4.999999999999997335 ) ;
#598 = CARTESIAN_POINT ( 'NONE',  ( -35.00000000000000000, 21.50000000000000000, -35.00000000000000711 ) ) ;
#599 = EDGE_CURVE ( 'NONE', #1295, #1128, #1245, .T. ) ;
#600 = VERTEX_POINT ( 'NONE', #1253 ) ;
#601 = CARTESIAN_POINT ( 'NONE',  ( 29.99999999999999645, 3.000000000000000000, -35.00000000000000711 ) ) ;
#602 = DIRECTION ( 'NONE',  ( -1.000000000000000000, 0.000000000000000000, 2.312964634635742957E-16 ) ) ;
#603 = ORIENTED_EDGE ( 'NONE', *, *, #1673, .T. ) ;
#604 = CYLINDRICAL_SURFACE ( 'NONE', #833, 1.000000000000000888 ) ;
#605 = ORIENTED_EDGE ( 'NONE', *, *, #1383, .T. ) ;
#606 = CARTESIAN_POINT ( 'NONE',  ( -30.00000000000000711, 0.000000000000000000, -40.00000000000000000 ) ) ;
#607 = EDGE_CURVE ( 'NONE', #868, #1632, #665, .T. ) ;
#608 = ORIENTED_EDGE ( 'NONE', *, *, #293, .T. ) ;
#609 = DIRECTION ( 'NONE',  ( 1.982541115402065110E-16, 0.000000000000000000, 1.000000000000000000 ) ) ;
#610 = CARTESIAN_POINT ( 'NONE',  ( 18.00000000000000355, 12.04999999999999183, 38.69999999999998153 ) ) ;
#611 = ORIENTED_EDGE ( 'NONE', *, *, #993, .F. ) ;
#612 = DIRECTION ( 'NONE',  ( -0.000000000000000000, -0.000000000000000000, 1.000000000000000000 ) ) ;
#613 = ORIENTED_EDGE ( 'NONE', *, *, #1049, .F. ) ;
#614 = VECTOR ( 'NONE', #1835, 1000.000000000000000 ) ;
#615 = EDGE_CURVE ( 'NONE', #583, #137, #808, .T. ) ;
#616 = CARTESIAN_POINT ( 'NONE',  ( 18.00000000000000355, 12.04999999999999183, 29.99999999999999289 ) ) ;
#617 = ORIENTED_EDGE ( 'NONE', *, *, #171, .F. ) ;
#618 = CARTESIAN_POINT ( 'NONE',  ( -33.70000000000000284, 12.54999999999999183, 35.00000000000000000 ) ) ;
#619 = DIRECTION ( 'NONE',  ( 0.000000000000000000, 0.000000000000000000, 1.000000000000000000 ) ) ;
#620 = ADVANCED_FACE ( 'NONE', ( #1239 ), #517, .F. ) ;
#621 = ORIENTED_EDGE ( 'NONE', *, *, #281, .F. ) ;
#622 = CIRCLE ( 'NONE', #1671, 1.000000000000000888 ) ;
#623 = CARTESIAN_POINT ( 'NONE',  ( -23.50000000000000355, 12.54999999999999183, 38.69999999999999574 ) ) ;
#624 = EDGE_LOOP ( 'NONE', ( #575, #233, #155, #1761 ) ) ;
#625 = DIRECTION ( 'NONE',  ( 0.000000000000000000, 0.000000000000000000, 1.000000000000000000 ) ) ;
#626 = CIRCLE ( 'NONE', #418, 4.999999999999997335 ) ;
#627 = AXIS2_PLACEMENT_3D ( 'NONE', #1057, #1332, #1084 ) ;
#628 = ORIENTED_EDGE ( 'NONE', *, *, #1449, .T. ) ;
#629 = CARTESIAN_POINT ( 'NONE',  ( -35.00000000000000000, 21.50000000000000000, 40.00000000000000000 ) ) ;
#630 = DIRECTION ( 'NONE',  ( 0.000000000000000000, 1.000000000000000000, 0.000000000000000000 ) ) ;
#631 = CARTESIAN_POINT ( 'NONE',  ( -30.00000000000000355, 10.75000000000000000, -35.00000000000000711 ) ) ;
#632 = EDGE_CURVE ( 'NONE', #1305, #1813, #938, .T. ) ;
#633 = DIRECTION ( 'NONE',  ( 0.000000000000000000, 0.000000000000000000, 1.000000000000000000 ) ) ;
#634 = EDGE_LOOP ( 'NONE', ( #476, #163, #1491, #992 ) ) ;
#635 = CARTESIAN_POINT ( 'NONE',  ( 22.97493718553309705, 12.54999999999999893, 39.99999999999999289 ) ) ;
#636 = VECTOR ( 'NONE', #754, 1000.000000000000000 ) ;
#637 = AXIS2_PLACEMENT_3D ( 'NONE', #912, #775, #932 ) ;
#638 = AXIS2_PLACEMENT_3D ( 'NONE', #1602, #1463, #1753 ) ;
#639 = ORIENTED_EDGE ( 'NONE', *, *, #231, .F. ) ;
#640 = LINE ( 'NONE', #1214, #1117 ) ;
#641 = DIRECTION ( 'NONE',  ( -1.000000000000000000, 0.000000000000000000, 0.000000000000000000 ) ) ;
#642 = DIRECTION ( 'NONE',  ( -1.000000000000000000, 0.000000000000000000, 2.312964634635742957E-16 ) ) ;
#643 = DIRECTION ( 'NONE',  ( 0.000000000000000000, 0.000000000000000000, 1.000000000000000000 ) ) ;
#644 = ORIENTED_EDGE ( 'NONE', *, *, #1843, .T. ) ;
#645 = EDGE_CURVE ( 'NONE', #226, #1242, #1810, .T. ) ;
#646 = FACE_BOUND ( 'NONE', #241, .T. ) ;
#647 = ORIENTED_EDGE ( 'NONE', *, *, #205, .T. ) ;
#648 = CARTESIAN_POINT ( 'NONE',  ( -35.00000000000000000, 12.54999999999999893, -14.52277442494834325 ) ) ;
#649 = DIRECTION ( 'NONE',  ( -1.982541115402065110E-16, 0.000000000000000000, -1.000000000000000000 ) ) ;
#650 = DIRECTION ( 'NONE',  ( -2.312964634635742957E-16, 0.000000000000000000, -1.000000000000000000 ) ) ;
#651 = FACE_OUTER_BOUND ( 'NONE', #1471, .T. ) ;
#652 = VERTEX_POINT ( 'NONE', #1841 ) ;
#653 = DIRECTION ( 'NONE',  ( 0.000000000000000000, 1.000000000000000000, 0.000000000000000000 ) ) ;
#654 = AXIS2_PLACEMENT_3D ( 'NONE', #723, #1443, #1842 ) ;
#655 = CARTESIAN_POINT ( 'NONE',  ( 29.99999999999999645, 10.75000000000000000, -30.00000000000001776 ) ) ;
#656 = DIRECTION ( 'NONE',  ( 0.000000000000000000, -1.000000000000000000, 0.000000000000000000 ) ) ;
#657 = EDGE_CURVE ( 'NONE', #521, #32, #579, .T. ) ;
#658 = DIRECTION ( 'NONE',  ( -0.000000000000000000, -1.000000000000000000, -0.000000000000000000 ) ) ;
#659 = VECTOR ( 'NONE', #914, 1000.000000000000000 ) ;
#660 = EDGE_CURVE ( 'NONE', #1381, #430, #14, .T. ) ;
#661 = CARTESIAN_POINT ( 'NONE',  ( 29.99999999999999645, 0.000000000000000000, 34.99999999999999289 ) ) ;
#662 = VERTEX_POINT ( 'NONE', #570 ) ;
#663 = PLANE ( 'NONE',  #218 ) ;
#664 = ORIENTED_EDGE ( 'NONE', *, *, #1695, .F. ) ;
#665 = LINE ( 'NONE', #1801, #971 ) ;
#666 = DIRECTION ( 'NONE',  ( 0.000000000000000000, -1.000000000000000000, 0.000000000000000000 ) ) ;
#667 = VECTOR ( 'NONE', #1686, 1000.000000000000000 ) ;
#668 = EDGE_CURVE ( 'NONE', #929, #1561, #1556, .T. ) ;
#669 = AXIS2_PLACEMENT_3D ( 'NONE', #1814, #1658, #798 ) ;
#670 = ORIENTED_EDGE ( 'NONE', *, *, #829, .T. ) ;
#671 = DIRECTION ( 'NONE',  ( 0.000000000000000000, 0.000000000000000000, -1.000000000000000000 ) ) ;
#672 = ADVANCED_FACE ( 'NONE', ( #1268 ), #447, .T. ) ;
#673 = DIRECTION ( 'NONE',  ( -1.982541115402065110E-16, -0.000000000000000000, -1.000000000000000000 ) ) ;
#674 = DIRECTION ( 'NONE',  ( -0.000000000000000000, -0.000000000000000000, 1.000000000000000000 ) ) ;
#675 = CARTESIAN_POINT ( 'NONE',  ( 25.41742430504415395, 0.000000000000000000, 36.99999999999998579 ) ) ;
#676 = CARTESIAN_POINT ( 'NONE',  ( -35.00000000000000000, 12.54999999999999183, 35.00000000000000000 ) ) ;
#677 = PRODUCT_RELATED_PRODUCT_CATEGORY ( 'part', '', ( #709 ) ) ;
#678 = ADVANCED_FACE ( 'NONE', ( #983 ), #1151, .T. ) ;
#679 = ORIENTED_EDGE ( 'NONE', *, *, #1369, .T. ) ;
#680 = DIRECTION ( 'NONE',  ( -0.000000000000000000, 1.000000000000000000, -0.000000000000000000 ) ) ;
#681 = ORIENTED_EDGE ( 'NONE', *, *, #1319, .T. ) ;
#682 = CARTESIAN_POINT ( 'NONE',  ( -30.00000000000000355, 0.000000000000000000, -36.00000000000001421 ) ) ;
#683 = LINE ( 'NONE', #1661, #1308 ) ;
#684 = AXIS2_PLACEMENT_3D ( 'NONE', #1725, #439, #1310 ) ;
#685 = DIRECTION ( 'NONE',  ( -0.000000000000000000, -1.000000000000000000, -0.000000000000000000 ) ) ;
#686 = VECTOR ( 'NONE', #1376, 1000.000000000000000 ) ;
#687 = VECTOR ( 'NONE', #1716, 1000.000000000000000 ) ;
#688 = VERTEX_POINT ( 'NONE', #551 ) ;
#689 = ADVANCED_FACE ( 'NONE', ( #847 ), #158, .T. ) ;
#690 = CARTESIAN_POINT ( 'NONE',  ( -30.00000000000000711, 0.000000000000000000, 36.00000000000000711 ) ) ;
#691 = MECHANICAL_DESIGN_GEOMETRIC_PRESENTATION_REPRESENTATION (  '', ( #1684 ), #1412 ) ;
#692 = CARTESIAN_POINT ( 'NONE',  ( 29.99999999999999645, 3.000000000000000000, -30.00000000000001776 ) ) ;
#693 = DIRECTION ( 'NONE',  ( 0.000000000000000000, 1.000000000000000000, 0.000000000000000000 ) ) ;
#694 = VERTEX_POINT ( 'NONE', #437 ) ;
#695 = DIRECTION ( 'NONE',  ( 0.000000000000000000, 0.000000000000000000, 1.000000000000000000 ) ) ;
#696 = LINE ( 'NONE', #935, #857 ) ;
#697 = VECTOR ( 'NONE', #1115, 1000.000000000000000 ) ;
#698 = AXIS2_PLACEMENT_3D ( 'NONE', #631, #1355, #209 ) ;
#699 = ORIENTED_EDGE ( 'NONE', *, *, #320, .T. ) ;
#700 = CARTESIAN_POINT ( 'NONE',  ( 18.00000000000000355, 12.04999999999999183, 29.99999999999999289 ) ) ;
#701 = ORIENTED_EDGE ( 'NONE', *, *, #1628, .T. ) ;
#702 = EDGE_CURVE ( 'NONE', #1561, #317, #315, .T. ) ;
#703 = DIRECTION ( 'NONE',  ( -1.000000000000000000, 0.000000000000000000, 2.312964634635742957E-16 ) ) ;
#704 = APPLICATION_PROTOCOL_DEFINITION ( 'draft international standard', 'automotive_design', 1998, #1606 ) ;
#705 = EDGE_LOOP ( 'NONE', ( #424, #300, #43, #1783, #1571 ) ) ;
#706 = CARTESIAN_POINT ( 'NONE',  ( -25.41742430504416106, 10.75000000000000000, -37.00000000000000000 ) ) ;
#707 = CARTESIAN_POINT ( 'NONE',  ( 29.99999999999999645, 0.000000000000000000, -35.00000000000000711 ) ) ;
#708 = VERTEX_POINT ( 'NONE', #1287 ) ;
#709 = PRODUCT ( 'SkiSafe CamelBack 02 - TOP', 'SkiSafe CamelBack 02 - TOP', '', ( #880 ) ) ;
#710 = VERTEX_POINT ( 'NONE', #1278 ) ;
#711 = DIRECTION ( 'NONE',  ( 0.000000000000000000, 0.000000000000000000, 1.000000000000000000 ) ) ;
#712 = VECTOR ( 'NONE', #295, 1000.000000000000000 ) ;
#713 = EDGE_CURVE ( 'NONE', #600, #226, #1124, .T. ) ;
#714 = VERTEX_POINT ( 'NONE', #1832 ) ;
#715 = CARTESIAN_POINT ( 'NONE',  ( 29.99999999999999289, 119.0514581273465069, -38.70000000000000284 ) ) ;
#716 = CARTESIAN_POINT ( 'NONE',  ( -30.00000000000000355, 0.000000000000000000, -34.00000000000000711 ) ) ;
#717 = VECTOR ( 'NONE', #1589, 1000.000000000000000 ) ;
#718 = ORIENTED_EDGE ( 'NONE', *, *, #615, .T. ) ;
#719 = AXIS2_PLACEMENT_3D ( 'NONE', #1719, #550, #443 ) ;
#720 = CARTESIAN_POINT ( 'NONE',  ( -23.50000000000000355, 10.75000000000000000, 37.00000000000000000 ) ) ;
#721 = ORIENTED_EDGE ( 'NONE', *, *, #1024, .F. ) ;
#722 = CARTESIAN_POINT ( 'NONE',  ( -25.41742430504416461, 0.000000000000000000, 37.00000000000000000 ) ) ;
#723 = CARTESIAN_POINT ( 'NONE',  ( -30.00000000000000711, 12.54999999999999183, 35.00000000000000000 ) ) ;
#724 = ORIENTED_EDGE ( 'NONE', *, *, #147, .T. ) ;
#725 = CARTESIAN_POINT ( 'NONE',  ( 7.500000000000000000, 4.749999999999997335, 39.99999999999999289 ) ) ;
#726 = LINE ( 'NONE', #426, #1109 ) ;
#727 = ADVANCED_FACE ( 'NONE', ( #306 ), #1712, .F. ) ;
#728 = ORIENTED_EDGE ( 'NONE', *, *, #118, .F. ) ;
#729 = AXIS2_PLACEMENT_3D ( 'NONE', #380, #106, #509 ) ;
#730 = AXIS2_PLACEMENT_3D ( 'NONE', #866, #1011, #146 ) ;
#731 = ORIENTED_EDGE ( 'NONE', *, *, #1757, .T. ) ;
#732 = EDGE_CURVE ( 'NONE', #433, #580, #1572, .T. ) ;
#733 = DIRECTION ( 'NONE',  ( 0.000000000000000000, 0.000000000000000000, -1.000000000000000000 ) ) ;
#734 = ORIENTED_EDGE ( 'NONE', *, *, #1669, .F. ) ;
#735 = DIRECTION ( 'NONE',  ( 0.000000000000000000, 0.000000000000000000, -1.000000000000000000 ) ) ;
#736 = DIRECTION ( 'NONE',  ( -1.982541115402065110E-16, 0.000000000000000000, -1.000000000000000000 ) ) ;
#737 = ORIENTED_EDGE ( 'NONE', *, *, #668, .T. ) ;
#738 = EDGE_CURVE ( 'NONE', #1566, #1550, #1442, .T. ) ;
#739 = AXIS2_PLACEMENT_3D ( 'NONE', #309, #278, #1144 ) ;
#740 = LINE ( 'NONE', #331, #273 ) ;
#741 = EDGE_LOOP ( 'NONE', ( #848, #1623, #442, #1791 ) ) ;
#742 = CARTESIAN_POINT ( 'NONE',  ( -35.00000000000000000, 12.54999999999999183, 35.00000000000000000 ) ) ;
#743 = VERTEX_POINT ( 'NONE', #1703 ) ;
#744 = DIRECTION ( 'NONE',  ( -0.000000000000000000, 1.000000000000000000, -0.000000000000000000 ) ) ;
#745 = PLANE ( 'NONE',  #534 ) ;
#746 = CIRCLE ( 'NONE', #592, 3.699999999999994849 ) ;
#747 = EDGE_LOOP ( 'NONE', ( #803, #797, #1615, #1701 ) ) ;
#748 = CYLINDRICAL_SURFACE ( 'NONE', #1137, 4.999999999999997335 ) ;
#749 = ORIENTED_EDGE ( 'NONE', *, *, #74, .F. ) ;
#750 = VECTOR ( 'NONE', #409, 1000.000000000000000 ) ;
#751 = ADVANCED_FACE ( 'NONE', ( #139 ), #1158, .T. ) ;
#752 = CARTESIAN_POINT ( 'NONE',  ( 29.99999999999999645, 0.000000000000000000, 34.99999999999999289 ) ) ;
#753 = ORIENTED_EDGE ( 'NONE', *, *, #1337, .F. ) ;
#754 = DIRECTION ( 'NONE',  ( -1.000000000000000000, 0.000000000000000000, 2.312964634635742957E-16 ) ) ;
#755 = DIRECTION ( 'NONE',  ( 0.000000000000000000, -1.000000000000000000, 0.000000000000000000 ) ) ;
#756 = CARTESIAN_POINT ( 'NONE',  ( 7.499999999999992006, 12.54999999999999893, -4.956352788505162676E-15 ) ) ;
#757 = EDGE_CURVE ( 'NONE', #1768, #102, #1591, .T. ) ;
#758 = ORIENTED_EDGE ( 'NONE', *, *, #212, .T. ) ;
#759 = LINE ( 'NONE', #1059, #1282 ) ;
#760 = ORIENTED_EDGE ( 'NONE', *, *, #943, .F. ) ;
#761 = CARTESIAN_POINT ( 'NONE',  ( 29.99999999999999645, 0.000000000000000000, -34.00000000000000711 ) ) ;
#762 = EDGE_CURVE ( 'NONE', #1419, #868, #422, .T. ) ;
#763 = EDGE_LOOP ( 'NONE', ( #903, #837, #1152, #915, #148, #1079, #981, #27, #973, #292 ) ) ;
#764 = CARTESIAN_POINT ( 'NONE',  ( -30.00000000000000355, 12.54999999999999183, 40.00000000000000000 ) ) ;
#765 = DIRECTION ( 'NONE',  ( -2.312964634635742957E-16, 0.000000000000000000, -1.000000000000000000 ) ) ;
#766 = FACE_BOUND ( 'NONE', #1270, .T. ) ;
#767 = ORIENTED_EDGE ( 'NONE', *, *, #660, .T. ) ;
#768 = DIRECTION ( 'NONE',  ( 1.000000000000000000, 0.000000000000000000, -2.312964634635742957E-16 ) ) ;
#769 = VERTEX_POINT ( 'NONE', #175 ) ;
#770 = CARTESIAN_POINT ( 'NONE',  ( 34.99999999999999289, 12.54999999999999183, 34.99999999999999289 ) ) ;
#771 = ORIENTED_EDGE ( 'NONE', *, *, #1549, .T. ) ;
#772 = FACE_OUTER_BOUND ( 'NONE', #360, .T. ) ;
#773 = CARTESIAN_POINT ( 'NONE',  ( -30.00000000000000711, 0.000000000000000000, 36.00000000000000711 ) ) ;
#774 = EDGE_CURVE ( 'NONE', #1566, #714, #818, .T. ) ;
#775 = DIRECTION ( 'NONE',  ( 0.000000000000000000, -1.000000000000000000, 0.000000000000000000 ) ) ;
#776 = PRODUCT_DEFINITION_FORMATION_WITH_SPECIFIED_SOURCE ( 'ANY', '', #709, .NOT_KNOWN. ) ;
#777 = LINE ( 'NONE', #1461, #960 ) ;
#778 = ORIENTED_EDGE ( 'NONE', *, *, #645, .F. ) ;
#779 = DIRECTION ( 'NONE',  ( 0.000000000000000000, 0.000000000000000000, 1.000000000000000000 ) ) ;
#780 = AXIS2_PLACEMENT_3D ( 'NONE', #568, #154, #852 ) ;
#781 = CIRCLE ( 'NONE', #1439, 4.999999999999997335 ) ;
#782 = ORIENTED_EDGE ( 'NONE', *, *, #1727, .F. ) ;
#783 = CARTESIAN_POINT ( 'NONE',  ( 29.99999999999999645, 0.000000000000000000, -35.00000000000000711 ) ) ;
#784 = CARTESIAN_POINT ( 'NONE',  ( 34.99999999999999289, 12.54999999999999183, -35.00000000000000711 ) ) ;
#785 =( NAMED_UNIT ( * ) SI_UNIT ( $, .STERADIAN. ) SOLID_ANGLE_UNIT ( ) );
#786 = EDGE_CURVE ( 'NONE', #1097, #600, #1613, .T. ) ;
#787 = LINE ( 'NONE', #1129, #220 ) ;
#788 = ORIENTED_EDGE ( 'NONE', *, *, #138, .T. ) ;
#789 = FACE_BOUND ( 'NONE', #1008, .T. ) ;
#790 = AXIS2_PLACEMENT_3D ( 'NONE', #1391, #396, #533 ) ;
#791 = EDGE_CURVE ( 'NONE', #819, #1773, #1806, .T. ) ;
#792 = AXIS2_PLACEMENT_3D ( 'NONE', #1416, #1133, #711 ) ;
#793 = ORIENTED_EDGE ( 'NONE', *, *, #1532, .F. ) ;
#794 = FACE_BOUND ( 'NONE', #1123, .T. ) ;
#795 = CARTESIAN_POINT ( 'NONE',  ( 34.99999999999999289, 21.50000000000000000, -40.00000000000000711 ) ) ;
#796 = DIRECTION ( 'NONE',  ( 0.000000000000000000, 0.000000000000000000, 1.000000000000000000 ) ) ;
#797 = ORIENTED_EDGE ( 'NONE', *, *, #1435, .T. ) ;
#798 = DIRECTION ( 'NONE',  ( 0.000000000000000000, 0.000000000000000000, -1.000000000000000000 ) ) ;
#799 = CARTESIAN_POINT ( 'NONE',  ( -30.00000000000001066, 119.0514581273465069, -38.70000000000000284 ) ) ;
#800 = CARTESIAN_POINT ( 'NONE',  ( -32.00000000000000000, 21.50000000000000000, 40.00000000000000000 ) ) ;
#801 = FACE_OUTER_BOUND ( 'NONE', #1636, .T. ) ;
#802 = CARTESIAN_POINT ( 'NONE',  ( 29.99999999999999645, 10.75000000000000000, -34.00000000000000711 ) ) ;
#803 = ORIENTED_EDGE ( 'NONE', *, *, #1581, .F. ) ;
#804 = LINE ( 'NONE', #1218, #1450 ) ;
#805 = VERTEX_POINT ( 'NONE', #1500 ) ;
#806 = ADVANCED_FACE ( 'NONE', ( #186 ), #224, .F. ) ;
#807 = ORIENTED_EDGE ( 'NONE', *, *, #448, .T. ) ;
#808 = LINE ( 'NONE', #544, #697 ) ;
#809 = DIRECTION ( 'NONE',  ( 0.000000000000000000, -1.000000000000000000, 0.000000000000000000 ) ) ;
#810 = AXIS2_PLACEMENT_3D ( 'NONE', #376, #1836, #359 ) ;
#811 = ORIENTED_EDGE ( 'NONE', *, *, #1733, .T. ) ;
#812 = CARTESIAN_POINT ( 'NONE',  ( 29.99999999999999645, 0.000000000000000000, -35.00000000000000711 ) ) ;
#813 = EDGE_CURVE ( 'NONE', #1174, #989, #213, .T. ) ;
#814 = PLANE ( 'NONE',  #196 ) ;
#815 = DIRECTION ( 'NONE',  ( 1.000000000000000000, 0.000000000000000000, -9.912705577010325549E-17 ) ) ;
#816 = DIRECTION ( 'NONE',  ( -1.000000000000000000, -0.000000000000000000, -0.000000000000000000 ) ) ;
#817 = VECTOR ( 'NONE', #815, 1000.000000000000000 ) ;
#818 = CIRCLE ( 'NONE', #972, 4.999999999999997335 ) ;
#819 = VERTEX_POINT ( 'NONE', #55 ) ;
#820 = DIRECTION ( 'NONE',  ( -1.000000000000000000, 0.000000000000000000, 2.312964634635742957E-16 ) ) ;
#821 = LINE ( 'NONE', #1372, #109 ) ;
#822 = DIRECTION ( 'NONE',  ( -0.000000000000000000, -0.000000000000000000, 1.000000000000000000 ) ) ;
#823 = DIRECTION ( 'NONE',  ( 1.000000000000000000, -0.000000000000000000, -1.982541115402065110E-16 ) ) ;
#824 = CIRCLE ( 'NONE', #1071, 3.699999999999994849 ) ;
#825 = CARTESIAN_POINT ( 'NONE',  ( 25.41742430504416106, 3.000000000000000000, -37.00000000000000711 ) ) ;
#826 = EDGE_CURVE ( 'NONE', #1128, #872, #1685, .T. ) ;
#827 = LINE ( 'NONE', #434, #1434 ) ;
#828 = AXIS2_PLACEMENT_3D ( 'NONE', #90, #59, #619 ) ;
#829 = EDGE_CURVE ( 'NONE', #1171, #168, #1053, .T. ) ;
#830 = DIRECTION ( 'NONE',  ( 0.000000000000000000, 1.000000000000000000, 0.000000000000000000 ) ) ;
#831 = CARTESIAN_POINT ( 'NONE',  ( -30.00000000000000355, 10.75000000000000000, -35.00000000000000711 ) ) ;
#832 = CARTESIAN_POINT ( 'NONE',  ( 18.00000000000000355, 12.04999999999999183, 39.99999999999999289 ) ) ;
#833 = AXIS2_PLACEMENT_3D ( 'NONE', #1185, #312, #633 ) ;
#834 = ADVANCED_FACE ( 'NONE', ( #35 ), #477, .T. ) ;
#835 = EDGE_LOOP ( 'NONE', ( #909, #1429 ) ) ;
#836 = DIRECTION ( 'NONE',  ( -1.000000000000000000, 0.000000000000000000, 0.000000000000000000 ) ) ;
#837 = ORIENTED_EDGE ( 'NONE', *, *, #645, .T. ) ;
#838 = DIRECTION ( 'NONE',  ( 0.000000000000000000, 1.000000000000000000, 0.000000000000000000 ) ) ;
#839 = CARTESIAN_POINT ( 'NONE',  ( -30.00000000000000711, 0.000000000000000000, 35.00000000000000000 ) ) ;
#840 = ORIENTED_EDGE ( 'NONE', *, *, #20, .T. ) ;
#841 = CARTESIAN_POINT ( 'NONE',  ( 7.500000000000001776, 4.749999999999997335, 46.99999999999999289 ) ) ;
#842 = DIRECTION ( 'NONE',  ( -2.312964634635742957E-16, 0.000000000000000000, -1.000000000000000000 ) ) ;
#843 = VECTOR ( 'NONE', #1732, 1000.000000000000000 ) ;
#844 = ORIENTED_EDGE ( 'NONE', *, *, #762, .F. ) ;
#845 = ORIENTED_EDGE ( 'NONE', *, *, #599, .F. ) ;
#846 = EDGE_CURVE ( 'NONE', #1587, #1128, #1293, .T. ) ;
#847 = FACE_OUTER_BOUND ( 'NONE', #339, .T. ) ;
#848 = ORIENTED_EDGE ( 'NONE', *, *, #1536, .T. ) ;
#849 = DIRECTION ( 'NONE',  ( 0.000000000000000000, 1.000000000000000000, 0.000000000000000000 ) ) ;
#850 = CARTESIAN_POINT ( 'NONE',  ( -30.00000000000000355, 12.54999999999999183, 38.69999999999999574 ) ) ;
#851 = VERTEX_POINT ( 'NONE', #204 ) ;
#852 = DIRECTION ( 'NONE',  ( 0.000000000000000000, 0.000000000000000000, 1.000000000000000000 ) ) ;
#853 = EDGE_LOOP ( 'NONE', ( #753, #335, #311, #323, #1569 ) ) ;
#854 = DIRECTION ( 'NONE',  ( 0.000000000000000000, 0.000000000000000000, -1.000000000000000000 ) ) ;
#855 = EDGE_CURVE ( 'NONE', #862, #277, #916, .T. ) ;
#856 = VERTEX_POINT ( 'NONE', #770 ) ;
#857 = VECTOR ( 'NONE', #1265, 1000.000000000000000 ) ;
#858 = LINE ( 'NONE', #572, #1195 ) ;
#859 = DIRECTION ( 'NONE',  ( 0.000000000000000000, 0.000000000000000000, 1.000000000000000000 ) ) ;
#860 = CIRCLE ( 'NONE', #1163, 4.999999999999993783 ) ;
#861 = VECTOR ( 'NONE', #1120, 1000.000000000000000 ) ;
#862 = VERTEX_POINT ( 'NONE', #1339 ) ;
#863 = EDGE_CURVE ( 'NONE', #449, #769, #488, .T. ) ;
#864 = CIRCLE ( 'NONE', #1345, 5.499999999999998224 ) ;
#865 = ORIENTED_EDGE ( 'NONE', *, *, #1000, .F. ) ;
#866 = CARTESIAN_POINT ( 'NONE',  ( -30.00000000000000711, 21.50000000000000000, 35.00000000000000000 ) ) ;
#867 =( NAMED_UNIT ( * ) PLANE_ANGLE_UNIT ( ) SI_UNIT ( $, .RADIAN. ) );
#868 = VERTEX_POINT ( 'NONE', #194 ) ;
#869 = DIRECTION ( 'NONE',  ( 0.000000000000000000, 1.000000000000000000, 0.000000000000000000 ) ) ;
#870 = CARTESIAN_POINT ( 'NONE',  ( -32.00000000000000000, 10.75000000000000000, -14.65584431364504603 ) ) ;
#871 = EDGE_CURVE ( 'NONE', #408, #1798, #457, .T. ) ;
#872 = VERTEX_POINT ( 'NONE', #635 ) ;
#873 = VECTOR ( 'NONE', #656, 1000.000000000000000 ) ;
#874 = VECTOR ( 'NONE', #673, 1000.000000000000000 ) ;
#875 = VECTOR ( 'NONE', #166, 1000.000000000000000 ) ;
#876 = CARTESIAN_POINT ( 'NONE',  ( 33.69999999999999574, 119.0514581273465069, -35.00000000000000711 ) ) ;
#877 = VERTEX_POINT ( 'NONE', #497 ) ;
#878 = APPLICATION_CONTEXT ( 'automotive_design' ) ;
#879 = CARTESIAN_POINT ( 'NONE',  ( 34.99999999999999289, 0.000000000000000000, 39.99999999999998579 ) ) ;
#880 = PRODUCT_CONTEXT ( 'NONE', #1606, 'mechanical' ) ;
#881 = ORIENTED_EDGE ( 'NONE', *, *, #1121, .T. ) ;
#882 = CARTESIAN_POINT ( 'NONE',  ( -35.01000000000000512, 10.75000000000000000, 39.99999999999998579 ) ) ;
#883 = CARTESIAN_POINT ( 'NONE',  ( 29.99999999999999645, 10.75000000000000000, 35.99999999999999289 ) ) ;
#884 = EDGE_CURVE ( 'NONE', #1710, #1289, #325, .T. ) ;
#885 = VERTEX_POINT ( 'NONE', #606 ) ;
#886 = CIRCLE ( 'NONE', #1126, 5.000000000000000888 ) ;
#887 = DIRECTION ( 'NONE',  ( 0.000000000000000000, 0.000000000000000000, -1.000000000000000000 ) ) ;
#888 = VERTEX_POINT ( 'NONE', #1642 ) ;
#889 = CARTESIAN_POINT ( 'NONE',  ( 18.00000000000000355, 12.04999999999999183, 39.99999999999999289 ) ) ;
#890 = ORIENTED_EDGE ( 'NONE', *, *, #933, .F. ) ;
#891 = DIRECTION ( 'NONE',  ( 0.000000000000000000, 0.000000000000000000, -1.000000000000000000 ) ) ;
#892 = CARTESIAN_POINT ( 'NONE',  ( -33.69999999999999574, 119.0514581273465069, -35.00000000000000711 ) ) ;
#893 = CIRCLE ( 'NONE', #415, 5.000000000000000888 ) ;
#894 = ORIENTED_EDGE ( 'NONE', *, *, #448, .F. ) ;
#895 = PRODUCT_DEFINITION ( 'UNKNOWN', '', #776, #596 ) ;
#896 = CARTESIAN_POINT ( 'NONE',  ( -30.00000000000000355, 10.75000000000000000, 38.69999999999999574 ) ) ;
#897 = EDGE_LOOP ( 'NONE', ( #1501, #193, #1225, #1828 ) ) ;
#898 = AXIS2_PLACEMENT_3D ( 'NONE', #1822, #1088, #541 ) ;
#899 = DIRECTION ( 'NONE',  ( -0.000000000000000000, -1.000000000000000000, -0.000000000000000000 ) ) ;
#900 = VERTEX_POINT ( 'NONE', #361 ) ;
#901 = FACE_OUTER_BOUND ( 'NONE', #514, .T. ) ;
#902 = CARTESIAN_POINT ( 'NONE',  ( 13.00000000000000533, 12.04999999999999183, 39.99999999999999289 ) ) ;
#903 = ORIENTED_EDGE ( 'NONE', *, *, #485, .F. ) ;
#904 = DIRECTION ( 'NONE',  ( -0.000000000000000000, -1.000000000000000000, -0.000000000000000000 ) ) ;
#905 = ORIENTED_EDGE ( 'NONE', *, *, #702, .F. ) ;
#906 = CIRCLE ( 'NONE', #345, 4.999999999999990230 ) ;
#907 = DIRECTION ( 'NONE',  ( 0.000000000000000000, 0.000000000000000000, 1.000000000000000000 ) ) ;
#908 = EDGE_CURVE ( 'NONE', #877, #1028, #1178, .T. ) ;
#909 = ORIENTED_EDGE ( 'NONE', *, *, #1460, .T. ) ;
#910 = CARTESIAN_POINT ( 'NONE',  ( -30.00000000000000355, 0.000000000000000000, -36.00000000000001421 ) ) ;
#911 = CARTESIAN_POINT ( 'NONE',  ( 18.00000000000000355, 12.04999999999999183, 36.99999999999999289 ) ) ;
#912 = CARTESIAN_POINT ( 'NONE',  ( -35.01000000000000512, 10.75000000000000000, 39.99999999999998579 ) ) ;
#913 = ORIENTED_EDGE ( 'NONE', *, *, #1000, .T. ) ;
#914 = DIRECTION ( 'NONE',  ( -0.000000000000000000, -1.000000000000000000, -0.000000000000000000 ) ) ;
#915 = ORIENTED_EDGE ( 'NONE', *, *, #702, .T. ) ;
#916 = LINE ( 'NONE', #1490, #1535 ) ;
#917 = ADVANCED_FACE ( 'NONE', ( #1742 ), #1033, .F. ) ;
#918 = ORIENTED_EDGE ( 'NONE', *, *, #855, .F. ) ;
#919 = DIRECTION ( 'NONE',  ( 0.000000000000000000, 0.000000000000000000, -1.000000000000000000 ) ) ;
#920 = LINE ( 'NONE', #931, #66 ) ;
#921 = SURFACE_STYLE_FILL_AREA ( #1504 ) ;
#922 = DIRECTION ( 'NONE',  ( 1.000000000000000000, -0.000000000000000000, 9.912705577010326782E-17 ) ) ;
#923 = ORIENTED_EDGE ( 'NONE', *, *, #498, .T. ) ;
#924 = EDGE_CURVE ( 'NONE', #580, #1320, #1361, .T. ) ;
#925 = AXIS2_PLACEMENT_3D ( 'NONE', #715, #431, #450 ) ;
#926 = DIRECTION ( 'NONE',  ( 0.000000000000000000, 0.000000000000000000, -1.000000000000000000 ) ) ;
#927 = CIRCLE ( 'NONE', #1314, 1.000000000000000888 ) ;
#928 = VECTOR ( 'NONE', #1322, 1000.000000000000000 ) ;
#929 = VERTEX_POINT ( 'NONE', #966 ) ;
#930 = CARTESIAN_POINT ( 'NONE',  ( 29.99999999999999645, 0.000000000000000000, 34.99999999999999289 ) ) ;
#931 = CARTESIAN_POINT ( 'NONE',  ( 22.97493718553309705, 12.54999999999999893, 29.99999999999999289 ) ) ;
#932 = DIRECTION ( 'NONE',  ( 0.000000000000000000, -0.000000000000000000, -1.000000000000000000 ) ) ;
#933 = EDGE_CURVE ( 'NONE', #191, #862, #804, .T. ) ;
#934 = AXIS2_PLACEMENT_3D ( 'NONE', #100, #685, #695 ) ;
#935 = CARTESIAN_POINT ( 'NONE',  ( 13.00000000000000533, 12.04999999999999183, 29.99999999999999289 ) ) ;
#936 = ORIENTED_EDGE ( 'NONE', *, *, #1560, .F. ) ;
#937 = DIRECTION ( 'NONE',  ( 0.000000000000000000, 0.000000000000000000, 1.000000000000000000 ) ) ;
#938 = CIRCLE ( 'NONE', #729, 1.000000000000000888 ) ;
#939 = DIRECTION ( 'NONE',  ( -1.000000000000000000, 0.000000000000000000, 9.912705577010325549E-17 ) ) ;
#940 = DIRECTION ( 'NONE',  ( -0.000000000000000000, -1.000000000000000000, -0.000000000000000000 ) ) ;
#941 = DIRECTION ( 'NONE',  ( 0.000000000000000000, 1.000000000000000000, 0.000000000000000000 ) ) ;
#942 = DIRECTION ( 'NONE',  ( -1.000000000000000000, -0.000000000000000000, -0.000000000000000000 ) ) ;
#943 = EDGE_CURVE ( 'NONE', #900, #444, #1665, .T. ) ;
#944 = DIRECTION ( 'NONE',  ( 0.000000000000000000, 0.000000000000000000, 1.000000000000000000 ) ) ;
#945 = ORIENTED_EDGE ( 'NONE', *, *, #1669, .T. ) ;
#946 = VECTOR ( 'NONE', #1135, 1000.000000000000000 ) ;
#947 = PLANE ( 'NONE',  #390 ) ;
#948 = ORIENTED_EDGE ( 'NONE', *, *, #153, .T. ) ;
#949 = PRODUCT_DEFINITION_SHAPE ( 'NONE', 'NONE',  #895 ) ;
#950 = LINE ( 'NONE', #1538, #108 ) ;
#951 = CARTESIAN_POINT ( 'NONE',  ( -30.00000000000000711, 0.000000000000000000, 35.00000000000000000 ) ) ;
#952 = ADVANCED_FACE ( 'NONE', ( #522 ), #1096, .F. ) ;
#953 = LINE ( 'NONE', #1521, #614 ) ;
#954 = ORIENTED_EDGE ( 'NONE', *, *, #1543, .F. ) ;
#955 = EDGE_CURVE ( 'NONE', #819, #1489, #1544, .T. ) ;
#956 = CIRCLE ( 'NONE', #1494, 4.999999999999990230 ) ;
#957 = DIRECTION ( 'NONE',  ( -1.000000000000000000, 0.000000000000000000, 9.912705577010325549E-17 ) ) ;
#958 = VECTOR ( 'NONE', #744, 1000.000000000000000 ) ;
#959 = FACE_OUTER_BOUND ( 'NONE', #140, .T. ) ;
#960 = VECTOR ( 'NONE', #75, 1000.000000000000000 ) ;
#961 = PLANE ( 'NONE',  #547 ) ;
#962 = FACE_OUTER_BOUND ( 'NONE', #144, .T. ) ;
#963 = AXIS2_PLACEMENT_3D ( 'NONE', #39, #460, #859 ) ;
#964 = CARTESIAN_POINT ( 'NONE',  ( 34.99999999999999289, 12.54999999999999183, -35.00000000000000711 ) ) ;
#965 = VERTEX_POINT ( 'NONE', #242 ) ;
#966 = CARTESIAN_POINT ( 'NONE',  ( 31.99999999999999289, 10.75000000000000000, 30.41742430504414685 ) ) ;
#967 = CARTESIAN_POINT ( 'NONE',  ( 25.41742430504416106, 0.000000000000000000, -37.00000000000000711 ) ) ;
#968 = CARTESIAN_POINT ( 'NONE',  ( 13.02506281446690650, 12.54999999999999893, 39.99999999999999289 ) ) ;
#969 = EDGE_CURVE ( 'NONE', #402, #277, #1478, .T. ) ;
#970 = CARTESIAN_POINT ( 'NONE',  ( -33.69999999999999574, 12.54999999999999183, -25.47722557505166563 ) ) ;
#971 = VECTOR ( 'NONE', #1825, 1000.000000000000000 ) ;
#972 = AXIS2_PLACEMENT_3D ( 'NONE', #1564, #1187, #65 ) ;
#973 = ORIENTED_EDGE ( 'NONE', *, *, #1319, .F. ) ;
#974 = FACE_BOUND ( 'NONE', #1456, .T. ) ;
#975 = FACE_OUTER_BOUND ( 'NONE', #897, .T. ) ;
#976 = CARTESIAN_POINT ( 'NONE',  ( 22.82804308182932829, 10.75000000000000000, 36.99999999999999289 ) ) ;
#977 = ADVANCED_FACE ( 'NONE', ( #113 ), #1362, .T. ) ;
#978 = FACE_OUTER_BOUND ( 'NONE', #1484, .T. ) ;
#979 = ORIENTED_EDGE ( 'NONE', *, *, #1089, .F. ) ;
#980 = LINE ( 'NONE', #419, #1252 ) ;
#981 = ORIENTED_EDGE ( 'NONE', *, *, #933, .T. ) ;
#982 = AXIS2_PLACEMENT_3D ( 'NONE', #1530, #816, #1023 ) ;
#983 = FACE_OUTER_BOUND ( 'NONE', #68, .T. ) ;
#984 = CYLINDRICAL_SURFACE ( 'NONE', #982, 5.500000000000000000 ) ;
#985 = ORIENTED_EDGE ( 'NONE', *, *, #871, .T. ) ;
#986 = FACE_OUTER_BOUND ( 'NONE', #1165, .T. ) ;
#987 = AXIS2_PLACEMENT_3D ( 'NONE', #594, #1452, #887 ) ;
#988 = EDGE_CURVE ( 'NONE', #851, #32, #906, .T. ) ;
#989 = VERTEX_POINT ( 'NONE', #1525 ) ;
#990 = ADVANCED_BREP_SHAPE_REPRESENTATION ( 'SkiSafe CamelBack 02 - TOP', ( #96, #565 ), #1375 ) ;
#991 = DIRECTION ( 'NONE',  ( 0.000000000000000000, -0.000000000000000000, 1.000000000000000000 ) ) ;
#992 = ORIENTED_EDGE ( 'NONE', *, *, #1049, .T. ) ;
#993 = EDGE_CURVE ( 'NONE', #1451, #1249, #1534, .T. ) ;
#994 = CARTESIAN_POINT ( 'NONE',  ( 33.69999999999999574, 12.54999999999999183, 34.99999999999999289 ) ) ;
#995 = DIRECTION ( 'NONE',  ( 0.000000000000000000, 0.000000000000000000, 1.000000000000000000 ) ) ;
#996 = ORIENTED_EDGE ( 'NONE', *, *, #1075, .T. ) ;
#997 = LINE ( 'NONE', #149, #1838 ) ;
#998 = CARTESIAN_POINT ( 'NONE',  ( 29.99999999999999289, 119.0514581273465069, -38.70000000000000284 ) ) ;
#999 = ORIENTED_EDGE ( 'NONE', *, *, #757, .F. ) ;
#1000 = EDGE_CURVE ( 'NONE', #1174, #1710, #567, .T. ) ;
#1001 = DIRECTION ( 'NONE',  ( 0.000000000000000000, 1.000000000000000000, 0.000000000000000000 ) ) ;
#1002 = VERTEX_POINT ( 'NONE', #1388 ) ;
#1003 = DIRECTION ( 'NONE',  ( 0.000000000000000000, -1.000000000000000000, 0.000000000000000000 ) ) ;
#1004 = ORIENTED_EDGE ( 'NONE', *, *, #1113, .F. ) ;
#1005 = LINE ( 'NONE', #459, #958 ) ;
#1006 = DIRECTION ( 'NONE',  ( -0.000000000000000000, 1.000000000000000000, -0.000000000000000000 ) ) ;
#1007 = EDGE_CURVE ( 'NONE', #559, #1489, #1555, .T. ) ;
#1008 = EDGE_LOOP ( 'NONE', ( #1042, #420 ) ) ;
#1009 = VERTEX_POINT ( 'NONE', #1509 ) ;
#1010 = EDGE_CURVE ( 'NONE', #1469, #872, #1243, .T. ) ;
#1011 = DIRECTION ( 'NONE',  ( 0.000000000000000000, -1.000000000000000000, 0.000000000000000000 ) ) ;
#1012 = EDGE_CURVE ( 'NONE', #1320, #1381, #1396, .T. ) ;
#1013 = AXIS2_PLACEMENT_3D ( 'NONE', #1354, #941, #1512 ) ;
#1014 = VERTEX_POINT ( 'NONE', #121 ) ;
#1015 = CARTESIAN_POINT ( 'NONE',  ( -30.00000000000000711, 10.75000000000000000, 34.00000000000000000 ) ) ;
#1016 = DIRECTION ( 'NONE',  ( 0.000000000000000000, 0.000000000000000000, -1.000000000000000000 ) ) ;
#1017 = CIRCLE ( 'NONE', #36, 1.000000000000000888 ) ;
#1018 = EDGE_LOOP ( 'NONE', ( #1426, #57, #188, #1692 ) ) ;
#1019 = VECTOR ( 'NONE', #1646, 1000.000000000000000 ) ;
#1020 = CARTESIAN_POINT ( 'NONE',  ( -30.00000000000000711, 0.000000000000000000, 35.00000000000000000 ) ) ;
#1021 = ORIENTED_EDGE ( 'NONE', *, *, #584, .T. ) ;
#1022 = DIRECTION ( 'NONE',  ( -2.312964634635742957E-16, 0.000000000000000000, -1.000000000000000000 ) ) ;
#1023 = DIRECTION ( 'NONE',  ( 0.000000000000000000, 0.000000000000000000, 1.000000000000000000 ) ) ;
#1024 = EDGE_CURVE ( 'NONE', #1070, #464, #1406, .T. ) ;
#1025 = ORIENTED_EDGE ( 'NONE', *, *, #1843, .F. ) ;
#1026 = DIRECTION ( 'NONE',  ( 0.000000000000000000, 0.000000000000000000, 1.000000000000000000 ) ) ;
#1027 = DIRECTION ( 'NONE',  ( -1.000000000000000000, 0.000000000000000000, 2.312964634635742957E-16 ) ) ;
#1028 = VERTEX_POINT ( 'NONE', #1378 ) ;
#1029 = VECTOR ( 'NONE', #58, 1000.000000000000000 ) ;
#1030 = VECTOR ( 'NONE', #1244, 1000.000000000000000 ) ;
#1031 = CARTESIAN_POINT ( 'NONE',  ( -35.00000000000000000, 12.04999999999999183, -14.50000000000000355 ) ) ;
#1032 = ORIENTED_EDGE ( 'NONE', *, *, #461, .T. ) ;
#1033 = CYLINDRICAL_SURFACE ( 'NONE', #638, 1.000000000000000888 ) ;
#1034 = ORIENTED_EDGE ( 'NONE', *, *, #195, .T. ) ;
#1035 = DIRECTION ( 'NONE',  ( 0.000000000000000000, 0.000000000000000000, 1.000000000000000000 ) ) ;
#1036 = PLANE ( 'NONE',  #301 ) ;
#1037 = ADVANCED_FACE ( 'NONE', ( #974, #1112, #789, #646, #1790 ), #663, .F. ) ;
#1038 = ORIENTED_EDGE ( 'NONE', *, *, #46, .T. ) ;
#1039 = CARTESIAN_POINT ( 'NONE',  ( 25.41742430504415395, 10.75000000000000000, 36.99999999999998579 ) ) ;
#1040 = ORIENTED_EDGE ( 'NONE', *, *, #1219, .F. ) ;
#1041 = CARTESIAN_POINT ( 'NONE',  ( -30.00000000000000711, 0.000000000000000000, 35.00000000000000000 ) ) ;
#1042 = ORIENTED_EDGE ( 'NONE', *, *, #791, .T. ) ;
#1043 = CARTESIAN_POINT ( 'NONE',  ( -33.69999999999999574, 12.04999999999999183, -25.50000000000000355 ) ) ;
#1044 = CYLINDRICAL_SURFACE ( 'NONE', #828, 1.000000000000000888 ) ;
#1045 = AXIS2_PLACEMENT_3D ( 'NONE', #1811, #1261, #1125 ) ;
#1046 = DIRECTION ( 'NONE',  ( 0.000000000000000000, 0.000000000000000000, 1.000000000000000000 ) ) ;
#1047 = AXIS2_PLACEMENT_3D ( 'NONE', #217, #1476, #1756 ) ;
#1048 = ORIENTED_EDGE ( 'NONE', *, *, #955, .F. ) ;
#1049 = EDGE_CURVE ( 'NONE', #1285, #888, #94, .T. ) ;
#1050 = DIRECTION ( 'NONE',  ( -0.000000000000000000, 0.000000000000000000, 1.000000000000000000 ) ) ;
#1051 = ORIENTED_EDGE ( 'NONE', *, *, #1369, .F. ) ;
#1052 = AXIS2_PLACEMENT_3D ( 'NONE', #661, #556, #1559 ) ;
#1053 = LINE ( 'NONE', #1168, #167 ) ;
#1054 = ADVANCED_FACE ( 'NONE', ( #515 ), #947, .T. ) ;
#1055 = ORIENTED_EDGE ( 'NONE', *, *, #1752, .T. ) ;
#1056 = DIRECTION ( 'NONE',  ( -0.000000000000000000, -0.000000000000000000, 1.000000000000000000 ) ) ;
#1057 = CARTESIAN_POINT ( 'NONE',  ( 29.99999999999999645, 12.54999999999999183, -35.00000000000000711 ) ) ;
#1058 = EDGE_LOOP ( 'NONE', ( #782, #1340, #1847, #1095 ) ) ;
#1059 = CARTESIAN_POINT ( 'NONE',  ( -35.00000000000000000, 0.000000000000000000, 40.00000000000000000 ) ) ;
#1060 = AXIS2_PLACEMENT_3D ( 'NONE', #1083, #246, #1407 ) ;
#1061 = ORIENTED_EDGE ( 'NONE', *, *, #1804, .F. ) ;
#1062 = EDGE_CURVE ( 'NONE', #694, #47, #1526, .T. ) ;
#1063 = AXIS2_PLACEMENT_3D ( 'NONE', #616, #1328, #466 ) ;
#1064 = CARTESIAN_POINT ( 'NONE',  ( -33.70000000000000284, 119.0514581273465069, 35.00000000000000000 ) ) ;
#1065 = ORIENTED_EDGE ( 'NONE', *, *, #212, .F. ) ;
#1066 = FACE_OUTER_BOUND ( 'NONE', #62, .T. ) ;
#1067 = CYLINDRICAL_SURFACE ( 'NONE', #1013, 4.999999999999997335 ) ;
#1068 = ADVANCED_FACE ( 'NONE', ( #1405 ), #1577, .T. ) ;
#1069 = CARTESIAN_POINT ( 'NONE',  ( 7.500000000000000000, 12.54999999999999183, 39.99999999999999289 ) ) ;
#1070 = VERTEX_POINT ( 'NONE', #11 ) ;
#1071 = AXIS2_PLACEMENT_3D ( 'NONE', #1390, #1247, #1119 ) ;
#1072 = DIRECTION ( 'NONE',  ( -0.000000000000000000, 1.000000000000000000, -0.000000000000000000 ) ) ;
#1073 = VERTEX_POINT ( 'NONE', #690 ) ;
#1074 = FACE_OUTER_BOUND ( 'NONE', #1058, .T. ) ;
#1075 = EDGE_CURVE ( 'NONE', #708, #379, #827, .T. ) ;
#1076 = LINE ( 'NONE', #773, #1019 ) ;
#1077 = CIRCLE ( 'NONE', #270, 1.000000000000000888 ) ;
#1078 = DIRECTION ( 'NONE',  ( -1.982541115402065110E-16, 0.000000000000000000, -1.000000000000000000 ) ) ;
#1079 = ORIENTED_EDGE ( 'NONE', *, *, #264, .F. ) ;
#1080 = CARTESIAN_POINT ( 'NONE',  ( 0.000000000000000000, 0.000000000000000000, 0.000000000000000000 ) ) ;
#1081 = CIRCLE ( 'NONE', #1052, 1.000000000000000888 ) ;
#1082 = LINE ( 'NONE', #1651, #874 ) ;
#1083 = CARTESIAN_POINT ( 'NONE',  ( -25.00000000000000000, 12.04999999999999183, -20.00000000000000355 ) ) ;
#1084 = DIRECTION ( 'NONE',  ( 0.000000000000000000, 0.000000000000000000, -1.000000000000000000 ) ) ;
#1085 = EDGE_CURVE ( 'NONE', #989, #1289, #927, .T. ) ;
#1086 = DIRECTION ( 'NONE',  ( 1.000000000000000000, 0.000000000000000000, 0.000000000000000000 ) ) ;
#1087 = CARTESIAN_POINT ( 'NONE',  ( -23.50000000000000355, 4.750000000000001776, 37.00000000000000000 ) ) ;
#1088 = DIRECTION ( 'NONE',  ( 0.000000000000000000, 1.000000000000000000, 0.000000000000000000 ) ) ;
#1089 = EDGE_CURVE ( 'NONE', #1349, #259, #585, .T. ) ;
#1090 = AXIS2_PLACEMENT_3D ( 'NONE', #353, #456, #926 ) ;
#1091 = CIRCLE ( 'NONE', #344, 4.999999999999997335 ) ;
#1092 = DIRECTION ( 'NONE',  ( 0.000000000000000000, -0.000000000000000000, -1.000000000000000000 ) ) ;
#1093 = CARTESIAN_POINT ( 'NONE',  ( 23.00000000000000000, 12.04999999999999183, 29.99999999999999289 ) ) ;
#1094 = DIRECTION ( 'NONE',  ( 1.000000000000000000, 0.000000000000000000, -9.912705577010325549E-17 ) ) ;
#1095 = ORIENTED_EDGE ( 'NONE', *, *, #1708, .F. ) ;
#1096 = PLANE ( 'NONE',  #1323 ) ;
#1097 = VERTEX_POINT ( 'NONE', #720 ) ;
#1098 = CARTESIAN_POINT ( 'NONE',  ( 18.00000000000000355, 12.04999999999999183, 29.99999999999999289 ) ) ;
#1099 = DIRECTION ( 'NONE',  ( 0.000000000000000000, 0.000000000000000000, 1.000000000000000000 ) ) ;
#1100 = ORIENTED_EDGE ( 'NONE', *, *, #1182, .T. ) ;
#1101 = VECTOR ( 'NONE', #1493, 1000.000000000000000 ) ;
#1102 = ADVANCED_FACE ( 'NONE', ( #1284 ), #1729, .F. ) ;
#1103 = AXIS2_PLACEMENT_3D ( 'NONE', #451, #736, #180 ) ;
#1104 = CARTESIAN_POINT ( 'NONE',  ( 29.99999999999999645, 10.75000000000000000, 34.99999999999999289 ) ) ;
#1105 = CARTESIAN_POINT ( 'NONE',  ( -23.50000000000000000, 21.50000000000000000, 40.00000000000000000 ) ) ;
#1106 = VECTOR ( 'NONE', #1335, 1000.000000000000000 ) ;
#1107 = CYLINDRICAL_SURFACE ( 'NONE', #1060, 5.500000000000000000 ) ;
#1108 = CARTESIAN_POINT ( 'NONE',  ( -32.00000000000000000, 0.000000000000000000, -30.41742430504417172 ) ) ;
#1109 = VECTOR ( 'NONE', #1458, 1000.000000000000000 ) ;
#1110 = DIRECTION ( 'NONE',  ( 0.000000000000000000, 0.000000000000000000, 1.000000000000000000 ) ) ;
#1111 = ORIENTED_EDGE ( 'NONE', *, *, #657, .F. ) ;
#1112 = FACE_BOUND ( 'NONE', #1728, .T. ) ;
#1113 = EDGE_CURVE ( 'NONE', #1203, #769, #980, .T. ) ;
#1114 = CARTESIAN_POINT ( 'NONE',  ( 29.99999999999999645, 0.000000000000000000, -40.00000000000000711 ) ) ;
#1115 = DIRECTION ( 'NONE',  ( 0.000000000000000000, 0.000000000000000000, -1.000000000000000000 ) ) ;
#1116 = DIRECTION ( 'NONE',  ( 9.912705577010325549E-17, -0.000000000000000000, 1.000000000000000000 ) ) ;
#1117 = VECTOR ( 'NONE', #1784, 1000.000000000000000 ) ;
#1118 = VECTOR ( 'NONE', #45, 1000.000000000000000 ) ;
#1119 = DIRECTION ( 'NONE',  ( 0.000000000000000000, 0.000000000000000000, 1.000000000000000000 ) ) ;
#1120 = DIRECTION ( 'NONE',  ( 0.000000000000000000, -1.000000000000000000, 0.000000000000000000 ) ) ;
#1121 = EDGE_CURVE ( 'NONE', #47, #1134, #1524, .T. ) ;
#1122 = DIRECTION ( 'NONE',  ( -9.912705577010325549E-17, 0.000000000000000000, 1.000000000000000000 ) ) ;
#1123 = EDGE_LOOP ( 'NONE', ( #78, #1741 ) ) ;
#1124 = LINE ( 'NONE', #722, #875 ) ;
#1125 = DIRECTION ( 'NONE',  ( 0.000000000000000000, 0.000000000000000000, -1.000000000000000000 ) ) ;
#1126 = AXIS2_PLACEMENT_3D ( 'NONE', #239, #1409, #1110 ) ;
#1127 = ADVANCED_FACE ( 'NONE', ( #1414 ), #136, .F. ) ;
#1128 = VERTEX_POINT ( 'NONE', #1326 ) ;
#1129 = CARTESIAN_POINT ( 'NONE',  ( 34.99999999999999289, 4.749999999999997335, 36.99999999999998579 ) ) ;
#1130 = ORIENTED_EDGE ( 'NONE', *, *, #1609, .T. ) ;
#1131 = ADVANCED_FACE ( 'NONE', ( #1611 ), #748, .T. ) ;
#1132 = VERTEX_POINT ( 'NONE', #1039 ) ;
#1133 = DIRECTION ( 'NONE',  ( -0.000000000000000000, 1.000000000000000000, -0.000000000000000000 ) ) ;
#1134 = VERTEX_POINT ( 'NONE', #1031 ) ;
#1135 = DIRECTION ( 'NONE',  ( -1.982541115402065110E-16, -0.000000000000000000, -1.000000000000000000 ) ) ;
#1136 = FACE_OUTER_BOUND ( 'NONE', #1681, .T. ) ;
#1137 = AXIS2_PLACEMENT_3D ( 'NONE', #202, #463, #1488 ) ;
#1138 = EDGE_CURVE ( 'NONE', #427, #1632, #71, .T. ) ;
#1139 = ORIENTED_EDGE ( 'NONE', *, *, #320, .F. ) ;
#1140 = ORIENTED_EDGE ( 'NONE', *, *, #1157, .T. ) ;
#1141 = EDGE_CURVE ( 'NONE', #1132, #1730, #351, .T. ) ;
#1142 = CARTESIAN_POINT ( 'NONE',  ( -30.00000000000000355, 119.0514581273465069, 38.69999999999999574 ) ) ;
#1143 = ORIENTED_EDGE ( 'NONE', *, *, #40, .F. ) ;
#1144 = DIRECTION ( 'NONE',  ( 0.000000000000000000, 0.000000000000000000, -1.000000000000000000 ) ) ;
#1145 = CIRCLE ( 'NONE', #790, 4.999999999999997335 ) ;
#1146 = CYLINDRICAL_SURFACE ( 'NONE', #67, 5.000000000000000888 ) ;
#1147 = AXIS2_PLACEMENT_3D ( 'NONE', #752, #1351, #625 ) ;
#1148 = ADVANCED_FACE ( 'NONE', ( #1633 ), #604, .F. ) ;
#1149 = ORIENTED_EDGE ( 'NONE', *, *, #1428, .F. ) ;
#1150 = ORIENTED_EDGE ( 'NONE', *, *, #461, .F. ) ;
#1151 = CYLINDRICAL_SURFACE ( 'NONE', #1597, 4.999999999999997335 ) ;
#1152 = ORIENTED_EDGE ( 'NONE', *, *, #520, .F. ) ;
#1153 = CARTESIAN_POINT ( 'NONE',  ( 31.99999999999999289, 3.000000000000000000, -30.41742430504417527 ) ) ;
#1154 = PLANE ( 'NONE',  #1103 ) ;
#1155 = ORIENTED_EDGE ( 'NONE', *, *, #713, .F. ) ;
#1156 = ORIENTED_EDGE ( 'NONE', *, *, #863, .F. ) ;
#1157 = EDGE_CURVE ( 'NONE', #1605, #708, #495, .T. ) ;
#1158 = PLANE ( 'NONE',  #577 ) ;
#1159 = AXIS2_PLACEMENT_3D ( 'NONE', #911, #649, #641 ) ;
#1160 = ORIENTED_EDGE ( 'NONE', *, *, #1609, .F. ) ;
#1161 = FACE_OUTER_BOUND ( 'NONE', #1018, .T. ) ;
#1162 = DIRECTION ( 'NONE',  ( -0.000000000000000000, -1.000000000000000000, -0.000000000000000000 ) ) ;
#1163 = AXIS2_PLACEMENT_3D ( 'NONE', #1420, #318, #581 ) ;
#1164 = AXIS2_PLACEMENT_3D ( 'NONE', #1552, #836, #1562 ) ;
#1165 = EDGE_LOOP ( 'NONE', ( #954, #1809, #1327, #555 ) ) ;
#1166 = CARTESIAN_POINT ( 'NONE',  ( 29.99999999999999645, 0.000000000000000000, 34.99999999999999289 ) ) ;
#1167 = ORIENTED_EDGE ( 'NONE', *, *, #884, .T. ) ;
#1168 = CARTESIAN_POINT ( 'NONE',  ( -30.00000000000000355, 119.0514581273465069, 38.69999999999999574 ) ) ;
#1169 = EDGE_CURVE ( 'NONE', #1489, #559, #445, .T. ) ;
#1170 = AXIS2_PLACEMENT_3D ( 'NONE', #537, #1805, #1697 ) ;
#1171 = VERTEX_POINT ( 'NONE', #192 ) ;
#1172 = CYLINDRICAL_SURFACE ( 'NONE', #302, 3.699999999999994849 ) ;
#1173 = CARTESIAN_POINT ( 'NONE',  ( 29.99999999999999645, 12.54999999999999183, 38.69999999999998153 ) ) ;
#1174 = VERTEX_POINT ( 'NONE', #1304 ) ;
#1175 = AXIS2_PLACEMENT_3D ( 'NONE', #1373, #940, #262 ) ;
#1176 = DIRECTION ( 'NONE',  ( -0.000000000000000000, -1.000000000000000000, -0.000000000000000000 ) ) ;
#1177 = VERTEX_POINT ( 'NONE', #173 ) ;
#1178 = LINE ( 'NONE', #598, #197 ) ;
#1179 = ORIENTED_EDGE ( 'NONE', *, *, #465, .F. ) ;
#1180 = DIRECTION ( 'NONE',  ( 0.000000000000000000, 0.000000000000000000, -1.000000000000000000 ) ) ;
#1181 = DIRECTION ( 'NONE',  ( 9.912705577010325549E-17, -0.000000000000000000, 1.000000000000000000 ) ) ;
#1182 = EDGE_CURVE ( 'NONE', #1768, #1002, #1740, .T. ) ;
#1183 = LINE ( 'NONE', #61, #1232 ) ;
#1184 = ORIENTED_EDGE ( 'NONE', *, *, #40, .T. ) ;
#1185 = CARTESIAN_POINT ( 'NONE',  ( 29.99999999999999645, 0.000000000000000000, -35.00000000000000711 ) ) ;
#1186 = VERTEX_POINT ( 'NONE', #475 ) ;
#1187 = DIRECTION ( 'NONE',  ( -2.312964634635742957E-16, 0.000000000000000000, -1.000000000000000000 ) ) ;
#1188 = ORIENTED_EDGE ( 'NONE', *, *, #1007, .F. ) ;
#1189 = CARTESIAN_POINT ( 'NONE',  ( -30.00000000000000355, 10.75000000000000000, -35.00000000000000711 ) ) ;
#1190 = LINE ( 'NONE', #200, #1551 ) ;
#1191 = AXIS2_PLACEMENT_3D ( 'NONE', #1427, #1006, #1292 ) ;
#1192 = LINE ( 'NONE', #1346, #1711 ) ;
#1193 = EDGE_CURVE ( 'NONE', #1014, #1285, #740, .T. ) ;
#1194 = ORIENTED_EDGE ( 'NONE', *, *, #34, .T. ) ;
#1195 = VECTOR ( 'NONE', #1715, 1000.000000000000000 ) ;
#1196 = AXIS2_PLACEMENT_3D ( 'NONE', #407, #842, #1656 ) ;
#1197 = CARTESIAN_POINT ( 'NONE',  ( -30.00000000000000355, 3.000000000000000000, -35.00000000000000711 ) ) ;
#1198 = ORIENTED_EDGE ( 'NONE', *, *, #182, .F. ) ;
#1199 = AXIS2_PLACEMENT_3D ( 'NONE', #892, #432, #1467 ) ;
#1200 = DIRECTION ( 'NONE',  ( 0.000000000000000000, 0.000000000000000000, 1.000000000000000000 ) ) ;
#1201 = EDGE_CURVE ( 'NONE', #1419, #1754, #626, .T. ) ;
#1202 = EDGE_CURVE ( 'NONE', #168, #743, #1622, .T. ) ;
#1203 = VERTEX_POINT ( 'NONE', #1470 ) ;
#1204 = FACE_OUTER_BOUND ( 'NONE', #1379, .T. ) ;
#1205 = CARTESIAN_POINT ( 'NONE',  ( 31.99999999999999289, 3.000000000000000000, 30.41742430504414685 ) ) ;
#1206 = FACE_BOUND ( 'NONE', #1800, .T. ) ;
#1207 = LINE ( 'NONE', #92, #156 ) ;
#1208 = AXIS2_PLACEMENT_3D ( 'NONE', #1626, #336, #199 ) ;
#1209 = VERTEX_POINT ( 'NONE', #1750 ) ;
#1210 = AXIS2_PLACEMENT_3D ( 'NONE', #1482, #1624, #1200 ) ;
#1211 = EDGE_CURVE ( 'NONE', #1009, #433, #486, .T. ) ;
#1212 = DIRECTION ( 'NONE',  ( -0.000000000000000000, -1.000000000000000000, -0.000000000000000000 ) ) ;
#1213 = VERTEX_POINT ( 'NONE', #1480 ) ;
#1214 = CARTESIAN_POINT ( 'NONE',  ( -25.00000000000000000, 10.75000000000000000, -14.65584431364504603 ) ) ;
#1215 = DIRECTION ( 'NONE',  ( 1.000000000000000000, -0.000000000000000000, 9.912705577010326782E-17 ) ) ;
#1216 = DIRECTION ( 'NONE',  ( -1.000000000000000000, -0.000000000000000000, -0.000000000000000000 ) ) ;
#1217 = EDGE_LOOP ( 'NONE', ( #1111, #16, #1130, #734 ) ) ;
#1218 = CARTESIAN_POINT ( 'NONE',  ( 34.99999999999999289, 2.999999999999999112, -37.00000000000000711 ) ) ;
#1219 = EDGE_CURVE ( 'NONE', #1028, #1320, #759, .T. ) ;
#1220 = ORIENTED_EDGE ( 'NONE', *, *, #732, .T. ) ;
#1221 = CYLINDRICAL_SURFACE ( 'NONE', #489, 4.999999999999993783 ) ;
#1222 = CARTESIAN_POINT ( 'NONE',  ( 18.00000000000000355, 12.04999999999999183, 38.69999999999998153 ) ) ;
#1223 = AXIS2_PLACEMENT_3D ( 'NONE', #1627, #1366, #494 ) ;
#1224 = DIRECTION ( 'NONE',  ( -1.000000000000000000, -0.000000000000000000, -0.000000000000000000 ) ) ;
#1225 = ORIENTED_EDGE ( 'NONE', *, *, #615, .F. ) ;
#1226 = DIRECTION ( 'NONE',  ( 0.000000000000000000, 1.000000000000000000, 0.000000000000000000 ) ) ;
#1227 = VECTOR ( 'NONE', #1226, 1000.000000000000000 ) ;
#1228 = EDGE_CURVE ( 'NONE', #1263, #1097, #210, .T. ) ;
#1229 = VERTEX_POINT ( 'NONE', #623 ) ;
#1230 = DIRECTION ( 'NONE',  ( 1.000000000000000000, -4.336808689942018352E-17, 0.000000000000000000 ) ) ;
#1231 = DIRECTION ( 'NONE',  ( 0.000000000000000000, 0.000000000000000000, 1.000000000000000000 ) ) ;
#1232 = VECTOR ( 'NONE', #1086, 1000.000000000000000 ) ;
#1233 = LINE ( 'NONE', #546, #861 ) ;
#1234 = ORIENTED_EDGE ( 'NONE', *, *, #1259, .T. ) ;
#1235 = EDGE_CURVE ( 'NONE', #473, #862, #1702, .T. ) ;
#1236 = DIRECTION ( 'NONE',  ( 0.000000000000000000, -1.000000000000000000, 0.000000000000000000 ) ) ;
#1237 = VECTOR ( 'NONE', #1772, 1000.000000000000000 ) ;
#1238 = ORIENTED_EDGE ( 'NONE', *, *, #1248, .F. ) ;
#1239 = FACE_OUTER_BOUND ( 'NONE', #1717, .T. ) ;
#1240 = CARTESIAN_POINT ( 'NONE',  ( -30.00000000000000355, 10.75000000000000000, -34.00000000000000711 ) ) ;
#1241 = EDGE_CURVE ( 'NONE', #1550, #900, #777, .T. ) ;
#1242 = VERTEX_POINT ( 'NONE', #183 ) ;
#1243 = LINE ( 'NONE', #393, #1347 ) ;
#1244 = DIRECTION ( 'NONE',  ( 0.000000000000000000, 1.000000000000000000, 0.000000000000000000 ) ) ;
#1245 = LINE ( 'NONE', #1093, #1507 ) ;
#1246 = DIRECTION ( 'NONE',  ( 0.000000000000000000, 0.000000000000000000, 1.000000000000000000 ) ) ;
#1247 = DIRECTION ( 'NONE',  ( 0.000000000000000000, 1.000000000000000000, 0.000000000000000000 ) ) ;
#1248 = EDGE_CURVE ( 'NONE', #1186, #430, #1207, .T. ) ;
#1249 = VERTEX_POINT ( 'NONE', #513 ) ;
#1250 = DIRECTION ( 'NONE',  ( -6.938893903907242183E-16, 0.000000000000000000, -1.000000000000000000 ) ) ;
#1251 = ORIENTED_EDGE ( 'NONE', *, *, #757, .T. ) ;
#1252 = VECTOR ( 'NONE', #1122, 1000.000000000000000 ) ;
#1253 = CARTESIAN_POINT ( 'NONE',  ( -25.41742430504416461, 10.75000000000000000, 37.00000000000000000 ) ) ;
#1254 = DIRECTION ( 'NONE',  ( 0.000000000000000000, 1.000000000000000000, 0.000000000000000000 ) ) ;
#1255 = AXIS2_PLACEMENT_3D ( 'NONE', #1640, #1497, #591 ) ;
#1256 = DIRECTION ( 'NONE',  ( 0.000000000000000000, 0.000000000000000000, -1.000000000000000000 ) ) ;
#1257 = ORIENTED_EDGE ( 'NONE', *, *, #1201, .F. ) ;
#1258 = AXIS2_PLACEMENT_3D ( 'NONE', #471, #942, #1046 ) ;
#1259 = EDGE_CURVE ( 'NONE', #408, #47, #1421, .T. ) ;
#1260 = CARTESIAN_POINT ( 'NONE',  ( 34.99999999999999289, 21.50000000000000000, 34.99999999999999289 ) ) ;
#1261 = DIRECTION ( 'NONE',  ( -0.000000000000000000, -1.000000000000000000, -0.000000000000000000 ) ) ;
#1262 = VECTOR ( 'NONE', #294, 1000.000000000000000 ) ;
#1263 = VERTEX_POINT ( 'NONE', #1087 ) ;
#1264 = CARTESIAN_POINT ( 'NONE',  ( 7.500000000000000000, 4.749999999999997335, 36.99999999999999289 ) ) ;
#1265 = DIRECTION ( 'NONE',  ( -0.000000000000000000, -0.000000000000000000, 1.000000000000000000 ) ) ;
#1266 = ORIENTED_EDGE ( 'NONE', *, *, #1363, .T. ) ;
#1267 = EDGE_LOOP ( 'NONE', ( #1691, #1709, #1167, #1523 ) ) ;
#1268 = FACE_OUTER_BOUND ( 'NONE', #624, .T. ) ;
#1269 = ADVANCED_FACE ( 'NONE', ( #986 ), #1690, .T. ) ;
#1270 = EDGE_LOOP ( 'NONE', ( #313, #1359 ) ) ;
#1271 = DIRECTION ( 'NONE',  ( -1.000000000000000000, 0.000000000000000000, 2.312964634635742957E-16 ) ) ;
#1272 = DIRECTION ( 'NONE',  ( 0.000000000000000000, -1.000000000000000000, 0.000000000000000000 ) ) ;
#1273 = ORIENTED_EDGE ( 'NONE', *, *, #307, .T. ) ;
#1274 = EDGE_CURVE ( 'NONE', #583, #1587, #597, .T. ) ;
#1275 = CARTESIAN_POINT ( 'NONE',  ( 0.000000000000000000, 3.000000000000000000, 0.000000000000000000 ) ) ;
#1276 = EDGE_LOOP ( 'NONE', ( #1334, #1364, #721, #105 ) ) ;
#1277 = VECTOR ( 'NONE', #658, 1000.000000000000000 ) ;
#1278 = CARTESIAN_POINT ( 'NONE',  ( 29.99999999999999289, 12.54999999999999183, -38.70000000000000284 ) ) ;
#1279 = ORIENTED_EDGE ( 'NONE', *, *, #195, .F. ) ;
#1280 = DIRECTION ( 'NONE',  ( 0.000000000000000000, 1.000000000000000000, 0.000000000000000000 ) ) ;
#1281 = FACE_OUTER_BOUND ( 'NONE', #274, .T. ) ;
#1282 = VECTOR ( 'NONE', #340, 1000.000000000000000 ) ;
#1283 = ORIENTED_EDGE ( 'NONE', *, *, #1193, .F. ) ;
#1284 = FACE_OUTER_BOUND ( 'NONE', #595, .T. ) ;
#1285 = VERTEX_POINT ( 'NONE', #1797 ) ;
#1286 = ADVANCED_FACE ( 'NONE', ( #978 ), #142, .F. ) ;
#1287 = CARTESIAN_POINT ( 'NONE',  ( -33.69999999999999574, 10.75000000000000000, -35.00000000000000711 ) ) ;
#1288 =( LENGTH_UNIT ( ) NAMED_UNIT ( * ) SI_UNIT ( .MILLI., .METRE. ) );
#1289 = VERTEX_POINT ( 'NONE', #802 ) ;
#1290 = CARTESIAN_POINT ( 'NONE',  ( -25.41742430504416461, 3.000000000000000000, 37.00000000000000000 ) ) ;
#1291 = VECTOR ( 'NONE', #1433, 1000.000000000000000 ) ;
#1292 = DIRECTION ( 'NONE',  ( 0.000000000000000000, 0.000000000000000000, 1.000000000000000000 ) ) ;
#1293 = CIRCLE ( 'NONE', #491, 4.999999999999997335 ) ;
#1294 = EDGE_CURVE ( 'NONE', #1710, #1174, #1017, .T. ) ;
#1295 = VERTEX_POINT ( 'NONE', #1514 ) ;
#1296 = DIRECTION ( 'NONE',  ( 0.000000000000000000, -1.000000000000000000, 0.000000000000000000 ) ) ;
#1297 = ORIENTED_EDGE ( 'NONE', *, *, #1157, .F. ) ;
#1298 = CARTESIAN_POINT ( 'NONE',  ( 13.17195691817067882, 10.75000000000000000, 29.99999999999999289 ) ) ;
#1299 = ORIENTED_EDGE ( 'NONE', *, *, #1274, .F. ) ;
#1300 = CARTESIAN_POINT ( 'NONE',  ( -33.69999999999999574, 12.04999999999999183, -20.00000000000000355 ) ) ;
#1301 = CARTESIAN_POINT ( 'NONE',  ( 34.99999999999999289, 21.50000000000000000, 39.99999999999998579 ) ) ;
#1302 = EDGE_LOOP ( 'NONE', ( #41, #628, #120, #724, #1528, #206, #1518, #758 ) ) ;
#1303 = EDGE_CURVE ( 'NONE', #444, #1566, #1788, .T. ) ;
#1304 = CARTESIAN_POINT ( 'NONE',  ( 29.99999999999999645, 0.000000000000000000, -36.00000000000001421 ) ) ;
#1305 = VERTEX_POINT ( 'NONE', #1827 ) ;
#1306 = DIRECTION ( 'NONE',  ( 1.000000000000000000, 0.000000000000000000, 0.000000000000000000 ) ) ;
#1307 = DIRECTION ( 'NONE',  ( 0.000000000000000000, 0.000000000000000000, 1.000000000000000000 ) ) ;
#1308 = VECTOR ( 'NONE', #823, 1000.000000000000000 ) ;
#1309 = ORIENTED_EDGE ( 'NONE', *, *, #1141, .T. ) ;
#1310 = DIRECTION ( 'NONE',  ( 0.000000000000000000, 0.000000000000000000, 1.000000000000000000 ) ) ;
#1311 = FACE_OUTER_BOUND ( 'NONE', #290, .T. ) ;
#1312 = EDGE_CURVE ( 'NONE', #102, #464, #240, .T. ) ;
#1313 = AXIS2_PLACEMENT_3D ( 'NONE', #161, #1280, #141 ) ;
#1314 = AXIS2_PLACEMENT_3D ( 'NONE', #1430, #1296, #291 ) ;
#1315 = ORIENTED_EDGE ( 'NONE', *, *, #281, .T. ) ;
#1316 = DIRECTION ( 'NONE',  ( 0.000000000000000000, 0.000000000000000000, -1.000000000000000000 ) ) ;
#1317 = EDGE_LOOP ( 'NONE', ( #999, #1100, #894, #558 ) ) ;
#1318 = CARTESIAN_POINT ( 'NONE',  ( 29.99999999999999645, 0.000000000000000000, -36.00000000000001421 ) ) ;
#1319 = EDGE_CURVE ( 'NONE', #1014, #473, #1674, .T. ) ;
#1320 = VERTEX_POINT ( 'NONE', #101 ) ;
#1321 = PLANE ( 'NONE',  #283 ) ;
#1322 = DIRECTION ( 'NONE',  ( 9.912705577010326782E-17, 0.000000000000000000, -1.000000000000000000 ) ) ;
#1323 = AXIS2_PLACEMENT_3D ( 'NONE', #234, #1236, #103 ) ;
#1324 = ORIENTED_EDGE ( 'NONE', *, *, #1138, .T. ) ;
#1325 = AXIS2_PLACEMENT_3D ( 'NONE', #629, #227, #1180 ) ;
#1326 = CARTESIAN_POINT ( 'NONE',  ( 23.00000000000000000, 12.04999999999999183, 39.99999999999999289 ) ) ;
#1327 = ORIENTED_EDGE ( 'NONE', *, *, #829, .F. ) ;
#1328 = DIRECTION ( 'NONE',  ( -0.000000000000000000, -0.000000000000000000, 1.000000000000000000 ) ) ;
#1329 = EDGE_CURVE ( 'NONE', #1773, #819, #1081, .T. ) ;
#1330 = ORIENTED_EDGE ( 'NONE', *, *, #342, .T. ) ;
#1331 = CYLINDRICAL_SURFACE ( 'NONE', #1682, 1.000000000000000888 ) ;
#1332 = DIRECTION ( 'NONE',  ( 0.000000000000000000, -1.000000000000000000, 0.000000000000000000 ) ) ;
#1333 = AXIS2_PLACEMENT_3D ( 'NONE', #1845, #425, #735 ) ;
#1334 = ORIENTED_EDGE ( 'NONE', *, *, #1338, .F. ) ;
#1335 = DIRECTION ( 'NONE',  ( -1.000000000000000000, 0.000000000000000000, 2.312964634635742957E-16 ) ) ;
#1336 = ORIENTED_EDGE ( 'NONE', *, *, #143, .F. ) ;
#1337 = EDGE_CURVE ( 'NONE', #341, #444, #1233, .T. ) ;
#1338 = EDGE_CURVE ( 'NONE', #102, #1515, #538, .T. ) ;
#1339 = CARTESIAN_POINT ( 'NONE',  ( -25.41742430504416106, 3.000000000000000000, -37.00000000000000000 ) ) ;
#1340 = ORIENTED_EDGE ( 'NONE', *, *, #1673, .F. ) ;
#1341 = LINE ( 'NONE', #1502, #229 ) ;
#1342 = DIRECTION ( 'NONE',  ( 0.000000000000000000, 0.000000000000000000, -1.000000000000000000 ) ) ;
#1343 = ADVANCED_FACE ( 'NONE', ( #651 ), #1648, .T. ) ;
#1344 = VECTOR ( 'NONE', #268, 1000.000000000000000 ) ;
#1345 = AXIS2_PLACEMENT_3D ( 'NONE', #510, #1215, #1342 ) ;
#1346 = CARTESIAN_POINT ( 'NONE',  ( 29.99999999999999645, 119.0514581273465069, 38.69999999999998153 ) ) ;
#1347 = VECTOR ( 'NONE', #820, 1000.000000000000000 ) ;
#1348 = CARTESIAN_POINT ( 'NONE',  ( 29.99999999999999645, 12.54999999999999183, -35.00000000000000711 ) ) ;
#1349 = VERTEX_POINT ( 'NONE', #1069 ) ;
#1350 = VECTOR ( 'NONE', #630, 1000.000000000000000 ) ;
#1351 = DIRECTION ( 'NONE',  ( 0.000000000000000000, 1.000000000000000000, 0.000000000000000000 ) ) ;
#1352 = ORIENTED_EDGE ( 'NONE', *, *, #1138, .F. ) ;
#1353 = DIRECTION ( 'NONE',  ( 0.000000000000000000, 0.000000000000000000, 1.000000000000000000 ) ) ;
#1354 = CARTESIAN_POINT ( 'NONE',  ( 29.99999999999999645, 0.000000000000000000, 34.99999999999999289 ) ) ;
#1355 = DIRECTION ( 'NONE',  ( 0.000000000000000000, -1.000000000000000000, 0.000000000000000000 ) ) ;
#1356 = EDGE_CURVE ( 'NONE', #1009, #1229, #368, .T. ) ;
#1357 = CARTESIAN_POINT ( 'NONE',  ( 33.69999999999999574, 119.0514581273465069, 34.99999999999999289 ) ) ;
#1358 = AXIS2_PLACEMENT_3D ( 'NONE', #930, #1637, #327 ) ;
#1359 = ORIENTED_EDGE ( 'NONE', *, *, #1007, .T. ) ;
#1360 = CIRCLE ( 'NONE', #698, 1.000000000000000888 ) ;
#1361 = CIRCLE ( 'NONE', #282, 4.999999999999997335 ) ;
#1362 = CYLINDRICAL_SURFACE ( 'NONE', #110, 4.999999999999993783 ) ;
#1363 = EDGE_CURVE ( 'NONE', #714, #1587, #696, .T. ) ;
#1364 = ORIENTED_EDGE ( 'NONE', *, *, #1312, .T. ) ;
#1365 = CARTESIAN_POINT ( 'NONE',  ( -30.00000000000000711, 0.000000000000000000, 35.00000000000000000 ) ) ;
#1366 = DIRECTION ( 'NONE',  ( -2.312964634635742957E-16, 0.000000000000000000, -1.000000000000000000 ) ) ;
#1367 = DIRECTION ( 'NONE',  ( -0.000000000000000000, -1.000000000000000000, -0.000000000000000000 ) ) ;
#1368 = ORIENTED_EDGE ( 'NONE', *, *, #1718, .T. ) ;
#1369 = EDGE_CURVE ( 'NONE', #1819, #1263, #787, .T. ) ;
#1370 = DIRECTION ( 'NONE',  ( 0.000000000000000000, 0.000000000000000000, 1.000000000000000000 ) ) ;
#1371 = ORIENTED_EDGE ( 'NONE', *, *, #738, .F. ) ;
#1372 = CARTESIAN_POINT ( 'NONE',  ( -30.00000000000000355, 0.000000000000000000, -30.00000000000001421 ) ) ;
#1373 = CARTESIAN_POINT ( 'NONE',  ( 29.99999999999999645, 119.0514581273465069, 34.99999999999999289 ) ) ;
#1374 = DIRECTION ( 'NONE',  ( -0.000000000000000000, 1.000000000000000000, -0.000000000000000000 ) ) ;
#1375 =( GEOMETRIC_REPRESENTATION_CONTEXT ( 3 ) GLOBAL_UNCERTAINTY_ASSIGNED_CONTEXT ( ( #44 ) ) GLOBAL_UNIT_ASSIGNED_CONTEXT ( ( #1288, #867, #1704 ) ) REPRESENTATION_CONTEXT ( 'NONE', 'WORKASPACE' ) );
#1376 = DIRECTION ( 'NONE',  ( 1.000000000000000000, 0.000000000000000000, -2.312964634635742957E-16 ) ) ;
#1377 = ORIENTED_EDGE ( 'NONE', *, *, #1477, .F. ) ;
#1378 = CARTESIAN_POINT ( 'NONE',  ( -35.00000000000000000, 0.000000000000000000, -35.00000000000000711 ) ) ;
#1379 = EDGE_LOOP ( 'NONE', ( #492, #1034, #1553, #1431, #1573, #767, #1139, #22 ) ) ;
#1380 = AXIS2_PLACEMENT_3D ( 'NONE', #832, #796, #84 ) ;
#1381 = VERTEX_POINT ( 'NONE', #1846 ) ;
#1382 = DIRECTION ( 'NONE',  ( 1.000000000000000000, -0.000000000000000000, 0.000000000000000000 ) ) ;
#1383 = EDGE_CURVE ( 'NONE', #1605, #435, #1499, .T. ) ;
#1384 = LINE ( 'NONE', #675, #506 ) ;
#1385 = DIRECTION ( 'NONE',  ( 0.000000000000000000, 0.000000000000000000, 1.000000000000000000 ) ) ;
#1386 = ORIENTED_EDGE ( 'NONE', *, *, #1505, .T. ) ;
#1387 = VECTOR ( 'NONE', #1722, 1000.000000000000000 ) ;
#1388 = CARTESIAN_POINT ( 'NONE',  ( 33.69999999999999574, 10.75000000000000000, -35.00000000000000711 ) ) ;
#1389 = VECTOR ( 'NONE', #87, 1000.000000000000000 ) ;
#1390 = CARTESIAN_POINT ( 'NONE',  ( -30.00000000000000711, 10.75000000000000000, 35.00000000000000000 ) ) ;
#1391 = CARTESIAN_POINT ( 'NONE',  ( -30.00000000000000711, 12.54999999999999183, 35.00000000000000000 ) ) ;
#1392 = CARTESIAN_POINT ( 'NONE',  ( -32.00000000000000000, 10.75000000000000000, 40.00000000000000000 ) ) ;
#1393 = ADVANCED_FACE ( 'NONE', ( #1311 ), #1154, .T. ) ;
#1394 = PLANE ( 'NONE',  #119 ) ;
#1395 = ORIENTED_EDGE ( 'NONE', *, *, #668, .F. ) ;
#1396 = LINE ( 'NONE', #1799, #187 ) ;
#1397 = EDGE_CURVE ( 'NONE', #1002, #1177, #446, .T. ) ;
#1398 = VECTOR ( 'NONE', #1385, 1000.000000000000000 ) ;
#1399 = LINE ( 'NONE', #371, #83 ) ;
#1400 = FACE_OUTER_BOUND ( 'NONE', #1610, .T. ) ;
#1401 = CARTESIAN_POINT ( 'NONE',  ( 29.99999999999999645, 10.75000000000000000, 34.99999999999999289 ) ) ;
#1402 = ADVANCED_FACE ( 'NONE', ( #190 ), #745, .F. ) ;
#1403 = VERTEX_POINT ( 'NONE', #870 ) ;
#1404 = VECTOR ( 'NONE', #1668, 1000.000000000000000 ) ;
#1405 = FACE_OUTER_BOUND ( 'NONE', #634, .T. ) ;
#1406 = CIRCLE ( 'NONE', #898, 3.699999999999994849 ) ;
#1407 = DIRECTION ( 'NONE',  ( 0.000000000000000000, 0.000000000000000000, 1.000000000000000000 ) ) ;
#1408 = CARTESIAN_POINT ( 'NONE',  ( 29.99999999999999645, 21.50000000000000000, -40.00000000000000711 ) ) ;
#1409 = DIRECTION ( 'NONE',  ( -0.000000000000000000, -1.000000000000000000, -0.000000000000000000 ) ) ;
#1410 = DIRECTION ( 'NONE',  ( 9.912705577010326782E-17, 0.000000000000000000, -1.000000000000000000 ) ) ;
#1411 = ORIENTED_EDGE ( 'NONE', *, *, #1744, .T. ) ;
#1412 =( GEOMETRIC_REPRESENTATION_CONTEXT ( 3 ) GLOBAL_UNCERTAINTY_ASSIGNED_CONTEXT ( ( #23 ) ) GLOBAL_UNIT_ASSIGNED_CONTEXT ( ( #512, #358, #785 ) ) REPRESENTATION_CONTEXT ( 'NONE', 'WORKASPACE' ) );
#1413 = ADVANCED_FACE ( 'NONE', ( #1136 ), #1146, .T. ) ;
#1414 = FACE_OUTER_BOUND ( 'NONE', #1696, .T. ) ;
#1415 = EDGE_LOOP ( 'NONE', ( #453, #1160, #905, #1395 ) ) ;
#1416 = CARTESIAN_POINT ( 'NONE',  ( -30.00000000000000355, 0.000000000000000000, -35.00000000000000711 ) ) ;
#1417 = CARTESIAN_POINT ( 'NONE',  ( 29.99999999999999645, 12.54999999999999183, 34.99999999999999289 ) ) ;
#1418 = CIRCLE ( 'NONE', #1776, 4.999999999999997335 ) ;
#1419 = VERTEX_POINT ( 'NONE', #1438 ) ;
#1420 = CARTESIAN_POINT ( 'NONE',  ( 29.99999999999999645, 3.000000000000000000, -35.00000000000000711 ) ) ;
#1421 = LINE ( 'NONE', #279, #334 ) ;
#1422 = ADVANCED_FACE ( 'NONE', ( #1575 ), #298, .F. ) ;
#1423 = ORIENTED_EDGE ( 'NONE', *, *, #1337, .T. ) ;
#1424 = EDGE_LOOP ( 'NONE', ( #54, #664, #613, #1283, #1824, #611 ) ) ;
#1425 = CARTESIAN_POINT ( 'NONE',  ( -30.00000000000000355, 0.000000000000000000, -35.00000000000000711 ) ) ;
#1426 = ORIENTED_EDGE ( 'NONE', *, *, #1241, .T. ) ;
#1427 = CARTESIAN_POINT ( 'NONE',  ( 29.99999999999999645, 0.000000000000000000, 34.99999999999999289 ) ) ;
#1428 = EDGE_CURVE ( 'NONE', #449, #1186, #1447, .T. ) ;
#1429 = ORIENTED_EDGE ( 'NONE', *, *, #1085, .T. ) ;
#1430 = CARTESIAN_POINT ( 'NONE',  ( 29.99999999999999645, 10.75000000000000000, -35.00000000000000711 ) ) ;
#1431 = ORIENTED_EDGE ( 'NONE', *, *, #1219, .T. ) ;
#1432 = CIRCLE ( 'NONE', #627, 3.699999999999994849 ) ;
#1433 = DIRECTION ( 'NONE',  ( -0.000000000000000000, -1.000000000000000000, -0.000000000000000000 ) ) ;
#1434 = VECTOR ( 'NONE', #1570, 1000.000000000000000 ) ;
#1435 = EDGE_CURVE ( 'NONE', #710, #1177, #582, .T. ) ;
#1436 = ORIENTED_EDGE ( 'NONE', *, *, #732, .F. ) ;
#1437 = PLANE ( 'NONE',  #925 ) ;
#1438 = CARTESIAN_POINT ( 'NONE',  ( 34.99999999999999289, 0.000000000000000000, 34.99999999999999289 ) ) ;
#1439 = AXIS2_PLACEMENT_3D ( 'NONE', #610, #765, #1653 ) ;
#1440 = ORIENTED_EDGE ( 'NONE', *, *, #271, .T. ) ;
#1441 = ORIENTED_EDGE ( 'NONE', *, *, #330, .F. ) ;
#1442 = LINE ( 'NONE', #1298, #1631 ) ;
#1443 = DIRECTION ( 'NONE',  ( 0.000000000000000000, -1.000000000000000000, 0.000000000000000000 ) ) ;
#1444 = ORIENTED_EDGE ( 'NONE', *, *, #416, .F. ) ;
#1445 = DIRECTION ( 'NONE',  ( 9.912705577010326782E-17, 0.000000000000000000, -1.000000000000000000 ) ) ;
#1446 = CIRCLE ( 'NONE', #13, 4.999999999999993783 ) ;
#1447 = LINE ( 'NONE', #440, #928 ) ;
#1448 = VECTOR ( 'NONE', #1537, 1000.000000000000000 ) ;
#1449 = EDGE_CURVE ( 'NONE', #743, #1097, #726, .T. ) ;
#1450 = VECTOR ( 'NONE', #957, 1000.000000000000000 ) ;
#1451 = VERTEX_POINT ( 'NONE', #18 ) ;
#1452 = DIRECTION ( 'NONE',  ( 0.000000000000000000, -1.000000000000000000, 0.000000000000000000 ) ) ;
#1453 = ORIENTED_EDGE ( 'NONE', *, *, #1397, .T. ) ;
#1454 = DIRECTION ( 'NONE',  ( 0.000000000000000000, 0.000000000000000000, -1.000000000000000000 ) ) ;
#1455 = DIRECTION ( 'NONE',  ( 1.000000000000000000, 0.000000000000000000, 0.000000000000000000 ) ) ;
#1456 = EDGE_LOOP ( 'NONE', ( #250, #1474 ) ) ;
#1457 = CARTESIAN_POINT ( 'NONE',  ( -30.00000000000000711, 119.0514581273465069, 35.00000000000000000 ) ) ;
#1458 = DIRECTION ( 'NONE',  ( -1.982541115402065110E-16, 0.000000000000000000, -1.000000000000000000 ) ) ;
#1459 = ORIENTED_EDGE ( 'NONE', *, *, #118, .T. ) ;
#1460 = EDGE_CURVE ( 'NONE', #1289, #989, #622, .T. ) ;
#1461 = CARTESIAN_POINT ( 'NONE',  ( 34.99999999999999289, 10.75000000000000000, 36.99999999999998579 ) ) ;
#1462 = ORIENTED_EDGE ( 'NONE', *, *, #1089, .T. ) ;
#1463 = DIRECTION ( 'NONE',  ( -0.000000000000000000, 1.000000000000000000, -0.000000000000000000 ) ) ;
#1464 = CIRCLE ( 'NONE', #654, 3.699999999999994849 ) ;
#1465 = ORIENTED_EDGE ( 'NONE', *, *, #1211, .T. ) ;
#1466 = LINE ( 'NONE', #189, #636 ) ;
#1467 = DIRECTION ( 'NONE',  ( 9.912705577010326782E-17, 0.000000000000000000, -1.000000000000000000 ) ) ;
#1468 = VECTOR ( 'NONE', #768, 1000.000000000000000 ) ;
#1469 = VERTEX_POINT ( 'NONE', #1707 ) ;
#1470 = CARTESIAN_POINT ( 'NONE',  ( -33.70000000000000284, 10.75000000000000000, -14.65584431364504603 ) ) ;
#1471 = EDGE_LOOP ( 'NONE', ( #621, #1149, #417, #1004, #793 ) ) ;
#1472 = ADVANCED_FACE ( 'NONE', ( #1737 ), #1036, .T. ) ;
#1473 = DIRECTION ( 'NONE',  ( 0.000000000000000000, 0.000000000000000000, 1.000000000000000000 ) ) ;
#1474 = ORIENTED_EDGE ( 'NONE', *, *, #1688, .T. ) ;
#1475 = CYLINDRICAL_SURFACE ( 'NONE', #1358, 1.000000000000000888 ) ;
#1476 = DIRECTION ( 'NONE',  ( -1.982541115402065110E-16, 0.000000000000000000, -1.000000000000000000 ) ) ;
#1477 = EDGE_CURVE ( 'NONE', #1213, #427, #1608, .T. ) ;
#1478 = CIRCLE ( 'NONE', #669, 4.999999999999997335 ) ;
#1479 = ORIENTED_EDGE ( 'NONE', *, *, #632, .T. ) ;
#1480 = CARTESIAN_POINT ( 'NONE',  ( -30.00000000000000711, 12.54999999999999183, -40.00000000000000000 ) ) ;
#1481 = ORIENTED_EDGE ( 'NONE', *, *, #1769, .T. ) ;
#1482 = CARTESIAN_POINT ( 'NONE',  ( -30.00000000000000355, 0.000000000000000000, -35.00000000000000711 ) ) ;
#1483 = EDGE_CURVE ( 'NONE', #137, #341, #319, .T. ) ;
#1484 = EDGE_LOOP ( 'NONE', ( #111, #1423, #760, #172, #12, #979 ) ) ;
#1485 = CARTESIAN_POINT ( 'NONE',  ( 33.69999999999999574, 10.75000000000000000, 34.99999999999999289 ) ) ;
#1486 = FACE_OUTER_BOUND ( 'NONE', #747, .T. ) ;
#1487 = VECTOR ( 'NONE', #382, 1000.000000000000000 ) ;
#1488 = DIRECTION ( 'NONE',  ( 0.000000000000000000, 0.000000000000000000, -1.000000000000000000 ) ) ;
#1489 = VERTEX_POINT ( 'NONE', #883 ) ;
#1490 = CARTESIAN_POINT ( 'NONE',  ( -25.41742430504416106, 0.000000000000000000, -37.00000000000000000 ) ) ;
#1491 = ORIENTED_EDGE ( 'NONE', *, *, #485, .T. ) ;
#1492 = DIRECTION ( 'NONE',  ( -0.000000000000000000, 1.000000000000000000, -0.000000000000000000 ) ) ;
#1493 = DIRECTION ( 'NONE',  ( 0.000000000000000000, 1.000000000000000000, 0.000000000000000000 ) ) ;
#1494 = AXIS2_PLACEMENT_3D ( 'NONE', #1539, #404, #545 ) ;
#1495 = EDGE_CURVE ( 'NONE', #1515, #122, #564, .T. ) ;
#1496 = CIRCLE ( 'NONE', #684, 5.500000000000000000 ) ;
#1497 = DIRECTION ( 'NONE',  ( 0.000000000000000000, -1.000000000000000000, 0.000000000000000000 ) ) ;
#1498 = ORIENTED_EDGE ( 'NONE', *, *, #1718, .F. ) ;
#1499 = CIRCLE ( 'NONE', #1255, 3.699999999999994849 ) ;
#1500 = CARTESIAN_POINT ( 'NONE',  ( -30.00000000000000355, 0.000000000000000000, -34.00000000000000711 ) ) ;
#1501 = ORIENTED_EDGE ( 'NONE', *, *, #1363, .F. ) ;
#1502 = CARTESIAN_POINT ( 'NONE',  ( 33.69999999999999574, 10.75000000000000000, 34.99999999999999289 ) ) ;
#1503 = FACE_OUTER_BOUND ( 'NONE', #352, .T. ) ;
#1504 = FILL_AREA_STYLE ('',( #502 ) ) ;
#1505 = EDGE_CURVE ( 'NONE', #805, #1813, #573, .T. ) ;
#1506 = CARTESIAN_POINT ( 'NONE',  ( 29.99999999999999645, 12.54999999999999183, 34.99999999999999289 ) ) ;
#1507 = VECTOR ( 'NONE', #822, 1000.000000000000000 ) ;
#1508 = ORIENTED_EDGE ( 'NONE', *, *, #74, .T. ) ;
#1509 = CARTESIAN_POINT ( 'NONE',  ( -23.50000000000000355, 12.54999999999999893, 40.00000000000000000 ) ) ;
#1510 = LINE ( 'NONE', #1105, #1030 ) ;
#1511 = DIRECTION ( 'NONE',  ( 0.000000000000000000, 1.000000000000000000, 0.000000000000000000 ) ) ;
#1512 = DIRECTION ( 'NONE',  ( 0.000000000000000000, 0.000000000000000000, 1.000000000000000000 ) ) ;
#1513 = CARTESIAN_POINT ( 'NONE',  ( 13.02506281446690473, 12.54999999999999183, 38.69999999999998863 ) ) ;
#1514 = CARTESIAN_POINT ( 'NONE',  ( 23.00000000000000000, 12.04999999999999183, 38.69999999999998153 ) ) ;
#1515 = VERTEX_POINT ( 'NONE', #1173 ) ;
#1516 = CARTESIAN_POINT ( 'NONE',  ( 7.500000000000000000, 10.75000000000000000, 39.99999999999997868 ) ) ;
#1517 = ORIENTED_EDGE ( 'NONE', *, *, #1752, .F. ) ;
#1518 = ORIENTED_EDGE ( 'NONE', *, *, #1113, .T. ) ;
#1519 = CYLINDRICAL_SURFACE ( 'NONE', #1175, 3.699999999999994849 ) ;
#1520 = LINE ( 'NONE', #99, #126 ) ;
#1521 = CARTESIAN_POINT ( 'NONE',  ( 29.99999999999999645, 21.50000000000000000, 39.99999999999998579 ) ) ;
#1522 = AXIS2_PLACEMENT_3D ( 'NONE', #839, #1603, #995 ) ;
#1523 = ORIENTED_EDGE ( 'NONE', *, *, #1085, .F. ) ;
#1524 = CIRCLE ( 'NONE', #1164, 5.500000000000000000 ) ;
#1525 = CARTESIAN_POINT ( 'NONE',  ( 29.99999999999999645, 10.75000000000000000, -36.00000000000001421 ) ) ;
#1526 = CIRCLE ( 'NONE', #780, 5.500000000000000000 ) ;
#1527 = ADVANCED_FACE ( 'NONE', ( #1281 ), #328, .T. ) ;
#1528 = ORIENTED_EDGE ( 'NONE', *, *, #1695, .T. ) ;
#1529 = CARTESIAN_POINT ( 'NONE',  ( 34.99999999999999289, 10.75000000000000000, -37.00000000000000711 ) ) ;
#1530 = CARTESIAN_POINT ( 'NONE',  ( -25.00000000000000000, 12.04999999999999183, -20.00000000000000355 ) ) ;
#1531 = CARTESIAN_POINT ( 'NONE',  ( -30.00000000000000355, 10.75000000000000000, 38.69999999999999574 ) ) ;
#1532 = EDGE_CURVE ( 'NONE', #123, #1203, #864, .T. ) ;
#1533 = ORIENTED_EDGE ( 'NONE', *, *, #1804, .T. ) ;
#1534 = LINE ( 'NONE', #251, #1389 ) ;
#1535 = VECTOR ( 'NONE', #77, 1000.000000000000000 ) ;
#1536 = EDGE_CURVE ( 'NONE', #122, #1295, #152, .T. ) ;
#1537 = DIRECTION ( 'NONE',  ( -0.000000000000000000, -1.000000000000000000, -0.000000000000000000 ) ) ;
#1538 = CARTESIAN_POINT ( 'NONE',  ( -19.99999999999999645, 4.750000000000001776, 39.99999999999999289 ) ) ;
#1539 = CARTESIAN_POINT ( 'NONE',  ( 29.99999999999999645, 10.75000000000000000, -35.00000000000000711 ) ) ;
#1540 = ADVANCED_FACE ( 'NONE', ( #801 ), #70, .F. ) ;
#1541 = CARTESIAN_POINT ( 'NONE',  ( 31.99999999999999289, 21.50000000000000000, 39.99999999999998579 ) ) ;
#1542 = EDGE_LOOP ( 'NONE', ( #1517, #737, #1735, #811 ) ) ;
#1543 = EDGE_CURVE ( 'NONE', #743, #1229, #1794, .T. ) ;
#1544 = LINE ( 'NONE', #385, #519 ) ;
#1545 = CIRCLE ( 'NONE', #739, 5.499999999999998224 ) ;
#1546 = DIRECTION ( 'NONE',  ( 0.000000000000000000, 0.000000000000000000, -1.000000000000000000 ) ) ;
#1547 = CARTESIAN_POINT ( 'NONE',  ( -25.00000000000000000, 12.04999999999999183, -14.50000000000000355 ) ) ;
#1548 = DIRECTION ( 'NONE',  ( 0.000000000000000000, 0.000000000000000000, -1.000000000000000000 ) ) ;
#1549 = EDGE_CURVE ( 'NONE', #1403, #1451, #305, .T. ) ;
#1550 = VERTEX_POINT ( 'NONE', #1785 ) ;
#1551 = VECTOR ( 'NONE', #373, 1000.000000000000000 ) ;
#1552 = CARTESIAN_POINT ( 'NONE',  ( -35.00000000000000000, 12.04999999999999183, -20.00000000000000355 ) ) ;
#1553 = ORIENTED_EDGE ( 'NONE', *, *, #908, .T. ) ;
#1554 = EDGE_CURVE ( 'NONE', #1295, #516, #781, .T. ) ;
#1555 = CIRCLE ( 'NONE', #129, 1.000000000000000888 ) ;
#1556 = LINE ( 'NONE', #4, #1291 ) ;
#1557 = CARTESIAN_POINT ( 'NONE',  ( -30.00000000000000355, 0.000000000000000000, -35.00000000000000711 ) ) ;
#1558 = ORIENTED_EDGE ( 'NONE', *, *, #324, .T. ) ;
#1559 = DIRECTION ( 'NONE',  ( 0.000000000000000000, 0.000000000000000000, 1.000000000000000000 ) ) ;
#1560 = EDGE_CURVE ( 'NONE', #1073, #662, #1076, .T. ) ;
#1561 = VERTEX_POINT ( 'NONE', #1205 ) ;
#1562 = DIRECTION ( 'NONE',  ( 0.000000000000000000, 0.000000000000000000, 1.000000000000000000 ) ) ;
#1563 = ORIENTED_EDGE ( 'NONE', *, *, #289, .T. ) ;
#1564 = CARTESIAN_POINT ( 'NONE',  ( 18.00000000000000355, 12.04999999999999183, 38.69999999999998153 ) ) ;
#1565 = VECTOR ( 'NONE', #1003, 1000.000000000000000 ) ;
#1566 = VERTEX_POINT ( 'NONE', #1775 ) ;
#1567 = LINE ( 'NONE', #38, #165 ) ;
#1568 = DIRECTION ( 'NONE',  ( 0.000000000000000000, 0.000000000000000000, 1.000000000000000000 ) ) ;
#1569 = ORIENTED_EDGE ( 'NONE', *, *, #1303, .F. ) ;
#1570 = DIRECTION ( 'NONE',  ( -9.912705577010325549E-17, 0.000000000000000000, 1.000000000000000000 ) ) ;
#1571 = ORIENTED_EDGE ( 'NONE', *, *, #1554, .F. ) ;
#1572 = LINE ( 'NONE', #429, #1565 ) ;
#1573 = ORIENTED_EDGE ( 'NONE', *, *, #1012, .T. ) ;
#1574 = FACE_OUTER_BOUND ( 'NONE', #571, .T. ) ;
#1575 = FACE_OUTER_BOUND ( 'NONE', #1625, .T. ) ;
#1576 = ORIENTED_EDGE ( 'NONE', *, *, #60, .T. ) ;
#1577 = CYLINDRICAL_SURFACE ( 'NONE', #1619, 4.999999999999997335 ) ;
#1578 = ORIENTED_EDGE ( 'NONE', *, *, #1338, .T. ) ;
#1579 = AXIS2_PLACEMENT_3D ( 'NONE', #1417, #1743, #1582 ) ;
#1580 = CARTESIAN_POINT ( 'NONE',  ( 31.99999999999999289, 2.999999999999999112, 39.99999999999998579 ) ) ;
#1581 = EDGE_CURVE ( 'NONE', #710, #1768, #1432, .T. ) ;
#1582 = DIRECTION ( 'NONE',  ( 0.000000000000000000, 0.000000000000000000, -1.000000000000000000 ) ) ;
#1583 = EDGE_LOOP ( 'NONE', ( #865, #1834, #211, #223 ) ) ;
#1584 = CARTESIAN_POINT ( 'NONE',  ( 7.500000000000000000, 12.54999999999999893, 38.69999999999998863 ) ) ;
#1585 = CARTESIAN_POINT ( 'NONE',  ( -30.00000000000000355, 12.54999999999999183, 38.69999999999999574 ) ) ;
#1586 = AXIS2_PLACEMENT_3D ( 'NONE', #795, #1181, #501 ) ;
#1587 = VERTEX_POINT ( 'NONE', #902 ) ;
#1588 = ADVANCED_FACE ( 'NONE', ( #482 ), #365, .F. ) ;
#1589 = DIRECTION ( 'NONE',  ( -1.000000000000000000, 0.000000000000000000, 1.982541115402065110E-16 ) ) ;
#1590 = ORIENTED_EDGE ( 'NONE', *, *, #324, .F. ) ;
#1591 = LINE ( 'NONE', #994, #1262 ) ;
#1592 = SHAPE_DEFINITION_REPRESENTATION ( #949, #990 ) ;
#1593 = ORIENTED_EDGE ( 'NONE', *, *, #182, .T. ) ;
#1594 = PLANE ( 'NONE',  #1595 ) ;
#1595 = AXIS2_PLACEMENT_3D ( 'NONE', #882, #287, #179 ) ;
#1596 = DIRECTION ( 'NONE',  ( 0.000000000000000000, 0.000000000000000000, 1.000000000000000000 ) ) ;
#1597 = AXIS2_PLACEMENT_3D ( 'NONE', #275, #560, #24 ) ;
#1598 = EDGE_CURVE ( 'NONE', #122, #872, #920, .T. ) ;
#1599 = EDGE_LOOP ( 'NONE', ( #1309, #280, #1330, #174, #807, #1453, #1789, #731, #996, #1459, #76, #1032, #19, #1771, #160, #945, #484, #1055 ) ) ;
#1600 = CARTESIAN_POINT ( 'NONE',  ( 29.99999999999999645, 12.54999999999999183, 39.99999999999998579 ) ) ;
#1601 = ORIENTED_EDGE ( 'NONE', *, *, #271, .F. ) ;
#1602 = CARTESIAN_POINT ( 'NONE',  ( 29.99999999999999645, 0.000000000000000000, -35.00000000000000711 ) ) ;
#1603 = DIRECTION ( 'NONE',  ( -0.000000000000000000, 1.000000000000000000, -0.000000000000000000 ) ) ;
#1604 = VECTOR ( 'NONE', #1445, 1000.000000000000000 ) ;
#1605 = VERTEX_POINT ( 'NONE', #348 ) ;
#1606 = APPLICATION_CONTEXT ( 'automotive_design' ) ;
#1607 = CARTESIAN_POINT ( 'NONE',  ( -30.00000000000000355, 3.000000000000000000, -30.00000000000001421 ) ) ;
#1608 = LINE ( 'NONE', #288, #73 ) ;
#1609 = EDGE_CURVE ( 'NONE', #317, #652, #80, .T. ) ;
#1610 = EDGE_LOOP ( 'NONE', ( #1724, #985, #1061, #1677 ) ) ;
#1611 = FACE_OUTER_BOUND ( 'NONE', #243, .T. ) ;
#1612 = ORIENTED_EDGE ( 'NONE', *, *, #826, .F. ) ;
#1613 = LINE ( 'NONE', #343, #230 ) ;
#1614 = ADVANCED_FACE ( 'NONE', ( #1503 ), #1044, .F. ) ;
#1615 = ORIENTED_EDGE ( 'NONE', *, *, #1397, .F. ) ;
#1616 = FACE_OUTER_BOUND ( 'NONE', #1302, .T. ) ;
#1617 = CARTESIAN_POINT ( 'NONE',  ( -23.50000000000000000, 119.0514581273465069, 38.69999999999999574 ) ) ;
#1618 = FACE_OUTER_BOUND ( 'NONE', #705, .T. ) ;
#1619 = AXIS2_PLACEMENT_3D ( 'NONE', #1020, #1001, #1700 ) ;
#1620 = ORIENTED_EDGE ( 'NONE', *, *, #786, .F. ) ;
#1621 = EDGE_CURVE ( 'NONE', #714, #137, #441, .T. ) ;
#1622 = LINE ( 'NONE', #896, #1468 ) ;
#1623 = ORIENTED_EDGE ( 'NONE', *, *, #599, .T. ) ;
#1624 = DIRECTION ( 'NONE',  ( 0.000000000000000000, 1.000000000000000000, 0.000000000000000000 ) ) ;
#1625 = EDGE_LOOP ( 'NONE', ( #639, #455, #321, #1188 ) ) ;
#1626 = CARTESIAN_POINT ( 'NONE',  ( -35.01000000000000512, 10.75000000000000000, 39.99999999999998579 ) ) ;
#1627 = CARTESIAN_POINT ( 'NONE',  ( 18.00000000000000355, 12.04999999999999183, 38.69999999999998153 ) ) ;
#1628 = EDGE_CURVE ( 'NONE', #1730, #1550, #33, .T. ) ;
#1629 = AXIS2_PLACEMENT_3D ( 'NONE', #1098, #674, #387 ) ;
#1630 = LINE ( 'NONE', #756, #225 ) ;
#1631 = VECTOR ( 'NONE', #587, 1000.000000000000000 ) ;
#1632 = VERTEX_POINT ( 'NONE', #784 ) ;
#1633 = FACE_OUTER_BOUND ( 'NONE', #1583, .T. ) ;
#1634 = ORIENTED_EDGE ( 'NONE', *, *, #398, .F. ) ;
#1635 = DIRECTION ( 'NONE',  ( -1.000000000000000000, 0.000000000000000000, 1.982541115402065110E-16 ) ) ;
#1636 = EDGE_LOOP ( 'NONE', ( #350, #145, #428, #523 ) ) ;
#1637 = DIRECTION ( 'NONE',  ( -0.000000000000000000, 1.000000000000000000, -0.000000000000000000 ) ) ;
#1638 = DIRECTION ( 'NONE',  ( -1.000000000000000000, 0.000000000000000000, 0.000000000000000000 ) ) ;
#1639 = FACE_OUTER_BOUND ( 'NONE', #1599, .T. ) ;
#1640 = CARTESIAN_POINT ( 'NONE',  ( -30.00000000000000355, 12.54999999999999183, -35.00000000000000711 ) ) ;
#1641 = ORIENTED_EDGE ( 'NONE', *, *, #1757, .F. ) ;
#1642 = CARTESIAN_POINT ( 'NONE',  ( -32.00000000000000000, 10.75000000000000000, 30.41742430504416106 ) ) ;
#1643 = EDGE_CURVE ( 'NONE', #1177, #1209, #1190, .T. ) ;
#1644 = ORIENTED_EDGE ( 'NONE', *, *, #1483, .T. ) ;
#1645 = DIRECTION ( 'NONE',  ( 0.000000000000000000, 0.000000000000000000, 1.000000000000000000 ) ) ;
#1646 = DIRECTION ( 'NONE',  ( -0.000000000000000000, 1.000000000000000000, -0.000000000000000000 ) ) ;
#1647 = AXIS2_PLACEMENT_3D ( 'NONE', #812, #505, #1370 ) ;
#1648 = PLANE ( 'NONE',  #479 ) ;
#1649 = ORIENTED_EDGE ( 'NONE', *, *, #908, .F. ) ;
#1650 = DIRECTION ( 'NONE',  ( 0.000000000000000000, -0.000000000000000000, 1.000000000000000000 ) ) ;
#1651 = CARTESIAN_POINT ( 'NONE',  ( -23.50000000000000000, 4.750000000000001776, 47.00000000000000000 ) ) ;
#1652 = DIRECTION ( 'NONE',  ( 0.000000000000000000, 0.000000000000000000, -1.000000000000000000 ) ) ;
#1653 = DIRECTION ( 'NONE',  ( -1.000000000000000000, 0.000000000000000000, 0.000000000000000000 ) ) ;
#1654 = CARTESIAN_POINT ( 'NONE',  ( -33.69999999999999574, 12.04999999999999183, -14.50000000000000355 ) ) ;
#1655 = ADVANCED_FACE ( 'NONE', ( #1765 ), #1067, .T. ) ;
#1656 = DIRECTION ( 'NONE',  ( -1.000000000000000000, 0.000000000000000000, 2.312964634635742957E-16 ) ) ;
#1657 = ORIENTED_EDGE ( 'NONE', *, *, #1727, .T. ) ;
#1658 = DIRECTION ( 'NONE',  ( -0.000000000000000000, 1.000000000000000000, -0.000000000000000000 ) ) ;
#1659 = ORIENTED_EDGE ( 'NONE', *, *, #1733, .F. ) ;
#1660 = DIRECTION ( 'NONE',  ( -0.000000000000000000, -1.000000000000000000, -0.000000000000000000 ) ) ;
#1661 = CARTESIAN_POINT ( 'NONE',  ( 34.99999999999999289, 0.000000000000000000, 39.99999999999998579 ) ) ;
#1662 = FACE_OUTER_BOUND ( 'NONE', #531, .T. ) ;
#1663 = ADVANCED_FACE ( 'NONE', ( #1486 ), #208, .F. ) ;
#1664 = ORIENTED_EDGE ( 'NONE', *, *, #1495, .T. ) ;
#1665 = LINE ( 'NONE', #1516, #548 ) ;
#1666 = EDGE_LOOP ( 'NONE', ( #1315, #1411, #699, #1238 ) ) ;
#1667 = CARTESIAN_POINT ( 'NONE',  ( 29.99999999999999645, 3.000000000000000000, 34.99999999999999289 ) ) ;
#1668 = DIRECTION ( 'NONE',  ( -1.000000000000000000, -0.000000000000000000, -0.000000000000000000 ) ) ;
#1669 = EDGE_CURVE ( 'NONE', #32, #652, #956, .T. ) ;
#1670 = FACE_OUTER_BOUND ( 'NONE', #1415, .T. ) ;
#1671 = AXIS2_PLACEMENT_3D ( 'NONE', #1748, #755, #170 ) ;
#1672 = EDGE_LOOP ( 'NONE', ( #6, #1657, #1441, #936 ) ) ;
#1673 = EDGE_CURVE ( 'NONE', #1073, #965, #245, .T. ) ;
#1674 = CIRCLE ( 'NONE', #3, 4.999999999999997335 ) ;
#1675 = DIRECTION ( 'NONE',  ( 0.000000000000000000, -1.000000000000000000, 0.000000000000000000 ) ) ;
#1676 = VECTOR ( 'NONE', #1027, 1000.000000000000000 ) ;
#1677 = ORIENTED_EDGE ( 'NONE', *, *, #1062, .T. ) ;
#1678 = CYLINDRICAL_SURFACE ( 'NONE', #1629, 4.999999999999997335 ) ;
#1679 = CARTESIAN_POINT ( 'NONE',  ( 31.99999999999999289, 10.75000000000000000, 39.99999999999998579 ) ) ;
#1680 = LINE ( 'NONE', #964, #1398 ) ;
#1681 = EDGE_LOOP ( 'NONE', ( #480, #369, #1198, #1257 ) ) ;
#1682 = AXIS2_PLACEMENT_3D ( 'NONE', #1365, #1492, #1645 ) ;
#1683 = DIRECTION ( 'NONE',  ( 1.982541115402065110E-16, 0.000000000000000000, 1.000000000000000000 ) ) ;
#1684 = STYLED_ITEM ( 'NONE', ( #1796 ), #96 ) ;
#1685 = CIRCLE ( 'NONE', #258, 4.999999999999997335 ) ;
#1686 = DIRECTION ( 'NONE',  ( -0.000000000000000000, -1.000000000000000000, -0.000000000000000000 ) ) ;
#1687 = CARTESIAN_POINT ( 'NONE',  ( -30.00000000000000355, 119.0514581273465069, -35.00000000000000711 ) ) ;
#1688 = EDGE_CURVE ( 'NONE', #543, #805, #362, .T. ) ;
#1689 = LINE ( 'NONE', #1408, #1795 ) ;
#1690 = PLANE ( 'NONE',  #1196 ) ;
#1691 = ORIENTED_EDGE ( 'NONE', *, *, #813, .F. ) ;
#1692 = ORIENTED_EDGE ( 'NONE', *, *, #738, .T. ) ;
#1693 = CARTESIAN_POINT ( 'NONE',  ( 29.99999999999999645, 0.000000000000000000, -30.00000000000001776 ) ) ;
#1694 = LINE ( 'NONE', #107, #214 ) ;
#1695 = EDGE_CURVE ( 'NONE', #888, #1403, #263, .T. ) ;
#1696 = EDGE_LOOP ( 'NONE', ( #540, #1266, #326, #845, #308, #1634, #701, #1371 ) ) ;
#1697 = DIRECTION ( 'NONE',  ( 0.000000000000000000, 0.000000000000000000, -1.000000000000000000 ) ) ;
#1698 = DIRECTION ( 'NONE',  ( 0.000000000000000000, 1.000000000000000000, 0.000000000000000000 ) ) ;
#1699 = ORIENTED_EDGE ( 'NONE', *, *, #254, .F. ) ;
#1700 = DIRECTION ( 'NONE',  ( 0.000000000000000000, 0.000000000000000000, 1.000000000000000000 ) ) ;
#1701 = ORIENTED_EDGE ( 'NONE', *, *, #1182, .F. ) ;
#1702 = CIRCLE ( 'NONE', #1766, 4.999999999999997335 ) ;
#1703 = CARTESIAN_POINT ( 'NONE',  ( -23.50000000000000000, 10.74999999999999645, 38.69999999999999574 ) ) ;
#1704 =( NAMED_UNIT ( * ) SI_UNIT ( $, .STERADIAN. ) SOLID_ANGLE_UNIT ( ) );
#1705 = ORIENTED_EDGE ( 'NONE', *, *, #1744, .F. ) ;
#1706 = LINE ( 'NONE', #841, #946 ) ;
#1707 = CARTESIAN_POINT ( 'NONE',  ( 29.99999999999999645, 12.54999999999999183, 39.99999999999998579 ) ) ;
#1708 = EDGE_CURVE ( 'NONE', #329, #662, #1077, .T. ) ;
#1709 = ORIENTED_EDGE ( 'NONE', *, *, #1294, .F. ) ;
#1710 = VERTEX_POINT ( 'NONE', #255 ) ;
#1711 = VECTOR ( 'NONE', #1786, 1000.000000000000000 ) ;
#1712 = CYLINDRICAL_SURFACE ( 'NONE', #792, 1.000000000000000888 ) ;
#1713 = CARTESIAN_POINT ( 'NONE',  ( 29.99999999999999289, 12.54999999999999183, -38.70000000000000284 ) ) ;
#1714 = ORIENTED_EDGE ( 'NONE', *, *, #660, .F. ) ;
#1715 = DIRECTION ( 'NONE',  ( -0.000000000000000000, 1.000000000000000000, -0.000000000000000000 ) ) ;
#1716 = DIRECTION ( 'NONE',  ( -0.000000000000000000, 1.000000000000000000, -0.000000000000000000 ) ) ;
#1717 = EDGE_LOOP ( 'NONE', ( #114, #1140, #1641, #1143 ) ) ;
#1718 = EDGE_CURVE ( 'NONE', #580, #1754, #683, .T. ) ;
#1719 = CARTESIAN_POINT ( 'NONE',  ( -19.99999999999999645, 4.750000000000001776, 29.99999999999999289 ) ) ;
#1720 = ORIENTED_EDGE ( 'NONE', *, *, #552, .T. ) ;
#1721 = AXIS2_PLACEMENT_3D ( 'NONE', #527, #389, #132 ) ;
#1722 = DIRECTION ( 'NONE',  ( 0.000000000000000000, 1.000000000000000000, 0.000000000000000000 ) ) ;
#1723 = FACE_OUTER_BOUND ( 'NONE', #1672, .T. ) ;
#1724 = ORIENTED_EDGE ( 'NONE', *, *, #1259, .F. ) ;
#1725 = CARTESIAN_POINT ( 'NONE',  ( -35.00000000000000000, 12.04999999999999183, -20.00000000000000355 ) ) ;
#1726 = DIRECTION ( 'NONE',  ( 1.000000000000000000, 0.000000000000000000, -1.156482317317871478E-16 ) ) ;
#1727 = EDGE_CURVE ( 'NONE', #965, #329, #1520, .T. ) ;
#1728 = EDGE_LOOP ( 'NONE', ( #400, #913 ) ) ;
#1729 = PLANE ( 'NONE',  #719 ) ;
#1730 = VERTEX_POINT ( 'NONE', #976 ) ;
#1731 = AXIS2_PLACEMENT_3D ( 'NONE', #1557, #131, #1246 ) ;
#1732 = DIRECTION ( 'NONE',  ( 1.000000000000000000, 0.000000000000000000, -1.982541115402065110E-16 ) ) ;
#1733 = EDGE_CURVE ( 'NONE', #1242, #1132, #1384, .T. ) ;
#1734 = VECTOR ( 'NONE', #1367, 1000.000000000000000 ) ;
#1735 = ORIENTED_EDGE ( 'NONE', *, *, #520, .T. ) ;
#1736 = DIRECTION ( 'NONE',  ( -0.000000000000000000, -1.000000000000000000, -0.000000000000000000 ) ) ;
#1737 = FACE_OUTER_BOUND ( 'NONE', #1317, .T. ) ;
#1738 = VECTOR ( 'NONE', #1078, 1000.000000000000000 ) ;
#1739 = ORIENTED_EDGE ( 'NONE', *, *, #143, .T. ) ;
#1740 = LINE ( 'NONE', #876, #659 ) ;
#1741 = ORIENTED_EDGE ( 'NONE', *, *, #1708, .T. ) ;
#1742 = FACE_OUTER_BOUND ( 'NONE', #1267, .T. ) ;
#1743 = DIRECTION ( 'NONE',  ( 0.000000000000000000, -1.000000000000000000, 0.000000000000000000 ) ) ;
#1744 = EDGE_CURVE ( 'NONE', #123, #1134, #1818, .T. ) ;
#1745 = ORIENTED_EDGE ( 'NONE', *, *, #1241, .F. ) ;
#1746 = FACE_OUTER_BOUND ( 'NONE', #458, .T. ) ;
#1747 = AXIS2_PLACEMENT_3D ( 'NONE', #1687, #1660, #1546 ) ;
#1748 = CARTESIAN_POINT ( 'NONE',  ( 29.99999999999999645, 10.75000000000000000, -35.00000000000000711 ) ) ;
#1749 = ORIENTED_EDGE ( 'NONE', *, *, #924, .F. ) ;
#1750 = CARTESIAN_POINT ( 'NONE',  ( -30.00000000000001066, 10.75000000000000000, -38.70000000000000284 ) ) ;
#1751 = ORIENTED_EDGE ( 'NONE', *, *, #1329, .F. ) ;
#1752 = EDGE_CURVE ( 'NONE', #929, #1132, #893, .T. ) ;
#1753 = DIRECTION ( 'NONE',  ( 0.000000000000000000, 0.000000000000000000, 1.000000000000000000 ) ) ;
#1754 = VERTEX_POINT ( 'NONE', #381 ) ;
#1755 = LINE ( 'NONE', #469, #49 ) ;
#1756 = DIRECTION ( 'NONE',  ( -1.000000000000000000, 0.000000000000000000, 1.982541115402065110E-16 ) ) ;
#1757 = EDGE_CURVE ( 'NONE', #1209, #708, #746, .T. ) ;
#1758 = CARTESIAN_POINT ( 'NONE',  ( -30.00000000000000355, 119.0514581273465069, 38.69999999999999574 ) ) ;
#1759 = ORIENTED_EDGE ( 'NONE', *, *, #1248, .T. ) ;
#1760 = CARTESIAN_POINT ( 'NONE',  ( -33.69999999999999574, 119.0514581273465069, -35.00000000000000711 ) ) ;
#1761 = ORIENTED_EDGE ( 'NONE', *, *, #969, .F. ) ;
#1762 = CARTESIAN_POINT ( 'NONE',  ( 18.00000000000000355, 12.04999999999999183, 39.99999999999999289 ) ) ;
#1763 = ORIENTED_EDGE ( 'NONE', *, *, #1010, .F. ) ;
#1764 = CARTESIAN_POINT ( 'NONE',  ( -30.00000000000001066, 12.55000000000002025, -38.70000000000000284 ) ) ;
#1765 = FACE_OUTER_BOUND ( 'NONE', #1542, .T. ) ;
#1766 = AXIS2_PLACEMENT_3D ( 'NONE', #1197, #322, #1770 ) ;
#1767 = CARTESIAN_POINT ( 'NONE',  ( 22.97493718553309705, 12.54999999999999183, 38.69999999999998153 ) ) ;
#1768 = VERTEX_POINT ( 'NONE', #116 ) ;
#1769 = EDGE_CURVE ( 'NONE', #1249, #1014, #124, .T. ) ;
#1770 = DIRECTION ( 'NONE',  ( 0.000000000000000000, 0.000000000000000000, 1.000000000000000000 ) ) ;
#1771 = ORIENTED_EDGE ( 'NONE', *, *, #561, .T. ) ;
#1772 = DIRECTION ( 'NONE',  ( -0.000000000000000000, 1.000000000000000000, -0.000000000000000000 ) ) ;
#1773 = VERTEX_POINT ( 'NONE', #535 ) ;
#1774 = CARTESIAN_POINT ( 'NONE',  ( 29.99999999999999645, 12.55000000000002025, -40.00000000000000711 ) ) ;
#1775 = CARTESIAN_POINT ( 'NONE',  ( 13.17195691817067882, 10.75000000000000000, 38.69999999999998153 ) ) ;
#1776 = AXIS2_PLACEMENT_3D ( 'NONE', #207, #493, #89 ) ;
#1777 = CLOSED_SHELL ( 'NONE', ( #1127, #806, #1815, #127, #727, #1148, #405, #1837, #472, #834, #421, #95, #1588, #1269, #112, #9, #159, #384, #1343, #356, #1131, #689, #1413, #678, #1037, #1540, #1402, #1068, #1655, #977, #1054, #1793, #177, #1393, #542, #672, #436, #1422, #917, #1614, #620, #1527, #221, #751, #574, #1472, #1663, #238, #952, #507, #528, #1102, #1286, #375 ) ) ;
#1778 = VECTOR ( 'NONE', #733, 1000.000000000000000 ) ;
#1779 = DIRECTION ( 'NONE',  ( 0.000000000000000000, 0.000000000000000000, 1.000000000000000000 ) ) ;
#1780 = ORIENTED_EDGE ( 'NONE', *, *, #1812, .F. ) ;
#1781 = EDGE_CURVE ( 'NONE', #652, #929, #388, .T. ) ;
#1782 = DIRECTION ( 'NONE',  ( 1.000000000000000000, 0.000000000000000000, 0.000000000000000000 ) ) ;
#1783 = ORIENTED_EDGE ( 'NONE', *, *, #342, .F. ) ;
#1784 = DIRECTION ( 'NONE',  ( -1.000000000000000000, -0.000000000000000000, -0.000000000000000000 ) ) ;
#1785 = CARTESIAN_POINT ( 'NONE',  ( 13.17195691817067882, 10.75000000000000000, 36.99999999999999289 ) ) ;
#1786 = DIRECTION ( 'NONE',  ( -0.000000000000000000, -1.000000000000000000, -0.000000000000000000 ) ) ;
#1787 = CIRCLE ( 'NONE', #554, 1.000000000000000888 ) ;
#1788 = LINE ( 'NONE', #232, #686 ) ;
#1789 = ORIENTED_EDGE ( 'NONE', *, *, #1643, .T. ) ;
#1790 = FACE_OUTER_BOUND ( 'NONE', #203, .T. ) ;
#1791 = ORIENTED_EDGE ( 'NONE', *, *, #1598, .F. ) ;
#1792 = DIRECTION ( 'NONE',  ( 0.000000000000000000, 1.000000000000000000, 0.000000000000000000 ) ) ;
#1793 = ADVANCED_FACE ( 'NONE', ( #962 ), #397, .T. ) ;
#1794 = LINE ( 'NONE', #1617, #1350 ) ;
#1795 = VECTOR ( 'NONE', #809, 1000.000000000000000 ) ;
#1796 = PRESENTATION_STYLE_ASSIGNMENT (( #72 ) ) ;
#1797 = CARTESIAN_POINT ( 'NONE',  ( -32.00000000000000000, 3.000000000000000000, 30.41742430504416106 ) ) ;
#1798 = VERTEX_POINT ( 'NONE', #970 ) ;
#1799 = CARTESIAN_POINT ( 'NONE',  ( -35.00000000000000000, 21.50000000000000000, 35.00000000000000000 ) ) ;
#1800 = EDGE_LOOP ( 'NONE', ( #1508, #1479 ) ) ;
#1801 = CARTESIAN_POINT ( 'NONE',  ( 34.99999999999999289, 21.50000000000000000, -35.00000000000000711 ) ) ;
#1802 = CARTESIAN_POINT ( 'NONE',  ( 34.99999999999999289, 21.50000000000000000, -37.00000000000000711 ) ) ;
#1803 = AXIS2_PLACEMENT_3D ( 'NONE', #1758, #650, #642 ) ;
#1804 = EDGE_CURVE ( 'NONE', #694, #1798, #1694, .T. ) ;
#1805 = DIRECTION ( 'NONE',  ( -0.000000000000000000, 1.000000000000000000, -0.000000000000000000 ) ) ;
#1806 = CIRCLE ( 'NONE', #1147, 1.000000000000000888 ) ;
#1807 = ORIENTED_EDGE ( 'NONE', *, *, #478, .T. ) ;
#1808 = CARTESIAN_POINT ( 'NONE',  ( 29.99999999999999645, 0.000000000000000000, -35.00000000000000711 ) ) ;
#1809 = ORIENTED_EDGE ( 'NONE', *, *, #1202, .F. ) ;
#1810 = LINE ( 'NONE', #285, #843 ) ;
#1811 = CARTESIAN_POINT ( 'NONE',  ( 29.99999999999999645, 119.0514581273465069, -35.00000000000000711 ) ) ;
#1812 = EDGE_CURVE ( 'NONE', #427, #2, #1689, .T. ) ;
#1813 = VERTEX_POINT ( 'NONE', #1240 ) ;
#1814 = CARTESIAN_POINT ( 'NONE',  ( -30.00000000000000355, 10.75000000000000000, -35.00000000000000711 ) ) ;
#1815 = ADVANCED_FACE ( 'NONE', ( #412 ), #984, .F. ) ;
#1816 = LINE ( 'NONE', #967, #1448 ) ;
#1817 = CARTESIAN_POINT ( 'NONE',  ( 29.99999999999999645, 10.75000000000000000, 33.99999999999998579 ) ) ;
#1818 = LINE ( 'NONE', #1547, #1404 ) ;
#1819 = VERTEX_POINT ( 'NONE', #176 ) ;
#1820 = AXIS2_PLACEMENT_3D ( 'NONE', #1348, #53, #1316 ) ;
#1821 = EDGE_CURVE ( 'NONE', #856, #1469, #185, .T. ) ;
#1822 = CARTESIAN_POINT ( 'NONE',  ( 29.99999999999999645, 10.75000000000000000, 34.99999999999999289 ) ) ;
#1823 = VECTOR ( 'NONE', #1162, 1000.000000000000000 ) ;
#1824 = ORIENTED_EDGE ( 'NONE', *, *, #1769, .F. ) ;
#1825 = DIRECTION ( 'NONE',  ( -0.000000000000000000, 1.000000000000000000, -0.000000000000000000 ) ) ;
#1826 = DIRECTION ( 'NONE',  ( 0.000000000000000000, 0.000000000000000000, -1.000000000000000000 ) ) ;
#1827 = CARTESIAN_POINT ( 'NONE',  ( -30.00000000000000355, 10.75000000000000000, -36.00000000000001421 ) ) ;
#1828 = ORIENTED_EDGE ( 'NONE', *, *, #1274, .T. ) ;
#1829 = CIRCLE ( 'NONE', #81, 4.999999999999997335 ) ;
#1830 = PRESENTATION_LAYER_ASSIGNMENT (  '', '', ( #1684 ) ) ;
#1831 = EDGE_CURVE ( 'NONE', #1171, #449, #1464, .T. ) ;
#1832 = CARTESIAN_POINT ( 'NONE',  ( 13.00000000000000533, 12.04999999999999183, 38.69999999999998153 ) ) ;
#1833 = DIRECTION ( 'NONE',  ( 0.000000000000000000, 0.000000000000000000, 1.000000000000000000 ) ) ;
#1834 = ORIENTED_EDGE ( 'NONE', *, *, #813, .T. ) ;
#1835 = DIRECTION ( 'NONE',  ( -0.000000000000000000, 1.000000000000000000, -0.000000000000000000 ) ) ;
#1836 = DIRECTION ( 'NONE',  ( 1.000000000000000000, 0.000000000000000000, -1.982541115402065110E-16 ) ) ;
#1837 = ADVANCED_FACE ( 'NONE', ( #1723 ), #423, .F. ) ;
#1838 = VECTOR ( 'NONE', #1271, 1000.000000000000000 ) ;
#1839 = ORIENTED_EDGE ( 'NONE', *, *, #1821, .F. ) ;
#1840 = ORIENTED_EDGE ( 'NONE', *, *, #846, .F. ) ;
#1841 = CARTESIAN_POINT ( 'NONE',  ( 31.99999999999999289, 10.75000000000000000, -30.41742430504417527 ) ) ;
#1842 = DIRECTION ( 'NONE',  ( 0.000000000000000000, 0.000000000000000000, -1.000000000000000000 ) ) ;
#1843 = EDGE_CURVE ( 'NONE', #435, #710, #5, .T. ) ;
#1844 = ORIENTED_EDGE ( 'NONE', *, *, #465, .T. ) ;
#1845 = CARTESIAN_POINT ( 'NONE',  ( -30.00000000000000711, 10.75000000000000000, 35.00000000000000000 ) ) ;
#1846 = CARTESIAN_POINT ( 'NONE',  ( -35.00000000000000000, 12.54999999999999183, 35.00000000000000000 ) ) ;
#1847 = ORIENTED_EDGE ( 'NONE', *, *, #1560, .T. ) ;
ENDSEC;
END-ISO-10303-21;
